[train_arena] final_n_steps-512_s0
[train_arena] {
  "control_style": "direct",
  "policy": "MlpPolicy",
  "started": "2026-09-05T23:44:27",
  "git_commit": "70b1740",
  "algorithm": "PPO",
  "total_timesteps": 400000,
  "n_envs": 8,
  "learning_rate": 0.0003,
  "n_steps": 512,
  "batch_size": 512,
  "gamma": 0.99,
  "ent_coef": 0.005,
  "net_arch": [
    64,
    64
  ],
  "seed": 0,
  "run_name": "final_n_steps-512_s0",
  "model_path": "/Users/hanhdo/Documents/RMIT/Semester 11/Games and AI Techniques/assignments/A3/A3_TDuong/logs/arena_sweep/final/ppo_direct.zip",
  "ignored_hyperparameters": []
}
Using cpu device
Logging to /Users/hanhdo/Documents/RMIT/Semester 11/Games and AI Techniques/assignments/A3/A3_TDuong/logs/arena_sweep/final_n_steps-512_s0/tb_1
------------------------------------
| behaviour/            |          |
|    damage_taken       | 5        |
|    enemies_killed     | 1.33     |
|    episode_length     | 229      |
|    phase_reached      | 1        |
|    spawners_destroyed | 0        |
|    survival_rate      | 0        |
| rollout/              |          |
|    ep_len_mean        | 229      |
|    ep_rew_mean        | -13.5    |
| time/                 |          |
|    fps                | 21076    |
|    iterations         | 1        |
|    time_elapsed       | 0        |
|    total_timesteps    | 4096     |
------------------------------------
-----------------------------------------
| behaviour/              |             |
|    damage_taken         | 5           |
|    enemies_killed       | 1.45        |
|    episode_length       | 234         |
|    phase_reached        | 1           |
|    spawners_destroyed   | 0.0345      |
|    survival_rate        | 0           |
| rollout/                |             |
|    ep_len_mean          | 234         |
|    ep_rew_mean          | -13.2       |
| time/                   |             |
|    fps                  | 16632       |
|    iterations           | 2           |
|    time_elapsed         | 0           |
|    total_timesteps      | 8192        |
| train/                  |             |
|    approx_kl            | 0.008209172 |
|    clip_fraction        | 0.0177      |
|    clip_range           | 0.2         |
|    entropy_loss         | -1.79       |
|    explained_variance   | -0.0781     |
|    learning_rate        | 0.0003      |
|    loss                 | 0.992       |
|    n_updates            | 10          |
|    policy_gradient_loss | -0.00356    |
|    value_loss           | 2.57        |
-----------------------------------------
-----------------------------------------
| behaviour/              |             |
|    damage_taken         | 5           |
|    enemies_killed       | 1.69        |
|    episode_length       | 245         |
|    phase_reached        | 1           |
|    spawners_destroyed   | 0.0222      |
|    survival_rate        | 0           |
| rollout/                |             |
|    ep_len_mean          | 245         |
|    ep_rew_mean          | -13.1       |
| time/                   |             |
|    fps                  | 16139       |
|    iterations           | 3           |
|    time_elapsed         | 0           |
|    total_timesteps      | 12288       |
| train/                  |             |
|    approx_kl            | 0.004899982 |
|    clip_fraction        | 0.0133      |
|    clip_range           | 0.2         |
|    entropy_loss         | -1.78       |
|    explained_variance   | 0.196       |
|    learning_rate        | 0.0003      |
|    loss                 | 1.07        |
|    n_updates            | 20          |
|    policy_gradient_loss | -0.00272    |
|    value_loss           | 2.43        |
-----------------------------------------
------------------------------------------
| behaviour/              |              |
|    damage_taken         | 5            |
|    enemies_killed       | 1.71         |
|    episode_length       | 243          |
|    phase_reached        | 1            |
|    spawners_destroyed   | 0.0161       |
|    survival_rate        | 0            |
| rollout/                |              |
|    ep_len_mean          | 243          |
|    ep_rew_mean          | -13.1        |
| time/                   |              |
|    fps                  | 15645        |
|    iterations           | 4            |
|    time_elapsed         | 1            |
|    total_timesteps      | 16384        |
| train/                  |              |
|    approx_kl            | 0.0059830397 |
|    clip_fraction        | 0.0108       |
|    clip_range           | 0.2          |
|    entropy_loss         | -1.78        |
|    explained_variance   | 0.54         |
|    learning_rate        | 0.0003       |
|    loss                 | 0.53         |
|    n_updates            | 30           |
|    policy_gradient_loss | -0.00296     |
|    value_loss           | 1.5          |
------------------------------------------
-----------------------------------------
| behaviour/              |             |
|    damage_taken         | 5           |
|    enemies_killed       | 1.66        |
|    episode_length       | 241         |
|    phase_reached        | 1           |
|    spawners_destroyed   | 0.0127      |
|    survival_rate        | 0           |
| rollout/                |             |
|    ep_len_mean          | 241         |
|    ep_rew_mean          | -13.2       |
| time/                   |             |
|    fps                  | 15324       |
|    iterations           | 5           |
|    time_elapsed         | 1           |
|    total_timesteps      | 20480       |
| train/                  |             |
|    approx_kl            | 0.010386093 |
|    clip_fraction        | 0.0285      |
|    clip_range           | 0.2         |
|    entropy_loss         | -1.76       |
|    explained_variance   | 0.726       |
|    learning_rate        | 0.0003      |
|    loss                 | 0.384       |
|    n_updates            | 40          |
|    policy_gradient_loss | -0.00442    |
|    value_loss           | 1.04        |
-----------------------------------------
-----------------------------------------
| behaviour/              |             |
|    damage_taken         | 5           |
|    enemies_killed       | 1.67        |
|    episode_length       | 245         |
|    phase_reached        | 1           |
|    spawners_destroyed   | 0.0103      |
|    survival_rate        | 0           |
| rollout/                |             |
|    ep_len_mean          | 245         |
|    ep_rew_mean          | -13.2       |
| time/                   |             |
|    fps                  | 15163       |
|    iterations           | 6           |
|    time_elapsed         | 1           |
|    total_timesteps      | 24576       |
| train/                  |             |
|    approx_kl            | 0.010537969 |
|    clip_fraction        | 0.0525      |
|    clip_range           | 0.2         |
|    entropy_loss         | -1.75       |
|    explained_variance   | 0.837       |
|    learning_rate        | 0.0003      |
|    loss                 | 0.359       |
|    n_updates            | 50          |
|    policy_gradient_loss | -0.00655    |
|    value_loss           | 0.712       |
-----------------------------------------
-----------------------------------------
| behaviour/              |             |
|    damage_taken         | 5           |
|    enemies_killed       | 1.54        |
|    episode_length       | 242         |
|    phase_reached        | 1           |
|    spawners_destroyed   | 0           |
|    survival_rate        | 0           |
| rollout/                |             |
|    ep_len_mean          | 242         |
|    ep_rew_mean          | -13.4       |
| time/                   |             |
|    fps                  | 15112       |
|    iterations           | 7           |
|    time_elapsed         | 1           |
|    total_timesteps      | 28672       |
| train/                  |             |
|    approx_kl            | 0.009011063 |
|    clip_fraction        | 0.0289      |
|    clip_range           | 0.2         |
|    entropy_loss         | -1.73       |
|    explained_variance   | 0.906       |
|    learning_rate        | 0.0003      |
|    loss                 | 0.246       |
|    n_updates            | 60          |
|    policy_gradient_loss | -0.00357    |
|    value_loss           | 0.556       |
-----------------------------------------
-----------------------------------------
| behaviour/              |             |
|    damage_taken         | 5           |
|    enemies_killed       | 1.25        |
|    episode_length       | 237         |
|    phase_reached        | 1           |
|    spawners_destroyed   | 0           |
|    survival_rate        | 0           |
| rollout/                |             |
|    ep_len_mean          | 237         |
|    ep_rew_mean          | -13.6       |
| time/                   |             |
|    fps                  | 15066       |
|    iterations           | 8           |
|    time_elapsed         | 2           |
|    total_timesteps      | 32768       |
| train/                  |             |
|    approx_kl            | 0.012087291 |
|    clip_fraction        | 0.0643      |
|    clip_range           | 0.2         |
|    entropy_loss         | -1.7        |
|    explained_variance   | 0.953       |
|    learning_rate        | 0.0003      |
|    loss                 | 0.12        |
|    n_updates            | 70          |
|    policy_gradient_loss | -0.00572    |
|    value_loss           | 0.302       |
-----------------------------------------
----------------------------------------
| behaviour/              |            |
|    damage_taken         | 5          |
|    enemies_killed       | 1.09       |
|    episode_length       | 233        |
|    phase_reached        | 1          |
|    spawners_destroyed   | 0          |
|    survival_rate        | 0          |
| rollout/                |            |
|    ep_len_mean          | 233        |
|    ep_rew_mean          | -13.7      |
| time/                   |            |
|    fps                  | 15023      |
|    iterations           | 9          |
|    time_elapsed         | 2          |
|    total_timesteps      | 36864      |
| train/                  |            |
|    approx_kl            | 0.01007614 |
|    clip_fraction        | 0.0157     |
|    clip_range           | 0.2        |
|    entropy_loss         | -1.68      |
|    explained_variance   | 0.958      |
|    learning_rate        | 0.0003     |
|    loss                 | 0.106      |
|    n_updates            | 80         |
|    policy_gradient_loss | -0.00242   |
|    value_loss           | 0.337      |
----------------------------------------
----------------------------------------
| behaviour/              |            |
|    damage_taken         | 5          |
|    enemies_killed       | 0.98       |
|    episode_length       | 235        |
|    phase_reached        | 1          |
|    spawners_destroyed   | 0.01       |
|    survival_rate        | 0          |
| rollout/                |            |
|    ep_len_mean          | 235        |
|    ep_rew_mean          | -13.8      |
| time/                   |            |
|    fps                  | 14990      |
|    iterations           | 10         |
|    time_elapsed         | 2          |
|    total_timesteps      | 40960      |
| train/                  |            |
|    approx_kl            | 0.00943039 |
|    clip_fraction        | 0.0331     |
|    clip_range           | 0.2        |
|    entropy_loss         | -1.7       |
|    explained_variance   | 0.961      |
|    learning_rate        | 0.0003     |
|    loss                 | 0.121      |
|    n_updates            | 90         |
|    policy_gradient_loss | -0.0039    |
|    value_loss           | 0.327      |
----------------------------------------
------------------------------------------
| behaviour/              |              |
|    damage_taken         | 5            |
|    enemies_killed       | 0.82         |
|    episode_length       | 229          |
|    phase_reached        | 1            |
|    spawners_destroyed   | 0.02         |
|    survival_rate        | 0            |
| rollout/                |              |
|    ep_len_mean          | 229          |
|    ep_rew_mean          | -13.9        |
| time/                   |              |
|    fps                  | 14967        |
|    iterations           | 11           |
|    time_elapsed         | 3            |
|    total_timesteps      | 45056        |
| train/                  |              |
|    approx_kl            | 0.0094430465 |
|    clip_fraction        | 0.0294       |
|    clip_range           | 0.2          |
|    entropy_loss         | -1.69        |
|    explained_variance   | 0.945        |
|    learning_rate        | 0.0003       |
|    loss                 | 0.165        |
|    n_updates            | 100          |
|    policy_gradient_loss | -0.00369     |
|    value_loss           | 0.432        |
------------------------------------------
-----------------------------------------
| behaviour/              |             |
|    damage_taken         | 5           |
|    enemies_killed       | 0.78        |
|    episode_length       | 231         |
|    phase_reached        | 1           |
|    spawners_destroyed   | 0.02        |
|    survival_rate        | 0           |
| rollout/                |             |
|    ep_len_mean          | 231         |
|    ep_rew_mean          | -13.9       |
| time/                   |             |
|    fps                  | 14643       |
|    iterations           | 12          |
|    time_elapsed         | 3           |
|    total_timesteps      | 49152       |
| train/                  |             |
|    approx_kl            | 0.009986145 |
|    clip_fraction        | 0.0597      |
|    clip_range           | 0.2         |
|    entropy_loss         | -1.69       |
|    explained_variance   | 0.946       |
|    learning_rate        | 0.0003      |
|    loss                 | 0.155       |
|    n_updates            | 110         |
|    policy_gradient_loss | -0.00555    |
|    value_loss           | 0.391       |
-----------------------------------------
------------------------------------------
| behaviour/              |              |
|    damage_taken         | 5            |
|    enemies_killed       | 0.9          |
|    episode_length       | 232          |
|    phase_reached        | 1            |
|    spawners_destroyed   | 0.03         |
|    survival_rate        | 0            |
| rollout/                |              |
|    ep_len_mean          | 232          |
|    ep_rew_mean          | -13.8        |
| time/                   |              |
|    fps                  | 14558        |
|    iterations           | 13           |
|    time_elapsed         | 3            |
|    total_timesteps      | 53248        |
| train/                  |              |
|    approx_kl            | 0.0076233116 |
|    clip_fraction        | 0.0329       |
|    clip_range           | 0.2          |
|    entropy_loss         | -1.68        |
|    explained_variance   | 0.959        |
|    learning_rate        | 0.0003       |
|    loss                 | 0.11         |
|    n_updates            | 120          |
|    policy_gradient_loss | -0.00473     |
|    value_loss           | 0.288        |
------------------------------------------
-----------------------------------------
| behaviour/              |             |
|    damage_taken         | 5           |
|    enemies_killed       | 1.28        |
|    episode_length       | 244         |
|    phase_reached        | 1           |
|    spawners_destroyed   | 0.04        |
|    survival_rate        | 0           |
| rollout/                |             |
|    ep_len_mean          | 244         |
|    ep_rew_mean          | -13.5       |
| time/                   |             |
|    fps                  | 14580       |
|    iterations           | 14          |
|    time_elapsed         | 3           |
|    total_timesteps      | 57344       |
| train/                  |             |
|    approx_kl            | 0.009825265 |
|    clip_fraction        | 0.0752      |
|    clip_range           | 0.2         |
|    entropy_loss         | -1.68       |
|    explained_variance   | 0.921       |
|    learning_rate        | 0.0003      |
|    loss                 | 0.282       |
|    n_updates            | 130         |
|    policy_gradient_loss | -0.00876    |
|    value_loss           | 0.53        |
-----------------------------------------
----------------------------------------
| behaviour/              |            |
|    damage_taken         | 5          |
|    enemies_killed       | 1.56       |
|    episode_length       | 251        |
|    phase_reached        | 1          |
|    spawners_destroyed   | 0.06       |
|    survival_rate        | 0          |
| rollout/                |            |
|    ep_len_mean          | 251        |
|    ep_rew_mean          | -13.1      |
| time/                   |            |
|    fps                  | 14547      |
|    iterations           | 15         |
|    time_elapsed         | 4          |
|    total_timesteps      | 61440      |
| train/                  |            |
|    approx_kl            | 0.01158093 |
|    clip_fraction        | 0.0496     |
|    clip_range           | 0.2        |
|    entropy_loss         | -1.62      |
|    explained_variance   | 0.892      |
|    learning_rate        | 0.0003     |
|    loss                 | 0.313      |
|    n_updates            | 140        |
|    policy_gradient_loss | -0.00643   |
|    value_loss           | 0.722      |
----------------------------------------
-----------------------------------------
| behaviour/              |             |
|    damage_taken         | 5           |
|    enemies_killed       | 1.92        |
|    episode_length       | 254         |
|    phase_reached        | 1           |
|    spawners_destroyed   | 0.07        |
|    survival_rate        | 0           |
| rollout/                |             |
|    ep_len_mean          | 254         |
|    ep_rew_mean          | -12.8       |
| time/                   |             |
|    fps                  | 14568       |
|    iterations           | 16          |
|    time_elapsed         | 4           |
|    total_timesteps      | 65536       |
| train/                  |             |
|    approx_kl            | 0.005949429 |
|    clip_fraction        | 0.0278      |
|    clip_range           | 0.2         |
|    entropy_loss         | -1.59       |
|    explained_variance   | 0.877       |
|    learning_rate        | 0.0003      |
|    loss                 | 0.306       |
|    n_updates            | 150         |
|    policy_gradient_loss | -0.00449    |
|    value_loss           | 0.672       |
-----------------------------------------
------------------------------------------
| behaviour/              |              |
|    damage_taken         | 5            |
|    enemies_killed       | 2.07         |
|    episode_length       | 255          |
|    phase_reached        | 1            |
|    spawners_destroyed   | 0.11         |
|    survival_rate        | 0            |
| rollout/                |              |
|    ep_len_mean          | 255          |
|    ep_rew_mean          | -12.4        |
| time/                   |              |
|    fps                  | 14548        |
|    iterations           | 17           |
|    time_elapsed         | 4            |
|    total_timesteps      | 69632        |
| train/                  |              |
|    approx_kl            | 0.0047883196 |
|    clip_fraction        | 0.0312       |
|    clip_range           | 0.2          |
|    entropy_loss         | -1.58        |
|    explained_variance   | 0.869        |
|    learning_rate        | 0.0003       |
|    loss                 | 0.318        |
|    n_updates            | 160          |
|    policy_gradient_loss | -0.005       |
|    value_loss           | 0.818        |
------------------------------------------
----------------------------------------
| behaviour/              |            |
|    damage_taken         | 5          |
|    enemies_killed       | 2.36       |
|    episode_length       | 263        |
|    phase_reached        | 1          |
|    spawners_destroyed   | 0.12       |
|    survival_rate        | 0          |
| rollout/                |            |
|    ep_len_mean          | 263        |
|    ep_rew_mean          | -12.2      |
| time/                   |            |
|    fps                  | 14543      |
|    iterations           | 18         |
|    time_elapsed         | 5          |
|    total_timesteps      | 73728      |
| train/                  |            |
|    approx_kl            | 0.00903212 |
|    clip_fraction        | 0.0489     |
|    clip_range           | 0.2        |
|    entropy_loss         | -1.55      |
|    explained_variance   | 0.834      |
|    learning_rate        | 0.0003     |
|    loss                 | 0.486      |
|    n_updates            | 170        |
|    policy_gradient_loss | -0.00545   |
|    value_loss           | 0.88       |
----------------------------------------
-----------------------------------------
| behaviour/              |             |
|    damage_taken         | 5           |
|    enemies_killed       | 2.4         |
|    episode_length       | 262         |
|    phase_reached        | 1           |
|    spawners_destroyed   | 0.14        |
|    survival_rate        | 0           |
| rollout/                |             |
|    ep_len_mean          | 262         |
|    ep_rew_mean          | -12         |
| time/                   |             |
|    fps                  | 14540       |
|    iterations           | 19          |
|    time_elapsed         | 5           |
|    total_timesteps      | 77824       |
| train/                  |             |
|    approx_kl            | 0.006282322 |
|    clip_fraction        | 0.0386      |
|    clip_range           | 0.2         |
|    entropy_loss         | -1.56       |
|    explained_variance   | 0.852       |
|    learning_rate        | 0.0003      |
|    loss                 | 0.281       |
|    n_updates            | 180         |
|    policy_gradient_loss | -0.00651    |
|    value_loss           | 0.727       |
-----------------------------------------
------------------------------------------
| behaviour/              |              |
|    damage_taken         | 5            |
|    enemies_killed       | 2.26         |
|    episode_length       | 261          |
|    phase_reached        | 1            |
|    spawners_destroyed   | 0.14         |
|    survival_rate        | 0            |
| rollout/                |              |
|    ep_len_mean          | 261          |
|    ep_rew_mean          | -12.1        |
| time/                   |              |
|    fps                  | 14547        |
|    iterations           | 20           |
|    time_elapsed         | 5            |
|    total_timesteps      | 81920        |
| train/                  |              |
|    approx_kl            | 0.0078845015 |
|    clip_fraction        | 0.0348       |
|    clip_range           | 0.2          |
|    entropy_loss         | -1.6         |
|    explained_variance   | 0.885        |
|    learning_rate        | 0.0003       |
|    loss                 | 0.343        |
|    n_updates            | 190          |
|    policy_gradient_loss | -0.00419     |
|    value_loss           | 0.698        |
------------------------------------------
-----------------------------------------
| behaviour/              |             |
|    damage_taken         | 5           |
|    enemies_killed       | 2.24        |
|    episode_length       | 258         |
|    phase_reached        | 1.01        |
|    spawners_destroyed   | 0.15        |
|    survival_rate        | 0           |
| rollout/                |             |
|    ep_len_mean          | 258         |
|    ep_rew_mean          | -12         |
| time/                   |             |
|    fps                  | 14547       |
|    iterations           | 21          |
|    time_elapsed         | 5           |
|    total_timesteps      | 86016       |
| train/                  |             |
|    approx_kl            | 0.007052727 |
|    clip_fraction        | 0.0246      |
|    clip_range           | 0.2         |
|    entropy_loss         | -1.62       |
|    explained_variance   | 0.919       |
|    learning_rate        | 0.0003      |
|    loss                 | 0.227       |
|    n_updates            | 200         |
|    policy_gradient_loss | -0.00422    |
|    value_loss           | 0.551       |
-----------------------------------------
------------------------------------------
| behaviour/              |              |
|    damage_taken         | 5            |
|    enemies_killed       | 2.13         |
|    episode_length       | 257          |
|    phase_reached        | 1.02         |
|    spawners_destroyed   | 0.16         |
|    survival_rate        | 0            |
| rollout/                |              |
|    ep_len_mean          | 257          |
|    ep_rew_mean          | -11.9        |
| time/                   |              |
|    fps                  | 14547        |
|    iterations           | 22           |
|    time_elapsed         | 6            |
|    total_timesteps      | 90112        |
| train/                  |              |
|    approx_kl            | 0.0056056064 |
|    clip_fraction        | 0.023        |
|    clip_range           | 0.2          |
|    entropy_loss         | -1.61        |
|    explained_variance   | 0.828        |
|    learning_rate        | 0.0003       |
|    loss                 | 0.423        |
|    n_updates            | 210          |
|    policy_gradient_loss | -0.00466     |
|    value_loss           | 1.19         |
------------------------------------------
-----------------------------------------
| behaviour/              |             |
|    damage_taken         | 5           |
|    enemies_killed       | 2.04        |
|    episode_length       | 260         |
|    phase_reached        | 1.02        |
|    spawners_destroyed   | 0.13        |
|    survival_rate        | 0           |
| rollout/                |             |
|    ep_len_mean          | 260         |
|    ep_rew_mean          | -12.2       |
| time/                   |             |
|    fps                  | 14555       |
|    iterations           | 23          |
|    time_elapsed         | 6           |
|    total_timesteps      | 94208       |
| train/                  |             |
|    approx_kl            | 0.007823867 |
|    clip_fraction        | 0.0465      |
|    clip_range           | 0.2         |
|    entropy_loss         | -1.58       |
|    explained_variance   | 0.798       |
|    learning_rate        | 0.0003      |
|    loss                 | 0.456       |
|    n_updates            | 220         |
|    policy_gradient_loss | -0.00592    |
|    value_loss           | 1.22        |
-----------------------------------------
-----------------------------------------
| behaviour/              |             |
|    damage_taken         | 5           |
|    enemies_killed       | 2.52        |
|    episode_length       | 278         |
|    phase_reached        | 1.03        |
|    spawners_destroyed   | 0.16        |
|    survival_rate        | 0           |
| rollout/                |             |
|    ep_len_mean          | 278         |
|    ep_rew_mean          | -11.7       |
| time/                   |             |
|    fps                  | 14550       |
|    iterations           | 24          |
|    time_elapsed         | 6           |
|    total_timesteps      | 98304       |
| train/                  |             |
|    approx_kl            | 0.010705332 |
|    clip_fraction        | 0.0859      |
|    clip_range           | 0.2         |
|    entropy_loss         | -1.53       |
|    explained_variance   | 0.803       |
|    learning_rate        | 0.0003      |
|    loss                 | 0.404       |
|    n_updates            | 230         |
|    policy_gradient_loss | -0.00911    |
|    value_loss           | 0.932       |
-----------------------------------------
------------------------------------------
| behaviour/              |              |
|    damage_taken         | 5            |
|    enemies_killed       | 3.07         |
|    episode_length       | 297          |
|    phase_reached        | 1.04         |
|    spawners_destroyed   | 0.17         |
|    survival_rate        | 0            |
| rollout/                |              |
|    ep_len_mean          | 297          |
|    ep_rew_mean          | -11.2        |
| time/                   |              |
|    fps                  | 14535        |
|    iterations           | 25           |
|    time_elapsed         | 7            |
|    total_timesteps      | 102400       |
| train/                  |              |
|    approx_kl            | 0.0098694265 |
|    clip_fraction        | 0.0428       |
|    clip_range           | 0.2          |
|    entropy_loss         | -1.49        |
|    explained_variance   | 0.581        |
|    learning_rate        | 0.0003       |
|    loss                 | 0.587        |
|    n_updates            | 240          |
|    policy_gradient_loss | -0.00547     |
|    value_loss           | 1.49         |
------------------------------------------
-----------------------------------------
| behaviour/              |             |
|    damage_taken         | 5           |
|    enemies_killed       | 3.27        |
|    episode_length       | 305         |
|    phase_reached        | 1.04        |
|    spawners_destroyed   | 0.18        |
|    survival_rate        | 0           |
| rollout/                |             |
|    ep_len_mean          | 305         |
|    ep_rew_mean          | -11         |
| time/                   |             |
|    fps                  | 14556       |
|    iterations           | 26          |
|    time_elapsed         | 7           |
|    total_timesteps      | 106496      |
| train/                  |             |
|    approx_kl            | 0.008981414 |
|    clip_fraction        | 0.0588      |
|    clip_range           | 0.2         |
|    entropy_loss         | -1.48       |
|    explained_variance   | 0.595       |
|    learning_rate        | 0.0003      |
|    loss                 | 0.572       |
|    n_updates            | 250         |
|    policy_gradient_loss | -0.00425    |
|    value_loss           | 1.37        |
-----------------------------------------
------------------------------------------
| behaviour/              |              |
|    damage_taken         | 5            |
|    enemies_killed       | 3.85         |
|    episode_length       | 334          |
|    phase_reached        | 1.04         |
|    spawners_destroyed   | 0.18         |
|    survival_rate        | 0            |
| rollout/                |              |
|    ep_len_mean          | 334          |
|    ep_rew_mean          | -10.7        |
| time/                   |              |
|    fps                  | 14554        |
|    iterations           | 27           |
|    time_elapsed         | 7            |
|    total_timesteps      | 110592       |
| train/                  |              |
|    approx_kl            | 0.0055131526 |
|    clip_fraction        | 0.0175       |
|    clip_range           | 0.2          |
|    entropy_loss         | -1.47        |
|    explained_variance   | 0.56         |
|    learning_rate        | 0.0003       |
|    loss                 | 0.352        |
|    n_updates            | 260          |
|    policy_gradient_loss | -0.004       |
|    value_loss           | 0.771        |
------------------------------------------
-----------------------------------------
| behaviour/              |             |
|    damage_taken         | 5           |
|    enemies_killed       | 4.65        |
|    episode_length       | 368         |
|    phase_reached        | 1.04        |
|    spawners_destroyed   | 0.2         |
|    survival_rate        | 0           |
| rollout/                |             |
|    ep_len_mean          | 368         |
|    ep_rew_mean          | -10.1       |
| time/                   |             |
|    fps                  | 14546       |
|    iterations           | 28          |
|    time_elapsed         | 7           |
|    total_timesteps      | 114688      |
| train/                  |             |
|    approx_kl            | 0.006683917 |
|    clip_fraction        | 0.035       |
|    clip_range           | 0.2         |
|    entropy_loss         | -1.42       |
|    explained_variance   | 0.637       |
|    learning_rate        | 0.0003      |
|    loss                 | 0.46        |
|    n_updates            | 270         |
|    policy_gradient_loss | -0.00538    |
|    value_loss           | 1.05        |
-----------------------------------------
-----------------------------------------
| behaviour/              |             |
|    damage_taken         | 5           |
|    enemies_killed       | 4.88        |
|    episode_length       | 375         |
|    phase_reached        | 1.04        |
|    spawners_destroyed   | 0.2         |
|    survival_rate        | 0           |
| rollout/                |             |
|    ep_len_mean          | 375         |
|    ep_rew_mean          | -9.97       |
| time/                   |             |
|    fps                  | 14528       |
|    iterations           | 29          |
|    time_elapsed         | 8           |
|    total_timesteps      | 118784      |
| train/                  |             |
|    approx_kl            | 0.009539986 |
|    clip_fraction        | 0.0646      |
|    clip_range           | 0.2         |
|    entropy_loss         | -1.43       |
|    explained_variance   | 0.703       |
|    learning_rate        | 0.0003      |
|    loss                 | 0.286       |
|    n_updates            | 280         |
|    policy_gradient_loss | -0.00569    |
|    value_loss           | 0.82        |
-----------------------------------------
-----------------------------------------
| behaviour/              |             |
|    damage_taken         | 5           |
|    enemies_killed       | 5.35        |
|    episode_length       | 401         |
|    phase_reached        | 1.04        |
|    spawners_destroyed   | 0.23        |
|    survival_rate        | 0           |
| rollout/                |             |
|    ep_len_mean          | 401         |
|    ep_rew_mean          | -9.61       |
| time/                   |             |
|    fps                  | 14523       |
|    iterations           | 30          |
|    time_elapsed         | 8           |
|    total_timesteps      | 122880      |
| train/                  |             |
|    approx_kl            | 0.009527745 |
|    clip_fraction        | 0.0528      |
|    clip_range           | 0.2         |
|    entropy_loss         | -1.46       |
|    explained_variance   | 0.725       |
|    learning_rate        | 0.0003      |
|    loss                 | 0.332       |
|    n_updates            | 290         |
|    policy_gradient_loss | -0.00595    |
|    value_loss           | 0.843       |
-----------------------------------------
-----------------------------------------
| behaviour/              |             |
|    damage_taken         | 5           |
|    enemies_killed       | 5.95        |
|    episode_length       | 430         |
|    phase_reached        | 1.04        |
|    spawners_destroyed   | 0.23        |
|    survival_rate        | 0           |
| rollout/                |             |
|    ep_len_mean          | 430         |
|    ep_rew_mean          | -9.3        |
| time/                   |             |
|    fps                  | 14494       |
|    iterations           | 31          |
|    time_elapsed         | 8           |
|    total_timesteps      | 126976      |
| train/                  |             |
|    approx_kl            | 0.008877008 |
|    clip_fraction        | 0.0338      |
|    clip_range           | 0.2         |
|    entropy_loss         | -1.46       |
|    explained_variance   | 0.679       |
|    learning_rate        | 0.0003      |
|    loss                 | 0.293       |
|    n_updates            | 300         |
|    policy_gradient_loss | -0.0048     |
|    value_loss           | 0.742       |
-----------------------------------------
------------------------------------------
| behaviour/              |              |
|    damage_taken         | 5            |
|    enemies_killed       | 6.56         |
|    episode_length       | 455          |
|    phase_reached        | 1.04         |
|    spawners_destroyed   | 0.26         |
|    survival_rate        | 0            |
| rollout/                |              |
|    ep_len_mean          | 455          |
|    ep_rew_mean          | -8.79        |
| time/                   |              |
|    fps                  | 14493        |
|    iterations           | 32           |
|    time_elapsed         | 9            |
|    total_timesteps      | 131072       |
| train/                  |              |
|    approx_kl            | 0.0069755698 |
|    clip_fraction        | 0.0445       |
|    clip_range           | 0.2          |
|    entropy_loss         | -1.44        |
|    explained_variance   | 0.715        |
|    learning_rate        | 0.0003       |
|    loss                 | 0.402        |
|    n_updates            | 310          |
|    policy_gradient_loss | -0.00501     |
|    value_loss           | 0.854        |
------------------------------------------
-----------------------------------------
| behaviour/              |             |
|    damage_taken         | 5           |
|    enemies_killed       | 7.18        |
|    episode_length       | 475         |
|    phase_reached        | 1.05        |
|    spawners_destroyed   | 0.31        |
|    survival_rate        | 0           |
| rollout/                |             |
|    ep_len_mean          | 475         |
|    ep_rew_mean          | -8.02       |
| time/                   |             |
|    fps                  | 14474       |
|    iterations           | 33          |
|    time_elapsed         | 9           |
|    total_timesteps      | 135168      |
| train/                  |             |
|    approx_kl            | 0.009773485 |
|    clip_fraction        | 0.0616      |
|    clip_range           | 0.2         |
|    entropy_loss         | -1.41       |
|    explained_variance   | 0.562       |
|    learning_rate        | 0.0003      |
|    loss                 | 0.805       |
|    n_updates            | 320         |
|    policy_gradient_loss | -0.0063     |
|    value_loss           | 1.57        |
-----------------------------------------
-----------------------------------------
| behaviour/              |             |
|    damage_taken         | 5           |
|    enemies_killed       | 7.82        |
|    episode_length       | 499         |
|    phase_reached        | 1.06        |
|    spawners_destroyed   | 0.33        |
|    survival_rate        | 0           |
| rollout/                |             |
|    ep_len_mean          | 499         |
|    ep_rew_mean          | -7.42       |
| time/                   |             |
|    fps                  | 14481       |
|    iterations           | 34          |
|    time_elapsed         | 9           |
|    total_timesteps      | 139264      |
| train/                  |             |
|    approx_kl            | 0.008741988 |
|    clip_fraction        | 0.0454      |
|    clip_range           | 0.2         |
|    entropy_loss         | -1.4        |
|    explained_variance   | 0.712       |
|    learning_rate        | 0.0003      |
|    loss                 | 0.457       |
|    n_updates            | 330         |
|    policy_gradient_loss | -0.00499    |
|    value_loss           | 1.28        |
-----------------------------------------
------------------------------------------
| behaviour/              |              |
|    damage_taken         | 5            |
|    enemies_killed       | 8.36         |
|    episode_length       | 530          |
|    phase_reached        | 1.07         |
|    spawners_destroyed   | 0.36         |
|    survival_rate        | 0            |
| rollout/                |              |
|    ep_len_mean          | 530          |
|    ep_rew_mean          | -6.94        |
| time/                   |              |
|    fps                  | 14453        |
|    iterations           | 35           |
|    time_elapsed         | 9            |
|    total_timesteps      | 143360       |
| train/                  |              |
|    approx_kl            | 0.0073910463 |
|    clip_fraction        | 0.0329       |
|    clip_range           | 0.2          |
|    entropy_loss         | -1.42        |
|    explained_variance   | 0.669        |
|    learning_rate        | 0.0003       |
|    loss                 | 0.52         |
|    n_updates            | 340          |
|    policy_gradient_loss | -0.00371     |
|    value_loss           | 1.18         |
------------------------------------------
------------------------------------------
| behaviour/              |              |
|    damage_taken         | 5            |
|    enemies_killed       | 8.89         |
|    episode_length       | 553          |
|    phase_reached        | 1.08         |
|    spawners_destroyed   | 0.42         |
|    survival_rate        | 0            |
| rollout/                |              |
|    ep_len_mean          | 553          |
|    ep_rew_mean          | -6.24        |
| time/                   |              |
|    fps                  | 14442        |
|    iterations           | 36           |
|    time_elapsed         | 10           |
|    total_timesteps      | 147456       |
| train/                  |              |
|    approx_kl            | 0.0037448576 |
|    clip_fraction        | 0.0138       |
|    clip_range           | 0.2          |
|    entropy_loss         | -1.44        |
|    explained_variance   | 0.601        |
|    learning_rate        | 0.0003       |
|    loss                 | 0.76         |
|    n_updates            | 350          |
|    policy_gradient_loss | -0.00256     |
|    value_loss           | 1.74         |
------------------------------------------
-----------------------------------------
| behaviour/              |             |
|    damage_taken         | 5           |
|    enemies_killed       | 9.09        |
|    episode_length       | 562         |
|    phase_reached        | 1.09        |
|    spawners_destroyed   | 0.44        |
|    survival_rate        | 0           |
| rollout/                |             |
|    ep_len_mean          | 562         |
|    ep_rew_mean          | -5.93       |
| time/                   |             |
|    fps                  | 14427       |
|    iterations           | 37          |
|    time_elapsed         | 10          |
|    total_timesteps      | 151552      |
| train/                  |             |
|    approx_kl            | 0.006961425 |
|    clip_fraction        | 0.0265      |
|    clip_range           | 0.2         |
|    entropy_loss         | -1.42       |
|    explained_variance   | 0.734       |
|    learning_rate        | 0.0003      |
|    loss                 | 0.328       |
|    n_updates            | 360         |
|    policy_gradient_loss | -0.00365    |
|    value_loss           | 0.862       |
-----------------------------------------
------------------------------------------
| behaviour/              |              |
|    damage_taken         | 5            |
|    enemies_killed       | 9.14         |
|    episode_length       | 568          |
|    phase_reached        | 1.1          |
|    spawners_destroyed   | 0.47         |
|    survival_rate        | 0            |
| rollout/                |              |
|    ep_len_mean          | 568          |
|    ep_rew_mean          | -5.69        |
| time/                   |              |
|    fps                  | 14419        |
|    iterations           | 38           |
|    time_elapsed         | 10           |
|    total_timesteps      | 155648       |
| train/                  |              |
|    approx_kl            | 0.0055898163 |
|    clip_fraction        | 0.0219       |
|    clip_range           | 0.2          |
|    entropy_loss         | -1.37        |
|    explained_variance   | 0.706        |
|    learning_rate        | 0.0003       |
|    loss                 | 0.563        |
|    n_updates            | 370          |
|    policy_gradient_loss | -0.00549     |
|    value_loss           | 1.29         |
------------------------------------------
----------------------------------------
| behaviour/              |            |
|    damage_taken         | 5          |
|    enemies_killed       | 9.48       |
|    episode_length       | 578        |
|    phase_reached        | 1.12       |
|    spawners_destroyed   | 0.52       |
|    survival_rate        | 0          |
| rollout/                |            |
|    ep_len_mean          | 578        |
|    ep_rew_mean          | -5         |
| time/                   |            |
|    fps                  | 14410      |
|    iterations           | 39         |
|    time_elapsed         | 11         |
|    total_timesteps      | 159744     |
| train/                  |            |
|    approx_kl            | 0.00842822 |
|    clip_fraction        | 0.0397     |
|    clip_range           | 0.2        |
|    entropy_loss         | -1.36      |
|    explained_variance   | 0.619      |
|    learning_rate        | 0.0003     |
|    loss                 | 0.614      |
|    n_updates            | 380        |
|    policy_gradient_loss | -0.00499   |
|    value_loss           | 1.75       |
----------------------------------------
-----------------------------------------
| behaviour/              |             |
|    damage_taken         | 5           |
|    enemies_killed       | 9.53        |
|    episode_length       | 582         |
|    phase_reached        | 1.13        |
|    spawners_destroyed   | 0.55        |
|    survival_rate        | 0           |
| rollout/                |             |
|    ep_len_mean          | 582         |
|    ep_rew_mean          | -4.74       |
| time/                   |             |
|    fps                  | 14404       |
|    iterations           | 40          |
|    time_elapsed         | 11          |
|    total_timesteps      | 163840      |
| train/                  |             |
|    approx_kl            | 0.007241177 |
|    clip_fraction        | 0.0375      |
|    clip_range           | 0.2         |
|    entropy_loss         | -1.33       |
|    explained_variance   | 0.614       |
|    learning_rate        | 0.0003      |
|    loss                 | 0.732       |
|    n_updates            | 390         |
|    policy_gradient_loss | -0.00495    |
|    value_loss           | 1.78        |
-----------------------------------------
------------------------------------------
| behaviour/              |              |
|    damage_taken         | 5            |
|    enemies_killed       | 9.79         |
|    episode_length       | 602          |
|    phase_reached        | 1.13         |
|    spawners_destroyed   | 0.58         |
|    survival_rate        | 0            |
| rollout/                |              |
|    ep_len_mean          | 602          |
|    ep_rew_mean          | -4.53        |
| time/                   |              |
|    fps                  | 14401        |
|    iterations           | 41           |
|    time_elapsed         | 11           |
|    total_timesteps      | 167936       |
| train/                  |              |
|    approx_kl            | 0.0056044636 |
|    clip_fraction        | 0.029        |
|    clip_range           | 0.2          |
|    entropy_loss         | -1.34        |
|    explained_variance   | 0.58         |
|    learning_rate        | 0.0003       |
|    loss                 | 0.218        |
|    n_updates            | 400          |
|    policy_gradient_loss | -0.00333     |
|    value_loss           | 1.01         |
------------------------------------------
------------------------------------------
| behaviour/              |              |
|    damage_taken         | 5            |
|    enemies_killed       | 9.92         |
|    episode_length       | 607          |
|    phase_reached        | 1.13         |
|    spawners_destroyed   | 0.58         |
|    survival_rate        | 0            |
| rollout/                |              |
|    ep_len_mean          | 607          |
|    ep_rew_mean          | -4.45        |
| time/                   |              |
|    fps                  | 14384        |
|    iterations           | 42           |
|    time_elapsed         | 11           |
|    total_timesteps      | 172032       |
| train/                  |              |
|    approx_kl            | 0.0073745474 |
|    clip_fraction        | 0.0443       |
|    clip_range           | 0.2          |
|    entropy_loss         | -1.34        |
|    explained_variance   | 0.581        |
|    learning_rate        | 0.0003       |
|    loss                 | 0.304        |
|    n_updates            | 410          |
|    policy_gradient_loss | -0.0049      |
|    value_loss           | 0.875        |
------------------------------------------
-----------------------------------------
| behaviour/              |             |
|    damage_taken         | 5           |
|    enemies_killed       | 10.1        |
|    episode_length       | 620         |
|    phase_reached        | 1.14        |
|    spawners_destroyed   | 0.61        |
|    survival_rate        | 0           |
| rollout/                |             |
|    ep_len_mean          | 620         |
|    ep_rew_mean          | -4.11       |
| time/                   |             |
|    fps                  | 14368       |
|    iterations           | 43          |
|    time_elapsed         | 12          |
|    total_timesteps      | 176128      |
| train/                  |             |
|    approx_kl            | 0.007130643 |
|    clip_fraction        | 0.0443      |
|    clip_range           | 0.2         |
|    entropy_loss         | -1.37       |
|    explained_variance   | 0.61        |
|    learning_rate        | 0.0003      |
|    loss                 | 0.25        |
|    n_updates            | 420         |
|    policy_gradient_loss | -0.00597    |
|    value_loss           | 0.711       |
-----------------------------------------
-----------------------------------------
| behaviour/              |             |
|    damage_taken         | 5           |
|    enemies_killed       | 10.4        |
|    episode_length       | 622         |
|    phase_reached        | 1.14        |
|    spawners_destroyed   | 0.61        |
|    survival_rate        | 0           |
| rollout/                |             |
|    ep_len_mean          | 622         |
|    ep_rew_mean          | -3.91       |
| time/                   |             |
|    fps                  | 14369       |
|    iterations           | 44          |
|    time_elapsed         | 12          |
|    total_timesteps      | 180224      |
| train/                  |             |
|    approx_kl            | 0.006542729 |
|    clip_fraction        | 0.0255      |
|    clip_range           | 0.2         |
|    entropy_loss         | -1.34       |
|    explained_variance   | 0.767       |
|    learning_rate        | 0.0003      |
|    loss                 | 0.613       |
|    n_updates            | 430         |
|    policy_gradient_loss | -0.0046     |
|    value_loss           | 1.34        |
-----------------------------------------
-----------------------------------------
| behaviour/              |             |
|    damage_taken         | 5           |
|    enemies_killed       | 10.5        |
|    episode_length       | 624         |
|    phase_reached        | 1.16        |
|    spawners_destroyed   | 0.64        |
|    survival_rate        | 0           |
| rollout/                |             |
|    ep_len_mean          | 624         |
|    ep_rew_mean          | -3.45       |
| time/                   |             |
|    fps                  | 14361       |
|    iterations           | 45          |
|    time_elapsed         | 12          |
|    total_timesteps      | 184320      |
| train/                  |             |
|    approx_kl            | 0.007115992 |
|    clip_fraction        | 0.0373      |
|    clip_range           | 0.2         |
|    entropy_loss         | -1.28       |
|    explained_variance   | 0.718       |
|    learning_rate        | 0.0003      |
|    loss                 | 0.681       |
|    n_updates            | 440         |
|    policy_gradient_loss | -0.00578    |
|    value_loss           | 1.33        |
-----------------------------------------
------------------------------------------
| behaviour/              |              |
|    damage_taken         | 5            |
|    enemies_killed       | 10.7         |
|    episode_length       | 627          |
|    phase_reached        | 1.17         |
|    spawners_destroyed   | 0.67         |
|    survival_rate        | 0            |
| rollout/                |              |
|    ep_len_mean          | 627          |
|    ep_rew_mean          | -3.02        |
| time/                   |              |
|    fps                  | 14357        |
|    iterations           | 46           |
|    time_elapsed         | 13           |
|    total_timesteps      | 188416       |
| train/                  |              |
|    approx_kl            | 0.0068004797 |
|    clip_fraction        | 0.0502       |
|    clip_range           | 0.2          |
|    entropy_loss         | -1.27        |
|    explained_variance   | 0.743        |
|    learning_rate        | 0.0003       |
|    loss                 | 0.738        |
|    n_updates            | 450          |
|    policy_gradient_loss | -0.00538     |
|    value_loss           | 1.57         |
------------------------------------------
------------------------------------------
| behaviour/              |              |
|    damage_taken         | 5            |
|    enemies_killed       | 10.9         |
|    episode_length       | 627          |
|    phase_reached        | 1.17         |
|    spawners_destroyed   | 0.65         |
|    survival_rate        | 0            |
| rollout/                |              |
|    ep_len_mean          | 627          |
|    ep_rew_mean          | -2.95        |
| time/                   |              |
|    fps                  | 14348        |
|    iterations           | 47           |
|    time_elapsed         | 13           |
|    total_timesteps      | 192512       |
| train/                  |              |
|    approx_kl            | 0.0062552597 |
|    clip_fraction        | 0.0362       |
|    clip_range           | 0.2          |
|    entropy_loss         | -1.23        |
|    explained_variance   | 0.835        |
|    learning_rate        | 0.0003       |
|    loss                 | 0.298        |
|    n_updates            | 460          |
|    policy_gradient_loss | -0.00476     |
|    value_loss           | 0.621        |
------------------------------------------
-----------------------------------------
| behaviour/              |             |
|    damage_taken         | 5           |
|    enemies_killed       | 10.8        |
|    episode_length       | 624         |
|    phase_reached        | 1.17        |
|    spawners_destroyed   | 0.64        |
|    survival_rate        | 0           |
| rollout/                |             |
|    ep_len_mean          | 624         |
|    ep_rew_mean          | -3.05       |
| time/                   |             |
|    fps                  | 14342       |
|    iterations           | 48          |
|    time_elapsed         | 13          |
|    total_timesteps      | 196608      |
| train/                  |             |
|    approx_kl            | 0.009849211 |
|    clip_fraction        | 0.093       |
|    clip_range           | 0.2         |
|    entropy_loss         | -1.24       |
|    explained_variance   | 0.773       |
|    learning_rate        | 0.0003      |
|    loss                 | 0.417       |
|    n_updates            | 470         |
|    policy_gradient_loss | -0.00746    |
|    value_loss           | 0.911       |
-----------------------------------------
------------------------------------------
| behaviour/              |              |
|    damage_taken         | 5            |
|    enemies_killed       | 11.2         |
|    episode_length       | 641          |
|    phase_reached        | 1.17         |
|    spawners_destroyed   | 0.65         |
|    survival_rate        | 0            |
| rollout/                |              |
|    ep_len_mean          | 641          |
|    ep_rew_mean          | -2.75        |
| time/                   |              |
|    fps                  | 14330        |
|    iterations           | 49           |
|    time_elapsed         | 14           |
|    total_timesteps      | 200704       |
| train/                  |              |
|    approx_kl            | 0.0051021134 |
|    clip_fraction        | 0.04         |
|    clip_range           | 0.2          |
|    entropy_loss         | -1.25        |
|    explained_variance   | 0.715        |
|    learning_rate        | 0.0003       |
|    loss                 | 0.258        |
|    n_updates            | 480          |
|    policy_gradient_loss | -0.00501     |
|    value_loss           | 0.589        |
------------------------------------------
------------------------------------------
| behaviour/              |              |
|    damage_taken         | 5            |
|    enemies_killed       | 11.3         |
|    episode_length       | 645          |
|    phase_reached        | 1.16         |
|    spawners_destroyed   | 0.64         |
|    survival_rate        | 0            |
| rollout/                |              |
|    ep_len_mean          | 645          |
|    ep_rew_mean          | -2.89        |
| time/                   |              |
|    fps                  | 14314        |
|    iterations           | 50           |
|    time_elapsed         | 14           |
|    total_timesteps      | 204800       |
| train/                  |              |
|    approx_kl            | 0.0056277635 |
|    clip_fraction        | 0.0396       |
|    clip_range           | 0.2          |
|    entropy_loss         | -1.25        |
|    explained_variance   | 0.719        |
|    learning_rate        | 0.0003       |
|    loss                 | 0.902        |
|    n_updates            | 490          |
|    policy_gradient_loss | -0.00444     |
|    value_loss           | 1.6          |
------------------------------------------
------------------------------------------
| behaviour/              |              |
|    damage_taken         | 5            |
|    enemies_killed       | 11.5         |
|    episode_length       | 646          |
|    phase_reached        | 1.14         |
|    spawners_destroyed   | 0.64         |
|    survival_rate        | 0            |
| rollout/                |              |
|    ep_len_mean          | 646          |
|    ep_rew_mean          | -2.9         |
| time/                   |              |
|    fps                  | 14307        |
|    iterations           | 51           |
|    time_elapsed         | 14           |
|    total_timesteps      | 208896       |
| train/                  |              |
|    approx_kl            | 0.0051704906 |
|    clip_fraction        | 0.0257       |
|    clip_range           | 0.2          |
|    entropy_loss         | -1.18        |
|    explained_variance   | 0.751        |
|    learning_rate        | 0.0003       |
|    loss                 | 0.354        |
|    n_updates            | 500          |
|    policy_gradient_loss | -0.00316     |
|    value_loss           | 0.816        |
------------------------------------------
------------------------------------------
| behaviour/              |              |
|    damage_taken         | 5            |
|    enemies_killed       | 11.6         |
|    episode_length       | 641          |
|    phase_reached        | 1.14         |
|    spawners_destroyed   | 0.61         |
|    survival_rate        | 0            |
| rollout/                |              |
|    ep_len_mean          | 641          |
|    ep_rew_mean          | -2.82        |
| time/                   |              |
|    fps                  | 14300        |
|    iterations           | 52           |
|    time_elapsed         | 14           |
|    total_timesteps      | 212992       |
| train/                  |              |
|    approx_kl            | 0.0052110185 |
|    clip_fraction        | 0.0315       |
|    clip_range           | 0.2          |
|    entropy_loss         | -1.17        |
|    explained_variance   | 0.81         |
|    learning_rate        | 0.0003       |
|    loss                 | 0.377        |
|    n_updates            | 510          |
|    policy_gradient_loss | -0.0041      |
|    value_loss           | 0.914        |
------------------------------------------
-----------------------------------------
| behaviour/              |             |
|    damage_taken         | 5           |
|    enemies_killed       | 12          |
|    episode_length       | 657         |
|    phase_reached        | 1.14        |
|    spawners_destroyed   | 0.62        |
|    survival_rate        | 0           |
| rollout/                |             |
|    ep_len_mean          | 657         |
|    ep_rew_mean          | -2.57       |
| time/                   |             |
|    fps                  | 14289       |
|    iterations           | 53          |
|    time_elapsed         | 15          |
|    total_timesteps      | 217088      |
| train/                  |             |
|    approx_kl            | 0.005955797 |
|    clip_fraction        | 0.0351      |
|    clip_range           | 0.2         |
|    entropy_loss         | -1.14       |
|    explained_variance   | 0.82        |
|    learning_rate        | 0.0003      |
|    loss                 | 0.375       |
|    n_updates            | 520         |
|    policy_gradient_loss | -0.00519    |
|    value_loss           | 0.951       |
-----------------------------------------
------------------------------------------
| behaviour/              |              |
|    damage_taken         | 5            |
|    enemies_killed       | 12.3         |
|    episode_length       | 665          |
|    phase_reached        | 1.16         |
|    spawners_destroyed   | 0.67         |
|    survival_rate        | 0            |
| rollout/                |              |
|    ep_len_mean          | 665          |
|    ep_rew_mean          | -1.91        |
| time/                   |              |
|    fps                  | 14281        |
|    iterations           | 54           |
|    time_elapsed         | 15           |
|    total_timesteps      | 221184       |
| train/                  |              |
|    approx_kl            | 0.0049391454 |
|    clip_fraction        | 0.0249       |
|    clip_range           | 0.2          |
|    entropy_loss         | -1.18        |
|    explained_variance   | 0.626        |
|    learning_rate        | 0.0003       |
|    loss                 | 0.911        |
|    n_updates            | 530          |
|    policy_gradient_loss | -0.00433     |
|    value_loss           | 1.88         |
------------------------------------------
-----------------------------------------
| behaviour/              |             |
|    damage_taken         | 5           |
|    enemies_killed       | 12.1        |
|    episode_length       | 653         |
|    phase_reached        | 1.14        |
|    spawners_destroyed   | 0.64        |
|    survival_rate        | 0           |
| rollout/                |             |
|    ep_len_mean          | 653         |
|    ep_rew_mean          | -2.36       |
| time/                   |             |
|    fps                  | 14273       |
|    iterations           | 55          |
|    time_elapsed         | 15          |
|    total_timesteps      | 225280      |
| train/                  |             |
|    approx_kl            | 0.004436428 |
|    clip_fraction        | 0.0312      |
|    clip_range           | 0.2         |
|    entropy_loss         | -1.15       |
|    explained_variance   | 0.652       |
|    learning_rate        | 0.0003      |
|    loss                 | 0.872       |
|    n_updates            | 540         |
|    policy_gradient_loss | -0.00423    |
|    value_loss           | 1.8         |
-----------------------------------------
------------------------------------------
| behaviour/              |              |
|    damage_taken         | 5            |
|    enemies_killed       | 12.1         |
|    episode_length       | 648          |
|    phase_reached        | 1.14         |
|    spawners_destroyed   | 0.63         |
|    survival_rate        | 0            |
| rollout/                |              |
|    ep_len_mean          | 648          |
|    ep_rew_mean          | -2.37        |
| time/                   |              |
|    fps                  | 14271        |
|    iterations           | 56           |
|    time_elapsed         | 16           |
|    total_timesteps      | 229376       |
| train/                  |              |
|    approx_kl            | 0.0051308204 |
|    clip_fraction        | 0.0214       |
|    clip_range           | 0.2          |
|    entropy_loss         | -1.14        |
|    explained_variance   | 0.637        |
|    learning_rate        | 0.0003       |
|    loss                 | 1.06         |
|    n_updates            | 550          |
|    policy_gradient_loss | -0.00469     |
|    value_loss           | 2.07         |
------------------------------------------
------------------------------------------
| behaviour/              |              |
|    damage_taken         | 5            |
|    enemies_killed       | 12           |
|    episode_length       | 636          |
|    phase_reached        | 1.16         |
|    spawners_destroyed   | 0.64         |
|    survival_rate        | 0            |
| rollout/                |              |
|    ep_len_mean          | 636          |
|    ep_rew_mean          | -2.1         |
| time/                   |              |
|    fps                  | 14264        |
|    iterations           | 57           |
|    time_elapsed         | 16           |
|    total_timesteps      | 233472       |
| train/                  |              |
|    approx_kl            | 0.0036290057 |
|    clip_fraction        | 0.0124       |
|    clip_range           | 0.2          |
|    entropy_loss         | -1.11        |
|    explained_variance   | 0.636        |
|    learning_rate        | 0.0003       |
|    loss                 | 0.42         |
|    n_updates            | 560          |
|    policy_gradient_loss | -0.0029      |
|    value_loss           | 1.08         |
------------------------------------------
------------------------------------------
| behaviour/              |              |
|    damage_taken         | 5            |
|    enemies_killed       | 12.1         |
|    episode_length       | 637          |
|    phase_reached        | 1.16         |
|    spawners_destroyed   | 0.64         |
|    survival_rate        | 0            |
| rollout/                |              |
|    ep_len_mean          | 637          |
|    ep_rew_mean          | -1.96        |
| time/                   |              |
|    fps                  | 14264        |
|    iterations           | 58           |
|    time_elapsed         | 16           |
|    total_timesteps      | 237568       |
| train/                  |              |
|    approx_kl            | 0.0044770525 |
|    clip_fraction        | 0.012        |
|    clip_range           | 0.2          |
|    entropy_loss         | -1.11        |
|    explained_variance   | 0.671        |
|    learning_rate        | 0.0003       |
|    loss                 | 0.655        |
|    n_updates            | 570          |
|    policy_gradient_loss | -0.00316     |
|    value_loss           | 1.37         |
------------------------------------------
-----------------------------------------
| behaviour/              |             |
|    damage_taken         | 5           |
|    enemies_killed       | 12.2        |
|    episode_length       | 642         |
|    phase_reached        | 1.15        |
|    spawners_destroyed   | 0.64        |
|    survival_rate        | 0           |
| rollout/                |             |
|    ep_len_mean          | 642         |
|    ep_rew_mean          | -1.98       |
| time/                   |             |
|    fps                  | 14259       |
|    iterations           | 59          |
|    time_elapsed         | 16          |
|    total_timesteps      | 241664      |
| train/                  |             |
|    approx_kl            | 0.005469271 |
|    clip_fraction        | 0.0468      |
|    clip_range           | 0.2         |
|    entropy_loss         | -1.1        |
|    explained_variance   | 0.525       |
|    learning_rate        | 0.0003      |
|    loss                 | 0.374       |
|    n_updates            | 580         |
|    policy_gradient_loss | -0.00517    |
|    value_loss           | 0.946       |
-----------------------------------------
-----------------------------------------
| behaviour/              |             |
|    damage_taken         | 5           |
|    enemies_killed       | 12.5        |
|    episode_length       | 645         |
|    phase_reached        | 1.16        |
|    spawners_destroyed   | 0.65        |
|    survival_rate        | 0           |
| rollout/                |             |
|    ep_len_mean          | 645         |
|    ep_rew_mean          | -1.63       |
| time/                   |             |
|    fps                  | 14255       |
|    iterations           | 60          |
|    time_elapsed         | 17          |
|    total_timesteps      | 245760      |
| train/                  |             |
|    approx_kl            | 0.006249193 |
|    clip_fraction        | 0.0359      |
|    clip_range           | 0.2         |
|    entropy_loss         | -1.08       |
|    explained_variance   | 0.701       |
|    learning_rate        | 0.0003      |
|    loss                 | 0.456       |
|    n_updates            | 590         |
|    policy_gradient_loss | -0.00538    |
|    value_loss           | 1.02        |
-----------------------------------------
-----------------------------------------
| behaviour/              |             |
|    damage_taken         | 5           |
|    enemies_killed       | 12.7        |
|    episode_length       | 658         |
|    phase_reached        | 1.16        |
|    spawners_destroyed   | 0.67        |
|    survival_rate        | 0           |
| rollout/                |             |
|    ep_len_mean          | 658         |
|    ep_rew_mean          | -1.45       |
| time/                   |             |
|    fps                  | 14253       |
|    iterations           | 61          |
|    time_elapsed         | 17          |
|    total_timesteps      | 249856      |
| train/                  |             |
|    approx_kl            | 0.006115901 |
|    clip_fraction        | 0.0316      |
|    clip_range           | 0.2         |
|    entropy_loss         | -1.09       |
|    explained_variance   | 0.692       |
|    learning_rate        | 0.0003      |
|    loss                 | 0.514       |
|    n_updates            | 600         |
|    policy_gradient_loss | -0.00446    |
|    value_loss           | 1.23        |
-----------------------------------------
-----------------------------------------
| behaviour/              |             |
|    damage_taken         | 5           |
|    enemies_killed       | 13.1        |
|    episode_length       | 678         |
|    phase_reached        | 1.14        |
|    spawners_destroyed   | 0.65        |
|    survival_rate        | 0           |
| rollout/                |             |
|    ep_len_mean          | 678         |
|    ep_rew_mean          | -1.57       |
| time/                   |             |
|    fps                  | 14249       |
|    iterations           | 62          |
|    time_elapsed         | 17          |
|    total_timesteps      | 253952      |
| train/                  |             |
|    approx_kl            | 0.008782886 |
|    clip_fraction        | 0.0522      |
|    clip_range           | 0.2         |
|    entropy_loss         | -1.06       |
|    explained_variance   | 0.723       |
|    learning_rate        | 0.0003      |
|    loss                 | 0.216       |
|    n_updates            | 610         |
|    policy_gradient_loss | -0.00359    |
|    value_loss           | 0.619       |
-----------------------------------------
-----------------------------------------
| behaviour/              |             |
|    damage_taken         | 5           |
|    enemies_killed       | 13.1        |
|    episode_length       | 676         |
|    phase_reached        | 1.16        |
|    spawners_destroyed   | 0.71        |
|    survival_rate        | 0           |
| rollout/                |             |
|    ep_len_mean          | 676         |
|    ep_rew_mean          | -1.02       |
| time/                   |             |
|    fps                  | 14254       |
|    iterations           | 63          |
|    time_elapsed         | 18          |
|    total_timesteps      | 258048      |
| train/                  |             |
|    approx_kl            | 0.003281108 |
|    clip_fraction        | 0.0237      |
|    clip_range           | 0.2         |
|    entropy_loss         | -1.09       |
|    explained_variance   | 0.528       |
|    learning_rate        | 0.0003      |
|    loss                 | 1.4         |
|    n_updates            | 620         |
|    policy_gradient_loss | -0.00338    |
|    value_loss           | 2.47        |
-----------------------------------------
-----------------------------------------
| behaviour/              |             |
|    damage_taken         | 5           |
|    enemies_killed       | 13.3        |
|    episode_length       | 682         |
|    phase_reached        | 1.19        |
|    spawners_destroyed   | 0.8         |
|    survival_rate        | 0           |
| rollout/                |             |
|    ep_len_mean          | 682         |
|    ep_rew_mean          | -0.147      |
| time/                   |             |
|    fps                  | 14254       |
|    iterations           | 64          |
|    time_elapsed         | 18          |
|    total_timesteps      | 262144      |
| train/                  |             |
|    approx_kl            | 0.007760935 |
|    clip_fraction        | 0.0377      |
|    clip_range           | 0.2         |
|    entropy_loss         | -1.07       |
|    explained_variance   | 0.607       |
|    learning_rate        | 0.0003      |
|    loss                 | 0.978       |
|    n_updates            | 630         |
|    policy_gradient_loss | -0.00487    |
|    value_loss           | 2.3         |
-----------------------------------------
-----------------------------------------
| behaviour/              |             |
|    damage_taken         | 5           |
|    enemies_killed       | 13.2        |
|    episode_length       | 681         |
|    phase_reached        | 1.19        |
|    spawners_destroyed   | 0.81        |
|    survival_rate        | 0           |
| rollout/                |             |
|    ep_len_mean          | 681         |
|    ep_rew_mean          | -0.173      |
| time/                   |             |
|    fps                  | 14250       |
|    iterations           | 65          |
|    time_elapsed         | 18          |
|    total_timesteps      | 266240      |
| train/                  |             |
|    approx_kl            | 0.003683275 |
|    clip_fraction        | 0.0129      |
|    clip_range           | 0.2         |
|    entropy_loss         | -1.07       |
|    explained_variance   | 0.789       |
|    learning_rate        | 0.0003      |
|    loss                 | 0.454       |
|    n_updates            | 640         |
|    policy_gradient_loss | -0.0028     |
|    value_loss           | 1.03        |
-----------------------------------------
----------------------------------------
| behaviour/              |            |
|    damage_taken         | 5          |
|    enemies_killed       | 13.3       |
|    episode_length       | 679        |
|    phase_reached        | 1.18       |
|    spawners_destroyed   | 0.78       |
|    survival_rate        | 0          |
| rollout/                |            |
|    ep_len_mean          | 679        |
|    ep_rew_mean          | -0.317     |
| time/                   |            |
|    fps                  | 14245      |
|    iterations           | 66         |
|    time_elapsed         | 18         |
|    total_timesteps      | 270336     |
| train/                  |            |
|    approx_kl            | 0.00725904 |
|    clip_fraction        | 0.0325     |
|    clip_range           | 0.2        |
|    entropy_loss         | -1.1       |
|    explained_variance   | 0.784      |
|    learning_rate        | 0.0003     |
|    loss                 | 0.214      |
|    n_updates            | 650        |
|    policy_gradient_loss | -0.00363   |
|    value_loss           | 0.719      |
----------------------------------------
------------------------------------------
| behaviour/              |              |
|    damage_taken         | 5            |
|    enemies_killed       | 13.1         |
|    episode_length       | 674          |
|    phase_reached        | 1.18         |
|    spawners_destroyed   | 0.76         |
|    survival_rate        | 0            |
| rollout/                |              |
|    ep_len_mean          | 674          |
|    ep_rew_mean          | -0.594       |
| time/                   |              |
|    fps                  | 14241        |
|    iterations           | 67           |
|    time_elapsed         | 19           |
|    total_timesteps      | 274432       |
| train/                  |              |
|    approx_kl            | 0.0056748427 |
|    clip_fraction        | 0.026        |
|    clip_range           | 0.2          |
|    entropy_loss         | -1.09        |
|    explained_variance   | 0.78         |
|    learning_rate        | 0.0003       |
|    loss                 | 0.9          |
|    n_updates            | 660          |
|    policy_gradient_loss | -0.00385     |
|    value_loss           | 1.14         |
------------------------------------------
------------------------------------------
| behaviour/              |              |
|    damage_taken         | 5            |
|    enemies_killed       | 13.4         |
|    episode_length       | 692          |
|    phase_reached        | 1.17         |
|    spawners_destroyed   | 0.75         |
|    survival_rate        | 0            |
| rollout/                |              |
|    ep_len_mean          | 692          |
|    ep_rew_mean          | -0.525       |
| time/                   |              |
|    fps                  | 14241        |
|    iterations           | 68           |
|    time_elapsed         | 19           |
|    total_timesteps      | 278528       |
| train/                  |              |
|    approx_kl            | 0.0039175227 |
|    clip_fraction        | 0.0357       |
|    clip_range           | 0.2          |
|    entropy_loss         | -1.07        |
|    explained_variance   | 0.801        |
|    learning_rate        | 0.0003       |
|    loss                 | 0.237        |
|    n_updates            | 670          |
|    policy_gradient_loss | -0.00479     |
|    value_loss           | 0.613        |
------------------------------------------
-----------------------------------------
| behaviour/              |             |
|    damage_taken         | 5           |
|    enemies_killed       | 13.6        |
|    episode_length       | 696         |
|    phase_reached        | 1.18        |
|    spawners_destroyed   | 0.78        |
|    survival_rate        | 0           |
| rollout/                |             |
|    ep_len_mean          | 696         |
|    ep_rew_mean          | -0.192      |
| time/                   |             |
|    fps                  | 14246       |
|    iterations           | 69          |
|    time_elapsed         | 19          |
|    total_timesteps      | 282624      |
| train/                  |             |
|    approx_kl            | 0.007925621 |
|    clip_fraction        | 0.0773      |
|    clip_range           | 0.2         |
|    entropy_loss         | -1.06       |
|    explained_variance   | 0.803       |
|    learning_rate        | 0.0003      |
|    loss                 | 0.539       |
|    n_updates            | 680         |
|    policy_gradient_loss | -0.00559    |
|    value_loss           | 1.25        |
-----------------------------------------
-----------------------------------------
| behaviour/              |             |
|    damage_taken         | 5           |
|    enemies_killed       | 13.6        |
|    episode_length       | 697         |
|    phase_reached        | 1.18        |
|    spawners_destroyed   | 0.78        |
|    survival_rate        | 0           |
| rollout/                |             |
|    ep_len_mean          | 697         |
|    ep_rew_mean          | -0.157      |
| time/                   |             |
|    fps                  | 14241       |
|    iterations           | 70          |
|    time_elapsed         | 20          |
|    total_timesteps      | 286720      |
| train/                  |             |
|    approx_kl            | 0.003377832 |
|    clip_fraction        | 0.0216      |
|    clip_range           | 0.2         |
|    entropy_loss         | -1.04       |
|    explained_variance   | 0.68        |
|    learning_rate        | 0.0003      |
|    loss                 | 0.494       |
|    n_updates            | 690         |
|    policy_gradient_loss | -0.00282    |
|    value_loss           | 1.29        |
-----------------------------------------
------------------------------------------
| behaviour/              |              |
|    damage_taken         | 5            |
|    enemies_killed       | 13.6         |
|    episode_length       | 695          |
|    phase_reached        | 1.16         |
|    spawners_destroyed   | 0.73         |
|    survival_rate        | 0            |
| rollout/                |              |
|    ep_len_mean          | 695          |
|    ep_rew_mean          | -0.612       |
| time/                   |              |
|    fps                  | 14245        |
|    iterations           | 71           |
|    time_elapsed         | 20           |
|    total_timesteps      | 290816       |
| train/                  |              |
|    approx_kl            | 0.0033381688 |
|    clip_fraction        | 0.0215       |
|    clip_range           | 0.2          |
|    entropy_loss         | -1.07        |
|    explained_variance   | 0.714        |
|    learning_rate        | 0.0003       |
|    loss                 | 0.705        |
|    n_updates            | 700          |
|    policy_gradient_loss | -0.0033      |
|    value_loss           | 1.33         |
------------------------------------------
------------------------------------------
| behaviour/              |              |
|    damage_taken         | 5            |
|    enemies_killed       | 13.4         |
|    episode_length       | 690          |
|    phase_reached        | 1.13         |
|    spawners_destroyed   | 0.67         |
|    survival_rate        | 0            |
| rollout/                |              |
|    ep_len_mean          | 690          |
|    ep_rew_mean          | -1.39        |
| time/                   |              |
|    fps                  | 14250        |
|    iterations           | 72           |
|    time_elapsed         | 20           |
|    total_timesteps      | 294912       |
| train/                  |              |
|    approx_kl            | 0.0047945073 |
|    clip_fraction        | 0.0432       |
|    clip_range           | 0.2          |
|    entropy_loss         | -1.03        |
|    explained_variance   | 0.75         |
|    learning_rate        | 0.0003       |
|    loss                 | 0.436        |
|    n_updates            | 710          |
|    policy_gradient_loss | -0.00412     |
|    value_loss           | 0.913        |
------------------------------------------
------------------------------------------
| behaviour/              |              |
|    damage_taken         | 5            |
|    enemies_killed       | 13.5         |
|    episode_length       | 705          |
|    phase_reached        | 1.12         |
|    spawners_destroyed   | 0.68         |
|    survival_rate        | 0            |
| rollout/                |              |
|    ep_len_mean          | 705          |
|    ep_rew_mean          | -1.45        |
| time/                   |              |
|    fps                  | 14246        |
|    iterations           | 73           |
|    time_elapsed         | 20           |
|    total_timesteps      | 299008       |
| train/                  |              |
|    approx_kl            | 0.0039509237 |
|    clip_fraction        | 0.0247       |
|    clip_range           | 0.2          |
|    entropy_loss         | -1.02        |
|    explained_variance   | 0.762        |
|    learning_rate        | 0.0003       |
|    loss                 | 0.411        |
|    n_updates            | 720          |
|    policy_gradient_loss | -0.00313     |
|    value_loss           | 0.991        |
------------------------------------------
------------------------------------------
| behaviour/              |              |
|    damage_taken         | 5            |
|    enemies_killed       | 13.5         |
|    episode_length       | 706          |
|    phase_reached        | 1.11         |
|    spawners_destroyed   | 0.67         |
|    survival_rate        | 0            |
| rollout/                |              |
|    ep_len_mean          | 706          |
|    ep_rew_mean          | -1.64        |
| time/                   |              |
|    fps                  | 14245        |
|    iterations           | 74           |
|    time_elapsed         | 21           |
|    total_timesteps      | 303104       |
| train/                  |              |
|    approx_kl            | 0.0054734237 |
|    clip_fraction        | 0.0625       |
|    clip_range           | 0.2          |
|    entropy_loss         | -1.03        |
|    explained_variance   | 0.803        |
|    learning_rate        | 0.0003       |
|    loss                 | 0.362        |
|    n_updates            | 730          |
|    policy_gradient_loss | -0.00672     |
|    value_loss           | 0.771        |
------------------------------------------
------------------------------------------
| behaviour/              |              |
|    damage_taken         | 5            |
|    enemies_killed       | 13.6         |
|    episode_length       | 710          |
|    phase_reached        | 1.11         |
|    spawners_destroyed   | 0.67         |
|    survival_rate        | 0            |
| rollout/                |              |
|    ep_len_mean          | 710          |
|    ep_rew_mean          | -1.58        |
| time/                   |              |
|    fps                  | 14244        |
|    iterations           | 75           |
|    time_elapsed         | 21           |
|    total_timesteps      | 307200       |
| train/                  |              |
|    approx_kl            | 0.0057776403 |
|    clip_fraction        | 0.0407       |
|    clip_range           | 0.2          |
|    entropy_loss         | -1.06        |
|    explained_variance   | 0.764        |
|    learning_rate        | 0.0003       |
|    loss                 | 0.249        |
|    n_updates            | 740          |
|    policy_gradient_loss | -0.00474     |
|    value_loss           | 0.578        |
------------------------------------------
-----------------------------------------
| behaviour/              |             |
|    damage_taken         | 5           |
|    enemies_killed       | 14.2        |
|    episode_length       | 737         |
|    phase_reached        | 1.11        |
|    spawners_destroyed   | 0.68        |
|    survival_rate        | 0           |
| rollout/                |             |
|    ep_len_mean          | 737         |
|    ep_rew_mean          | -1.15       |
| time/                   |             |
|    fps                  | 14238       |
|    iterations           | 76          |
|    time_elapsed         | 21          |
|    total_timesteps      | 311296      |
| train/                  |             |
|    approx_kl            | 0.004323587 |
|    clip_fraction        | 0.0137      |
|    clip_range           | 0.2         |
|    entropy_loss         | -1.03       |
|    explained_variance   | 0.687       |
|    learning_rate        | 0.0003      |
|    loss                 | 0.36        |
|    n_updates            | 750         |
|    policy_gradient_loss | -0.00326    |
|    value_loss           | 1.19        |
-----------------------------------------
------------------------------------------
| behaviour/              |              |
|    damage_taken         | 5            |
|    enemies_killed       | 14.2         |
|    episode_length       | 742          |
|    phase_reached        | 1.11         |
|    spawners_destroyed   | 0.66         |
|    survival_rate        | 0            |
| rollout/                |              |
|    ep_len_mean          | 742          |
|    ep_rew_mean          | -1.27        |
| time/                   |              |
|    fps                  | 14235        |
|    iterations           | 77           |
|    time_elapsed         | 22           |
|    total_timesteps      | 315392       |
| train/                  |              |
|    approx_kl            | 0.0056914287 |
|    clip_fraction        | 0.0507       |
|    clip_range           | 0.2          |
|    entropy_loss         | -0.987       |
|    explained_variance   | 0.802        |
|    learning_rate        | 0.0003       |
|    loss                 | 0.27         |
|    n_updates            | 760          |
|    policy_gradient_loss | -0.00587     |
|    value_loss           | 0.606        |
------------------------------------------
-----------------------------------------
| behaviour/              |             |
|    damage_taken         | 5           |
|    enemies_killed       | 14.1        |
|    episode_length       | 754         |
|    phase_reached        | 1.11        |
|    spawners_destroyed   | 0.69        |
|    survival_rate        | 0           |
| rollout/                |             |
|    ep_len_mean          | 754         |
|    ep_rew_mean          | -1.35       |
| time/                   |             |
|    fps                  | 14237       |
|    iterations           | 78          |
|    time_elapsed         | 22          |
|    total_timesteps      | 319488      |
| train/                  |             |
|    approx_kl            | 0.004943925 |
|    clip_fraction        | 0.0299      |
|    clip_range           | 0.2         |
|    entropy_loss         | -1          |
|    explained_variance   | 0.793       |
|    learning_rate        | 0.0003      |
|    loss                 | 0.317       |
|    n_updates            | 770         |
|    policy_gradient_loss | -0.00484    |
|    value_loss           | 0.676       |
-----------------------------------------
------------------------------------------
| behaviour/              |              |
|    damage_taken         | 5            |
|    enemies_killed       | 13.9         |
|    episode_length       | 743          |
|    phase_reached        | 1.12         |
|    spawners_destroyed   | 0.71         |
|    survival_rate        | 0            |
| rollout/                |              |
|    ep_len_mean          | 743          |
|    ep_rew_mean          | -1.32        |
| time/                   |              |
|    fps                  | 14235        |
|    iterations           | 79           |
|    time_elapsed         | 22           |
|    total_timesteps      | 323584       |
| train/                  |              |
|    approx_kl            | 0.0042004758 |
|    clip_fraction        | 0.0252       |
|    clip_range           | 0.2          |
|    entropy_loss         | -1.06        |
|    explained_variance   | 0.761        |
|    learning_rate        | 0.0003       |
|    loss                 | 0.392        |
|    n_updates            | 780          |
|    policy_gradient_loss | -0.00368     |
|    value_loss           | 0.891        |
------------------------------------------
------------------------------------------
| behaviour/              |              |
|    damage_taken         | 5            |
|    enemies_killed       | 13.7         |
|    episode_length       | 732          |
|    phase_reached        | 1.13         |
|    spawners_destroyed   | 0.7          |
|    survival_rate        | 0            |
| rollout/                |              |
|    ep_len_mean          | 732          |
|    ep_rew_mean          | -1.29        |
| time/                   |              |
|    fps                  | 14231        |
|    iterations           | 80           |
|    time_elapsed         | 23           |
|    total_timesteps      | 327680       |
| train/                  |              |
|    approx_kl            | 0.0036794408 |
|    clip_fraction        | 0.0127       |
|    clip_range           | 0.2          |
|    entropy_loss         | -1.05        |
|    explained_variance   | 0.695        |
|    learning_rate        | 0.0003       |
|    loss                 | 0.715        |
|    n_updates            | 790          |
|    policy_gradient_loss | -0.00342     |
|    value_loss           | 1.59         |
------------------------------------------
------------------------------------------
| behaviour/              |              |
|    damage_taken         | 5            |
|    enemies_killed       | 13.7         |
|    episode_length       | 735          |
|    phase_reached        | 1.1          |
|    spawners_destroyed   | 0.63         |
|    survival_rate        | 0            |
| rollout/                |              |
|    ep_len_mean          | 735          |
|    ep_rew_mean          | -2.05        |
| time/                   |              |
|    fps                  | 14225        |
|    iterations           | 81           |
|    time_elapsed         | 23           |
|    total_timesteps      | 331776       |
| train/                  |              |
|    approx_kl            | 0.0046537407 |
|    clip_fraction        | 0.018        |
|    clip_range           | 0.2          |
|    entropy_loss         | -1.1         |
|    explained_variance   | 0.705        |
|    learning_rate        | 0.0003       |
|    loss                 | 0.495        |
|    n_updates            | 800          |
|    policy_gradient_loss | -0.00337     |
|    value_loss           | 1.02         |
------------------------------------------
------------------------------------------
| behaviour/              |              |
|    damage_taken         | 5            |
|    enemies_killed       | 13.4         |
|    episode_length       | 731          |
|    phase_reached        | 1.09         |
|    spawners_destroyed   | 0.61         |
|    survival_rate        | 0            |
| rollout/                |              |
|    ep_len_mean          | 731          |
|    ep_rew_mean          | -2.45        |
| time/                   |              |
|    fps                  | 14220        |
|    iterations           | 82           |
|    time_elapsed         | 23           |
|    total_timesteps      | 335872       |
| train/                  |              |
|    approx_kl            | 0.0034519958 |
|    clip_fraction        | 0.0149       |
|    clip_range           | 0.2          |
|    entropy_loss         | -1.09        |
|    explained_variance   | 0.669        |
|    learning_rate        | 0.0003       |
|    loss                 | 0.662        |
|    n_updates            | 810          |
|    policy_gradient_loss | -0.00307     |
|    value_loss           | 1.52         |
------------------------------------------
-----------------------------------------
| behaviour/              |             |
|    damage_taken         | 5           |
|    enemies_killed       | 13.3        |
|    episode_length       | 736         |
|    phase_reached        | 1.11        |
|    spawners_destroyed   | 0.66        |
|    survival_rate        | 0           |
| rollout/                |             |
|    ep_len_mean          | 736         |
|    ep_rew_mean          | -2.12       |
| time/                   |             |
|    fps                  | 14217       |
|    iterations           | 83          |
|    time_elapsed         | 23          |
|    total_timesteps      | 339968      |
| train/                  |             |
|    approx_kl            | 0.005961614 |
|    clip_fraction        | 0.0395      |
|    clip_range           | 0.2         |
|    entropy_loss         | -1.1        |
|    explained_variance   | 0.693       |
|    learning_rate        | 0.0003      |
|    loss                 | 0.744       |
|    n_updates            | 820         |
|    policy_gradient_loss | -0.00514    |
|    value_loss           | 1.54        |
-----------------------------------------
------------------------------------------
| behaviour/              |              |
|    damage_taken         | 5            |
|    enemies_killed       | 13           |
|    episode_length       | 730          |
|    phase_reached        | 1.12         |
|    spawners_destroyed   | 0.67         |
|    survival_rate        | 0            |
| rollout/                |              |
|    ep_len_mean          | 730          |
|    ep_rew_mean          | -2.24        |
| time/                   |              |
|    fps                  | 14210        |
|    iterations           | 84           |
|    time_elapsed         | 24           |
|    total_timesteps      | 344064       |
| train/                  |              |
|    approx_kl            | 0.0056005735 |
|    clip_fraction        | 0.0312       |
|    clip_range           | 0.2          |
|    entropy_loss         | -1.09        |
|    explained_variance   | 0.784        |
|    learning_rate        | 0.0003       |
|    loss                 | 0.383        |
|    n_updates            | 830          |
|    policy_gradient_loss | -0.00351     |
|    value_loss           | 1.1          |
------------------------------------------
------------------------------------------
| behaviour/              |              |
|    damage_taken         | 5            |
|    enemies_killed       | 13           |
|    episode_length       | 727          |
|    phase_reached        | 1.14         |
|    spawners_destroyed   | 0.72         |
|    survival_rate        | 0            |
| rollout/                |              |
|    ep_len_mean          | 727          |
|    ep_rew_mean          | -1.8         |
| time/                   |              |
|    fps                  | 14207        |
|    iterations           | 85           |
|    time_elapsed         | 24           |
|    total_timesteps      | 348160       |
| train/                  |              |
|    approx_kl            | 0.0063708527 |
|    clip_fraction        | 0.0233       |
|    clip_range           | 0.2          |
|    entropy_loss         | -1.08        |
|    explained_variance   | 0.739        |
|    learning_rate        | 0.0003       |
|    loss                 | 1.05         |
|    n_updates            | 840          |
|    policy_gradient_loss | -0.00355     |
|    value_loss           | 1.71         |
------------------------------------------
------------------------------------------
| behaviour/              |              |
|    damage_taken         | 5            |
|    enemies_killed       | 13.2         |
|    episode_length       | 731          |
|    phase_reached        | 1.16         |
|    spawners_destroyed   | 0.77         |
|    survival_rate        | 0            |
| rollout/                |              |
|    ep_len_mean          | 731          |
|    ep_rew_mean          | -1.2         |
| time/                   |              |
|    fps                  | 14207        |
|    iterations           | 86           |
|    time_elapsed         | 24           |
|    total_timesteps      | 352256       |
| train/                  |              |
|    approx_kl            | 0.0041441834 |
|    clip_fraction        | 0.0156       |
|    clip_range           | 0.2          |
|    entropy_loss         | -1.06        |
|    explained_variance   | 0.775        |
|    learning_rate        | 0.0003       |
|    loss                 | 0.464        |
|    n_updates            | 850          |
|    policy_gradient_loss | -0.00305     |
|    value_loss           | 1.21         |
------------------------------------------
------------------------------------------
| behaviour/              |              |
|    damage_taken         | 5            |
|    enemies_killed       | 13.2         |
|    episode_length       | 739          |
|    phase_reached        | 1.18         |
|    spawners_destroyed   | 0.81         |
|    survival_rate        | 0            |
| rollout/                |              |
|    ep_len_mean          | 739          |
|    ep_rew_mean          | -0.876       |
| time/                   |              |
|    fps                  | 14201        |
|    iterations           | 87           |
|    time_elapsed         | 25           |
|    total_timesteps      | 356352       |
| train/                  |              |
|    approx_kl            | 0.0048961276 |
|    clip_fraction        | 0.0313       |
|    clip_range           | 0.2          |
|    entropy_loss         | -1.09        |
|    explained_variance   | 0.774        |
|    learning_rate        | 0.0003       |
|    loss                 | 0.541        |
|    n_updates            | 860          |
|    policy_gradient_loss | -0.00469     |
|    value_loss           | 1.68         |
------------------------------------------
-----------------------------------------
| behaviour/              |             |
|    damage_taken         | 5           |
|    enemies_killed       | 13.1        |
|    episode_length       | 739         |
|    phase_reached        | 1.18        |
|    spawners_destroyed   | 0.81        |
|    survival_rate        | 0           |
| rollout/                |             |
|    ep_len_mean          | 739         |
|    ep_rew_mean          | -0.899      |
| time/                   |             |
|    fps                  | 14197       |
|    iterations           | 88          |
|    time_elapsed         | 25          |
|    total_timesteps      | 360448      |
| train/                  |             |
|    approx_kl            | 0.004973116 |
|    clip_fraction        | 0.0288      |
|    clip_range           | 0.2         |
|    entropy_loss         | -1.07       |
|    explained_variance   | 0.846       |
|    learning_rate        | 0.0003      |
|    loss                 | 0.344       |
|    n_updates            | 870         |
|    policy_gradient_loss | -0.00423    |
|    value_loss           | 1.08        |
-----------------------------------------
-----------------------------------------
| behaviour/              |             |
|    damage_taken         | 5           |
|    enemies_killed       | 13.3        |
|    episode_length       | 748         |
|    phase_reached        | 1.18        |
|    spawners_destroyed   | 0.82        |
|    survival_rate        | 0           |
| rollout/                |             |
|    ep_len_mean          | 748         |
|    ep_rew_mean          | -0.774      |
| time/                   |             |
|    fps                  | 14189       |
|    iterations           | 89          |
|    time_elapsed         | 25          |
|    total_timesteps      | 364544      |
| train/                  |             |
|    approx_kl            | 0.004982166 |
|    clip_fraction        | 0.0242      |
|    clip_range           | 0.2         |
|    entropy_loss         | -1.07       |
|    explained_variance   | 0.719       |
|    learning_rate        | 0.0003      |
|    loss                 | 0.589       |
|    n_updates            | 880         |
|    policy_gradient_loss | -0.00355    |
|    value_loss           | 1.09        |
-----------------------------------------
------------------------------------------
| behaviour/              |              |
|    damage_taken         | 5            |
|    enemies_killed       | 13.4         |
|    episode_length       | 756          |
|    phase_reached        | 1.19         |
|    spawners_destroyed   | 0.85         |
|    survival_rate        | 0            |
| rollout/                |              |
|    ep_len_mean          | 756          |
|    ep_rew_mean          | -0.499       |
| time/                   |              |
|    fps                  | 14184        |
|    iterations           | 90           |
|    time_elapsed         | 25           |
|    total_timesteps      | 368640       |
| train/                  |              |
|    approx_kl            | 0.0046262206 |
|    clip_fraction        | 0.023        |
|    clip_range           | 0.2          |
|    entropy_loss         | -1.06        |
|    explained_variance   | 0.759        |
|    learning_rate        | 0.0003       |
|    loss                 | 0.575        |
|    n_updates            | 890          |
|    policy_gradient_loss | -0.0041      |
|    value_loss           | 0.918        |
------------------------------------------
------------------------------------------
| behaviour/              |              |
|    damage_taken         | 5            |
|    enemies_killed       | 13.6         |
|    episode_length       | 759          |
|    phase_reached        | 1.22         |
|    spawners_destroyed   | 0.91         |
|    survival_rate        | 0            |
| rollout/                |              |
|    ep_len_mean          | 759          |
|    ep_rew_mean          | 0.216        |
| time/                   |              |
|    fps                  | 14181        |
|    iterations           | 91           |
|    time_elapsed         | 26           |
|    total_timesteps      | 372736       |
| train/                  |              |
|    approx_kl            | 0.0059446287 |
|    clip_fraction        | 0.0351       |
|    clip_range           | 0.2          |
|    entropy_loss         | -1.06        |
|    explained_variance   | 0.784        |
|    learning_rate        | 0.0003       |
|    loss                 | 0.503        |
|    n_updates            | 900          |
|    policy_gradient_loss | -0.00395     |
|    value_loss           | 1.14         |
------------------------------------------
-----------------------------------------
| behaviour/              |             |
|    damage_taken         | 5           |
|    enemies_killed       | 14          |
|    episode_length       | 765         |
|    phase_reached        | 1.24        |
|    spawners_destroyed   | 0.92        |
|    survival_rate        | 0           |
| rollout/                |             |
|    ep_len_mean          | 765         |
|    ep_rew_mean          | 0.846       |
| time/                   |             |
|    fps                  | 14180       |
|    iterations           | 92          |
|    time_elapsed         | 26          |
|    total_timesteps      | 376832      |
| train/                  |             |
|    approx_kl            | 0.005268525 |
|    clip_fraction        | 0.0274      |
|    clip_range           | 0.2         |
|    entropy_loss         | -1.05       |
|    explained_variance   | 0.712       |
|    learning_rate        | 0.0003      |
|    loss                 | 0.772       |
|    n_updates            | 910         |
|    policy_gradient_loss | -0.00417    |
|    value_loss           | 1.77        |
-----------------------------------------
-----------------------------------------
| behaviour/              |             |
|    damage_taken         | 5           |
|    enemies_killed       | 14          |
|    episode_length       | 764         |
|    phase_reached        | 1.25        |
|    spawners_destroyed   | 0.93        |
|    survival_rate        | 0           |
| rollout/                |             |
|    ep_len_mean          | 764         |
|    ep_rew_mean          | 1           |
| time/                   |             |
|    fps                  | 14175       |
|    iterations           | 93          |
|    time_elapsed         | 26          |
|    total_timesteps      | 380928      |
| train/                  |             |
|    approx_kl            | 0.005410009 |
|    clip_fraction        | 0.0329      |
|    clip_range           | 0.2         |
|    entropy_loss         | -1.03       |
|    explained_variance   | 0.75        |
|    learning_rate        | 0.0003      |
|    loss                 | 0.558       |
|    n_updates            | 920         |
|    policy_gradient_loss | -0.00376    |
|    value_loss           | 1.39        |
-----------------------------------------
-----------------------------------------
| behaviour/              |             |
|    damage_taken         | 5           |
|    enemies_killed       | 14.2        |
|    episode_length       | 767         |
|    phase_reached        | 1.26        |
|    spawners_destroyed   | 0.95        |
|    survival_rate        | 0           |
| rollout/                |             |
|    ep_len_mean          | 767         |
|    ep_rew_mean          | 1.38        |
| time/                   |             |
|    fps                  | 14167       |
|    iterations           | 94          |
|    time_elapsed         | 27          |
|    total_timesteps      | 385024      |
| train/                  |             |
|    approx_kl            | 0.006487148 |
|    clip_fraction        | 0.0554      |
|    clip_range           | 0.2         |
|    entropy_loss         | -1.01       |
|    explained_variance   | 0.646       |
|    learning_rate        | 0.0003      |
|    loss                 | 0.309       |
|    n_updates            | 930         |
|    policy_gradient_loss | -0.00494    |
|    value_loss           | 0.898       |
-----------------------------------------
------------------------------------------
| behaviour/              |              |
|    damage_taken         | 5            |
|    enemies_killed       | 13.7         |
|    episode_length       | 747          |
|    phase_reached        | 1.27         |
|    spawners_destroyed   | 0.97         |
|    survival_rate        | 0            |
| rollout/                |              |
|    ep_len_mean          | 747          |
|    ep_rew_mean          | 1.31         |
| time/                   |              |
|    fps                  | 14161        |
|    iterations           | 95           |
|    time_elapsed         | 27           |
|    total_timesteps      | 389120       |
| train/                  |              |
|    approx_kl            | 0.0045927456 |
|    clip_fraction        | 0.0203       |
|    clip_range           | 0.2          |
|    entropy_loss         | -0.986       |
|    explained_variance   | 0.809        |
|    learning_rate        | 0.0003       |
|    loss                 | 0.449        |
|    n_updates            | 940          |
|    policy_gradient_loss | -0.00412     |
|    value_loss           | 1.25         |
------------------------------------------
-----------------------------------------
| behaviour/              |             |
|    damage_taken         | 4.98        |
|    enemies_killed       | 14.2        |
|    episode_length       | 770         |
|    phase_reached        | 1.3         |
|    spawners_destroyed   | 1.04        |
|    survival_rate        | 0.01        |
| rollout/                |             |
|    ep_len_mean          | 770         |
|    ep_rew_mean          | 2.29        |
| time/                   |             |
|    fps                  | 14151       |
|    iterations           | 96          |
|    time_elapsed         | 27          |
|    total_timesteps      | 393216      |
| train/                  |             |
|    approx_kl            | 0.006164622 |
|    clip_fraction        | 0.053       |
|    clip_range           | 0.2         |
|    entropy_loss         | -0.972      |
|    explained_variance   | 0.762       |
|    learning_rate        | 0.0003      |
|    loss                 | 0.408       |
|    n_updates            | 950         |
|    policy_gradient_loss | -0.00612    |
|    value_loss           | 1.14        |
-----------------------------------------
------------------------------------------
| behaviour/              |              |
|    damage_taken         | 4.98         |
|    enemies_killed       | 14           |
|    episode_length       | 756          |
|    phase_reached        | 1.3          |
|    spawners_destroyed   | 1.02         |
|    survival_rate        | 0.01         |
| rollout/                |              |
|    ep_len_mean          | 756          |
|    ep_rew_mean          | 2.19         |
| time/                   |              |
|    fps                  | 14151        |
|    iterations           | 97           |
|    time_elapsed         | 28           |
|    total_timesteps      | 397312       |
| train/                  |              |
|    approx_kl            | 0.0046333154 |
|    clip_fraction        | 0.0385       |
|    clip_range           | 0.2          |
|    entropy_loss         | -0.989       |
|    explained_variance   | 0.86         |
|    learning_rate        | 0.0003       |
|    loss                 | 0.403        |
|    n_updates            | 960          |
|    policy_gradient_loss | -0.00553     |
|    value_loss           | 0.866        |
------------------------------------------
------------------------------------------
| behaviour/              |              |
|    damage_taken         | 4.98         |
|    enemies_killed       | 14.8         |
|    episode_length       | 785          |
|    phase_reached        | 1.29         |
|    spawners_destroyed   | 1.01         |
|    survival_rate        | 0.01         |
| rollout/                |              |
|    ep_len_mean          | 785          |
|    ep_rew_mean          | 2.5          |
| time/                   |              |
|    fps                  | 14148        |
|    iterations           | 98           |
|    time_elapsed         | 28           |
|    total_timesteps      | 401408       |
| train/                  |              |
|    approx_kl            | 0.0052114865 |
|    clip_fraction        | 0.0365       |
|    clip_range           | 0.2          |
|    entropy_loss         | -0.993       |
|    explained_variance   | 0.644        |
|    learning_rate        | 0.0003       |
|    loss                 | 0.328        |
|    n_updates            | 970          |
|    policy_gradient_loss | -0.00425     |
|    value_loss           | 0.804        |
------------------------------------------
[train_arena] saved /Users/hanhdo/Documents/RMIT/Semester 11/Games and AI Techniques/assignments/A3/A3_TDuong/logs/arena_sweep/final/ppo_direct.zip in 28.5s
[train_arena] tensorboard --logdir /Users/hanhdo/Documents/RMIT/Semester 11/Games and AI Techniques/assignments/A3/A3_TDuong/logs/arena_sweep
