episode,return,steps,died,collected,epsilon
0,0.0,7,1,0,1.0
1,0.0,9,1,0,0.9998416666666666
2,0.0,23,1,0,0.9996833333333334
3,0.0,1,1,0,0.999525
4,0.0,9,1,0,0.9993666666666666
5,0.0,11,1,0,0.9992083333333334
6,0.0,58,1,0,0.99905
7,0.0,1,1,0,0.9988916666666666
8,0.0,8,1,0,0.9987333333333334
9,0.0,1,1,0,0.998575
10,0.0,13,1,0,0.9984166666666666
11,0.0,4,1,0,0.9982583333333334
12,0.0,16,1,0,0.9981
13,0.0,1,1,0,0.9979416666666666
14,0.0,3,1,0,0.9977833333333334
15,0.0,151,1,0,0.997625
16,0.0,1,1,0,0.9974666666666666
17,0.0,4,1,0,0.9973083333333334
18,0.0,27,1,0,0.99715
19,0.0,1,1,0,0.9969916666666667
20,0.0,19,1,0,0.9968333333333333
21,0.0,1,1,0,0.996675
22,0.0,15,1,0,0.9965166666666667
23,0.0,1,1,0,0.9963583333333333
24,0.0,9,1,0,0.9962
25,0.0,1,1,0,0.9960416666666667
26,0.0,44,1,0,0.9958833333333333
27,0.0,1,1,0,0.995725
28,0.0,300,0,0,0.9955666666666667
29,0.0,10,1,0,0.9954083333333333
30,0.0,1,1,0,0.99525
31,0.0,8,1,0,0.9950916666666667
32,0.0,155,1,0,0.9949333333333333
33,0.0,1,1,0,0.994775
34,0.0,1,1,0,0.9946166666666667
35,0.0,3,1,0,0.9944583333333333
36,0.0,8,1,0,0.9943
37,0.0,1,1,0,0.9941416666666667
38,0.0,1,1,0,0.9939833333333333
39,0.0,16,1,0,0.993825
40,0.0,20,1,0,0.9936666666666667
41,0.0,10,1,0,0.9935083333333333
42,0.0,5,1,0,0.99335
43,0.0,15,1,0,0.9931916666666667
44,0.0,4,1,0,0.9930333333333333
45,0.0,10,1,0,0.992875
46,0.0,3,1,0,0.9927166666666667
47,0.0,2,1,0,0.9925583333333333
48,0.0,4,1,0,0.9924
49,0.0,9,1,0,0.9922416666666667
50,0.0,7,1,0,0.9920833333333333
51,0.0,1,1,0,0.991925
52,0.0,11,1,0,0.9917666666666667
53,0.0,1,1,0,0.9916083333333333
54,0.0,1,1,0,0.99145
55,0.0,1,1,0,0.9912916666666667
56,0.0,16,1,0,0.9911333333333333
57,0.0,7,1,0,0.990975
58,0.0,11,1,0,0.9908166666666667
59,0.0,2,1,0,0.9906583333333333
60,0.0,17,1,0,0.9905
61,0.0,1,1,0,0.9903416666666667
62,0.0,1,1,0,0.9901833333333333
63,0.0,12,1,0,0.990025
64,0.0,1,1,0,0.9898666666666667
65,0.0,1,1,0,0.9897083333333333
66,0.0,1,1,0,0.98955
67,0.0,1,1,0,0.9893916666666667
68,0.0,1,1,0,0.9892333333333333
69,0.0,1,1,0,0.989075
70,0.0,12,1,0,0.9889166666666667
71,0.0,1,1,0,0.9887583333333333
72,0.0,3,1,0,0.9886
73,0.0,22,1,0,0.9884416666666667
74,0.0,15,1,0,0.9882833333333333
75,0.0,1,1,0,0.988125
76,0.0,7,1,0,0.9879666666666667
77,0.0,10,1,0,0.9878083333333333
78,0.0,2,1,0,0.98765
79,0.0,4,1,0,0.9874916666666667
80,0.0,1,1,0,0.9873333333333333
81,0.0,41,1,0,0.987175
82,0.0,1,1,0,0.9870166666666667
83,0.0,3,1,0,0.9868583333333333
84,0.0,9,1,0,0.9867
85,0.0,174,1,0,0.9865416666666667
86,0.0,3,1,0,0.9863833333333334
87,0.0,9,1,0,0.986225
88,0.0,17,1,0,0.9860666666666666
89,0.0,4,1,0,0.9859083333333334
90,0.0,11,1,0,0.98575
91,0.0,10,1,0,0.9855916666666666
92,0.0,7,1,0,0.9854333333333334
93,0.0,15,1,0,0.985275
94,0.0,1,1,0,0.9851166666666666
95,0.0,2,1,0,0.9849583333333334
96,0.0,11,1,0,0.9848
97,0.0,16,1,0,0.9846416666666666
98,0.0,22,1,0,0.9844833333333334
99,0.0,5,1,0,0.984325
100,0.0,3,1,0,0.9841666666666666
101,0.0,5,1,0,0.9840083333333334
102,0.0,6,1,0,0.98385
103,0.0,7,1,0,0.9836916666666666
104,0.0,48,1,0,0.9835333333333334
105,0.0,18,1,0,0.983375
106,0.0,30,1,0,0.9832166666666666
107,0.0,5,1,0,0.9830583333333334
108,0.0,20,1,0,0.9829
109,0.0,4,1,0,0.9827416666666666
110,0.0,8,1,0,0.9825833333333334
111,0.0,1,1,0,0.982425
112,0.0,1,1,0,0.9822666666666666
113,0.0,2,1,0,0.9821083333333334
114,0.0,1,1,0,0.98195
115,0.0,1,1,0,0.9817916666666666
116,0.0,32,1,0,0.9816333333333334
117,0.0,6,1,0,0.981475
118,0.0,5,1,0,0.9813166666666666
119,0.0,1,1,0,0.9811583333333334
120,0.0,8,1,0,0.981
121,0.0,13,1,0,0.9808416666666666
122,0.0,1,1,0,0.9806833333333334
123,0.0,1,1,0,0.980525
124,0.0,5,1,0,0.9803666666666667
125,0.0,1,1,0,0.9802083333333333
126,0.0,1,1,0,0.98005
127,0.0,1,1,0,0.9798916666666667
128,0.0,3,1,0,0.9797333333333333
129,0.0,51,1,0,0.979575
130,0.0,11,1,0,0.9794166666666667
131,0.0,32,1,0,0.9792583333333333
132,0.0,6,1,0,0.9791
133,0.0,1,1,0,0.9789416666666667
134,0.0,8,1,0,0.9787833333333333
135,0.0,20,1,0,0.978625
136,0.0,1,1,0,0.9784666666666667
137,0.0,2,1,0,0.9783083333333333
138,0.0,7,1,0,0.97815
139,0.0,8,1,0,0.9779916666666667
140,0.0,4,1,0,0.9778333333333333
141,0.0,33,1,0,0.977675
142,0.0,35,1,0,0.9775166666666667
143,0.0,1,1,0,0.9773583333333333
144,0.0,1,1,0,0.9772
145,0.0,1,1,0,0.9770416666666667
146,0.0,29,1,0,0.9768833333333333
147,0.0,3,1,0,0.976725
148,0.0,11,1,0,0.9765666666666667
149,0.0,7,1,0,0.9764083333333333
150,0.0,16,1,0,0.97625
151,0.0,1,1,0,0.9760916666666667
152,0.0,8,1,0,0.9759333333333333
153,0.0,8,1,0,0.9757750000000001
154,0.0,300,0,0,0.9756166666666667
155,0.0,1,1,0,0.9754583333333333
156,0.0,1,1,0,0.9753000000000001
157,0.0,3,1,0,0.9751416666666667
158,0.0,27,1,0,0.9749833333333333
159,0.0,55,1,0,0.974825
160,0.0,5,1,0,0.9746666666666667
161,0.0,1,1,0,0.9745083333333333
162,1.0,41,0,1,0.97435
163,0.0,1,1,0,0.9741916666666667
164,0.0,1,1,0,0.9740333333333333
165,0.0,2,1,0,0.973875
166,0.0,18,1,0,0.9737166666666667
167,0.0,7,1,0,0.9735583333333333
168,0.0,8,1,0,0.9734
169,0.0,11,1,0,0.9732416666666667
170,0.0,4,1,0,0.9730833333333333
171,0.0,99,1,0,0.972925
172,0.0,5,1,0,0.9727666666666667
173,0.0,31,1,0,0.9726083333333333
174,0.0,1,1,0,0.97245
175,0.0,73,1,0,0.9722916666666667
176,0.0,8,1,0,0.9721333333333333
177,0.0,10,1,0,0.971975
178,0.0,9,1,0,0.9718166666666667
179,0.0,8,1,0,0.9716583333333333
180,0.0,13,1,0,0.9715
181,0.0,13,1,0,0.9713416666666667
182,0.0,11,1,0,0.9711833333333333
183,0.0,6,1,0,0.971025
184,0.0,6,1,0,0.9708666666666667
185,0.0,1,1,0,0.9707083333333333
186,0.0,5,1,0,0.97055
187,0.0,3,1,0,0.9703916666666667
188,0.0,90,1,0,0.9702333333333333
189,0.0,1,1,0,0.970075
190,0.0,8,1,0,0.9699166666666666
191,0.0,4,1,0,0.9697583333333334
192,0.0,2,1,0,0.9696
193,0.0,1,1,0,0.9694416666666666
194,0.0,40,1,0,0.9692833333333334
195,0.0,4,1,0,0.969125
196,0.0,12,1,0,0.9689666666666666
197,0.0,8,1,0,0.9688083333333334
198,0.0,2,1,0,0.96865
199,0.0,5,1,0,0.9684916666666666
200,0.0,2,1,0,0.9683333333333334
201,0.0,9,1,0,0.968175
202,0.0,17,1,0,0.9680166666666666
203,0.0,16,1,0,0.9678583333333334
204,0.0,4,1,0,0.9677
205,0.0,1,1,0,0.9675416666666666
206,0.0,1,1,0,0.9673833333333334
207,0.0,1,1,0,0.967225
208,0.0,1,1,0,0.9670666666666666
209,0.0,4,1,0,0.9669083333333334
210,0.0,4,1,0,0.96675
211,0.0,1,1,0,0.9665916666666666
212,0.0,9,1,0,0.9664333333333334
213,0.0,5,1,0,0.966275
214,0.0,21,1,0,0.9661166666666666
215,0.0,5,1,0,0.9659583333333334
216,0.0,4,1,0,0.9658
217,0.0,5,1,0,0.9656416666666666
218,0.0,4,1,0,0.9654833333333334
219,0.0,1,1,0,0.965325
220,0.0,15,1,0,0.9651666666666666
221,0.0,91,1,0,0.9650083333333334
222,0.0,13,1,0,0.96485
223,1.0,45,0,1,0.9646916666666667
224,0.0,12,1,0,0.9645333333333334
225,0.0,5,1,0,0.964375
226,0.0,1,1,0,0.9642166666666667
227,0.0,59,1,0,0.9640583333333334
228,0.0,5,1,0,0.9639
229,0.0,6,1,0,0.9637416666666667
230,0.0,29,1,0,0.9635833333333333
231,0.0,1,1,0,0.963425
232,0.0,1,1,0,0.9632666666666667
233,0.0,1,1,0,0.9631083333333333
234,0.0,1,1,0,0.96295
235,0.0,1,1,0,0.9627916666666667
236,0.0,1,1,0,0.9626333333333333
237,0.0,1,1,0,0.962475
238,0.0,1,1,0,0.9623166666666667
239,0.0,3,1,0,0.9621583333333333
240,0.0,5,1,0,0.962
241,0.0,4,1,0,0.9618416666666667
242,0.0,1,1,0,0.9616833333333333
243,0.0,9,1,0,0.961525
244,0.0,1,1,0,0.9613666666666667
245,0.0,3,1,0,0.9612083333333333
246,0.0,11,1,0,0.96105
247,0.0,1,1,0,0.9608916666666667
248,0.0,5,1,0,0.9607333333333333
249,0.0,1,1,0,0.960575
250,0.0,22,1,0,0.9604166666666667
251,0.0,6,1,0,0.9602583333333333
252,0.0,14,1,0,0.9601
253,0.0,12,1,0,0.9599416666666667
254,0.0,1,1,0,0.9597833333333333
255,0.0,3,1,0,0.959625
256,0.0,39,1,0,0.9594666666666667
257,0.0,16,1,0,0.9593083333333333
258,0.0,7,1,0,0.95915
259,0.0,7,1,0,0.9589916666666667
260,0.0,17,1,0,0.9588333333333333
261,0.0,7,1,0,0.958675
262,0.0,8,1,0,0.9585166666666667
263,0.0,37,1,0,0.9583583333333333
264,0.0,90,1,0,0.9582
265,0.0,7,1,0,0.9580416666666667
266,0.0,31,1,0,0.9578833333333333
267,0.0,97,1,0,0.957725
268,0.0,7,1,0,0.9575666666666667
269,0.0,1,1,0,0.9574083333333333
270,0.0,10,1,0,0.95725
271,0.0,2,1,0,0.9570916666666667
272,0.0,49,1,0,0.9569333333333333
273,0.0,9,1,0,0.956775
274,0.0,9,1,0,0.9566166666666667
275,0.0,28,1,0,0.9564583333333333
276,0.0,1,1,0,0.9563
277,0.0,5,1,0,0.9561416666666667
278,0.0,5,1,0,0.9559833333333333
279,0.0,2,1,0,0.955825
280,0.0,116,1,0,0.9556666666666667
281,0.0,1,1,0,0.9555083333333333
282,0.0,88,1,0,0.95535
283,0.0,12,1,0,0.9551916666666667
284,0.0,7,1,0,0.9550333333333333
285,0.0,2,1,0,0.954875
286,0.0,1,1,0,0.9547166666666667
287,0.0,169,1,0,0.9545583333333333
288,0.0,6,1,0,0.9544
289,0.0,1,1,0,0.9542416666666667
290,0.0,4,1,0,0.9540833333333334
291,0.0,110,1,0,0.953925
292,0.0,62,1,0,0.9537666666666667
293,0.0,19,1,0,0.9536083333333334
294,0.0,10,1,0,0.95345
295,0.0,1,1,0,0.9532916666666666
296,0.0,13,1,0,0.9531333333333334
297,0.0,1,1,0,0.952975
298,0.0,2,1,0,0.9528166666666666
299,0.0,267,1,0,0.9526583333333334
300,0.0,12,1,0,0.9525
301,0.0,14,1,0,0.9523416666666666
302,0.0,1,1,0,0.9521833333333334
303,0.0,1,1,0,0.952025
304,0.0,1,1,0,0.9518666666666666
305,0.0,8,1,0,0.9517083333333334
306,0.0,22,1,0,0.95155
307,0.0,6,1,0,0.9513916666666666
308,0.0,152,1,0,0.9512333333333334
309,0.0,7,1,0,0.951075
310,0.0,1,1,0,0.9509166666666666
311,0.0,7,1,0,0.9507583333333334
312,0.0,10,1,0,0.9506
313,0.0,18,1,0,0.9504416666666666
314,0.0,2,1,0,0.9502833333333334
315,0.0,4,1,0,0.950125
316,0.0,13,1,0,0.9499666666666666
317,0.0,2,1,0,0.9498083333333334
318,0.0,15,1,0,0.94965
319,0.0,13,1,0,0.9494916666666666
320,0.0,23,1,0,0.9493333333333334
321,1.0,36,0,1,0.949175
322,0.0,8,1,0,0.9490166666666666
323,0.0,7,1,0,0.9488583333333334
324,0.0,16,1,0,0.9487
325,0.0,2,1,0,0.9485416666666666
326,0.0,17,1,0,0.9483833333333334
327,0.0,78,1,0,0.948225
328,0.0,7,1,0,0.9480666666666666
329,0.0,3,1,0,0.9479083333333334
330,0.0,8,1,0,0.94775
331,0.0,300,0,0,0.9475916666666666
332,0.0,3,1,0,0.9474333333333333
333,0.0,6,1,0,0.947275
334,0.0,2,1,0,0.9471166666666667
335,0.0,1,1,0,0.9469583333333333
336,0.0,2,1,0,0.9468
337,0.0,14,1,0,0.9466416666666667
338,0.0,8,1,0,0.9464833333333333
339,0.0,15,1,0,0.946325
340,0.0,1,1,0,0.9461666666666667
341,0.0,3,1,0,0.9460083333333333
342,0.0,1,1,0,0.94585
343,0.0,1,1,0,0.9456916666666667
344,0.0,4,1,0,0.9455333333333333
345,0.0,29,1,0,0.945375
346,0.0,1,1,0,0.9452166666666667
347,0.0,51,1,0,0.9450583333333333
348,0.0,5,1,0,0.9449
349,0.0,22,1,0,0.9447416666666667
350,0.0,1,1,0,0.9445833333333333
351,0.0,4,1,0,0.944425
352,0.0,2,1,0,0.9442666666666667
353,0.0,1,1,0,0.9441083333333333
354,0.0,3,1,0,0.94395
355,0.0,8,1,0,0.9437916666666667
356,0.0,4,1,0,0.9436333333333333
357,0.0,3,1,0,0.9434750000000001
358,0.0,5,1,0,0.9433166666666667
359,0.0,1,1,0,0.9431583333333333
360,0.0,68,1,0,0.9430000000000001
361,0.0,1,1,0,0.9428416666666667
362,0.0,1,1,0,0.9426833333333333
363,0.0,204,1,0,0.9425250000000001
364,0.0,9,1,0,0.9423666666666667
365,0.0,6,1,0,0.9422083333333333
366,0.0,112,1,0,0.94205
367,0.0,2,1,0,0.9418916666666667
368,0.0,13,1,0,0.9417333333333333
369,0.0,4,1,0,0.941575
370,0.0,1,1,0,0.9414166666666667
371,0.0,1,1,0,0.9412583333333333
372,0.0,6,1,0,0.9411
373,0.0,8,1,0,0.9409416666666667
374,0.0,100,1,0,0.9407833333333333
375,0.0,3,1,0,0.940625
376,0.0,26,1,0,0.9404666666666667
377,0.0,4,1,0,0.9403083333333333
378,0.0,4,1,0,0.94015
379,0.0,1,1,0,0.9399916666666667
380,0.0,1,1,0,0.9398333333333333
381,0.0,3,1,0,0.939675
382,0.0,10,1,0,0.9395166666666667
383,0.0,4,1,0,0.9393583333333333
384,0.0,8,1,0,0.9392
385,0.0,8,1,0,0.9390416666666667
386,0.0,35,1,0,0.9388833333333333
387,0.0,2,1,0,0.938725
388,0.0,5,1,0,0.9385666666666667
389,0.0,1,1,0,0.9384083333333333
390,0.0,6,1,0,0.93825
391,0.0,1,1,0,0.9380916666666667
392,0.0,10,1,0,0.9379333333333333
393,0.0,1,1,0,0.937775
394,0.0,1,1,0,0.9376166666666667
395,0.0,5,1,0,0.9374583333333333
396,0.0,4,1,0,0.9373
397,0.0,8,1,0,0.9371416666666667
398,0.0,36,1,0,0.9369833333333334
399,0.0,6,1,0,0.936825
400,0.0,20,1,0,0.9366666666666666
401,0.0,4,1,0,0.9365083333333334
402,0.0,5,1,0,0.93635
403,0.0,15,1,0,0.9361916666666666
404,0.0,3,1,0,0.9360333333333334
405,0.0,7,1,0,0.935875
406,0.0,1,1,0,0.9357166666666666
407,0.0,1,1,0,0.9355583333333334
408,0.0,30,1,0,0.9354
409,0.0,126,1,0,0.9352416666666666
410,0.0,12,1,0,0.9350833333333334
411,0.0,1,1,0,0.934925
412,0.0,17,1,0,0.9347666666666666
413,0.0,16,1,0,0.9346083333333334
414,0.0,9,1,0,0.93445
415,0.0,1,1,0,0.9342916666666666
416,0.0,1,1,0,0.9341333333333334
417,0.0,51,1,0,0.933975
418,0.0,5,1,0,0.9338166666666666
419,0.0,1,1,0,0.9336583333333334
420,0.0,14,1,0,0.9335
421,0.0,9,1,0,0.9333416666666666
422,0.0,5,1,0,0.9331833333333334
423,0.0,215,1,0,0.933025
424,0.0,1,1,0,0.9328666666666666
425,0.0,4,1,0,0.9327083333333334
426,0.0,5,1,0,0.93255
427,0.0,15,1,0,0.9323916666666666
428,0.0,1,1,0,0.9322333333333334
429,0.0,1,1,0,0.932075
430,0.0,5,1,0,0.9319166666666667
431,0.0,3,1,0,0.9317583333333334
432,0.0,13,1,0,0.9316
433,0.0,3,1,0,0.9314416666666667
434,0.0,54,1,0,0.9312833333333334
435,0.0,14,1,0,0.931125
436,0.0,2,1,0,0.9309666666666667
437,0.0,300,0,0,0.9308083333333333
438,0.0,5,1,0,0.93065
439,0.0,2,1,0,0.9304916666666667
440,0.0,7,1,0,0.9303333333333333
441,0.0,1,1,0,0.930175
442,0.0,15,1,0,0.9300166666666667
443,0.0,3,1,0,0.9298583333333333
444,0.0,1,1,0,0.9297
445,0.0,5,1,0,0.9295416666666667
446,0.0,2,1,0,0.9293833333333333
447,0.0,1,1,0,0.929225
448,0.0,162,1,0,0.9290666666666667
449,0.0,1,1,0,0.9289083333333333
450,0.0,15,1,0,0.92875
451,0.0,48,1,0,0.9285916666666667
452,0.0,124,1,0,0.9284333333333333
453,0.0,105,1,0,0.928275
454,0.0,8,1,0,0.9281166666666667
455,0.0,19,1,0,0.9279583333333333
456,0.0,23,1,0,0.9278
457,0.0,5,1,0,0.9276416666666667
458,0.0,1,1,0,0.9274833333333333
459,0.0,1,1,0,0.927325
460,0.0,1,1,0,0.9271666666666667
461,0.0,7,1,0,0.9270083333333333
462,0.0,1,1,0,0.92685
463,0.0,8,1,0,0.9266916666666667
464,0.0,1,1,0,0.9265333333333333
465,0.0,74,1,0,0.926375
466,0.0,9,1,0,0.9262166666666667
467,0.0,5,1,0,0.9260583333333333
468,0.0,9,1,0,0.9259
469,0.0,10,1,0,0.9257416666666667
470,0.0,242,1,0,0.9255833333333333
471,0.0,6,1,0,0.9254249999999999
472,0.0,1,1,0,0.9252666666666667
473,0.0,27,1,0,0.9251083333333333
474,0.0,1,1,0,0.92495
475,0.0,1,1,0,0.9247916666666667
476,0.0,92,1,0,0.9246333333333333
477,0.0,1,1,0,0.924475
478,0.0,12,1,0,0.9243166666666667
479,0.0,8,1,0,0.9241583333333333
480,0.0,10,1,0,0.924
481,0.0,1,1,0,0.9238416666666667
482,0.0,1,1,0,0.9236833333333333
483,0.0,9,1,0,0.923525
484,0.0,12,1,0,0.9233666666666667
485,0.0,6,1,0,0.9232083333333333
486,0.0,6,1,0,0.92305
487,0.0,1,1,0,0.9228916666666667
488,0.0,12,1,0,0.9227333333333334
489,0.0,12,1,0,0.922575
490,0.0,5,1,0,0.9224166666666667
491,0.0,8,1,0,0.9222583333333334
492,0.0,6,1,0,0.9221
493,0.0,4,1,0,0.9219416666666667
494,0.0,17,1,0,0.9217833333333334
495,0.0,3,1,0,0.921625
496,0.0,5,1,0,0.9214666666666667
497,0.0,25,1,0,0.9213083333333334
498,0.0,1,1,0,0.92115
499,0.0,6,1,0,0.9209916666666667
500,0.0,1,1,0,0.9208333333333334
501,0.0,2,1,0,0.920675
502,0.0,1,1,0,0.9205166666666666
503,0.0,1,1,0,0.9203583333333334
504,0.0,9,1,0,0.9202
505,0.0,5,1,0,0.9200416666666666
506,0.0,24,1,0,0.9198833333333334
507,0.0,12,1,0,0.919725
508,0.0,15,1,0,0.9195666666666666
509,0.0,3,1,0,0.9194083333333334
510,0.0,1,1,0,0.91925
511,0.0,4,1,0,0.9190916666666666
512,0.0,1,1,0,0.9189333333333334
513,0.0,1,1,0,0.918775
514,0.0,9,1,0,0.9186166666666666
515,0.0,32,1,0,0.9184583333333334
516,0.0,12,1,0,0.9183
517,0.0,2,1,0,0.9181416666666666
518,0.0,7,1,0,0.9179833333333334
519,0.0,1,1,0,0.917825
520,0.0,3,1,0,0.9176666666666666
521,0.0,1,1,0,0.9175083333333334
522,0.0,12,1,0,0.91735
523,0.0,1,1,0,0.9171916666666666
524,0.0,9,1,0,0.9170333333333334
525,0.0,9,1,0,0.916875
526,0.0,7,1,0,0.9167166666666666
527,0.0,23,1,0,0.9165583333333334
528,0.0,154,1,0,0.9164
529,0.0,17,1,0,0.9162416666666666
530,0.0,1,1,0,0.9160833333333334
531,0.0,7,1,0,0.915925
532,0.0,5,1,0,0.9157666666666666
533,0.0,1,1,0,0.9156083333333334
534,0.0,1,1,0,0.91545
535,0.0,20,1,0,0.9152916666666666
536,1.0,101,0,1,0.9151333333333334
537,0.0,6,1,0,0.914975
538,0.0,1,1,0,0.9148166666666666
539,0.0,8,1,0,0.9146583333333334
540,0.0,5,1,0,0.9145
541,0.0,1,1,0,0.9143416666666666
542,0.0,2,1,0,0.9141833333333333
543,0.0,2,1,0,0.914025
544,0.0,13,1,0,0.9138666666666666
545,0.0,11,1,0,0.9137083333333333
546,0.0,29,1,0,0.91355
547,0.0,3,1,0,0.9133916666666667
548,0.0,27,1,0,0.9132333333333333
549,0.0,11,1,0,0.913075
550,0.0,4,1,0,0.9129166666666667
551,0.0,1,1,0,0.9127583333333333
552,0.0,1,1,0,0.9126
553,0.0,77,1,0,0.9124416666666667
554,1.0,125,0,1,0.9122833333333333
555,0.0,10,1,0,0.912125
556,0.0,4,1,0,0.9119666666666667
557,0.0,1,1,0,0.9118083333333333
558,0.0,10,1,0,0.91165
559,0.0,25,1,0,0.9114916666666667
560,0.0,1,1,0,0.9113333333333333
561,0.0,114,1,0,0.911175
562,0.0,7,1,0,0.9110166666666667
563,0.0,4,1,0,0.9108583333333333
564,0.0,9,1,0,0.9107000000000001
565,0.0,25,1,0,0.9105416666666667
566,0.0,1,1,0,0.9103833333333333
567,0.0,1,1,0,0.9102250000000001
568,0.0,18,1,0,0.9100666666666667
569,0.0,6,1,0,0.9099083333333333
570,0.0,5,1,0,0.9097500000000001
571,0.0,5,1,0,0.9095916666666667
572,0.0,1,1,0,0.9094333333333333
573,0.0,190,1,0,0.909275
574,0.0,20,1,0,0.9091166666666667
575,0.0,1,1,0,0.9089583333333333
576,0.0,1,1,0,0.9088
577,0.0,1,1,0,0.9086416666666667
578,0.0,1,1,0,0.9084833333333333
579,0.0,98,1,0,0.908325
580,0.0,5,1,0,0.9081666666666667
581,0.0,27,1,0,0.9080083333333333
582,0.0,7,1,0,0.90785
583,0.0,1,1,0,0.9076916666666667
584,0.0,6,1,0,0.9075333333333333
585,0.0,13,1,0,0.907375
586,0.0,32,1,0,0.9072166666666667
587,0.0,2,1,0,0.9070583333333333
588,0.0,12,1,0,0.9069
589,0.0,1,1,0,0.9067416666666667
590,0.0,3,1,0,0.9065833333333333
591,0.0,4,1,0,0.906425
592,0.0,3,1,0,0.9062666666666667
593,0.0,33,1,0,0.9061083333333333
594,0.0,1,1,0,0.90595
595,0.0,1,1,0,0.9057916666666667
596,0.0,1,1,0,0.9056333333333333
597,0.0,37,1,0,0.905475
598,1.0,51,0,1,0.9053166666666667
599,0.0,4,1,0,0.9051583333333333
600,0.0,57,1,0,0.905
601,0.0,2,1,0,0.9048416666666667
602,0.0,17,1,0,0.9046833333333333
603,0.0,1,1,0,0.904525
604,0.0,13,1,0,0.9043666666666667
605,0.0,10,1,0,0.9042083333333333
606,0.0,19,1,0,0.90405
607,0.0,1,1,0,0.9038916666666666
608,0.0,10,1,0,0.9037333333333334
609,0.0,11,1,0,0.903575
610,0.0,10,1,0,0.9034166666666666
611,0.0,20,1,0,0.9032583333333334
612,0.0,49,1,0,0.9031
613,0.0,200,1,0,0.9029416666666666
614,0.0,17,1,0,0.9027833333333334
615,0.0,11,1,0,0.902625
616,0.0,12,1,0,0.9024666666666666
617,0.0,8,1,0,0.9023083333333334
618,0.0,17,1,0,0.90215
619,0.0,8,1,0,0.9019916666666666
620,0.0,8,1,0,0.9018333333333334
621,0.0,1,1,0,0.901675
622,0.0,6,1,0,0.9015166666666666
623,0.0,6,1,0,0.9013583333333334
624,0.0,1,1,0,0.9012
625,0.0,1,1,0,0.9010416666666666
626,0.0,8,1,0,0.9008833333333334
627,0.0,1,1,0,0.900725
628,0.0,300,0,0,0.9005666666666666
629,0.0,6,1,0,0.9004083333333334
630,0.0,5,1,0,0.90025
631,0.0,6,1,0,0.9000916666666666
632,0.0,2,1,0,0.8999333333333334
633,0.0,1,1,0,0.899775
634,0.0,1,1,0,0.8996166666666666
635,0.0,1,1,0,0.8994583333333334
636,0.0,9,1,0,0.8993
637,0.0,13,1,0,0.8991416666666666
638,0.0,2,1,0,0.8989833333333334
639,0.0,1,1,0,0.898825
640,0.0,8,1,0,0.8986666666666667
641,0.0,33,1,0,0.8985083333333334
642,0.0,1,1,0,0.89835
643,1.0,147,0,1,0.8981916666666667
644,0.0,1,1,0,0.8980333333333334
645,0.0,6,1,0,0.897875
646,0.0,6,1,0,0.8977166666666667
647,0.0,3,1,0,0.8975583333333333
648,0.0,4,1,0,0.8974
649,0.0,1,1,0,0.8972416666666667
650,0.0,4,1,0,0.8970833333333333
651,0.0,5,1,0,0.896925
652,0.0,1,1,0,0.8967666666666667
653,0.0,8,1,0,0.8966083333333333
654,0.0,1,1,0,0.89645
655,0.0,2,1,0,0.8962916666666667
656,0.0,5,1,0,0.8961333333333333
657,0.0,13,1,0,0.895975
658,0.0,2,1,0,0.8958166666666667
659,0.0,115,1,0,0.8956583333333333
660,0.0,30,1,0,0.8955
661,0.0,10,1,0,0.8953416666666667
662,0.0,5,1,0,0.8951833333333333
663,0.0,11,1,0,0.895025
664,0.0,17,1,0,0.8948666666666667
665,0.0,1,1,0,0.8947083333333333
666,0.0,1,1,0,0.89455
667,0.0,3,1,0,0.8943916666666667
668,0.0,9,1,0,0.8942333333333333
669,0.0,3,1,0,0.894075
670,0.0,7,1,0,0.8939166666666667
671,0.0,9,1,0,0.8937583333333333
672,0.0,3,1,0,0.8936
673,0.0,5,1,0,0.8934416666666667
674,0.0,10,1,0,0.8932833333333333
675,0.0,31,1,0,0.893125
676,0.0,3,1,0,0.8929666666666667
677,0.0,1,1,0,0.8928083333333333
678,0.0,1,1,0,0.8926499999999999
679,0.0,145,1,0,0.8924916666666667
680,0.0,1,1,0,0.8923333333333333
681,0.0,16,1,0,0.8921749999999999
682,0.0,5,1,0,0.8920166666666667
683,0.0,6,1,0,0.8918583333333333
684,0.0,14,1,0,0.8917
685,0.0,80,1,0,0.8915416666666667
686,0.0,1,1,0,0.8913833333333333
687,0.0,3,1,0,0.891225
688,0.0,1,1,0,0.8910666666666667
689,0.0,6,1,0,0.8909083333333333
690,0.0,12,1,0,0.89075
691,0.0,1,1,0,0.8905916666666667
692,0.0,3,1,0,0.8904333333333333
693,0.0,3,1,0,0.890275
694,0.0,1,1,0,0.8901166666666667
695,0.0,10,1,0,0.8899583333333333
696,0.0,3,1,0,0.8898
697,0.0,13,1,0,0.8896416666666667
698,0.0,6,1,0,0.8894833333333334
699,0.0,1,1,0,0.889325
700,0.0,8,1,0,0.8891666666666667
701,0.0,1,1,0,0.8890083333333334
702,0.0,300,0,0,0.88885
703,0.0,3,1,0,0.8886916666666667
704,0.0,20,1,0,0.8885333333333334
705,0.0,10,1,0,0.888375
706,0.0,22,1,0,0.8882166666666667
707,0.0,5,1,0,0.8880583333333334
708,0.0,9,1,0,0.8879
709,0.0,3,1,0,0.8877416666666667
710,0.0,8,1,0,0.8875833333333334
711,0.0,1,1,0,0.887425
712,0.0,1,1,0,0.8872666666666666
713,0.0,1,1,0,0.8871083333333334
714,0.0,5,1,0,0.88695
715,0.0,7,1,0,0.8867916666666666
716,0.0,4,1,0,0.8866333333333334
717,0.0,2,1,0,0.886475
718,0.0,5,1,0,0.8863166666666666
719,0.0,1,1,0,0.8861583333333334
720,0.0,7,1,0,0.886
721,0.0,1,1,0,0.8858416666666666
722,0.0,1,1,0,0.8856833333333334
723,0.0,20,1,0,0.885525
724,0.0,5,1,0,0.8853666666666666
725,1.0,135,0,1,0.8852083333333334
726,0.0,11,1,0,0.88505
727,0.0,1,1,0,0.8848916666666666
728,0.0,5,1,0,0.8847333333333334
729,0.0,22,1,0,0.884575
730,0.0,5,1,0,0.8844166666666666
731,0.0,8,1,0,0.8842583333333334
732,0.0,202,1,0,0.8841
733,0.0,1,1,0,0.8839416666666666
734,0.0,119,1,0,0.8837833333333334
735,0.0,11,1,0,0.883625
736,0.0,2,1,0,0.8834666666666666
737,0.0,1,1,0,0.8833083333333334
738,0.0,14,1,0,0.88315
739,0.0,37,1,0,0.8829916666666666
740,0.0,36,1,0,0.8828333333333334
741,0.0,2,1,0,0.882675
742,0.0,1,1,0,0.8825166666666666
743,0.0,5,1,0,0.8823583333333334
744,0.0,9,1,0,0.8822
745,0.0,1,1,0,0.8820416666666667
746,0.0,10,1,0,0.8818833333333334
747,0.0,1,1,0,0.881725
748,0.0,2,1,0,0.8815666666666667
749,0.0,1,1,0,0.8814083333333333
750,0.0,1,1,0,0.88125
751,0.0,2,1,0,0.8810916666666666
752,0.0,194,1,0,0.8809333333333333
753,0.0,5,1,0,0.880775
754,0.0,133,1,0,0.8806166666666666
755,0.0,5,1,0,0.8804583333333333
756,0.0,13,1,0,0.8803
757,0.0,1,1,0,0.8801416666666667
758,0.0,26,1,0,0.8799833333333333
759,0.0,6,1,0,0.879825
760,0.0,4,1,0,0.8796666666666667
761,0.0,14,1,0,0.8795083333333333
762,0.0,1,1,0,0.87935
763,0.0,3,1,0,0.8791916666666667
764,0.0,3,1,0,0.8790333333333333
765,0.0,18,1,0,0.878875
766,0.0,29,1,0,0.8787166666666667
767,0.0,35,1,0,0.8785583333333333
768,0.0,2,1,0,0.8784
769,0.0,2,1,0,0.8782416666666667
770,0.0,78,1,0,0.8780833333333333
771,0.0,6,1,0,0.877925
772,0.0,3,1,0,0.8777666666666667
773,0.0,9,1,0,0.8776083333333333
774,0.0,43,1,0,0.8774500000000001
775,0.0,1,1,0,0.8772916666666667
776,0.0,1,1,0,0.8771333333333333
777,0.0,1,1,0,0.8769750000000001
778,0.0,9,1,0,0.8768166666666667
779,0.0,1,1,0,0.8766583333333333
780,0.0,6,1,0,0.8765000000000001
781,0.0,4,1,0,0.8763416666666667
782,0.0,1,1,0,0.8761833333333333
783,0.0,98,1,0,0.876025
784,0.0,5,1,0,0.8758666666666667
785,0.0,5,1,0,0.8757083333333333
786,0.0,13,1,0,0.87555
787,0.0,22,1,0,0.8753916666666667
788,0.0,4,1,0,0.8752333333333333
789,0.0,3,1,0,0.875075
790,0.0,14,1,0,0.8749166666666667
791,0.0,6,1,0,0.8747583333333333
792,0.0,23,1,0,0.8746
793,0.0,63,1,0,0.8744416666666667
794,0.0,14,1,0,0.8742833333333333
795,0.0,2,1,0,0.874125
796,0.0,1,1,0,0.8739666666666667
797,0.0,8,1,0,0.8738083333333333
798,0.0,1,1,0,0.87365
799,0.0,1,1,0,0.8734916666666667
800,0.0,17,1,0,0.8733333333333333
801,0.0,5,1,0,0.873175
802,0.0,2,1,0,0.8730166666666667
803,0.0,5,1,0,0.8728583333333333
804,0.0,8,1,0,0.8727
805,0.0,1,1,0,0.8725416666666667
806,0.0,2,1,0,0.8723833333333333
807,0.0,8,1,0,0.872225
808,0.0,1,1,0,0.8720666666666667
809,0.0,2,1,0,0.8719083333333333
810,0.0,8,1,0,0.87175
811,0.0,18,1,0,0.8715916666666667
812,0.0,1,1,0,0.8714333333333333
813,0.0,1,1,0,0.871275
814,0.0,1,1,0,0.8711166666666667
815,0.0,2,1,0,0.8709583333333333
816,0.0,6,1,0,0.8708
817,0.0,2,1,0,0.8706416666666666
818,0.0,1,1,0,0.8704833333333333
819,0.0,12,1,0,0.870325
820,0.0,3,1,0,0.8701666666666666
821,0.0,1,1,0,0.8700083333333333
822,0.0,1,1,0,0.86985
823,0.0,3,1,0,0.8696916666666666
824,0.0,4,1,0,0.8695333333333333
825,0.0,8,1,0,0.869375
826,0.0,9,1,0,0.8692166666666667
827,0.0,2,1,0,0.8690583333333334
828,0.0,5,1,0,0.8689
829,0.0,5,1,0,0.8687416666666667
830,0.0,9,1,0,0.8685833333333334
831,0.0,8,1,0,0.868425
832,0.0,14,1,0,0.8682666666666667
833,0.0,1,1,0,0.8681083333333334
834,1.0,222,0,1,0.86795
835,0.0,16,1,0,0.8677916666666667
836,0.0,1,1,0,0.8676333333333334
837,1.0,151,0,1,0.867475
838,0.0,1,1,0,0.8673166666666667
839,0.0,1,1,0,0.8671583333333334
840,0.0,10,1,0,0.867
841,0.0,15,1,0,0.8668416666666667
842,0.0,1,1,0,0.8666833333333334
843,0.0,1,1,0,0.866525
844,0.0,10,1,0,0.8663666666666667
845,1.0,233,0,1,0.8662083333333334
846,0.0,1,1,0,0.86605
847,0.0,9,1,0,0.8658916666666667
848,0.0,11,1,0,0.8657333333333334
849,0.0,1,1,0,0.865575
850,0.0,1,1,0,0.8654166666666667
851,0.0,1,1,0,0.8652583333333334
852,1.0,114,0,1,0.8651
853,1.0,42,0,1,0.8649416666666667
854,0.0,2,1,0,0.8647833333333333
855,0.0,1,1,0,0.864625
856,0.0,1,1,0,0.8644666666666667
857,0.0,1,1,0,0.8643083333333333
858,0.0,16,1,0,0.86415
859,0.0,8,1,0,0.8639916666666667
860,0.0,9,1,0,0.8638333333333333
861,0.0,10,1,0,0.863675
862,0.0,4,1,0,0.8635166666666667
863,0.0,4,1,0,0.8633583333333333
864,0.0,1,1,0,0.8632
865,0.0,2,1,0,0.8630416666666667
866,0.0,62,1,0,0.8628833333333333
867,0.0,8,1,0,0.862725
868,0.0,1,1,0,0.8625666666666667
869,0.0,5,1,0,0.8624083333333333
870,0.0,3,1,0,0.86225
871,0.0,8,1,0,0.8620916666666667
872,1.0,139,0,1,0.8619333333333333
873,0.0,1,1,0,0.861775
874,0.0,1,1,0,0.8616166666666667
875,0.0,5,1,0,0.8614583333333333
876,0.0,11,1,0,0.8613
877,0.0,5,1,0,0.8611416666666667
878,0.0,1,1,0,0.8609833333333333
879,0.0,1,1,0,0.860825
880,0.0,6,1,0,0.8606666666666667
881,0.0,2,1,0,0.8605083333333333
882,0.0,1,1,0,0.86035
883,0.0,1,1,0,0.8601916666666667
884,0.0,1,1,0,0.8600333333333333
885,0.0,8,1,0,0.859875
886,0.0,2,1,0,0.8597166666666667
887,0.0,1,1,0,0.8595583333333333
888,0.0,1,1,0,0.8594
889,0.0,6,1,0,0.8592416666666667
890,0.0,245,1,0,0.8590833333333333
891,0.0,3,1,0,0.858925
892,0.0,3,1,0,0.8587666666666667
893,0.0,9,1,0,0.8586083333333333
894,0.0,4,1,0,0.85845
895,0.0,1,1,0,0.8582916666666667
896,0.0,4,1,0,0.8581333333333333
897,0.0,1,1,0,0.857975
898,0.0,5,1,0,0.8578166666666667
899,0.0,2,1,0,0.8576583333333333
900,0.0,5,1,0,0.8575
901,0.0,10,1,0,0.8573416666666667
902,0.0,4,1,0,0.8571833333333333
903,0.0,1,1,0,0.857025
904,0.0,1,1,0,0.8568666666666667
905,1.0,46,0,1,0.8567083333333333
906,0.0,208,1,0,0.85655
907,0.0,1,1,0,0.8563916666666667
908,0.0,247,1,0,0.8562333333333334
909,0.0,3,1,0,0.856075
910,0.0,4,1,0,0.8559166666666667
911,0.0,1,1,0,0.8557583333333334
912,0.0,1,1,0,0.8556
913,0.0,1,1,0,0.8554416666666667
914,0.0,14,1,0,0.8552833333333334
915,0.0,13,1,0,0.855125
916,0.0,7,1,0,0.8549666666666667
917,0.0,4,1,0,0.8548083333333334
918,0.0,2,1,0,0.85465
919,0.0,1,1,0,0.8544916666666666
920,0.0,1,1,0,0.8543333333333334
921,0.0,1,1,0,0.854175
922,0.0,9,1,0,0.8540166666666666
923,0.0,1,1,0,0.8538583333333334
924,0.0,7,1,0,0.8537
925,0.0,1,1,0,0.8535416666666666
926,0.0,1,1,0,0.8533833333333334
927,0.0,1,1,0,0.853225
928,0.0,1,1,0,0.8530666666666666
929,0.0,34,1,0,0.8529083333333334
930,0.0,1,1,0,0.85275
931,0.0,106,1,0,0.8525916666666666
932,0.0,1,1,0,0.8524333333333334
933,0.0,6,1,0,0.852275
934,0.0,13,1,0,0.8521166666666666
935,0.0,12,1,0,0.8519583333333334
936,0.0,18,1,0,0.8518
937,0.0,24,1,0,0.8516416666666666
938,0.0,3,1,0,0.8514833333333334
939,0.0,5,1,0,0.851325
940,0.0,9,1,0,0.8511666666666666
941,0.0,5,1,0,0.8510083333333334
942,0.0,1,1,0,0.85085
943,0.0,1,1,0,0.8506916666666666
944,0.0,4,1,0,0.8505333333333334
945,0.0,1,1,0,0.850375
946,0.0,5,1,0,0.8502166666666666
947,0.0,4,1,0,0.8500583333333334
948,0.0,3,1,0,0.8499
949,0.0,15,1,0,0.8497416666666666
950,0.0,2,1,0,0.8495833333333334
951,0.0,5,1,0,0.849425
952,0.0,63,1,0,0.8492666666666666
953,0.0,1,1,0,0.8491083333333334
954,0.0,26,1,0,0.84895
955,1.0,188,0,1,0.8487916666666666
956,0.0,25,1,0,0.8486333333333334
957,0.0,1,1,0,0.848475
958,0.0,6,1,0,0.8483166666666666
959,0.0,15,1,0,0.8481583333333333
960,0.0,1,1,0,0.848
961,1.0,69,0,1,0.8478416666666666
962,0.0,1,1,0,0.8476833333333333
963,0.0,4,1,0,0.847525
964,0.0,11,1,0,0.8473666666666666
965,1.0,137,0,1,0.8472083333333333
966,0.0,10,1,0,0.84705
967,1.0,118,0,1,0.8468916666666666
968,1.0,172,0,1,0.8467333333333333
969,0.0,7,1,0,0.846575
970,0.0,68,1,0,0.8464166666666667
971,0.0,18,1,0,0.8462583333333333
972,0.0,8,1,0,0.8461
973,0.0,20,1,0,0.8459416666666667
974,0.0,5,1,0,0.8457833333333333
975,0.0,17,1,0,0.8456250000000001
976,0.0,3,1,0,0.8454666666666667
977,0.0,3,1,0,0.8453083333333333
978,0.0,1,1,0,0.8451500000000001
979,0.0,1,1,0,0.8449916666666667
980,0.0,2,1,0,0.8448333333333333
981,0.0,1,1,0,0.8446750000000001
982,0.0,7,1,0,0.8445166666666667
983,0.0,4,1,0,0.8443583333333333
984,0.0,26,1,0,0.8442000000000001
985,1.0,46,0,1,0.8440416666666667
986,0.0,9,1,0,0.8438833333333333
987,1.0,39,0,1,0.8437250000000001
988,0.0,10,1,0,0.8435666666666667
989,0.0,3,1,0,0.8434083333333333
990,0.0,3,1,0,0.84325
991,0.0,14,1,0,0.8430916666666667
992,0.0,109,1,0,0.8429333333333333
993,0.0,7,1,0,0.842775
994,0.0,34,1,0,0.8426166666666667
995,0.0,8,1,0,0.8424583333333333
996,0.0,1,1,0,0.8423
997,0.0,5,1,0,0.8421416666666667
998,0.0,40,1,0,0.8419833333333333
999,0.0,1,1,0,0.841825
1000,0.0,5,1,0,0.8416666666666667
1001,0.0,3,1,0,0.8415083333333333
1002,0.0,16,1,0,0.84135
1003,0.0,28,1,0,0.8411916666666667
1004,0.0,6,1,0,0.8410333333333333
1005,0.0,12,1,0,0.840875
1006,0.0,11,1,0,0.8407166666666667
1007,0.0,14,1,0,0.8405583333333333
1008,0.0,7,1,0,0.8404
1009,1.0,53,0,1,0.8402416666666667
1010,0.0,11,1,0,0.8400833333333333
1011,0.0,8,1,0,0.839925
1012,0.0,4,1,0,0.8397666666666667
1013,0.0,1,1,0,0.8396083333333333
1014,0.0,6,1,0,0.83945
1015,0.0,19,1,0,0.8392916666666667
1016,0.0,5,1,0,0.8391333333333333
1017,0.0,1,1,0,0.838975
1018,0.0,1,1,0,0.8388166666666667
1019,0.0,1,1,0,0.8386583333333333
1020,0.0,32,1,0,0.8385
1021,1.0,40,0,1,0.8383416666666667
1022,0.0,126,1,0,0.8381833333333333
1023,0.0,36,1,0,0.838025
1024,0.0,1,1,0,0.8378666666666666
1025,0.0,1,1,0,0.8377083333333333
1026,0.0,1,1,0,0.83755
1027,0.0,14,1,0,0.8373916666666666
1028,0.0,115,1,0,0.8372333333333333
1029,1.0,78,0,1,0.837075
1030,0.0,2,1,0,0.8369166666666666
1031,0.0,5,1,0,0.8367583333333333
1032,0.0,15,1,0,0.8366
1033,0.0,1,1,0,0.8364416666666666
1034,1.0,30,0,1,0.8362833333333333
1035,1.0,43,0,1,0.836125
1036,1.0,80,0,1,0.8359666666666667
1037,0.0,12,1,0,0.8358083333333334
1038,0.0,6,1,0,0.83565
1039,0.0,2,1,0,0.8354916666666667
1040,0.0,19,1,0,0.8353333333333334
1041,0.0,2,1,0,0.835175
1042,0.0,31,1,0,0.8350166666666667
1043,0.0,101,1,0,0.8348583333333334
1044,0.0,20,1,0,0.8347
1045,0.0,4,1,0,0.8345416666666667
1046,0.0,3,1,0,0.8343833333333334
1047,0.0,10,1,0,0.834225
1048,0.0,1,1,0,0.8340666666666667
1049,0.0,8,1,0,0.8339083333333334
1050,0.0,13,1,0,0.83375
1051,0.0,3,1,0,0.8335916666666667
1052,0.0,4,1,0,0.8334333333333334
1053,0.0,12,1,0,0.833275
1054,0.0,8,1,0,0.8331166666666667
1055,1.0,183,0,1,0.8329583333333334
1056,1.0,37,0,1,0.8328
1057,0.0,1,1,0,0.8326416666666667
1058,1.0,56,0,1,0.8324833333333334
1059,0.0,12,1,0,0.832325
1060,0.0,17,1,0,0.8321666666666667
1061,0.0,1,1,0,0.8320083333333333
1062,0.0,1,1,0,0.83185
1063,0.0,1,1,0,0.8316916666666667
1064,0.0,24,1,0,0.8315333333333333
1065,0.0,15,1,0,0.831375
1066,1.0,73,0,1,0.8312166666666667
1067,0.0,4,1,0,0.8310583333333333
1068,0.0,30,1,0,0.8309
1069,0.0,2,1,0,0.8307416666666667
1070,0.0,2,1,0,0.8305833333333333
1071,0.0,1,1,0,0.830425
1072,0.0,1,1,0,0.8302666666666667
1073,0.0,8,1,0,0.8301083333333333
1074,0.0,52,1,0,0.82995
1075,0.0,11,1,0,0.8297916666666667
1076,0.0,1,1,0,0.8296333333333333
1077,0.0,45,1,0,0.829475
1078,0.0,1,1,0,0.8293166666666667
1079,1.0,56,0,1,0.8291583333333333
1080,0.0,18,1,0,0.829
1081,0.0,2,1,0,0.8288416666666667
1082,0.0,3,1,0,0.8286833333333333
1083,0.0,6,1,0,0.828525
1084,0.0,24,1,0,0.8283666666666667
1085,0.0,28,1,0,0.8282083333333333
1086,0.0,6,1,0,0.82805
1087,0.0,4,1,0,0.8278916666666667
1088,0.0,1,1,0,0.8277333333333333
1089,0.0,11,1,0,0.827575
1090,0.0,4,1,0,0.8274166666666667
1091,0.0,31,1,0,0.8272583333333333
1092,1.0,56,0,1,0.8271
1093,0.0,12,1,0,0.8269416666666667
1094,1.0,47,0,1,0.8267833333333333
1095,0.0,1,1,0,0.8266249999999999
1096,0.0,1,1,0,0.8264666666666667
1097,0.0,2,1,0,0.8263083333333334
1098,0.0,1,1,0,0.82615
1099,0.0,3,1,0,0.8259916666666667
1100,0.0,4,1,0,0.8258333333333334
1101,0.0,12,1,0,0.825675
1102,0.0,5,1,0,0.8255166666666667
1103,0.0,2,1,0,0.8253583333333334
1104,0.0,2,1,0,0.8252
1105,0.0,74,1,0,0.8250416666666667
1106,0.0,6,1,0,0.8248833333333334
1107,1.0,29,0,1,0.824725
1108,0.0,1,1,0,0.8245666666666667
1109,1.0,41,0,1,0.8244083333333334
1110,0.0,1,1,0,0.82425
1111,0.0,9,1,0,0.8240916666666667
1112,0.0,5,1,0,0.8239333333333334
1113,0.0,16,1,0,0.823775
1114,0.0,15,1,0,0.8236166666666667
1115,0.0,29,1,0,0.8234583333333334
1116,0.0,5,1,0,0.8233
1117,1.0,83,0,1,0.8231416666666667
1118,0.0,4,1,0,0.8229833333333334
1119,0.0,18,1,0,0.822825
1120,0.0,3,1,0,0.8226666666666667
1121,0.0,10,1,0,0.8225083333333334
1122,0.0,22,1,0,0.82235
1123,0.0,4,1,0,0.8221916666666667
1124,0.0,1,1,0,0.8220333333333334
1125,0.0,7,1,0,0.821875
1126,1.0,46,0,1,0.8217166666666667
1127,0.0,1,1,0,0.8215583333333334
1128,0.0,3,1,0,0.8214
1129,1.0,95,0,1,0.8212416666666666
1130,0.0,1,1,0,0.8210833333333334
1131,1.0,48,0,1,0.820925
1132,0.0,1,1,0,0.8207666666666666
1133,0.0,97,1,0,0.8206083333333334
1134,0.0,1,1,0,0.82045
1135,0.0,15,1,0,0.8202916666666666
1136,0.0,3,1,0,0.8201333333333334
1137,0.0,6,1,0,0.819975
1138,0.0,107,1,0,0.8198166666666666
1139,0.0,43,1,0,0.8196583333333334
1140,0.0,1,1,0,0.8195
1141,0.0,1,1,0,0.8193416666666666
1142,0.0,11,1,0,0.8191833333333334
1143,1.0,65,0,1,0.819025
1144,0.0,28,1,0,0.8188666666666666
1145,0.0,1,1,0,0.8187083333333334
1146,0.0,4,1,0,0.81855
1147,0.0,16,1,0,0.8183916666666666
1148,0.0,27,1,0,0.8182333333333334
1149,1.0,71,0,1,0.818075
1150,0.0,1,1,0,0.8179166666666666
1151,0.0,4,1,0,0.8177583333333334
1152,0.0,4,1,0,0.8176
1153,0.0,2,1,0,0.8174416666666666
1154,0.0,5,1,0,0.8172833333333334
1155,0.0,11,1,0,0.817125
1156,0.0,1,1,0,0.8169666666666666
1157,0.0,10,1,0,0.8168083333333334
1158,0.0,23,1,0,0.81665
1159,0.0,23,1,0,0.8164916666666667
1160,0.0,6,1,0,0.8163333333333334
1161,0.0,4,1,0,0.816175
1162,0.0,7,1,0,0.8160166666666667
1163,0.0,1,1,0,0.8158583333333334
1164,0.0,6,1,0,0.8157
1165,0.0,14,1,0,0.8155416666666667
1166,0.0,2,1,0,0.8153833333333333
1167,0.0,11,1,0,0.815225
1168,0.0,28,1,0,0.8150666666666667
1169,0.0,7,1,0,0.8149083333333333
1170,0.0,1,1,0,0.81475
1171,0.0,3,1,0,0.8145916666666667
1172,0.0,2,1,0,0.8144333333333333
1173,0.0,4,1,0,0.814275
1174,0.0,3,1,0,0.8141166666666667
1175,0.0,8,1,0,0.8139583333333333
1176,0.0,9,1,0,0.8138
1177,0.0,2,1,0,0.8136416666666667
1178,0.0,13,1,0,0.8134833333333333
1179,1.0,49,0,1,0.813325
1180,0.0,3,1,0,0.8131666666666667
1181,1.0,56,0,1,0.8130083333333333
1182,0.0,52,1,0,0.81285
1183,0.0,27,1,0,0.8126916666666667
1184,0.0,13,1,0,0.8125333333333333
1185,0.0,1,1,0,0.8123750000000001
1186,0.0,66,1,0,0.8122166666666667
1187,0.0,3,1,0,0.8120583333333333
1188,0.0,61,1,0,0.8119000000000001
1189,0.0,1,1,0,0.8117416666666667
1190,0.0,62,1,0,0.8115833333333333
1191,0.0,25,1,0,0.8114250000000001
1192,0.0,2,1,0,0.8112666666666667
1193,0.0,5,1,0,0.8111083333333333
1194,0.0,136,1,0,0.8109500000000001
1195,0.0,1,1,0,0.8107916666666667
1196,0.0,83,1,0,0.8106333333333333
1197,0.0,1,1,0,0.8104750000000001
1198,0.0,1,1,0,0.8103166666666667
1199,0.0,4,1,0,0.8101583333333333
1200,1.0,63,0,1,0.81
1201,0.0,2,1,0,0.8098416666666667
1202,0.0,1,1,0,0.8096833333333333
1203,0.0,6,1,0,0.809525
1204,0.0,48,1,0,0.8093666666666667
1205,0.0,1,1,0,0.8092083333333333
1206,0.0,28,1,0,0.80905
1207,0.0,8,1,0,0.8088916666666667
1208,0.0,1,1,0,0.8087333333333333
1209,0.0,45,1,0,0.808575
1210,0.0,9,1,0,0.8084166666666667
1211,0.0,1,1,0,0.8082583333333333
1212,0.0,28,1,0,0.8081
1213,0.0,1,1,0,0.8079416666666667
1214,0.0,4,1,0,0.8077833333333333
1215,0.0,26,1,0,0.807625
1216,0.0,1,1,0,0.8074666666666667
1217,0.0,25,1,0,0.8073083333333333
1218,0.0,4,1,0,0.80715
1219,0.0,40,1,0,0.8069916666666667
1220,1.0,72,0,1,0.8068333333333333
1221,1.0,24,0,1,0.806675
1222,0.0,18,1,0,0.8065166666666667
1223,0.0,3,1,0,0.8063583333333333
1224,0.0,1,1,0,0.8062
1225,0.0,1,1,0,0.8060416666666667
1226,0.0,15,1,0,0.8058833333333333
1227,0.0,1,1,0,0.805725
1228,0.0,6,1,0,0.8055666666666667
1229,0.0,21,1,0,0.8054083333333333
1230,0.0,45,1,0,0.80525
1231,0.0,4,1,0,0.8050916666666666
1232,0.0,10,1,0,0.8049333333333333
1233,0.0,1,1,0,0.804775
1234,0.0,13,1,0,0.8046166666666666
1235,0.0,1,1,0,0.8044583333333333
1236,0.0,2,1,0,0.8043
1237,0.0,25,1,0,0.8041416666666666
1238,0.0,12,1,0,0.8039833333333333
1239,0.0,37,1,0,0.803825
1240,0.0,5,1,0,0.8036666666666666
1241,0.0,1,1,0,0.8035083333333333
1242,1.0,29,0,1,0.80335
1243,0.0,25,1,0,0.8031916666666666
1244,0.0,5,1,0,0.8030333333333333
1245,0.0,89,1,0,0.802875
1246,0.0,2,1,0,0.8027166666666667
1247,0.0,9,1,0,0.8025583333333334
1248,0.0,11,1,0,0.8024
1249,0.0,3,1,0,0.8022416666666667
1250,0.0,1,1,0,0.8020833333333334
1251,0.0,1,1,0,0.801925
1252,0.0,1,1,0,0.8017666666666667
1253,0.0,4,1,0,0.8016083333333334
1254,0.0,3,1,0,0.80145
1255,0.0,36,1,0,0.8012916666666667
1256,0.0,1,1,0,0.8011333333333334
1257,0.0,13,1,0,0.800975
1258,1.0,77,0,1,0.8008166666666667
1259,0.0,51,1,0,0.8006583333333334
1260,0.0,1,1,0,0.8005
1261,0.0,1,1,0,0.8003416666666667
1262,0.0,3,1,0,0.8001833333333334
1263,0.0,1,1,0,0.800025
1264,0.0,22,1,0,0.7998666666666667
1265,0.0,12,1,0,0.7997083333333334
1266,0.0,19,1,0,0.79955
1267,0.0,4,1,0,0.7993916666666667
1268,0.0,3,1,0,0.7992333333333334
1269,0.0,33,1,0,0.799075
1270,0.0,16,1,0,0.7989166666666667
1271,0.0,2,1,0,0.7987583333333333
1272,1.0,83,0,1,0.7986
1273,0.0,8,1,0,0.7984416666666667
1274,0.0,1,1,0,0.7982833333333333
1275,0.0,7,1,0,0.798125
1276,0.0,8,1,0,0.7979666666666667
1277,1.0,51,0,1,0.7978083333333333
1278,0.0,54,1,0,0.79765
1279,0.0,9,1,0,0.7974916666666667
1280,0.0,14,1,0,0.7973333333333333
1281,0.0,10,1,0,0.797175
1282,1.0,128,0,1,0.7970166666666667
1283,1.0,142,0,1,0.7968583333333333
1284,0.0,76,1,0,0.7967
1285,0.0,1,1,0,0.7965416666666667
1286,1.0,44,0,1,0.7963833333333333
1287,0.0,108,1,0,0.796225
1288,0.0,22,1,0,0.7960666666666667
1289,0.0,160,1,0,0.7959083333333333
1290,0.0,20,1,0,0.79575
1291,0.0,4,1,0,0.7955916666666667
1292,0.0,8,1,0,0.7954333333333333
1293,0.0,1,1,0,0.795275
1294,0.0,4,1,0,0.7951166666666667
1295,0.0,3,1,0,0.7949583333333333
1296,1.0,62,0,1,0.7948
1297,0.0,3,1,0,0.7946416666666667
1298,0.0,12,1,0,0.7944833333333333
1299,1.0,21,0,1,0.794325
1300,1.0,28,0,1,0.7941666666666667
1301,0.0,17,1,0,0.7940083333333333
1302,0.0,1,1,0,0.79385
1303,0.0,129,1,0,0.7936916666666667
1304,0.0,31,1,0,0.7935333333333333
1305,0.0,1,1,0,0.7933749999999999
1306,1.0,48,0,1,0.7932166666666667
1307,0.0,1,1,0,0.7930583333333334
1308,0.0,9,1,0,0.7929
1309,0.0,1,1,0,0.7927416666666667
1310,0.0,1,1,0,0.7925833333333334
1311,0.0,23,1,0,0.792425
1312,1.0,83,0,1,0.7922666666666667
1313,0.0,4,1,0,0.7921083333333334
1314,0.0,10,1,0,0.79195
1315,1.0,27,0,1,0.7917916666666667
1316,0.0,16,1,0,0.7916333333333334
1317,0.0,1,1,0,0.791475
1318,0.0,11,1,0,0.7913166666666667
1319,0.0,10,1,0,0.7911583333333334
1320,0.0,4,1,0,0.791
1321,0.0,2,1,0,0.7908416666666667
1322,0.0,18,1,0,0.7906833333333334
1323,0.0,2,1,0,0.790525
1324,0.0,1,1,0,0.7903666666666667
1325,0.0,3,1,0,0.7902083333333334
1326,0.0,22,1,0,0.79005
1327,1.0,100,0,1,0.7898916666666667
1328,1.0,60,0,1,0.7897333333333334
1329,0.0,6,1,0,0.789575
1330,0.0,3,1,0,0.7894166666666667
1331,0.0,1,1,0,0.7892583333333334
1332,0.0,3,1,0,0.7891
1333,0.0,6,1,0,0.7889416666666667
1334,0.0,68,1,0,0.7887833333333334
1335,0.0,19,1,0,0.788625
1336,1.0,52,0,1,0.7884666666666666
1337,0.0,6,1,0,0.7883083333333334
1338,0.0,26,1,0,0.78815
1339,0.0,1,1,0,0.7879916666666666
1340,0.0,25,1,0,0.7878333333333334
1341,0.0,1,1,0,0.787675
1342,0.0,3,1,0,0.7875166666666666
1343,1.0,67,0,1,0.7873583333333334
1344,0.0,26,1,0,0.7872
1345,1.0,43,0,1,0.7870416666666666
1346,0.0,5,1,0,0.7868833333333334
1347,0.0,6,1,0,0.786725
1348,0.0,48,1,0,0.7865666666666666
1349,0.0,1,1,0,0.7864083333333334
1350,0.0,3,1,0,0.78625
1351,0.0,4,1,0,0.7860916666666666
1352,0.0,4,1,0,0.7859333333333334
1353,0.0,3,1,0,0.785775
1354,0.0,7,1,0,0.7856166666666666
1355,0.0,9,1,0,0.7854583333333334
1356,0.0,13,1,0,0.7853
1357,1.0,38,0,1,0.7851416666666666
1358,0.0,69,1,0,0.7849833333333334
1359,0.0,4,1,0,0.784825
1360,0.0,31,1,0,0.7846666666666666
1361,0.0,4,1,0,0.7845083333333334
1362,0.0,13,1,0,0.78435
1363,0.0,44,1,0,0.7841916666666666
1364,0.0,17,1,0,0.7840333333333334
1365,0.0,1,1,0,0.783875
1366,0.0,11,1,0,0.7837166666666667
1367,0.0,52,1,0,0.7835583333333334
1368,0.0,3,1,0,0.7834
1369,0.0,1,1,0,0.7832416666666667
1370,0.0,38,1,0,0.7830833333333334
1371,0.0,10,1,0,0.782925
1372,1.0,70,0,1,0.7827666666666667
1373,0.0,29,1,0,0.7826083333333334
1374,0.0,62,1,0,0.78245
1375,0.0,80,1,0,0.7822916666666667
1376,1.0,116,0,1,0.7821333333333333
1377,0.0,3,1,0,0.781975
1378,0.0,48,1,0,0.7818166666666667
1379,0.0,28,1,0,0.7816583333333333
1380,0.0,14,1,0,0.7815
1381,0.0,10,1,0,0.7813416666666667
1382,0.0,4,1,0,0.7811833333333333
1383,0.0,1,1,0,0.781025
1384,0.0,69,1,0,0.7808666666666667
1385,0.0,1,1,0,0.7807083333333333
1386,0.0,3,1,0,0.78055
1387,0.0,3,1,0,0.7803916666666667
1388,0.0,1,1,0,0.7802333333333333
1389,0.0,28,1,0,0.780075
1390,1.0,106,0,1,0.7799166666666667
1391,0.0,1,1,0,0.7797583333333333
1392,1.0,87,0,1,0.7796
1393,0.0,1,1,0,0.7794416666666667
1394,0.0,31,1,0,0.7792833333333333
1395,0.0,7,1,0,0.7791250000000001
1396,1.0,66,0,1,0.7789666666666667
1397,0.0,18,1,0,0.7788083333333333
1398,0.0,6,1,0,0.7786500000000001
1399,0.0,1,1,0,0.7784916666666667
1400,1.0,32,0,1,0.7783333333333333
1401,0.0,1,1,0,0.7781750000000001
1402,0.0,6,1,0,0.7780166666666667
1403,0.0,9,1,0,0.7778583333333333
1404,1.0,49,0,1,0.7777000000000001
1405,1.0,81,0,1,0.7775416666666667
1406,1.0,42,0,1,0.7773833333333333
1407,0.0,9,1,0,0.777225
1408,0.0,57,1,0,0.7770666666666667
1409,0.0,79,1,0,0.7769083333333333
1410,1.0,57,0,1,0.77675
1411,0.0,20,1,0,0.7765916666666667
1412,0.0,7,1,0,0.7764333333333333
1413,0.0,6,1,0,0.776275
1414,0.0,5,1,0,0.7761166666666667
1415,0.0,1,1,0,0.7759583333333333
1416,0.0,2,1,0,0.7758
1417,0.0,18,1,0,0.7756416666666667
1418,0.0,15,1,0,0.7754833333333333
1419,0.0,1,1,0,0.775325
1420,0.0,5,1,0,0.7751666666666667
1421,1.0,82,0,1,0.7750083333333333
1422,0.0,37,1,0,0.77485
1423,0.0,66,1,0,0.7746916666666667
1424,1.0,51,0,1,0.7745333333333333
1425,1.0,80,0,1,0.774375
1426,0.0,12,1,0,0.7742166666666667
1427,0.0,13,1,0,0.7740583333333333
1428,0.0,8,1,0,0.7739
1429,0.0,9,1,0,0.7737416666666667
1430,0.0,42,1,0,0.7735833333333333
1431,0.0,10,1,0,0.773425
1432,0.0,1,1,0,0.7732666666666667
1433,0.0,1,1,0,0.7731083333333333
1434,0.0,5,1,0,0.77295
1435,0.0,17,1,0,0.7727916666666667
1436,0.0,9,1,0,0.7726333333333333
1437,0.0,2,1,0,0.772475
1438,0.0,29,1,0,0.7723166666666667
1439,0.0,11,1,0,0.7721583333333333
1440,0.0,16,1,0,0.772
1441,0.0,75,1,0,0.7718416666666666
1442,0.0,17,1,0,0.7716833333333333
1443,1.0,31,0,1,0.771525
1444,0.0,40,1,0,0.7713666666666666
1445,0.0,4,1,0,0.7712083333333333
1446,0.0,67,1,0,0.77105
1447,0.0,1,1,0,0.7708916666666666
1448,0.0,7,1,0,0.7707333333333333
1449,0.0,1,1,0,0.770575
1450,0.0,37,1,0,0.7704166666666666
1451,0.0,1,1,0,0.7702583333333333
1452,1.0,41,0,1,0.7701
1453,0.0,1,1,0,0.7699416666666666
1454,0.0,10,1,0,0.7697833333333333
1455,0.0,2,1,0,0.769625
1456,0.0,1,1,0,0.7694666666666667
1457,0.0,43,1,0,0.7693083333333334
1458,0.0,1,1,0,0.76915
1459,1.0,28,0,1,0.7689916666666667
1460,0.0,1,1,0,0.7688333333333334
1461,0.0,21,1,0,0.768675
1462,0.0,4,1,0,0.7685166666666667
1463,0.0,6,1,0,0.7683583333333334
1464,0.0,6,1,0,0.7682
1465,0.0,3,1,0,0.7680416666666667
1466,0.0,1,1,0,0.7678833333333334
1467,0.0,3,1,0,0.767725
1468,0.0,1,1,0,0.7675666666666667
1469,0.0,12,1,0,0.7674083333333334
1470,0.0,4,1,0,0.76725
1471,0.0,17,1,0,0.7670916666666667
1472,0.0,4,1,0,0.7669333333333334
1473,1.0,49,0,1,0.766775
1474,1.0,41,0,1,0.7666166666666667
1475,0.0,9,1,0,0.7664583333333334
1476,0.0,1,1,0,0.7663
1477,0.0,12,1,0,0.7661416666666667
1478,0.0,6,1,0,0.7659833333333333
1479,1.0,54,0,1,0.765825
1480,1.0,36,0,1,0.7656666666666667
1481,0.0,10,1,0,0.7655083333333333
1482,0.0,1,1,0,0.76535
1483,0.0,15,1,0,0.7651916666666667
1484,0.0,2,1,0,0.7650333333333333
1485,0.0,10,1,0,0.764875
1486,0.0,1,1,0,0.7647166666666667
1487,0.0,1,1,0,0.7645583333333333
1488,0.0,2,1,0,0.7644
1489,0.0,60,1,0,0.7642416666666667
1490,0.0,1,1,0,0.7640833333333333
1491,0.0,1,1,0,0.763925
1492,1.0,56,0,1,0.7637666666666667
1493,0.0,14,1,0,0.7636083333333333
1494,0.0,14,1,0,0.76345
1495,0.0,2,1,0,0.7632916666666667
1496,1.0,45,0,1,0.7631333333333333
1497,0.0,57,1,0,0.762975
1498,1.0,57,0,1,0.7628166666666667
1499,1.0,66,0,1,0.7626583333333333
1500,0.0,5,1,0,0.7625
1501,1.0,22,0,1,0.7623416666666667
1502,0.0,3,1,0,0.7621833333333333
1503,0.0,4,1,0,0.762025
1504,1.0,121,0,1,0.7618666666666667
1505,1.0,35,0,1,0.7617083333333333
1506,0.0,22,1,0,0.76155
1507,0.0,11,1,0,0.7613916666666667
1508,0.0,8,1,0,0.7612333333333333
1509,1.0,43,0,1,0.761075
1510,0.0,2,1,0,0.7609166666666667
1511,0.0,20,1,0,0.7607583333333333
1512,0.0,66,1,0,0.7605999999999999
1513,0.0,1,1,0,0.7604416666666667
1514,0.0,24,1,0,0.7602833333333333
1515,1.0,24,0,1,0.760125
1516,0.0,7,1,0,0.7599666666666667
1517,0.0,9,1,0,0.7598083333333333
1518,0.0,21,1,0,0.75965
1519,0.0,5,1,0,0.7594916666666667
1520,0.0,10,1,0,0.7593333333333333
1521,0.0,11,1,0,0.759175
1522,0.0,3,1,0,0.7590166666666667
1523,1.0,20,0,1,0.7588583333333333
1524,0.0,20,1,0,0.7587
1525,0.0,23,1,0,0.7585416666666667
1526,0.0,10,1,0,0.7583833333333333
1527,0.0,7,1,0,0.758225
1528,0.0,21,1,0,0.7580666666666667
1529,0.0,1,1,0,0.7579083333333333
1530,0.0,10,1,0,0.75775
1531,0.0,7,1,0,0.7575916666666667
1532,0.0,1,1,0,0.7574333333333333
1533,0.0,1,1,0,0.757275
1534,0.0,1,1,0,0.7571166666666667
1535,0.0,3,1,0,0.7569583333333333
1536,0.0,25,1,0,0.7568
1537,0.0,16,1,0,0.7566416666666667
1538,0.0,27,1,0,0.7564833333333333
1539,0.0,19,1,0,0.756325
1540,0.0,23,1,0,0.7561666666666667
1541,0.0,11,1,0,0.7560083333333333
1542,0.0,5,1,0,0.75585
1543,0.0,1,1,0,0.7556916666666667
1544,0.0,2,1,0,0.7555333333333334
1545,0.0,1,1,0,0.755375
1546,0.0,1,1,0,0.7552166666666666
1547,0.0,1,1,0,0.7550583333333334
1548,0.0,1,1,0,0.7549
1549,0.0,26,1,0,0.7547416666666666
1550,0.0,1,1,0,0.7545833333333334
1551,1.0,112,0,1,0.754425
1552,0.0,54,1,0,0.7542666666666666
1553,1.0,58,0,1,0.7541083333333334
1554,0.0,3,1,0,0.75395
1555,0.0,39,1,0,0.7537916666666666
1556,1.0,42,0,1,0.7536333333333334
1557,0.0,10,1,0,0.753475
1558,0.0,21,1,0,0.7533166666666666
1559,0.0,1,1,0,0.7531583333333334
1560,0.0,25,1,0,0.753
1561,0.0,19,1,0,0.7528416666666666
1562,1.0,31,0,1,0.7526833333333334
1563,0.0,4,1,0,0.752525
1564,1.0,27,0,1,0.7523666666666666
1565,1.0,33,0,1,0.7522083333333334
1566,0.0,35,1,0,0.75205
1567,0.0,42,1,0,0.7518916666666666
1568,1.0,25,0,1,0.7517333333333334
1569,1.0,42,0,1,0.751575
1570,0.0,9,1,0,0.7514166666666666
1571,0.0,1,1,0,0.7512583333333334
1572,1.0,33,0,1,0.7511
1573,1.0,40,0,1,0.7509416666666666
1574,0.0,12,1,0,0.7507833333333334
1575,0.0,3,1,0,0.750625
1576,0.0,15,1,0,0.7504666666666667
1577,0.0,31,1,0,0.7503083333333334
1578,0.0,9,1,0,0.75015
1579,0.0,42,1,0,0.7499916666666666
1580,0.0,9,1,0,0.7498333333333334
1581,0.0,7,1,0,0.749675
1582,0.0,33,1,0,0.7495166666666666
1583,0.0,5,1,0,0.7493583333333333
1584,0.0,2,1,0,0.7492
1585,0.0,1,1,0,0.7490416666666666
1586,1.0,129,0,1,0.7488833333333333
1587,1.0,28,0,1,0.748725
1588,0.0,34,1,0,0.7485666666666666
1589,0.0,20,1,0,0.7484083333333333
1590,0.0,6,1,0,0.7482500000000001
1591,0.0,2,1,0,0.7480916666666667
1592,1.0,36,0,1,0.7479333333333333
1593,0.0,20,1,0,0.7477750000000001
1594,0.0,4,1,0,0.7476166666666667
1595,1.0,69,0,1,0.7474583333333333
1596,0.0,3,1,0,0.7473000000000001
1597,0.0,4,1,0,0.7471416666666667
1598,1.0,72,0,1,0.7469833333333333
1599,0.0,1,1,0,0.7468250000000001
1600,0.0,9,1,0,0.7466666666666667
1601,0.0,10,1,0,0.7465083333333333
1602,0.0,1,1,0,0.7463500000000001
1603,1.0,34,0,1,0.7461916666666667
1604,1.0,74,0,1,0.7460333333333333
1605,0.0,36,1,0,0.7458750000000001
1606,0.0,28,1,0,0.7457166666666667
1607,0.0,35,1,0,0.7455583333333333
1608,0.0,18,1,0,0.7454000000000001
1609,0.0,3,1,0,0.7452416666666667
1610,0.0,5,1,0,0.7450833333333333
1611,0.0,14,1,0,0.7449250000000001
1612,0.0,1,1,0,0.7447666666666667
1613,0.0,4,1,0,0.7446083333333333
1614,0.0,8,1,0,0.7444500000000001
1615,0.0,26,1,0,0.7442916666666667
1616,0.0,1,1,0,0.7441333333333333
1617,0.0,1,1,0,0.743975
1618,1.0,22,0,1,0.7438166666666667
1619,0.0,4,1,0,0.7436583333333333
1620,1.0,48,0,1,0.7435
1621,0.0,14,1,0,0.7433416666666667
1622,0.0,1,1,0,0.7431833333333333
1623,0.0,3,1,0,0.743025
1624,0.0,38,1,0,0.7428666666666667
1625,0.0,2,1,0,0.7427083333333333
1626,1.0,35,0,1,0.74255
1627,0.0,9,1,0,0.7423916666666667
1628,0.0,1,1,0,0.7422333333333333
1629,0.0,23,1,0,0.742075
1630,0.0,5,1,0,0.7419166666666667
1631,0.0,27,1,0,0.7417583333333333
1632,0.0,54,1,0,0.7416
1633,0.0,1,1,0,0.7414416666666667
1634,1.0,79,0,1,0.7412833333333333
1635,0.0,6,1,0,0.741125
1636,0.0,5,1,0,0.7409666666666667
1637,0.0,3,1,0,0.7408083333333333
1638,0.0,3,1,0,0.74065
1639,0.0,5,1,0,0.7404916666666667
1640,1.0,42,0,1,0.7403333333333333
1641,0.0,34,1,0,0.740175
1642,0.0,1,1,0,0.7400166666666667
1643,0.0,20,1,0,0.7398583333333333
1644,0.0,31,1,0,0.7397
1645,0.0,6,1,0,0.7395416666666667
1646,1.0,19,0,1,0.7393833333333333
1647,1.0,45,0,1,0.739225
1648,1.0,47,0,1,0.7390666666666666
1649,0.0,7,1,0,0.7389083333333333
1650,0.0,57,1,0,0.73875
1651,0.0,6,1,0,0.7385916666666668
1652,1.0,39,0,1,0.7384333333333334
1653,0.0,21,1,0,0.738275
1654,0.0,119,1,0,0.7381166666666668
1655,1.0,37,0,1,0.7379583333333334
1656,0.0,31,1,0,0.7378
1657,0.0,7,1,0,0.7376416666666668
1658,0.0,26,1,0,0.7374833333333334
1659,0.0,1,1,0,0.737325
1660,1.0,41,0,1,0.7371666666666667
1661,0.0,6,1,0,0.7370083333333334
1662,0.0,1,1,0,0.73685
1663,1.0,38,0,1,0.7366916666666667
1664,0.0,57,1,0,0.7365333333333334
1665,0.0,3,1,0,0.736375
1666,0.0,7,1,0,0.7362166666666667
1667,0.0,1,1,0,0.7360583333333334
1668,0.0,50,1,0,0.7359
1669,0.0,12,1,0,0.7357416666666667
1670,0.0,32,1,0,0.7355833333333334
1671,0.0,34,1,0,0.735425
1672,1.0,47,0,1,0.7352666666666667
1673,0.0,14,1,0,0.7351083333333334
1674,0.0,1,1,0,0.73495
1675,0.0,7,1,0,0.7347916666666667
1676,0.0,31,1,0,0.7346333333333334
1677,0.0,59,1,0,0.734475
1678,0.0,1,1,0,0.7343166666666667
1679,1.0,34,0,1,0.7341583333333334
1680,0.0,3,1,0,0.734
1681,1.0,36,0,1,0.7338416666666667
1682,0.0,2,1,0,0.7336833333333334
1683,0.0,5,1,0,0.733525
1684,0.0,20,1,0,0.7333666666666667
1685,0.0,6,1,0,0.7332083333333334
1686,0.0,17,1,0,0.73305
1687,1.0,15,0,1,0.7328916666666667
1688,0.0,28,1,0,0.7327333333333333
1689,1.0,25,0,1,0.732575
1690,0.0,19,1,0,0.7324166666666667
1691,0.0,18,1,0,0.7322583333333333
1692,0.0,3,1,0,0.7321
1693,0.0,7,1,0,0.7319416666666667
1694,1.0,57,0,1,0.7317833333333333
1695,0.0,3,1,0,0.731625
1696,0.0,11,1,0,0.7314666666666667
1697,1.0,49,0,1,0.7313083333333333
1698,0.0,1,1,0,0.73115
1699,0.0,1,1,0,0.7309916666666667
1700,1.0,46,0,1,0.7308333333333333
1701,0.0,15,1,0,0.730675
1702,0.0,4,1,0,0.7305166666666667
1703,0.0,34,1,0,0.7303583333333333
1704,0.0,1,1,0,0.7302
1705,0.0,1,1,0,0.7300416666666667
1706,0.0,1,1,0,0.7298833333333333
1707,0.0,52,1,0,0.729725
1708,0.0,1,1,0,0.7295666666666667
1709,0.0,1,1,0,0.7294083333333333
1710,0.0,6,1,0,0.72925
1711,0.0,20,1,0,0.7290916666666667
1712,1.0,84,0,1,0.7289333333333334
1713,0.0,3,1,0,0.7287750000000001
1714,0.0,3,1,0,0.7286166666666667
1715,0.0,2,1,0,0.7284583333333334
1716,1.0,50,0,1,0.7283000000000001
1717,0.0,43,1,0,0.7281416666666667
1718,0.0,1,1,0,0.7279833333333334
1719,0.0,24,1,0,0.727825
1720,0.0,13,1,0,0.7276666666666667
1721,0.0,3,1,0,0.7275083333333334
1722,0.0,7,1,0,0.72735
1723,0.0,1,1,0,0.7271916666666667
1724,1.0,89,0,1,0.7270333333333334
1725,0.0,1,1,0,0.726875
1726,0.0,2,1,0,0.7267166666666667
1727,1.0,48,0,1,0.7265583333333334
1728,0.0,30,1,0,0.7264
1729,0.0,49,1,0,0.7262416666666667
1730,0.0,1,1,0,0.7260833333333334
1731,0.0,1,1,0,0.725925
1732,0.0,7,1,0,0.7257666666666667
1733,1.0,64,0,1,0.7256083333333334
1734,0.0,56,1,0,0.72545
1735,0.0,6,1,0,0.7252916666666667
1736,0.0,38,1,0,0.7251333333333334
1737,0.0,16,1,0,0.724975
1738,1.0,35,0,1,0.7248166666666667
1739,0.0,21,1,0,0.7246583333333334
1740,0.0,6,1,0,0.7245
1741,0.0,15,1,0,0.7243416666666667
1742,0.0,7,1,0,0.7241833333333334
1743,0.0,1,1,0,0.724025
1744,0.0,3,1,0,0.7238666666666667
1745,1.0,26,0,1,0.7237083333333334
1746,1.0,30,0,1,0.72355
1747,0.0,30,1,0,0.7233916666666667
1748,1.0,39,0,1,0.7232333333333334
1749,0.0,17,1,0,0.723075
1750,1.0,51,0,1,0.7229166666666667
1751,0.0,1,1,0,0.7227583333333334
1752,0.0,10,1,0,0.7226
1753,1.0,42,0,1,0.7224416666666666
1754,0.0,18,1,0,0.7222833333333334
1755,0.0,2,1,0,0.722125
1756,0.0,2,1,0,0.7219666666666666
1757,0.0,11,1,0,0.7218083333333334
1758,0.0,9,1,0,0.72165
1759,0.0,7,1,0,0.7214916666666666
1760,1.0,39,0,1,0.7213333333333334
1761,0.0,96,1,0,0.721175
1762,0.0,2,1,0,0.7210166666666666
1763,0.0,4,1,0,0.7208583333333334
1764,0.0,1,1,0,0.7207
1765,0.0,22,1,0,0.7205416666666666
1766,0.0,5,1,0,0.7203833333333334
1767,0.0,1,1,0,0.720225
1768,0.0,3,1,0,0.7200666666666666
1769,1.0,45,0,1,0.7199083333333334
1770,1.0,96,0,1,0.71975
1771,1.0,32,0,1,0.7195916666666666
1772,1.0,52,0,1,0.7194333333333334
1773,0.0,2,1,0,0.7192750000000001
1774,1.0,29,0,1,0.7191166666666666
1775,1.0,25,0,1,0.7189583333333334
1776,0.0,75,1,0,0.7188000000000001
1777,0.0,18,1,0,0.7186416666666666
1778,0.0,31,1,0,0.7184833333333334
1779,0.0,6,1,0,0.7183250000000001
1780,1.0,36,0,1,0.7181666666666666
1781,0.0,39,1,0,0.7180083333333334
1782,0.0,14,1,0,0.7178500000000001
1783,0.0,54,1,0,0.7176916666666666
1784,0.0,8,1,0,0.7175333333333334
1785,1.0,75,0,1,0.7173750000000001
1786,0.0,32,1,0,0.7172166666666666
1787,0.0,33,1,0,0.7170583333333334
1788,0.0,61,1,0,0.7169000000000001
1789,1.0,38,0,1,0.7167416666666666
1790,0.0,13,1,0,0.7165833333333333
1791,0.0,3,1,0,0.7164250000000001
1792,1.0,36,0,1,0.7162666666666666
1793,1.0,32,0,1,0.7161083333333333
1794,0.0,44,1,0,0.7159500000000001
1795,0.0,6,1,0,0.7157916666666666
1796,0.0,2,1,0,0.7156333333333333
1797,0.0,3,1,0,0.7154750000000001
1798,0.0,22,1,0,0.7153166666666666
1799,1.0,63,0,1,0.7151583333333333
1800,1.0,79,0,1,0.7150000000000001
1801,0.0,14,1,0,0.7148416666666666
1802,0.0,1,1,0,0.7146833333333333
1803,0.0,1,1,0,0.7145250000000001
1804,0.0,3,1,0,0.7143666666666666
1805,0.0,2,1,0,0.7142083333333333
1806,0.0,1,1,0,0.7140500000000001
1807,0.0,3,1,0,0.7138916666666666
1808,0.0,74,1,0,0.7137333333333333
1809,0.0,8,1,0,0.7135750000000001
1810,0.0,8,1,0,0.7134166666666666
1811,0.0,9,1,0,0.7132583333333333
1812,0.0,10,1,0,0.7131000000000001
1813,1.0,121,0,1,0.7129416666666667
1814,0.0,1,1,0,0.7127833333333333
1815,0.0,1,1,0,0.7126250000000001
1816,0.0,7,1,0,0.7124666666666667
1817,0.0,17,1,0,0.7123083333333333
1818,0.0,3,1,0,0.7121500000000001
1819,0.0,1,1,0,0.7119916666666667
1820,0.0,1,1,0,0.7118333333333333
1821,0.0,33,1,0,0.7116750000000001
1822,0.0,3,1,0,0.7115166666666667
1823,0.0,4,1,0,0.7113583333333333
1824,0.0,4,1,0,0.7112
1825,0.0,24,1,0,0.7110416666666667
1826,0.0,14,1,0,0.7108833333333333
1827,0.0,14,1,0,0.710725
1828,0.0,3,1,0,0.7105666666666667
1829,0.0,39,1,0,0.7104083333333333
1830,0.0,8,1,0,0.71025
1831,0.0,1,1,0,0.7100916666666667
1832,0.0,13,1,0,0.7099333333333333
1833,1.0,81,0,1,0.709775
1834,0.0,5,1,0,0.7096166666666668
1835,1.0,147,0,1,0.7094583333333333
1836,0.0,16,1,0,0.7093
1837,0.0,4,1,0,0.7091416666666668
1838,1.0,69,0,1,0.7089833333333333
1839,1.0,62,0,1,0.708825
1840,0.0,39,1,0,0.7086666666666668
1841,0.0,4,1,0,0.7085083333333333
1842,0.0,3,1,0,0.70835
1843,1.0,27,0,1,0.7081916666666668
1844,0.0,1,1,0,0.7080333333333333
1845,0.0,9,1,0,0.707875
1846,0.0,11,1,0,0.7077166666666668
1847,0.0,56,1,0,0.7075583333333333
1848,0.0,2,1,0,0.7074
1849,0.0,9,1,0,0.7072416666666668
1850,1.0,25,0,1,0.7070833333333333
1851,0.0,1,1,0,0.706925
1852,0.0,21,1,0,0.7067666666666668
1853,0.0,1,1,0,0.7066083333333333
1854,0.0,3,1,0,0.70645
1855,0.0,1,1,0,0.7062916666666668
1856,0.0,13,1,0,0.7061333333333333
1857,0.0,7,1,0,0.705975
1858,1.0,44,0,1,0.7058166666666668
1859,0.0,36,1,0,0.7056583333333333
1860,0.0,5,1,0,0.7055
1861,0.0,39,1,0,0.7053416666666668
1862,0.0,44,1,0,0.7051833333333333
1863,0.0,3,1,0,0.705025
1864,0.0,1,1,0,0.7048666666666668
1865,0.0,1,1,0,0.7047083333333333
1866,0.0,3,1,0,0.70455
1867,1.0,49,0,1,0.7043916666666667
1868,0.0,66,1,0,0.7042333333333333
1869,0.0,4,1,0,0.704075
1870,0.0,1,1,0,0.7039166666666667
1871,1.0,42,0,1,0.7037583333333333
1872,1.0,38,0,1,0.7036
1873,0.0,1,1,0,0.7034416666666667
1874,0.0,16,1,0,0.7032833333333333
1875,0.0,1,1,0,0.703125
1876,1.0,112,0,1,0.7029666666666667
1877,0.0,45,1,0,0.7028083333333333
1878,0.0,3,1,0,0.70265
1879,0.0,5,1,0,0.7024916666666667
1880,1.0,80,0,1,0.7023333333333333
1881,0.0,2,1,0,0.702175
1882,0.0,15,1,0,0.7020166666666667
1883,0.0,37,1,0,0.7018583333333333
1884,0.0,3,1,0,0.7017
1885,0.0,1,1,0,0.7015416666666667
1886,0.0,1,1,0,0.7013833333333332
1887,0.0,18,1,0,0.701225
1888,0.0,1,1,0,0.7010666666666667
1889,0.0,3,1,0,0.7009083333333334
1890,0.0,32,1,0,0.70075
1891,0.0,1,1,0,0.7005916666666667
1892,0.0,8,1,0,0.7004333333333334
1893,0.0,8,1,0,0.700275
1894,1.0,75,0,1,0.7001166666666667
1895,0.0,30,1,0,0.6999583333333333
1896,0.0,7,1,0,0.6998
1897,0.0,12,1,0,0.6996416666666667
1898,0.0,34,1,0,0.6994833333333333
1899,0.0,21,1,0,0.699325
1900,0.0,9,1,0,0.6991666666666667
1901,0.0,1,1,0,0.6990083333333333
1902,0.0,24,1,0,0.69885
1903,0.0,5,1,0,0.6986916666666667
1904,0.0,1,1,0,0.6985333333333333
1905,0.0,40,1,0,0.698375
1906,0.0,1,1,0,0.6982166666666667
1907,0.0,6,1,0,0.6980583333333333
1908,0.0,21,1,0,0.6979
1909,0.0,1,1,0,0.6977416666666667
1910,0.0,8,1,0,0.6975833333333333
1911,0.0,1,1,0,0.697425
1912,0.0,57,1,0,0.6972666666666667
1913,0.0,14,1,0,0.6971083333333333
1914,0.0,1,1,0,0.69695
1915,0.0,23,1,0,0.6967916666666667
1916,1.0,173,0,1,0.6966333333333333
1917,0.0,1,1,0,0.696475
1918,1.0,47,0,1,0.6963166666666667
1919,1.0,97,0,1,0.6961583333333333
1920,1.0,27,0,1,0.696
1921,1.0,44,0,1,0.6958416666666667
1922,0.0,9,1,0,0.6956833333333333
1923,0.0,42,1,0,0.695525
1924,0.0,53,1,0,0.6953666666666667
1925,0.0,11,1,0,0.6952083333333333
1926,0.0,38,1,0,0.69505
1927,0.0,18,1,0,0.6948916666666667
1928,0.0,2,1,0,0.6947333333333333
1929,0.0,3,1,0,0.6945749999999999
1930,0.0,3,1,0,0.6944166666666667
1931,0.0,1,1,0,0.6942583333333333
1932,0.0,26,1,0,0.6940999999999999
1933,0.0,34,1,0,0.6939416666666667
1934,0.0,20,1,0,0.6937833333333333
1935,0.0,1,1,0,0.6936249999999999
1936,0.0,5,1,0,0.6934666666666667
1937,1.0,73,0,1,0.6933083333333333
1938,0.0,2,1,0,0.6931499999999999
1939,0.0,2,1,0,0.6929916666666667
1940,0.0,7,1,0,0.6928333333333334
1941,0.0,3,1,0,0.6926749999999999
1942,0.0,5,1,0,0.6925166666666667
1943,0.0,38,1,0,0.6923583333333334
1944,0.0,9,1,0,0.6921999999999999
1945,0.0,39,1,0,0.6920416666666667
1946,1.0,31,0,1,0.6918833333333334
1947,0.0,7,1,0,0.6917249999999999
1948,0.0,43,1,0,0.6915666666666667
1949,0.0,10,1,0,0.6914083333333334
1950,0.0,1,1,0,0.69125
1951,0.0,2,1,0,0.6910916666666667
1952,1.0,36,0,1,0.6909333333333334
1953,1.0,56,0,1,0.690775
1954,0.0,3,1,0,0.6906166666666667
1955,0.0,43,1,0,0.6904583333333334
1956,0.0,9,1,0,0.6903
1957,0.0,32,1,0,0.6901416666666667
1958,1.0,35,0,1,0.6899833333333334
1959,0.0,21,1,0,0.689825
1960,1.0,36,0,1,0.6896666666666667
1961,0.0,27,1,0,0.6895083333333334
1962,1.0,42,0,1,0.68935
1963,0.0,1,1,0,0.6891916666666666
1964,0.0,6,1,0,0.6890333333333334
1965,0.0,33,1,0,0.688875
1966,0.0,56,1,0,0.6887166666666666
1967,0.0,7,1,0,0.6885583333333334
1968,0.0,11,1,0,0.6884
1969,1.0,28,0,1,0.6882416666666666
1970,0.0,10,1,0,0.6880833333333334
1971,0.0,34,1,0,0.687925
1972,0.0,14,1,0,0.6877666666666666
1973,1.0,45,0,1,0.6876083333333334
1974,0.0,26,1,0,0.68745
1975,0.0,5,1,0,0.6872916666666666
1976,0.0,11,1,0,0.6871333333333334
1977,0.0,4,1,0,0.686975
1978,0.0,7,1,0,0.6868166666666666
1979,0.0,18,1,0,0.6866583333333334
1980,0.0,20,1,0,0.6865
1981,0.0,40,1,0,0.6863416666666666
1982,0.0,1,1,0,0.6861833333333334
1983,1.0,67,0,1,0.686025
1984,0.0,2,1,0,0.6858666666666666
1985,0.0,4,1,0,0.6857083333333334
1986,0.0,2,1,0,0.68555
1987,0.0,47,1,0,0.6853916666666666
1988,0.0,13,1,0,0.6852333333333334
1989,0.0,15,1,0,0.685075
1990,0.0,19,1,0,0.6849166666666666
1991,0.0,1,1,0,0.6847583333333334
1992,0.0,20,1,0,0.6846
1993,0.0,1,1,0,0.6844416666666666
1994,0.0,2,1,0,0.6842833333333334
1995,0.0,12,1,0,0.684125
1996,0.0,4,1,0,0.6839666666666666
1997,0.0,5,1,0,0.6838083333333334
1998,0.0,1,1,0,0.68365
1999,1.0,69,0,1,0.6834916666666666
2000,1.0,43,0,1,0.6833333333333333
2001,0.0,3,1,0,0.683175
2002,0.0,26,1,0,0.6830166666666666
2003,1.0,21,0,1,0.6828583333333333
2004,1.0,34,0,1,0.6827
2005,0.0,27,1,0,0.6825416666666666
2006,0.0,3,1,0,0.6823833333333333
2007,0.0,12,1,0,0.682225
2008,1.0,66,0,1,0.6820666666666666
2009,0.0,5,1,0,0.6819083333333333
2010,0.0,22,1,0,0.6817500000000001
2011,0.0,15,1,0,0.6815916666666667
2012,1.0,41,0,1,0.6814333333333333
2013,0.0,1,1,0,0.6812750000000001
2014,1.0,79,0,1,0.6811166666666667
2015,0.0,20,1,0,0.6809583333333333
2016,1.0,55,0,1,0.6808000000000001
2017,1.0,21,0,1,0.6806416666666667
2018,0.0,9,1,0,0.6804833333333333
2019,0.0,2,1,0,0.6803250000000001
2020,0.0,5,1,0,0.6801666666666667
2021,1.0,43,0,1,0.6800083333333333
2022,0.0,7,1,0,0.6798500000000001
2023,1.0,26,0,1,0.6796916666666667
2024,0.0,54,1,0,0.6795333333333333
2025,0.0,1,1,0,0.6793750000000001
2026,0.0,1,1,0,0.6792166666666667
2027,0.0,1,1,0,0.6790583333333333
2028,1.0,45,0,1,0.6789000000000001
2029,0.0,25,1,0,0.6787416666666667
2030,1.0,29,0,1,0.6785833333333333
2031,0.0,19,1,0,0.6784250000000001
2032,0.0,32,1,0,0.6782666666666667
2033,0.0,6,1,0,0.6781083333333333
2034,1.0,17,0,1,0.67795
2035,1.0,19,0,1,0.6777916666666667
2036,0.0,31,1,0,0.6776333333333333
2037,1.0,118,0,1,0.677475
2038,1.0,43,0,1,0.6773166666666667
2039,0.0,1,1,0,0.6771583333333333
2040,0.0,40,1,0,0.677
2041,0.0,1,1,0,0.6768416666666667
2042,1.0,45,0,1,0.6766833333333333
2043,0.0,4,1,0,0.676525
2044,0.0,43,1,0,0.6763666666666667
2045,0.0,14,1,0,0.6762083333333333
2046,0.0,6,1,0,0.67605
2047,1.0,16,0,1,0.6758916666666667
2048,0.0,13,1,0,0.6757333333333333
2049,0.0,23,1,0,0.675575
2050,0.0,24,1,0,0.6754166666666667
2051,0.0,30,1,0,0.6752583333333333
2052,1.0,35,0,1,0.6751
2053,0.0,1,1,0,0.6749416666666667
2054,1.0,14,0,1,0.6747833333333333
2055,0.0,3,1,0,0.674625
2056,0.0,4,1,0,0.6744666666666667
2057,0.0,1,1,0,0.6743083333333333
2058,1.0,25,0,1,0.67415
2059,1.0,46,0,1,0.6739916666666667
2060,0.0,11,1,0,0.6738333333333333
2061,1.0,17,0,1,0.673675
2062,0.0,5,1,0,0.6735166666666667
2063,1.0,37,0,1,0.6733583333333333
2064,0.0,1,1,0,0.6732
2065,0.0,1,1,0,0.6730416666666666
2066,1.0,35,0,1,0.6728833333333333
2067,0.0,18,1,0,0.672725
2068,0.0,25,1,0,0.6725666666666666
2069,0.0,10,1,0,0.6724083333333333
2070,0.0,16,1,0,0.67225
2071,0.0,3,1,0,0.6720916666666668
2072,0.0,1,1,0,0.6719333333333334
2073,0.0,1,1,0,0.671775
2074,0.0,43,1,0,0.6716166666666668
2075,1.0,21,0,1,0.6714583333333334
2076,0.0,6,1,0,0.6713
2077,0.0,1,1,0,0.6711416666666667
2078,0.0,1,1,0,0.6709833333333334
2079,0.0,1,1,0,0.670825
2080,0.0,27,1,0,0.6706666666666667
2081,0.0,3,1,0,0.6705083333333334
2082,0.0,3,1,0,0.67035
2083,0.0,16,1,0,0.6701916666666667
2084,0.0,1,1,0,0.6700333333333334
2085,0.0,49,1,0,0.669875
2086,0.0,3,1,0,0.6697166666666667
2087,0.0,16,1,0,0.6695583333333334
2088,0.0,40,1,0,0.6694
2089,0.0,13,1,0,0.6692416666666667
2090,1.0,23,0,1,0.6690833333333334
2091,1.0,21,0,1,0.668925
2092,0.0,3,1,0,0.6687666666666667
2093,1.0,13,0,1,0.6686083333333334
2094,0.0,3,1,0,0.66845
2095,0.0,10,1,0,0.6682916666666667
2096,0.0,1,1,0,0.6681333333333334
2097,0.0,1,1,0,0.667975
2098,0.0,1,1,0,0.6678166666666667
2099,0.0,20,1,0,0.6676583333333334
2100,1.0,45,0,1,0.6675
2101,0.0,3,1,0,0.6673416666666667
2102,1.0,38,0,1,0.6671833333333334
2103,0.0,12,1,0,0.667025
2104,0.0,16,1,0,0.6668666666666667
2105,1.0,42,0,1,0.6667083333333333
2106,0.0,21,1,0,0.66655
2107,0.0,1,1,0,0.6663916666666667
2108,0.0,8,1,0,0.6662333333333333
2109,0.0,5,1,0,0.666075
2110,0.0,21,1,0,0.6659166666666667
2111,0.0,19,1,0,0.6657583333333333
2112,0.0,2,1,0,0.6656
2113,1.0,25,0,1,0.6654416666666667
2114,0.0,9,1,0,0.6652833333333333
2115,0.0,1,1,0,0.665125
2116,0.0,20,1,0,0.6649666666666667
2117,1.0,13,0,1,0.6648083333333333
2118,0.0,48,1,0,0.66465
2119,0.0,7,1,0,0.6644916666666667
2120,0.0,26,1,0,0.6643333333333333
2121,0.0,20,1,0,0.664175
2122,1.0,21,0,1,0.6640166666666667
2123,0.0,5,1,0,0.6638583333333333
2124,1.0,20,0,1,0.6637
2125,0.0,67,1,0,0.6635416666666667
2126,1.0,85,0,1,0.6633833333333333
2127,0.0,28,1,0,0.663225
2128,1.0,47,0,1,0.6630666666666667
2129,0.0,24,1,0,0.6629083333333333
2130,1.0,43,0,1,0.66275
2131,0.0,36,1,0,0.6625916666666667
2132,0.0,20,1,0,0.6624333333333334
2133,0.0,8,1,0,0.6622750000000001
2134,0.0,10,1,0,0.6621166666666667
2135,0.0,10,1,0,0.6619583333333334
2136,0.0,1,1,0,0.6618
2137,0.0,3,1,0,0.6616416666666667
2138,0.0,2,1,0,0.6614833333333334
2139,1.0,21,0,1,0.661325
2140,0.0,57,1,0,0.6611666666666667
2141,1.0,30,0,1,0.6610083333333334
2142,1.0,49,0,1,0.66085
2143,0.0,17,1,0,0.6606916666666667
2144,0.0,9,1,0,0.6605333333333334
2145,0.0,25,1,0,0.660375
2146,1.0,35,0,1,0.6602166666666667
2147,1.0,19,0,1,0.6600583333333334
2148,1.0,60,0,1,0.6599
2149,0.0,6,1,0,0.6597416666666667
2150,0.0,5,1,0,0.6595833333333334
2151,0.0,1,1,0,0.659425
2152,1.0,17,0,1,0.6592666666666667
2153,0.0,1,1,0,0.6591083333333334
2154,1.0,36,0,1,0.65895
2155,0.0,35,1,0,0.6587916666666667
2156,0.0,9,1,0,0.6586333333333334
2157,0.0,6,1,0,0.658475
2158,0.0,8,1,0,0.6583166666666667
2159,1.0,37,0,1,0.6581583333333334
2160,0.0,1,1,0,0.658
2161,0.0,4,1,0,0.6578416666666667
2162,0.0,17,1,0,0.6576833333333334
2163,1.0,42,0,1,0.657525
2164,0.0,30,1,0,0.6573666666666667
2165,1.0,36,0,1,0.6572083333333334
2166,1.0,44,0,1,0.65705
2167,0.0,2,1,0,0.6568916666666667
2168,0.0,20,1,0,0.6567333333333334
2169,1.0,43,0,1,0.656575
2170,0.0,43,1,0,0.6564166666666666
2171,1.0,25,0,1,0.6562583333333334
2172,1.0,15,0,1,0.6561
2173,0.0,57,1,0,0.6559416666666666
2174,0.0,28,1,0,0.6557833333333334
2175,0.0,1,1,0,0.655625
2176,0.0,1,1,0,0.6554666666666666
2177,0.0,1,1,0,0.6553083333333334
2178,0.0,21,1,0,0.65515
2179,1.0,43,0,1,0.6549916666666666
2180,0.0,1,1,0,0.6548333333333334
2181,1.0,41,0,1,0.654675
2182,0.0,20,1,0,0.6545166666666666
2183,0.0,25,1,0,0.6543583333333334
2184,0.0,19,1,0,0.6542
2185,0.0,3,1,0,0.6540416666666666
2186,0.0,54,1,0,0.6538833333333334
2187,1.0,46,0,1,0.653725
2188,0.0,40,1,0,0.6535666666666666
2189,0.0,1,1,0,0.6534083333333334
2190,0.0,1,1,0,0.65325
2191,0.0,27,1,0,0.6530916666666666
2192,0.0,22,1,0,0.6529333333333334
2193,0.0,17,1,0,0.6527750000000001
2194,1.0,62,0,1,0.6526166666666667
2195,0.0,5,1,0,0.6524583333333334
2196,0.0,1,1,0,0.6523000000000001
2197,1.0,38,0,1,0.6521416666666667
2198,0.0,20,1,0,0.6519833333333334
2199,0.0,31,1,0,0.6518250000000001
2200,0.0,22,1,0,0.6516666666666667
2201,1.0,17,0,1,0.6515083333333334
2202,0.0,10,1,0,0.6513500000000001
2203,1.0,24,0,1,0.6511916666666667
2204,0.0,26,1,0,0.6510333333333334
2205,0.0,34,1,0,0.6508750000000001
2206,0.0,1,1,0,0.6507166666666667
2207,0.0,3,1,0,0.6505583333333333
2208,0.0,3,1,0,0.6504000000000001
2209,0.0,29,1,0,0.6502416666666667
2210,1.0,22,0,1,0.6500833333333333
2211,0.0,37,1,0,0.6499250000000001
2212,0.0,4,1,0,0.6497666666666667
2213,1.0,23,0,1,0.6496083333333333
2214,0.0,25,1,0,0.6494500000000001
2215,0.0,12,1,0,0.6492916666666667
2216,0.0,1,1,0,0.6491333333333333
2217,0.0,5,1,0,0.6489750000000001
2218,0.0,5,1,0,0.6488166666666667
2219,1.0,34,0,1,0.6486583333333333
2220,0.0,5,1,0,0.6485000000000001
2221,1.0,27,0,1,0.6483416666666667
2222,0.0,1,1,0,0.6481833333333333
2223,1.0,56,0,1,0.6480250000000001
2224,1.0,46,0,1,0.6478666666666667
2225,0.0,26,1,0,0.6477083333333333
2226,0.0,4,1,0,0.6475500000000001
2227,0.0,17,1,0,0.6473916666666667
2228,0.0,1,1,0,0.6472333333333333
2229,0.0,3,1,0,0.6470750000000001
2230,1.0,51,0,1,0.6469166666666667
2231,1.0,21,0,1,0.6467583333333333
2232,0.0,13,1,0,0.6466000000000001
2233,0.0,21,1,0,0.6464416666666667
2234,0.0,3,1,0,0.6462833333333333
2235,0.0,7,1,0,0.6461250000000001
2236,1.0,36,0,1,0.6459666666666667
2237,0.0,18,1,0,0.6458083333333333
2238,0.0,28,1,0,0.6456500000000001
2239,0.0,1,1,0,0.6454916666666667
2240,0.0,19,1,0,0.6453333333333333
2241,1.0,17,0,1,0.645175
2242,0.0,1,1,0,0.6450166666666667
2243,0.0,4,1,0,0.6448583333333333
2244,1.0,25,0,1,0.6447
2245,0.0,63,1,0,0.6445416666666667
2246,1.0,25,0,1,0.6443833333333333
2247,0.0,16,1,0,0.644225
2248,0.0,36,1,0,0.6440666666666667
2249,0.0,3,1,0,0.6439083333333333
2250,0.0,3,1,0,0.64375
2251,1.0,56,0,1,0.6435916666666668
2252,1.0,37,0,1,0.6434333333333333
2253,1.0,19,0,1,0.643275
2254,0.0,3,1,0,0.6431166666666668
2255,0.0,32,1,0,0.6429583333333333
2256,0.0,13,1,0,0.6428
2257,0.0,11,1,0,0.6426416666666668
2258,0.0,37,1,0,0.6424833333333333
2259,0.0,1,1,0,0.642325
2260,0.0,6,1,0,0.6421666666666668
2261,1.0,22,0,1,0.6420083333333333
2262,0.0,1,1,0,0.64185
2263,1.0,15,0,1,0.6416916666666668
2264,0.0,15,1,0,0.6415333333333333
2265,1.0,30,0,1,0.641375
2266,0.0,6,1,0,0.6412166666666668
2267,0.0,3,1,0,0.6410583333333333
2268,0.0,1,1,0,0.6409
2269,0.0,15,1,0,0.6407416666666668
2270,0.0,33,1,0,0.6405833333333333
2271,1.0,37,0,1,0.640425
2272,0.0,12,1,0,0.6402666666666668
2273,1.0,22,0,1,0.6401083333333333
2274,0.0,7,1,0,0.63995
2275,1.0,44,0,1,0.6397916666666668
2276,0.0,9,1,0,0.6396333333333333
2277,0.0,9,1,0,0.639475
2278,0.0,3,1,0,0.6393166666666668
2279,1.0,46,0,1,0.6391583333333333
2280,1.0,59,0,1,0.639
2281,0.0,17,1,0,0.6388416666666668
2282,0.0,1,1,0,0.6386833333333333
2283,1.0,35,0,1,0.638525
2284,0.0,22,1,0,0.6383666666666667
2285,0.0,3,1,0,0.6382083333333333
2286,0.0,8,1,0,0.63805
2287,0.0,5,1,0,0.6378916666666667
2288,0.0,28,1,0,0.6377333333333333
2289,0.0,3,1,0,0.637575
2290,1.0,79,0,1,0.6374166666666667
2291,0.0,50,1,0,0.6372583333333333
2292,1.0,38,0,1,0.6371
2293,0.0,5,1,0,0.6369416666666667
2294,0.0,7,1,0,0.6367833333333333
2295,0.0,45,1,0,0.636625
2296,1.0,50,0,1,0.6364666666666667
2297,0.0,1,1,0,0.6363083333333333
2298,0.0,16,1,0,0.63615
2299,0.0,5,1,0,0.6359916666666667
2300,1.0,35,0,1,0.6358333333333333
2301,0.0,4,1,0,0.635675
2302,0.0,9,1,0,0.6355166666666667
2303,1.0,48,0,1,0.6353583333333332
2304,1.0,50,0,1,0.6352
2305,0.0,4,1,0,0.6350416666666667
2306,0.0,3,1,0,0.6348833333333332
2307,0.0,1,1,0,0.634725
2308,0.0,9,1,0,0.6345666666666667
2309,1.0,31,0,1,0.6344083333333334
2310,0.0,16,1,0,0.63425
2311,0.0,34,1,0,0.6340916666666667
2312,0.0,12,1,0,0.6339333333333333
2313,0.0,8,1,0,0.633775
2314,0.0,3,1,0,0.6336166666666667
2315,0.0,2,1,0,0.6334583333333335
2316,1.0,49,0,1,0.6333
2317,0.0,6,1,0,0.6331416666666667
2318,1.0,44,0,1,0.6329833333333335
2319,0.0,3,1,0,0.632825
2320,0.0,5,1,0,0.6326666666666667
2321,0.0,31,1,0,0.6325083333333335
2322,1.0,44,0,1,0.63235
2323,1.0,16,0,1,0.6321916666666667
2324,0.0,27,1,0,0.6320333333333334
2325,0.0,4,1,0,0.631875
2326,0.0,16,1,0,0.6317166666666667
2327,0.0,29,1,0,0.6315583333333334
2328,0.0,16,1,0,0.6314
2329,0.0,1,1,0,0.6312416666666667
2330,0.0,9,1,0,0.6310833333333334
2331,1.0,72,0,1,0.630925
2332,0.0,2,1,0,0.6307666666666667
2333,0.0,2,1,0,0.6306083333333334
2334,0.0,73,1,0,0.63045
2335,0.0,32,1,0,0.6302916666666667
2336,1.0,23,0,1,0.6301333333333334
2337,0.0,8,1,0,0.629975
2338,1.0,40,0,1,0.6298166666666667
2339,0.0,10,1,0,0.6296583333333334
2340,0.0,1,1,0,0.6295
2341,1.0,23,0,1,0.6293416666666667
2342,1.0,43,0,1,0.6291833333333334
2343,0.0,26,1,0,0.629025
2344,0.0,1,1,0,0.6288666666666667
2345,0.0,22,1,0,0.6287083333333334
2346,1.0,21,0,1,0.6285499999999999
2347,1.0,23,0,1,0.6283916666666667
2348,1.0,39,0,1,0.6282333333333334
2349,1.0,34,0,1,0.6280749999999999
2350,0.0,13,1,0,0.6279166666666667
2351,0.0,19,1,0,0.6277583333333334
2352,0.0,20,1,0,0.6275999999999999
2353,1.0,34,0,1,0.6274416666666667
2354,0.0,59,1,0,0.6272833333333334
2355,0.0,23,1,0,0.6271249999999999
2356,0.0,22,1,0,0.6269666666666667
2357,0.0,1,1,0,0.6268083333333334
2358,1.0,34,0,1,0.6266499999999999
2359,1.0,42,0,1,0.6264916666666667
2360,0.0,1,1,0,0.6263333333333334
2361,0.0,5,1,0,0.6261749999999999
2362,0.0,22,1,0,0.6260166666666667
2363,0.0,20,1,0,0.6258583333333334
2364,1.0,37,0,1,0.6256999999999999
2365,0.0,10,1,0,0.6255416666666667
2366,1.0,39,0,1,0.6253833333333334
2367,0.0,1,1,0,0.6252249999999999
2368,1.0,23,0,1,0.6250666666666667
2369,0.0,6,1,0,0.6249083333333334
2370,0.0,1,1,0,0.62475
2371,0.0,11,1,0,0.6245916666666667
2372,1.0,25,0,1,0.6244333333333334
2373,0.0,2,1,0,0.624275
2374,0.0,33,1,0,0.6241166666666667
2375,0.0,3,1,0,0.6239583333333334
2376,1.0,41,0,1,0.6238
2377,0.0,1,1,0,0.6236416666666666
2378,0.0,9,1,0,0.6234833333333334
2379,0.0,45,1,0,0.623325
2380,0.0,30,1,0,0.6231666666666666
2381,0.0,3,1,0,0.6230083333333334
2382,1.0,35,0,1,0.62285
2383,0.0,3,1,0,0.6226916666666666
2384,1.0,41,0,1,0.6225333333333334
2385,0.0,1,1,0,0.622375
2386,0.0,17,1,0,0.6222166666666666
2387,0.0,3,1,0,0.6220583333333334
2388,0.0,1,1,0,0.6219
2389,0.0,4,1,0,0.6217416666666666
2390,1.0,25,0,1,0.6215833333333334
2391,0.0,1,1,0,0.621425
2392,0.0,1,1,0,0.6212666666666666
2393,1.0,16,0,1,0.6211083333333334
2394,0.0,30,1,0,0.62095
2395,0.0,1,1,0,0.6207916666666666
2396,0.0,1,1,0,0.6206333333333334
2397,0.0,1,1,0,0.620475
2398,1.0,30,0,1,0.6203166666666666
2399,1.0,33,0,1,0.6201583333333334
2400,1.0,27,0,1,0.62
2401,1.0,50,0,1,0.6198416666666666
2402,0.0,14,1,0,0.6196833333333334
2403,0.0,29,1,0,0.619525
2404,0.0,26,1,0,0.6193666666666666
2405,0.0,8,1,0,0.6192083333333334
2406,0.0,2,1,0,0.61905
2407,0.0,1,1,0,0.6188916666666666
2408,0.0,5,1,0,0.6187333333333334
2409,0.0,3,1,0,0.618575
2410,1.0,25,0,1,0.6184166666666666
2411,0.0,4,1,0,0.6182583333333334
2412,0.0,9,1,0,0.6181
2413,1.0,30,0,1,0.6179416666666666
2414,1.0,42,0,1,0.6177833333333334
2415,0.0,18,1,0,0.617625
2416,0.0,12,1,0,0.6174666666666666
2417,0.0,1,1,0,0.6173083333333333
2418,1.0,81,0,1,0.61715
2419,0.0,1,1,0,0.6169916666666666
2420,0.0,3,1,0,0.6168333333333333
2421,0.0,1,1,0,0.616675
2422,0.0,3,1,0,0.6165166666666666
2423,0.0,3,1,0,0.6163583333333333
2424,1.0,25,0,1,0.6162
2425,1.0,42,0,1,0.6160416666666666
2426,0.0,1,1,0,0.6158833333333333
2427,0.0,17,1,0,0.615725
2428,0.0,3,1,0,0.6155666666666666
2429,0.0,31,1,0,0.6154083333333333
2430,0.0,11,1,0,0.6152500000000001
2431,1.0,23,0,1,0.6150916666666667
2432,0.0,29,1,0,0.6149333333333333
2433,0.0,1,1,0,0.6147750000000001
2434,0.0,18,1,0,0.6146166666666667
2435,1.0,28,0,1,0.6144583333333333
2436,1.0,30,0,1,0.6143000000000001
2437,0.0,12,1,0,0.6141416666666667
2438,1.0,19,0,1,0.6139833333333333
2439,0.0,1,1,0,0.6138250000000001
2440,0.0,78,1,0,0.6136666666666667
2441,1.0,29,0,1,0.6135083333333333
2442,0.0,1,1,0,0.6133500000000001
2443,0.0,1,1,0,0.6131916666666667
2444,0.0,20,1,0,0.6130333333333333
2445,1.0,39,0,1,0.6128750000000001
2446,1.0,24,0,1,0.6127166666666667
2447,0.0,1,1,0,0.6125583333333333
2448,0.0,15,1,0,0.6124
2449,1.0,29,0,1,0.6122416666666667
2450,1.0,51,0,1,0.6120833333333333
2451,0.0,22,1,0,0.611925
2452,1.0,32,0,1,0.6117666666666667
2453,0.0,22,1,0,0.6116083333333333
2454,1.0,40,0,1,0.61145
2455,0.0,1,1,0,0.6112916666666667
2456,0.0,7,1,0,0.6111333333333333
2457,1.0,33,0,1,0.610975
2458,0.0,1,1,0,0.6108166666666667
2459,0.0,3,1,0,0.6106583333333333
2460,1.0,41,0,1,0.6105
2461,0.0,22,1,0,0.6103416666666667
2462,0.0,36,1,0,0.6101833333333333
2463,1.0,15,0,1,0.610025
2464,0.0,8,1,0,0.6098666666666667
2465,1.0,23,0,1,0.6097083333333333
2466,0.0,5,1,0,0.60955
2467,1.0,36,0,1,0.6093916666666667
2468,0.0,38,1,0,0.6092333333333333
2469,1.0,29,0,1,0.609075
2470,0.0,7,1,0,0.6089166666666667
2471,1.0,37,0,1,0.6087583333333333
2472,0.0,5,1,0,0.6086
2473,0.0,54,1,0,0.6084416666666667
2474,0.0,9,1,0,0.6082833333333333
2475,1.0,20,0,1,0.608125
2476,0.0,21,1,0,0.6079666666666667
2477,1.0,27,0,1,0.6078083333333333
2478,0.0,1,1,0,0.60765
2479,0.0,1,1,0,0.6074916666666667
2480,0.0,9,1,0,0.6073333333333333
2481,1.0,27,0,1,0.607175
2482,0.0,1,1,0,0.6070166666666666
2483,1.0,58,0,1,0.6068583333333333
2484,0.0,11,1,0,0.6067
2485,1.0,31,0,1,0.6065416666666666
2486,0.0,25,1,0,0.6063833333333333
2487,0.0,2,1,0,0.606225
2488,0.0,19,1,0,0.6060666666666666
2489,0.0,1,1,0,0.6059083333333333
2490,0.0,17,1,0,0.60575
2491,0.0,37,1,0,0.6055916666666668
2492,0.0,28,1,0,0.6054333333333334
2493,0.0,1,1,0,0.605275
2494,0.0,4,1,0,0.6051166666666667
2495,0.0,25,1,0,0.6049583333333334
2496,0.0,17,1,0,0.6048
2497,0.0,14,1,0,0.6046416666666667
2498,1.0,47,0,1,0.6044833333333334
2499,0.0,1,1,0,0.604325
2500,1.0,74,0,1,0.6041666666666667
2501,1.0,70,0,1,0.6040083333333334
2502,0.0,24,1,0,0.60385
2503,1.0,34,0,1,0.6036916666666667
2504,1.0,29,0,1,0.6035333333333334
2505,1.0,44,0,1,0.603375
2506,0.0,2,1,0,0.6032166666666667
2507,0.0,33,1,0,0.6030583333333334
2508,0.0,15,1,0,0.6029
2509,1.0,25,0,1,0.6027416666666667
2510,0.0,1,1,0,0.6025833333333334
2511,0.0,17,1,0,0.602425
2512,1.0,28,0,1,0.6022666666666667
2513,0.0,2,1,0,0.6021083333333334
2514,0.0,1,1,0,0.60195
2515,1.0,25,0,1,0.6017916666666667
2516,0.0,6,1,0,0.6016333333333334
2517,1.0,43,0,1,0.601475
2518,0.0,20,1,0,0.6013166666666667
2519,1.0,17,0,1,0.6011583333333334
2520,1.0,40,0,1,0.601
2521,0.0,5,1,0,0.6008416666666667
2522,0.0,13,1,0,0.6006833333333333
2523,0.0,1,1,0,0.600525
2524,0.0,5,1,0,0.6003666666666667
2525,1.0,32,0,1,0.6002083333333333
2526,0.0,3,1,0,0.60005
2527,0.0,3,1,0,0.5998916666666667
2528,0.0,1,1,0,0.5997333333333333
2529,0.0,8,1,0,0.599575
2530,1.0,21,0,1,0.5994166666666667
2531,1.0,25,0,1,0.5992583333333333
2532,1.0,30,0,1,0.5991
2533,1.0,30,0,1,0.5989416666666667
2534,0.0,54,1,0,0.5987833333333333
2535,0.0,43,1,0,0.598625
2536,1.0,37,0,1,0.5984666666666667
2537,1.0,19,0,1,0.5983083333333333
2538,0.0,1,1,0,0.59815
2539,1.0,36,0,1,0.5979916666666667
2540,0.0,5,1,0,0.5978333333333333
2541,1.0,20,0,1,0.597675
2542,0.0,3,1,0,0.5975166666666667
2543,0.0,9,1,0,0.5973583333333333
2544,0.0,1,1,0,0.5972
2545,1.0,18,0,1,0.5970416666666667
2546,1.0,26,0,1,0.5968833333333333
2547,0.0,1,1,0,0.596725
2548,1.0,40,0,1,0.5965666666666667
2549,1.0,13,0,1,0.5964083333333333
2550,1.0,29,0,1,0.59625
2551,0.0,10,1,0,0.5960916666666667
2552,0.0,1,1,0,0.5959333333333334
2553,0.0,1,1,0,0.595775
2554,0.0,26,1,0,0.5956166666666667
2555,0.0,1,1,0,0.5954583333333334
2556,1.0,42,0,1,0.5953
2557,0.0,3,1,0,0.5951416666666667
2558,1.0,31,0,1,0.5949833333333334
2559,0.0,12,1,0,0.594825
2560,1.0,23,0,1,0.5946666666666667
2561,1.0,27,0,1,0.5945083333333334
2562,0.0,32,1,0,0.59435
2563,1.0,48,0,1,0.5941916666666667
2564,1.0,43,0,1,0.5940333333333334
2565,1.0,36,0,1,0.593875
2566,1.0,24,0,1,0.5937166666666667
2567,0.0,24,1,0,0.5935583333333334
2568,0.0,12,1,0,0.5934
2569,1.0,30,0,1,0.5932416666666667
2570,0.0,1,1,0,0.5930833333333334
2571,0.0,8,1,0,0.592925
2572,0.0,53,1,0,0.5927666666666667
2573,1.0,39,0,1,0.5926083333333334
2574,0.0,26,1,0,0.59245
2575,1.0,30,0,1,0.5922916666666667
2576,1.0,25,0,1,0.5921333333333334
2577,0.0,6,1,0,0.591975
2578,1.0,57,0,1,0.5918166666666667
2579,0.0,14,1,0,0.5916583333333334
2580,1.0,24,0,1,0.5915
2581,1.0,32,0,1,0.5913416666666667
2582,0.0,17,1,0,0.5911833333333334
2583,0.0,21,1,0,0.591025
2584,1.0,12,0,1,0.5908666666666667
2585,1.0,50,0,1,0.5907083333333334
2586,1.0,56,0,1,0.59055
2587,0.0,1,1,0,0.5903916666666666
2588,1.0,50,0,1,0.5902333333333334
2589,0.0,3,1,0,0.590075
2590,0.0,11,1,0,0.5899166666666666
2591,0.0,1,1,0,0.5897583333333334
2592,0.0,4,1,0,0.5896
2593,0.0,1,1,0,0.5894416666666666
2594,1.0,30,0,1,0.5892833333333334
2595,0.0,1,1,0,0.589125
2596,1.0,37,0,1,0.5889666666666666
2597,1.0,28,0,1,0.5888083333333334
2598,0.0,23,1,0,0.58865
2599,0.0,24,1,0,0.5884916666666666
2600,0.0,10,1,0,0.5883333333333334
2601,1.0,37,0,1,0.588175
2602,1.0,51,0,1,0.5880166666666666
2603,0.0,1,1,0,0.5878583333333334
2604,0.0,18,1,0,0.5877
2605,0.0,6,1,0,0.5875416666666666
2606,1.0,77,0,1,0.5873833333333334
2607,0.0,31,1,0,0.587225
2608,1.0,30,0,1,0.5870666666666666
2609,1.0,20,0,1,0.5869083333333334
2610,0.0,5,1,0,0.58675
2611,0.0,1,1,0,0.5865916666666666
2612,0.0,18,1,0,0.5864333333333334
2613,1.0,29,0,1,0.5862750000000001
2614,0.0,27,1,0,0.5861166666666667
2615,0.0,1,1,0,0.5859583333333334
2616,0.0,28,1,0,0.5858000000000001
2617,1.0,43,0,1,0.5856416666666667
2618,0.0,40,1,0,0.5854833333333334
2619,1.0,28,0,1,0.5853250000000001
2620,0.0,13,1,0,0.5851666666666667
2621,1.0,28,0,1,0.5850083333333334
2622,1.0,34,0,1,0.5848500000000001
2623,0.0,26,1,0,0.5846916666666667
2624,0.0,1,1,0,0.5845333333333333
2625,0.0,17,1,0,0.5843750000000001
2626,0.0,13,1,0,0.5842166666666667
2627,0.0,3,1,0,0.5840583333333333
2628,0.0,14,1,0,0.5839000000000001
2629,0.0,1,1,0,0.5837416666666667
2630,0.0,28,1,0,0.5835833333333333
2631,0.0,1,1,0,0.5834250000000001
2632,1.0,36,0,1,0.5832666666666667
2633,0.0,1,1,0,0.5831083333333333
2634,0.0,1,1,0,0.5829500000000001
2635,1.0,56,0,1,0.5827916666666667
2636,0.0,8,1,0,0.5826333333333333
2637,1.0,38,0,1,0.5824750000000001
2638,1.0,25,0,1,0.5823166666666667
2639,1.0,20,0,1,0.5821583333333333
2640,1.0,27,0,1,0.5820000000000001
2641,1.0,23,0,1,0.5818416666666667
2642,0.0,31,1,0,0.5816833333333333
2643,0.0,17,1,0,0.5815250000000001
2644,1.0,19,0,1,0.5813666666666667
2645,0.0,2,1,0,0.5812083333333333
2646,0.0,19,1,0,0.5810500000000001
2647,0.0,6,1,0,0.5808916666666667
2648,0.0,1,1,0,0.5807333333333333
2649,1.0,23,0,1,0.5805750000000001
2650,1.0,20,0,1,0.5804166666666667
2651,0.0,2,1,0,0.5802583333333333
2652,0.0,24,1,0,0.5801000000000001
2653,0.0,32,1,0,0.5799416666666667
2654,0.0,26,1,0,0.5797833333333333
2655,1.0,40,0,1,0.5796250000000001
2656,1.0,23,0,1,0.5794666666666667
2657,1.0,39,0,1,0.5793083333333333
2658,0.0,1,1,0,0.57915
2659,0.0,1,1,0,0.5789916666666667
2660,0.0,3,1,0,0.5788333333333333
2661,0.0,13,1,0,0.578675
2662,0.0,34,1,0,0.5785166666666667
2663,1.0,15,0,1,0.5783583333333333
2664,1.0,21,0,1,0.5782
2665,1.0,19,0,1,0.5780416666666667
2666,0.0,1,1,0,0.5778833333333333
2667,0.0,6,1,0,0.577725
2668,0.0,46,1,0,0.5775666666666667
2669,1.0,14,0,1,0.5774083333333333
2670,1.0,33,0,1,0.57725
2671,0.0,5,1,0,0.5770916666666668
2672,0.0,36,1,0,0.5769333333333333
2673,0.0,4,1,0,0.576775
2674,1.0,38,0,1,0.5766166666666668
2675,0.0,7,1,0,0.5764583333333333
2676,0.0,3,1,0,0.5763
2677,1.0,48,0,1,0.5761416666666668
2678,0.0,27,1,0,0.5759833333333333
2679,0.0,32,1,0,0.575825
2680,1.0,17,0,1,0.5756666666666668
2681,0.0,16,1,0,0.5755083333333333
2682,1.0,25,0,1,0.57535
2683,1.0,27,0,1,0.5751916666666668
2684,1.0,34,0,1,0.5750333333333333
2685,0.0,27,1,0,0.574875
2686,1.0,40,0,1,0.5747166666666668
2687,1.0,13,0,1,0.5745583333333333
2688,1.0,28,0,1,0.5744
2689,1.0,35,0,1,0.5742416666666668
2690,0.0,1,1,0,0.5740833333333334
2691,0.0,42,1,0,0.573925
2692,1.0,32,0,1,0.5737666666666668
2693,0.0,11,1,0,0.5736083333333334
2694,1.0,37,0,1,0.57345
2695,1.0,20,0,1,0.5732916666666668
2696,1.0,45,0,1,0.5731333333333334
2697,1.0,38,0,1,0.572975
2698,0.0,24,1,0,0.5728166666666668
2699,1.0,25,0,1,0.5726583333333334
2700,0.0,39,1,0,0.5725
2701,1.0,18,0,1,0.5723416666666667
2702,1.0,52,0,1,0.5721833333333334
2703,0.0,6,1,0,0.572025
2704,0.0,34,1,0,0.5718666666666667
2705,0.0,3,1,0,0.5717083333333334
2706,0.0,31,1,0,0.57155
2707,0.0,8,1,0,0.5713916666666667
2708,1.0,39,0,1,0.5712333333333334
2709,0.0,5,1,0,0.571075
2710,0.0,1,1,0,0.5709166666666667
2711,0.0,17,1,0,0.5707583333333334
2712,0.0,1,1,0,0.5706
2713,0.0,1,1,0,0.5704416666666667
2714,1.0,24,0,1,0.5702833333333334
2715,0.0,15,1,0,0.570125
2716,0.0,27,1,0,0.5699666666666667
2717,0.0,6,1,0,0.5698083333333334
2718,1.0,35,0,1,0.56965
2719,1.0,49,0,1,0.5694916666666667
2720,1.0,42,0,1,0.5693333333333334
2721,1.0,23,0,1,0.569175
2722,1.0,33,0,1,0.5690166666666667
2723,1.0,31,0,1,0.5688583333333334
2724,1.0,60,0,1,0.5687
2725,0.0,3,1,0,0.5685416666666667
2726,1.0,29,0,1,0.5683833333333334
2727,1.0,62,0,1,0.568225
2728,0.0,20,1,0,0.5680666666666667
2729,0.0,31,1,0,0.5679083333333333
2730,0.0,13,1,0,0.56775
2731,0.0,24,1,0,0.5675916666666667
2732,0.0,45,1,0,0.5674333333333335
2733,1.0,16,0,1,0.567275
2734,1.0,64,0,1,0.5671166666666667
2735,0.0,7,1,0,0.5669583333333335
2736,1.0,47,0,1,0.5668
2737,1.0,61,0,1,0.5666416666666667
2738,0.0,1,1,0,0.5664833333333334
2739,1.0,39,0,1,0.566325
2740,1.0,49,0,1,0.5661666666666667
2741,1.0,27,0,1,0.5660083333333334
2742,1.0,34,0,1,0.56585
2743,0.0,42,1,0,0.5656916666666667
2744,1.0,25,0,1,0.5655333333333334
2745,1.0,21,0,1,0.565375
2746,1.0,18,0,1,0.5652166666666667
2747,0.0,1,1,0,0.5650583333333334
2748,0.0,15,1,0,0.5649
2749,0.0,34,1,0,0.5647416666666667
2750,0.0,3,1,0,0.5645833333333334
2751,0.0,43,1,0,0.564425
2752,0.0,4,1,0,0.5642666666666667
2753,0.0,7,1,0,0.5641083333333334
2754,0.0,29,1,0,0.56395
2755,0.0,28,1,0,0.5637916666666667
2756,1.0,36,0,1,0.5636333333333334
2757,0.0,1,1,0,0.563475
2758,1.0,48,0,1,0.5633166666666667
2759,1.0,32,0,1,0.5631583333333334
2760,0.0,22,1,0,0.563
2761,1.0,18,0,1,0.5628416666666667
2762,1.0,27,0,1,0.5626833333333334
2763,0.0,1,1,0,0.5625249999999999
2764,0.0,22,1,0,0.5623666666666667
2765,1.0,38,0,1,0.5622083333333334
2766,1.0,53,0,1,0.5620499999999999
2767,1.0,38,0,1,0.5618916666666667
2768,0.0,1,1,0,0.5617333333333334
2769,1.0,29,0,1,0.5615749999999999
2770,1.0,33,0,1,0.5614166666666667
2771,0.0,1,1,0,0.5612583333333334
2772,1.0,35,0,1,0.5610999999999999
2773,0.0,21,1,0,0.5609416666666667
2774,1.0,58,0,1,0.5607833333333334
2775,1.0,27,0,1,0.5606249999999999
2776,1.0,28,0,1,0.5604666666666667
2777,1.0,77,0,1,0.5603083333333334
2778,1.0,32,0,1,0.5601499999999999
2779,0.0,17,1,0,0.5599916666666667
2780,0.0,1,1,0,0.5598333333333334
2781,0.0,24,1,0,0.5596749999999999
2782,1.0,29,0,1,0.5595166666666667
2783,1.0,33,0,1,0.5593583333333334
2784,1.0,30,0,1,0.5591999999999999
2785,0.0,25,1,0,0.5590416666666667
2786,0.0,3,1,0,0.5588833333333334
2787,1.0,44,0,1,0.5587249999999999
2788,0.0,1,1,0,0.5585666666666667
2789,0.0,12,1,0,0.5584083333333334
2790,1.0,38,0,1,0.55825
2791,0.0,13,1,0,0.5580916666666667
2792,1.0,30,0,1,0.5579333333333334
2793,1.0,37,0,1,0.557775
2794,1.0,19,0,1,0.5576166666666666
2795,0.0,1,1,0,0.5574583333333334
2796,1.0,33,0,1,0.5573
2797,1.0,29,0,1,0.5571416666666666
2798,1.0,27,0,1,0.5569833333333334
2799,0.0,23,1,0,0.556825
2800,1.0,15,0,1,0.5566666666666666
2801,0.0,5,1,0,0.5565083333333334
2802,0.0,6,1,0,0.55635
2803,1.0,23,0,1,0.5561916666666666
2804,0.0,12,1,0,0.5560333333333334
2805,1.0,16,0,1,0.555875
2806,0.0,1,1,0,0.5557166666666666
2807,0.0,1,1,0,0.5555583333333334
2808,1.0,45,0,1,0.5554
2809,1.0,29,0,1,0.5552416666666666
2810,1.0,24,0,1,0.5550833333333334
2811,0.0,14,1,0,0.554925
2812,0.0,18,1,0,0.5547666666666666
2813,0.0,1,1,0,0.5546083333333334
2814,0.0,17,1,0,0.5544500000000001
2815,0.0,28,1,0,0.5542916666666666
2816,0.0,1,1,0,0.5541333333333334
2817,0.0,7,1,0,0.5539750000000001
2818,1.0,35,0,1,0.5538166666666666
2819,1.0,38,0,1,0.5536583333333334
2820,0.0,16,1,0,0.5535000000000001
2821,1.0,21,0,1,0.5533416666666666
2822,1.0,31,0,1,0.5531833333333334
2823,0.0,1,1,0,0.5530250000000001
2824,1.0,32,0,1,0.5528666666666666
2825,1.0,50,0,1,0.5527083333333334
2826,1.0,34,0,1,0.5525500000000001
2827,1.0,38,0,1,0.5523916666666666
2828,0.0,7,1,0,0.5522333333333334
2829,1.0,55,0,1,0.5520750000000001
2830,1.0,23,0,1,0.5519166666666666
2831,1.0,35,0,1,0.5517583333333334
2832,0.0,22,1,0,0.5516000000000001
2833,0.0,1,1,0,0.5514416666666666
2834,1.0,33,0,1,0.5512833333333333
2835,1.0,26,0,1,0.5511250000000001
2836,1.0,25,0,1,0.5509666666666666
2837,0.0,15,1,0,0.5508083333333333
2838,0.0,1,1,0,0.5506500000000001
2839,1.0,22,0,1,0.5504916666666666
2840,0.0,1,1,0,0.5503333333333333
2841,0.0,2,1,0,0.5501750000000001
2842,0.0,41,1,0,0.5500166666666666
2843,0.0,1,1,0,0.5498583333333333
2844,1.0,31,0,1,0.5497000000000001
2845,1.0,22,0,1,0.5495416666666666
2846,1.0,33,0,1,0.5493833333333333
2847,0.0,6,1,0,0.5492250000000001
2848,1.0,35,0,1,0.5490666666666666
2849,1.0,17,0,1,0.5489083333333333
2850,1.0,42,0,1,0.5487500000000001
2851,1.0,19,0,1,0.5485916666666667
2852,0.0,1,1,0,0.5484333333333333
2853,0.0,3,1,0,0.5482750000000001
2854,1.0,40,0,1,0.5481166666666667
2855,0.0,1,1,0,0.5479583333333333
2856,0.0,4,1,0,0.5478000000000001
2857,0.0,17,1,0,0.5476416666666667
2858,1.0,23,0,1,0.5474833333333333
2859,1.0,37,0,1,0.5473250000000001
2860,1.0,35,0,1,0.5471666666666667
2861,0.0,12,1,0,0.5470083333333333
2862,0.0,37,1,0,0.5468500000000001
2863,0.0,6,1,0,0.5466916666666667
2864,1.0,21,0,1,0.5465333333333333
2865,0.0,14,1,0,0.546375
2866,0.0,26,1,0,0.5462166666666667
2867,1.0,44,0,1,0.5460583333333333
2868,1.0,22,0,1,0.5459
2869,1.0,27,0,1,0.5457416666666667
2870,1.0,25,0,1,0.5455833333333333
2871,0.0,1,1,0,0.545425
2872,1.0,15,0,1,0.5452666666666667
2873,0.0,12,1,0,0.5451083333333333
2874,0.0,1,1,0,0.54495
2875,0.0,4,1,0,0.5447916666666667
2876,0.0,1,1,0,0.5446333333333333
2877,1.0,52,0,1,0.544475
2878,1.0,44,0,1,0.5443166666666667
2879,1.0,37,0,1,0.5441583333333333
2880,0.0,30,1,0,0.544
2881,0.0,1,1,0,0.5438416666666667
2882,0.0,1,1,0,0.5436833333333333
2883,1.0,54,0,1,0.543525
2884,1.0,22,0,1,0.5433666666666667
2885,1.0,25,0,1,0.5432083333333333
2886,0.0,2,1,0,0.54305
2887,1.0,21,0,1,0.5428916666666667
2888,0.0,12,1,0,0.5427333333333333
2889,1.0,25,0,1,0.542575
2890,0.0,22,1,0,0.5424166666666667
2891,0.0,1,1,0,0.5422583333333333
2892,1.0,19,0,1,0.5421
2893,0.0,3,1,0,0.5419416666666667
2894,1.0,15,0,1,0.5417833333333333
2895,0.0,3,1,0,0.541625
2896,0.0,10,1,0,0.5414666666666667
2897,0.0,32,1,0,0.5413083333333333
2898,1.0,33,0,1,0.54115
2899,1.0,38,0,1,0.5409916666666666
2900,1.0,27,0,1,0.5408333333333333
2901,1.0,23,0,1,0.540675
2902,0.0,20,1,0,0.5405166666666666
2903,0.0,25,1,0,0.5403583333333333
2904,1.0,21,0,1,0.5402
2905,0.0,13,1,0,0.5400416666666666
2906,0.0,5,1,0,0.5398833333333333
2907,0.0,6,1,0,0.539725
2908,0.0,3,1,0,0.5395666666666666
2909,1.0,22,0,1,0.5394083333333333
2910,1.0,26,0,1,0.53925
2911,1.0,33,0,1,0.5390916666666667
2912,0.0,3,1,0,0.5389333333333334
2913,0.0,1,1,0,0.538775
2914,1.0,33,0,1,0.5386166666666667
2915,0.0,24,1,0,0.5384583333333334
2916,1.0,22,0,1,0.5383
2917,0.0,17,1,0,0.5381416666666667
2918,0.0,19,1,0,0.5379833333333334
2919,1.0,23,0,1,0.537825
2920,0.0,7,1,0,0.5376666666666667
2921,0.0,1,1,0,0.5375083333333334
2922,1.0,27,0,1,0.53735
2923,0.0,3,1,0,0.5371916666666667
2924,1.0,20,0,1,0.5370333333333334
2925,0.0,7,1,0,0.536875
2926,1.0,36,0,1,0.5367166666666667
2927,1.0,40,0,1,0.5365583333333334
2928,0.0,1,1,0,0.5364
2929,0.0,6,1,0,0.5362416666666667
2930,0.0,35,1,0,0.5360833333333334
2931,0.0,12,1,0,0.535925
2932,0.0,22,1,0,0.5357666666666667
2933,0.0,25,1,0,0.5356083333333334
2934,1.0,28,0,1,0.53545
2935,1.0,36,0,1,0.5352916666666667
2936,1.0,38,0,1,0.5351333333333333
2937,1.0,22,0,1,0.534975
2938,1.0,27,0,1,0.5348166666666667
2939,1.0,28,0,1,0.5346583333333333
2940,1.0,57,0,1,0.5345
2941,1.0,16,0,1,0.5343416666666667
2942,0.0,1,1,0,0.5341833333333333
2943,1.0,41,0,1,0.534025
2944,1.0,33,0,1,0.5338666666666667
2945,1.0,44,0,1,0.5337083333333333
2946,1.0,49,0,1,0.53355
2947,1.0,35,0,1,0.5333916666666667
2948,1.0,31,0,1,0.5332333333333333
2949,0.0,11,1,0,0.533075
2950,1.0,23,0,1,0.5329166666666667
2951,0.0,16,1,0,0.5327583333333333
2952,0.0,12,1,0,0.5326
2953,0.0,32,1,0,0.5324416666666667
2954,0.0,20,1,0,0.5322833333333333
2955,1.0,61,0,1,0.532125
2956,1.0,24,0,1,0.5319666666666667
2957,0.0,13,1,0,0.5318083333333333
2958,1.0,22,0,1,0.53165
2959,1.0,23,0,1,0.5314916666666667
2960,1.0,49,0,1,0.5313333333333333
2961,0.0,19,1,0,0.531175
2962,1.0,24,0,1,0.5310166666666667
2963,1.0,29,0,1,0.5308583333333333
2964,0.0,4,1,0,0.5307
2965,1.0,15,0,1,0.5305416666666667
2966,0.0,14,1,0,0.5303833333333333
2967,0.0,1,1,0,0.530225
2968,1.0,22,0,1,0.5300666666666667
2969,0.0,4,1,0,0.5299083333333333
2970,0.0,1,1,0,0.5297499999999999
2971,1.0,21,0,1,0.5295916666666667
2972,0.0,32,1,0,0.5294333333333334
2973,0.0,46,1,0,0.529275
2974,1.0,27,0,1,0.5291166666666667
2975,1.0,34,0,1,0.5289583333333334
2976,0.0,26,1,0,0.5288
2977,1.0,52,0,1,0.5286416666666667
2978,0.0,6,1,0,0.5284833333333334
2979,1.0,21,0,1,0.528325
2980,0.0,22,1,0,0.5281666666666667
2981,1.0,24,0,1,0.5280083333333334
2982,1.0,31,0,1,0.52785
2983,1.0,22,0,1,0.5276916666666667
2984,0.0,1,1,0,0.5275333333333334
2985,1.0,16,0,1,0.527375
2986,1.0,42,0,1,0.5272166666666667
2987,1.0,27,0,1,0.5270583333333334
2988,0.0,25,1,0,0.5269
2989,0.0,1,1,0,0.5267416666666667
2990,1.0,94,0,1,0.5265833333333334
2991,1.0,19,0,1,0.526425
2992,0.0,19,1,0,0.5262666666666667
2993,1.0,51,0,1,0.5261083333333334
2994,0.0,11,1,0,0.52595
2995,1.0,47,0,1,0.5257916666666667
2996,1.0,17,0,1,0.5256333333333334
2997,0.0,1,1,0,0.525475
2998,0.0,1,1,0,0.5253166666666667
2999,0.0,1,1,0,0.5251583333333334
3000,0.0,20,1,0,0.525
3001,0.0,1,1,0,0.5248416666666667
3002,0.0,2,1,0,0.5246833333333334
3003,0.0,7,1,0,0.5245250000000001
3004,0.0,2,1,0,0.5243666666666666
3005,1.0,17,0,1,0.5242083333333334
3006,0.0,19,1,0,0.52405
3007,0.0,3,1,0,0.5238916666666666
3008,1.0,26,0,1,0.5237333333333334
3009,1.0,19,0,1,0.5235750000000001
3010,0.0,23,1,0,0.5234166666666666
3011,1.0,25,0,1,0.5232583333333334
3012,1.0,23,0,1,0.5231
3013,0.0,28,1,0,0.5229416666666666
3014,0.0,1,1,0,0.5227833333333334
3015,0.0,1,1,0,0.5226250000000001
3016,0.0,6,1,0,0.5224666666666666
3017,1.0,17,0,1,0.5223083333333334
3018,0.0,6,1,0,0.52215
3019,0.0,24,1,0,0.5219916666666666
3020,1.0,37,0,1,0.5218333333333334
3021,1.0,34,0,1,0.5216750000000001
3022,0.0,1,1,0,0.5215166666666666
3023,0.0,1,1,0,0.5213583333333334
3024,0.0,18,1,0,0.5212
3025,1.0,18,0,1,0.5210416666666666
3026,0.0,1,1,0,0.5208833333333334
3027,1.0,36,0,1,0.5207250000000001
3028,0.0,34,1,0,0.5205666666666666
3029,0.0,1,1,0,0.5204083333333334
3030,0.0,66,1,0,0.5202500000000001
3031,0.0,7,1,0,0.5200916666666667
3032,0.0,11,1,0,0.5199333333333334
3033,1.0,39,0,1,0.5197750000000001
3034,1.0,29,0,1,0.5196166666666666
3035,1.0,27,0,1,0.5194583333333334
3036,0.0,51,1,0,0.5193000000000001
3037,0.0,1,1,0,0.5191416666666667
3038,1.0,23,0,1,0.5189833333333334
3039,0.0,1,1,0,0.5188250000000001
3040,0.0,19,1,0,0.5186666666666666
3041,1.0,62,0,1,0.5185083333333333
3042,1.0,47,0,1,0.5183500000000001
3043,0.0,10,1,0,0.5181916666666667
3044,1.0,15,0,1,0.5180333333333333
3045,1.0,21,0,1,0.5178750000000001
3046,0.0,11,1,0,0.5177166666666666
3047,1.0,24,0,1,0.5175583333333333
3048,1.0,25,0,1,0.5174000000000001
3049,0.0,12,1,0,0.5172416666666667
3050,0.0,3,1,0,0.5170833333333333
3051,1.0,26,0,1,0.5169250000000001
3052,0.0,1,1,0,0.5167666666666666
3053,0.0,7,1,0,0.5166083333333333
3054,1.0,28,0,1,0.5164500000000001
3055,1.0,22,0,1,0.5162916666666667
3056,1.0,19,0,1,0.5161333333333333
3057,0.0,40,1,0,0.5159750000000001
3058,1.0,29,0,1,0.5158166666666666
3059,1.0,43,0,1,0.5156583333333333
3060,1.0,20,0,1,0.5155000000000001
3061,1.0,42,0,1,0.5153416666666667
3062,1.0,32,0,1,0.5151833333333333
3063,0.0,18,1,0,0.5150250000000001
3064,0.0,33,1,0,0.5148666666666666
3065,1.0,33,0,1,0.5147083333333333
3066,0.0,1,1,0,0.5145500000000001
3067,0.0,12,1,0,0.5143916666666667
3068,0.0,3,1,0,0.5142333333333333
3069,0.0,14,1,0,0.5140750000000001
3070,1.0,21,0,1,0.5139166666666666
3071,1.0,36,0,1,0.5137583333333333
3072,1.0,21,0,1,0.5136000000000001
3073,0.0,1,1,0,0.5134416666666667
3074,0.0,14,1,0,0.5132833333333333
3075,0.0,12,1,0,0.513125
3076,1.0,23,0,1,0.5129666666666666
3077,0.0,12,1,0,0.5128083333333333
3078,1.0,62,0,1,0.51265
3079,0.0,20,1,0,0.5124916666666667
3080,0.0,14,1,0,0.5123333333333333
3081,1.0,20,0,1,0.512175
3082,0.0,1,1,0,0.5120166666666666
3083,1.0,25,0,1,0.5118583333333333
3084,1.0,17,0,1,0.5117
3085,0.0,1,1,0,0.5115416666666667
3086,0.0,21,1,0,0.5113833333333333
3087,0.0,1,1,0,0.511225
3088,1.0,34,0,1,0.5110666666666667
3089,0.0,4,1,0,0.5109083333333333
3090,1.0,34,0,1,0.51075
3091,1.0,17,0,1,0.5105916666666668
3092,0.0,6,1,0,0.5104333333333334
3093,1.0,33,0,1,0.510275
3094,1.0,31,0,1,0.5101166666666667
3095,1.0,32,0,1,0.5099583333333333
3096,0.0,19,1,0,0.5098
3097,1.0,26,0,1,0.5096416666666668
3098,0.0,2,1,0,0.5094833333333334
3099,0.0,13,1,0,0.509325
3100,1.0,13,0,1,0.5091666666666667
3101,0.0,15,1,0,0.5090083333333333
3102,1.0,17,0,1,0.50885
3103,1.0,24,0,1,0.5086916666666668
3104,1.0,19,0,1,0.5085333333333334
3105,1.0,28,0,1,0.508375
3106,0.0,32,1,0,0.5082166666666666
3107,1.0,21,0,1,0.5080583333333333
3108,0.0,4,1,0,0.5079
3109,0.0,13,1,0,0.5077416666666668
3110,0.0,8,1,0,0.5075833333333334
3111,1.0,31,0,1,0.507425
3112,0.0,19,1,0,0.5072666666666666
3113,0.0,5,1,0,0.5071083333333333
3114,1.0,27,0,1,0.50695
3115,1.0,33,0,1,0.5067916666666668
3116,1.0,19,0,1,0.5066333333333334
3117,1.0,27,0,1,0.506475
3118,1.0,16,0,1,0.5063166666666666
3119,1.0,25,0,1,0.5061583333333333
3120,0.0,1,1,0,0.506
3121,1.0,18,0,1,0.5058416666666667
3122,1.0,17,0,1,0.5056833333333334
3123,0.0,3,1,0,0.505525
3124,0.0,28,1,0,0.5053666666666666
3125,1.0,23,0,1,0.5052083333333333
3126,0.0,14,1,0,0.50505
3127,1.0,30,0,1,0.5048916666666667
3128,0.0,2,1,0,0.5047333333333334
3129,1.0,23,0,1,0.504575
3130,1.0,46,0,1,0.5044166666666667
3131,0.0,3,1,0,0.5042583333333333
3132,0.0,32,1,0,0.5041
3133,0.0,1,1,0,0.5039416666666667
3134,1.0,20,0,1,0.5037833333333334
3135,1.0,36,0,1,0.503625
3136,0.0,8,1,0,0.5034666666666667
3137,0.0,28,1,0,0.5033083333333332
3138,0.0,16,1,0,0.50315
3139,1.0,14,0,1,0.5029916666666667
3140,0.0,1,1,0,0.5028333333333334
3141,0.0,12,1,0,0.502675
3142,1.0,17,0,1,0.5025166666666667
3143,1.0,40,0,1,0.5023583333333332
3144,1.0,21,0,1,0.5022
3145,0.0,14,1,0,0.5020416666666667
3146,0.0,15,1,0,0.5018833333333333
3147,0.0,1,1,0,0.501725
3148,0.0,1,1,0,0.5015666666666667
3149,1.0,27,0,1,0.5014083333333333
3150,0.0,20,1,0,0.50125
3151,0.0,1,1,0,0.5010916666666667
3152,0.0,1,1,0,0.5009333333333335
3153,1.0,15,0,1,0.5007750000000001
3154,0.0,15,1,0,0.5006166666666667
3155,0.0,7,1,0,0.5004583333333333
3156,1.0,13,0,1,0.5003
3157,0.0,1,1,0,0.5001416666666667
3158,0.0,7,1,0,0.49998333333333334
3159,1.0,18,0,1,0.4998250000000001
3160,0.0,18,1,0,0.4996666666666667
3161,1.0,22,0,1,0.49950833333333333
3162,1.0,13,0,1,0.49934999999999996
3163,1.0,27,0,1,0.4991916666666667
3164,1.0,19,0,1,0.49903333333333333
3165,1.0,27,0,1,0.49887500000000007
3166,1.0,17,0,1,0.4987166666666667
3167,0.0,18,1,0,0.4985583333333333
3168,1.0,34,0,1,0.49839999999999995
3169,0.0,3,1,0,0.4982416666666667
3170,1.0,31,0,1,0.4980833333333333
3171,1.0,16,0,1,0.49792500000000006
3172,0.0,28,1,0,0.4977666666666667
3173,1.0,27,0,1,0.4976083333333333
3174,1.0,14,0,1,0.49744999999999995
3175,1.0,40,0,1,0.4972916666666667
3176,0.0,3,1,0,0.4971333333333333
3177,1.0,30,0,1,0.49697500000000006
3178,1.0,29,0,1,0.4968166666666667
3179,1.0,27,0,1,0.4966583333333333
3180,0.0,2,1,0,0.49650000000000005
3181,1.0,16,0,1,0.4963416666666667
3182,1.0,22,0,1,0.4961833333333334
3183,0.0,3,1,0,0.49602500000000005
3184,1.0,29,0,1,0.4958666666666668
3185,1.0,36,0,1,0.4957083333333333
3186,1.0,39,0,1,0.49555000000000005
3187,1.0,22,0,1,0.4953916666666667
3188,1.0,26,0,1,0.4952333333333334
3189,1.0,17,0,1,0.49507500000000004
3190,0.0,1,1,0,0.4949166666666668
3191,0.0,15,1,0,0.4947583333333333
3192,0.0,10,1,0,0.49460000000000004
3193,1.0,30,0,1,0.49444166666666667
3194,0.0,10,1,0,0.4942833333333334
3195,1.0,21,0,1,0.49412500000000004
3196,1.0,39,0,1,0.4939666666666668
3197,0.0,13,1,0,0.4938083333333333
3198,1.0,35,0,1,0.49365000000000003
3199,1.0,15,0,1,0.49349166666666666
3200,1.0,13,0,1,0.4933333333333334
3201,1.0,26,0,1,0.49317500000000003
3202,1.0,38,0,1,0.49301666666666677
3203,0.0,1,1,0,0.4928583333333333
3204,0.0,24,1,0,0.4927
3205,1.0,20,0,1,0.49254166666666666
3206,0.0,7,1,0,0.4923833333333334
3207,0.0,5,1,0,0.492225
3208,0.0,15,1,0,0.49206666666666676
3209,1.0,15,0,1,0.4919083333333333
3210,1.0,17,0,1,0.49175
3211,0.0,11,1,0,0.49159166666666665
3212,1.0,19,0,1,0.4914333333333334
3213,1.0,15,0,1,0.491275
3214,1.0,15,0,1,0.49111666666666676
3215,1.0,33,0,1,0.4909583333333333
3216,1.0,32,0,1,0.4908
3217,1.0,30,0,1,0.49064166666666664
3218,1.0,17,0,1,0.4904833333333334
3219,1.0,29,0,1,0.490325
3220,1.0,31,0,1,0.49016666666666675
3221,0.0,1,1,0,0.49000833333333327
3222,0.0,26,1,0,0.48985
3223,1.0,25,0,1,0.48969166666666664
3224,1.0,27,0,1,0.4895333333333334
3225,1.0,21,0,1,0.489375
3226,0.0,1,1,0,0.48921666666666674
3227,0.0,3,1,0,0.48905833333333326
3228,0.0,3,1,0,0.4889
3229,0.0,3,1,0,0.48874166666666663
3230,1.0,17,0,1,0.48858333333333337
3231,1.0,18,0,1,0.488425
3232,0.0,35,1,0,0.48826666666666674
3233,0.0,10,1,0,0.48810833333333326
3234,1.0,20,0,1,0.48795
3235,1.0,28,0,1,0.4877916666666666
3236,1.0,18,0,1,0.48763333333333336
3237,1.0,22,0,1,0.487475
3238,0.0,5,1,0,0.48731666666666673
3239,0.0,40,1,0,0.48715833333333336
3240,0.0,4,1,0,0.487
3241,1.0,25,0,1,0.48684166666666673
3242,1.0,39,0,1,0.48668333333333336
3243,1.0,28,0,1,0.4865250000000001
3244,0.0,5,1,0,0.4863666666666667
3245,1.0,22,0,1,0.48620833333333335
3246,0.0,1,1,0,0.48605
3247,0.0,1,1,0,0.4858916666666667
3248,1.0,24,0,1,0.48573333333333335
3249,0.0,1,1,0,0.4855750000000001
3250,1.0,16,0,1,0.4854166666666667
3251,0.0,1,1,0,0.48525833333333346
3252,1.0,25,0,1,0.4851
3253,1.0,15,0,1,0.4849416666666667
3254,1.0,36,0,1,0.48478333333333334
3255,1.0,27,0,1,0.4846250000000001
3256,1.0,21,0,1,0.4844666666666667
3257,0.0,1,1,0,0.48430833333333345
3258,0.0,16,1,0,0.48414999999999997
3259,1.0,33,0,1,0.4839916666666667
3260,1.0,23,0,1,0.48383333333333334
3261,0.0,1,1,0,0.4836750000000001
3262,1.0,26,0,1,0.4835166666666667
3263,0.0,16,1,0,0.48335833333333345
3264,0.0,20,1,0,0.48319999999999996
3265,1.0,19,0,1,0.4830416666666667
3266,1.0,28,0,1,0.48288333333333333
3267,1.0,29,0,1,0.48272500000000007
3268,1.0,21,0,1,0.4825666666666667
3269,1.0,27,0,1,0.48240833333333344
3270,0.0,13,1,0,0.48224999999999996
3271,0.0,5,1,0,0.4820916666666667
3272,0.0,1,1,0,0.4819333333333333
3273,1.0,25,0,1,0.48177500000000006
3274,1.0,27,0,1,0.4816166666666667
3275,1.0,21,0,1,0.48145833333333343
3276,1.0,19,0,1,0.48129999999999995
3277,0.0,16,1,0,0.4811416666666667
3278,0.0,9,1,0,0.4809833333333333
3279,0.0,1,1,0,0.48082500000000006
3280,1.0,22,0,1,0.4806666666666667
3281,1.0,24,0,1,0.4805083333333334
3282,1.0,15,0,1,0.48034999999999994
3283,1.0,27,0,1,0.4801916666666667
3284,1.0,21,0,1,0.4800333333333333
3285,1.0,23,0,1,0.47987500000000005
3286,0.0,8,1,0,0.4797166666666667
3287,0.0,4,1,0,0.4795583333333334
3288,0.0,4,1,0,0.47939999999999994
3289,0.0,16,1,0,0.4792416666666667
3290,1.0,30,0,1,0.4790833333333333
3291,1.0,20,0,1,0.47892500000000005
3292,1.0,31,0,1,0.4787666666666667
3293,1.0,23,0,1,0.4786083333333334
3294,1.0,30,0,1,0.47844999999999993
3295,1.0,21,0,1,0.47829166666666667
3296,1.0,21,0,1,0.4781333333333333
3297,0.0,5,1,0,0.47797500000000004
3298,1.0,22,0,1,0.47781666666666667
3299,0.0,39,1,0,0.4776583333333334
3300,1.0,36,0,1,0.47750000000000004
3301,1.0,27,0,1,0.47734166666666666
3302,1.0,34,0,1,0.4771833333333334
3303,1.0,32,0,1,0.47702500000000003
3304,1.0,33,0,1,0.47686666666666677
3305,0.0,1,1,0,0.4767083333333334
3306,0.0,2,1,0,0.47655000000000003
3307,0.0,1,1,0,0.47639166666666666
3308,0.0,3,1,0,0.4762333333333334
3309,1.0,21,0,1,0.476075
3310,0.0,35,1,0,0.47591666666666677
3311,1.0,18,0,1,0.4757583333333334
3312,1.0,35,0,1,0.4756
3313,0.0,1,1,0,0.47544166666666665
3314,0.0,28,1,0,0.4752833333333334
3315,0.0,20,1,0,0.475125
3316,1.0,17,0,1,0.47496666666666676
3317,0.0,4,1,0,0.4748083333333334
3318,0.0,1,1,0,0.47465
3319,1.0,18,0,1,0.47449166666666664
3320,0.0,1,1,0,0.4743333333333334
3321,0.0,18,1,0,0.474175
3322,1.0,15,0,1,0.47401666666666675
3323,1.0,23,0,1,0.4738583333333334
3324,1.0,17,0,1,0.4737
3325,1.0,15,0,1,0.47354166666666664
3326,1.0,22,0,1,0.4733833333333334
3327,1.0,32,0,1,0.473225
3328,1.0,60,0,1,0.47306666666666675
3329,0.0,15,1,0,0.4729083333333334
3330,1.0,20,0,1,0.47275
3331,1.0,19,0,1,0.47259166666666663
3332,1.0,32,0,1,0.47243333333333337
3333,1.0,34,0,1,0.472275
3334,0.0,17,1,0,0.47211666666666674
3335,1.0,27,0,1,0.47195833333333337
3336,1.0,15,0,1,0.4718
3337,0.0,1,1,0,0.4716416666666666
3338,0.0,12,1,0,0.47148333333333337
3339,1.0,42,0,1,0.471325
3340,1.0,24,0,1,0.47116666666666673
3341,0.0,17,1,0,0.47100833333333336
3342,0.0,17,1,0,0.47085
3343,0.0,3,1,0,0.4706916666666666
3344,1.0,31,0,1,0.47053333333333336
3345,0.0,1,1,0,0.470375
3346,1.0,51,0,1,0.4702166666666667
3347,0.0,2,1,0,0.47005833333333336
3348,0.0,2,1,0,0.4699
3349,1.0,23,0,1,0.4697416666666666
3350,1.0,19,0,1,0.46958333333333335
3351,1.0,20,0,1,0.469425
3352,1.0,25,0,1,0.4692666666666667
3353,0.0,4,1,0,0.46910833333333335
3354,1.0,44,0,1,0.46895
3355,0.0,18,1,0,0.4687916666666666
3356,1.0,20,0,1,0.46863333333333335
3357,1.0,15,0,1,0.468475
3358,0.0,1,1,0,0.4683166666666667
3359,1.0,17,0,1,0.46815833333333334
3360,0.0,1,1,0,0.46799999999999997
3361,1.0,17,0,1,0.4678416666666667
3362,1.0,32,0,1,0.46768333333333334
3363,1.0,21,0,1,0.4675250000000001
3364,1.0,21,0,1,0.4673666666666667
3365,1.0,47,0,1,0.46720833333333345
3366,1.0,20,0,1,0.46704999999999997
3367,1.0,21,0,1,0.4668916666666667
3368,1.0,17,0,1,0.46673333333333333
3369,1.0,28,0,1,0.4665750000000001
3370,1.0,24,0,1,0.4664166666666667
3371,1.0,24,0,1,0.46625833333333344
3372,1.0,50,0,1,0.46609999999999996
3373,0.0,6,1,0,0.4659416666666667
3374,0.0,16,1,0,0.4657833333333333
3375,1.0,27,0,1,0.46562500000000007
3376,0.0,3,1,0,0.4654666666666667
3377,0.0,3,1,0,0.46530833333333343
3378,1.0,18,0,1,0.46515000000000006
3379,0.0,1,1,0,0.4649916666666667
3380,1.0,23,0,1,0.4648333333333333
3381,1.0,17,0,1,0.46467500000000006
3382,1.0,17,0,1,0.4645166666666667
3383,1.0,16,0,1,0.46435833333333343
3384,1.0,21,0,1,0.46420000000000006
3385,0.0,3,1,0,0.4640416666666667
3386,1.0,17,0,1,0.4638833333333333
3387,1.0,16,0,1,0.46372500000000005
3388,0.0,2,1,0,0.4635666666666667
3389,0.0,12,1,0,0.4634083333333334
3390,0.0,17,1,0,0.46325000000000005
3391,0.0,14,1,0,0.4630916666666667
3392,0.0,8,1,0,0.4629333333333333
3393,0.0,3,1,0,0.46277500000000005
3394,0.0,1,1,0,0.4626166666666667
3395,1.0,22,0,1,0.4624583333333334
3396,1.0,24,0,1,0.46230000000000004
3397,1.0,21,0,1,0.4621416666666667
3398,1.0,24,0,1,0.4619833333333333
3399,0.0,13,1,0,0.46182500000000004
3400,0.0,2,1,0,0.46166666666666667
3401,1.0,32,0,1,0.4615083333333334
3402,1.0,24,0,1,0.46135000000000004
3403,0.0,40,1,0,0.46119166666666667
3404,1.0,18,0,1,0.4610333333333333
3405,1.0,36,0,1,0.46087500000000003
3406,1.0,31,0,1,0.46071666666666666
3407,0.0,11,1,0,0.4605583333333334
3408,0.0,17,1,0,0.46040000000000003
3409,0.0,3,1,0,0.46024166666666666
3410,1.0,22,0,1,0.4600833333333333
3411,0.0,8,1,0,0.45992500000000003
3412,0.0,1,1,0,0.45976666666666666
3413,1.0,13,0,1,0.4596083333333334
3414,1.0,23,0,1,0.45945
3415,1.0,41,0,1,0.45929166666666665
3416,1.0,31,0,1,0.4591333333333333
3417,0.0,19,1,0,0.458975
3418,1.0,18,0,1,0.45881666666666665
3419,0.0,1,1,0,0.4586583333333334
3420,0.0,1,1,0,0.4585
3421,1.0,34,0,1,0.45834166666666665
3422,0.0,4,1,0,0.4581833333333334
3423,1.0,26,0,1,0.458025
3424,1.0,17,0,1,0.45786666666666676
3425,1.0,35,0,1,0.4577083333333334
3426,1.0,25,0,1,0.4575500000000001
3427,1.0,23,0,1,0.45739166666666664
3428,1.0,28,0,1,0.4572333333333334
3429,1.0,14,0,1,0.457075
3430,1.0,30,0,1,0.45691666666666675
3431,1.0,28,0,1,0.4567583333333334
3432,1.0,29,0,1,0.4566000000000001
3433,0.0,14,1,0,0.45644166666666663
3434,0.0,1,1,0,0.4562833333333334
3435,0.0,7,1,0,0.456125
3436,1.0,27,0,1,0.45596666666666674
3437,1.0,14,0,1,0.45580833333333337
3438,1.0,27,0,1,0.4556500000000001
3439,1.0,23,0,1,0.45549166666666663
3440,1.0,24,0,1,0.45533333333333337
3441,1.0,22,0,1,0.455175
3442,0.0,9,1,0,0.45501666666666674
3443,0.0,9,1,0,0.45485833333333336
3444,0.0,8,1,0,0.4547000000000001
3445,1.0,13,0,1,0.4545416666666666
3446,0.0,15,1,0,0.45438333333333336
3447,1.0,17,0,1,0.454225
3448,0.0,1,1,0,0.45406666666666673
3449,0.0,8,1,0,0.45390833333333336
3450,0.0,11,1,0,0.4537500000000001
3451,1.0,39,0,1,0.4535916666666666
3452,1.0,60,0,1,0.45343333333333335
3453,1.0,19,0,1,0.453275
3454,1.0,32,0,1,0.4531166666666667
3455,1.0,20,0,1,0.45295833333333335
3456,1.0,36,0,1,0.4528000000000001
3457,1.0,27,0,1,0.4526416666666666
3458,1.0,17,0,1,0.45248333333333335
3459,1.0,37,0,1,0.452325
3460,1.0,17,0,1,0.4521666666666667
3461,0.0,2,1,0,0.45200833333333335
3462,0.0,2,1,0,0.4518500000000001
3463,1.0,20,0,1,0.4516916666666666
3464,1.0,28,0,1,0.45153333333333334
3465,0.0,30,1,0,0.45137499999999997
3466,0.0,11,1,0,0.4512166666666667
3467,0.0,1,1,0,0.45105833333333334
3468,0.0,1,1,0,0.4509000000000001
3469,0.0,1,1,0,0.4507416666666666
3470,1.0,21,0,1,0.45058333333333334
3471,0.0,12,1,0,0.45042499999999996
3472,0.0,2,1,0,0.4502666666666667
3473,1.0,20,0,1,0.45010833333333333
3474,0.0,1,1,0,0.44995000000000007
3475,0.0,18,1,0,0.4497916666666666
3476,0.0,4,1,0,0.44963333333333333
3477,1.0,37,0,1,0.44947499999999996
3478,1.0,14,0,1,0.4493166666666667
3479,0.0,29,1,0,0.4491583333333333
3480,1.0,32,0,1,0.44900000000000007
3481,1.0,17,0,1,0.4488416666666667
3482,0.0,2,1,0,0.4486833333333333
3483,0.0,1,1,0,0.44852500000000006
3484,1.0,31,0,1,0.4483666666666667
3485,0.0,1,1,0,0.44820833333333343
3486,1.0,37,0,1,0.44805000000000006
3487,0.0,16,1,0,0.4478916666666667
3488,0.0,3,1,0,0.4477333333333333
3489,1.0,23,0,1,0.44757500000000006
3490,1.0,36,0,1,0.4474166666666667
3491,1.0,29,0,1,0.4472583333333334
3492,0.0,16,1,0,0.44710000000000005
3493,0.0,5,1,0,0.4469416666666667
3494,0.0,1,1,0,0.4467833333333333
3495,1.0,18,0,1,0.44662500000000005
3496,1.0,36,0,1,0.4464666666666667
3497,1.0,29,0,1,0.4463083333333334
3498,0.0,19,1,0,0.44615000000000005
3499,1.0,30,0,1,0.4459916666666667
3500,1.0,16,0,1,0.4458333333333333
3501,1.0,20,0,1,0.44567500000000004
3502,1.0,23,0,1,0.44551666666666667
3503,0.0,1,1,0,0.4453583333333334
3504,0.0,33,1,0,0.44520000000000004
3505,1.0,22,0,1,0.4450416666666668
3506,1.0,43,0,1,0.4448833333333333
3507,0.0,7,1,0,0.44472500000000004
3508,1.0,17,0,1,0.44456666666666667
3509,0.0,1,1,0,0.4444083333333334
3510,1.0,23,0,1,0.44425000000000003
3511,1.0,25,0,1,0.4440916666666668
3512,1.0,15,0,1,0.4439333333333333
3513,0.0,5,1,0,0.44377500000000003
3514,1.0,24,0,1,0.44361666666666666
3515,0.0,25,1,0,0.4434583333333334
3516,1.0,39,0,1,0.4433
3517,0.0,14,1,0,0.44314166666666677
3518,0.0,20,1,0,0.4429833333333333
3519,1.0,24,0,1,0.442825
3520,0.0,3,1,0,0.44266666666666665
3521,1.0,15,0,1,0.4425083333333334
3522,0.0,14,1,0,0.44235
3523,1.0,13,0,1,0.44219166666666676
3524,0.0,1,1,0,0.4420333333333333
3525,1.0,15,0,1,0.441875
3526,1.0,17,0,1,0.44171666666666665
3527,1.0,33,0,1,0.4415583333333334
3528,1.0,26,0,1,0.4414
3529,1.0,23,0,1,0.44124166666666675
3530,0.0,18,1,0,0.44108333333333327
3531,1.0,33,0,1,0.440925
3532,0.0,23,1,0,0.44076666666666664
3533,0.0,11,1,0,0.4406083333333334
3534,1.0,19,0,1,0.44045
3535,0.0,20,1,0,0.44029166666666675
3536,0.0,1,1,0,0.44013333333333327
3537,1.0,34,0,1,0.439975
3538,1.0,22,0,1,0.43981666666666663
3539,0.0,13,1,0,0.4396583333333334
3540,1.0,18,0,1,0.4395
3541,0.0,19,1,0,0.43934166666666674
3542,1.0,24,0,1,0.43918333333333337
3543,1.0,19,0,1,0.439025
3544,1.0,21,0,1,0.43886666666666674
3545,1.0,25,0,1,0.43870833333333337
3546,1.0,21,0,1,0.4385500000000001
3547,0.0,1,1,0,0.43839166666666673
3548,1.0,36,0,1,0.43823333333333336
3549,1.0,24,0,1,0.438075
3550,0.0,2,1,0,0.43791666666666673
3551,0.0,1,1,0,0.43775833333333336
3552,0.0,1,1,0,0.4376000000000001
3553,0.0,1,1,0,0.43744166666666673
3554,1.0,29,0,1,0.43728333333333336
3555,0.0,10,1,0,0.437125
3556,0.0,1,1,0,0.4369666666666667
3557,1.0,25,0,1,0.43680833333333335
3558,1.0,19,0,1,0.4366500000000001
3559,1.0,17,0,1,0.4364916666666667
3560,0.0,5,1,0,0.43633333333333335
3561,1.0,17,0,1,0.436175
3562,0.0,16,1,0,0.4360166666666667
3563,1.0,23,0,1,0.43585833333333335
3564,0.0,4,1,0,0.4357000000000001
3565,0.0,9,1,0,0.4355416666666667
3566,1.0,19,0,1,0.43538333333333334
3567,1.0,30,0,1,0.435225
3568,1.0,19,0,1,0.4350666666666667
3569,1.0,29,0,1,0.43490833333333334
3570,1.0,22,0,1,0.4347500000000001
3571,1.0,27,0,1,0.4345916666666667
3572,0.0,1,1,0,0.43443333333333334
3573,1.0,21,0,1,0.43427499999999997
3574,0.0,1,1,0,0.4341166666666667
3575,1.0,23,0,1,0.43395833333333333
3576,1.0,19,0,1,0.4338000000000001
3577,1.0,25,0,1,0.4336416666666667
3578,1.0,15,0,1,0.43348333333333333
3579,1.0,22,0,1,0.43332499999999996
3580,1.0,19,0,1,0.4331666666666667
3581,1.0,32,0,1,0.43300833333333333
3582,1.0,16,0,1,0.43285000000000007
3583,1.0,15,0,1,0.4326916666666667
3584,0.0,14,1,0,0.4325333333333333
3585,1.0,17,0,1,0.43237499999999995
3586,0.0,21,1,0,0.4322166666666667
3587,1.0,25,0,1,0.4320583333333333
3588,1.0,34,0,1,0.43190000000000006
3589,1.0,19,0,1,0.4317416666666667
3590,1.0,19,0,1,0.4315833333333333
3591,0.0,25,1,0,0.43142499999999995
3592,1.0,23,0,1,0.4312666666666667
3593,1.0,38,0,1,0.4311083333333333
3594,1.0,19,0,1,0.43095000000000006
3595,0.0,1,1,0,0.4307916666666667
3596,1.0,15,0,1,0.4306333333333333
3597,0.0,19,1,0,0.43047499999999994
3598,1.0,17,0,1,0.4303166666666667
3599,0.0,1,1,0,0.4301583333333333
3600,0.0,1,1,0,0.43000000000000005
3601,1.0,27,0,1,0.4298416666666667
3602,1.0,21,0,1,0.4296833333333333
3603,1.0,21,0,1,0.42952500000000005
3604,1.0,20,0,1,0.4293666666666667
3605,0.0,9,1,0,0.4292083333333334
3606,0.0,5,1,0,0.42905000000000004
3607,1.0,28,0,1,0.4288916666666668
3608,1.0,19,0,1,0.4287333333333333
3609,0.0,20,1,0,0.42857500000000004
3610,1.0,18,0,1,0.42841666666666667
3611,0.0,1,1,0,0.4282583333333334
3612,1.0,27,0,1,0.42810000000000004
3613,0.0,18,1,0,0.4279416666666668
3614,1.0,21,0,1,0.4277833333333333
3615,1.0,22,0,1,0.42762500000000003
3616,1.0,25,0,1,0.42746666666666666
3617,0.0,8,1,0,0.4273083333333334
3618,1.0,25,0,1,0.42715000000000003
3619,1.0,17,0,1,0.42699166666666677
3620,0.0,1,1,0,0.4268333333333333
3621,1.0,17,0,1,0.426675
3622,1.0,19,0,1,0.42651666666666666
3623,1.0,17,0,1,0.4263583333333334
3624,1.0,25,0,1,0.4262
3625,0.0,16,1,0,0.42604166666666676
3626,0.0,15,1,0,0.4258833333333334
3627,1.0,20,0,1,0.425725
3628,1.0,19,0,1,0.42556666666666665
3629,0.0,22,1,0,0.4254083333333334
3630,1.0,16,0,1,0.42525
3631,1.0,30,0,1,0.42509166666666676
3632,0.0,9,1,0,0.4249333333333334
3633,0.0,4,1,0,0.424775
3634,1.0,13,0,1,0.42461666666666664
3635,1.0,21,0,1,0.4244583333333334
3636,1.0,25,0,1,0.4243
3637,1.0,22,0,1,0.42414166666666675
3638,1.0,39,0,1,0.4239833333333334
3639,0.0,17,1,0,0.423825
3640,1.0,18,0,1,0.42366666666666664
3641,1.0,17,0,1,0.4235083333333334
3642,0.0,20,1,0,0.42335
3643,0.0,1,1,0,0.42319166666666674
3644,1.0,22,0,1,0.4230333333333334
3645,1.0,17,0,1,0.422875
3646,0.0,1,1,0,0.42271666666666663
3647,1.0,25,0,1,0.42255833333333337
3648,1.0,27,0,1,0.4224
3649,0.0,27,1,0,0.42224166666666674
3650,0.0,1,1,0,0.42208333333333337
3651,0.0,8,1,0,0.421925
3652,1.0,24,0,1,0.4217666666666666
3653,1.0,23,0,1,0.42160833333333336
3654,1.0,23,0,1,0.42145
3655,1.0,24,0,1,0.42129166666666673
3656,0.0,10,1,0,0.42113333333333336
3657,1.0,27,0,1,0.420975
3658,0.0,20,1,0,0.4208166666666666
3659,0.0,2,1,0,0.42065833333333336
3660,0.0,6,1,0,0.4205
3661,1.0,16,0,1,0.4203416666666667
3662,0.0,15,1,0,0.42018333333333335
3663,1.0,19,0,1,0.420025
3664,1.0,32,0,1,0.4198666666666667
3665,0.0,4,1,0,0.41970833333333335
3666,1.0,20,0,1,0.4195500000000001
3667,1.0,37,0,1,0.4193916666666667
3668,1.0,25,0,1,0.41923333333333346
3669,0.0,18,1,0,0.419075
3670,1.0,24,0,1,0.4189166666666667
3671,0.0,17,1,0,0.41875833333333334
3672,0.0,12,1,0,0.4186000000000001
3673,1.0,20,0,1,0.4184416666666667
3674,1.0,19,0,1,0.41828333333333345
3675,1.0,23,0,1,0.41812499999999997
3676,0.0,6,1,0,0.4179666666666667
3677,0.0,17,1,0,0.41780833333333334
3678,1.0,25,0,1,0.4176500000000001
3679,1.0,30,0,1,0.4174916666666667
3680,1.0,15,0,1,0.41733333333333344
3681,1.0,19,0,1,0.41717499999999996
3682,0.0,5,1,0,0.4170166666666667
3683,1.0,23,0,1,0.41685833333333333
3684,0.0,9,1,0,0.41670000000000007
3685,0.0,13,1,0,0.4165416666666667
3686,1.0,29,0,1,0.41638333333333344
3687,1.0,29,0,1,0.41622499999999996
3688,1.0,36,0,1,0.4160666666666667
3689,1.0,31,0,1,0.4159083333333333
3690,0.0,5,1,0,0.41575000000000006
3691,0.0,20,1,0,0.4155916666666667
3692,1.0,33,0,1,0.41543333333333343
3693,1.0,28,0,1,0.41527499999999995
3694,0.0,1,1,0,0.4151166666666667
3695,1.0,23,0,1,0.4149583333333333
3696,0.0,17,1,0,0.41480000000000006
3697,1.0,25,0,1,0.4146416666666667
3698,1.0,35,0,1,0.4144833333333334
3699,1.0,19,0,1,0.41432499999999994
3700,1.0,26,0,1,0.4141666666666667
3701,1.0,33,0,1,0.4140083333333333
3702,1.0,14,0,1,0.41385000000000005
3703,0.0,38,1,0,0.4136916666666667
3704,1.0,37,0,1,0.4135333333333334
3705,1.0,25,0,1,0.41337499999999994
3706,1.0,25,0,1,0.4132166666666667
3707,0.0,26,1,0,0.4130583333333333
3708,1.0,27,0,1,0.41290000000000004
3709,1.0,23,0,1,0.4127416666666667
3710,1.0,27,0,1,0.4125833333333334
3711,1.0,20,0,1,0.41242499999999993
3712,1.0,29,0,1,0.41226666666666667
3713,1.0,22,0,1,0.4121083333333333
3714,1.0,31,0,1,0.41195000000000004
3715,1.0,22,0,1,0.41179166666666667
3716,0.0,1,1,0,0.4116333333333334
3717,1.0,29,0,1,0.4114749999999999
3718,0.0,2,1,0,0.41131666666666666
3719,1.0,17,0,1,0.4111583333333333
3720,0.0,1,1,0,0.41100000000000003
3721,0.0,1,1,0,0.41084166666666666
3722,1.0,40,0,1,0.4106833333333334
3723,1.0,25,0,1,0.41052500000000003
3724,1.0,20,0,1,0.41036666666666666
3725,0.0,11,1,0,0.4102083333333334
3726,0.0,1,1,0,0.41005
3727,1.0,17,0,1,0.40989166666666677
3728,0.0,1,1,0,0.4097333333333334
3729,1.0,31,0,1,0.409575
3730,1.0,56,0,1,0.40941666666666665
3731,0.0,16,1,0,0.4092583333333334
3732,0.0,4,1,0,0.4091
3733,0.0,1,1,0,0.40894166666666676
3734,0.0,28,1,0,0.4087833333333334
3735,1.0,15,0,1,0.408625
3736,1.0,28,0,1,0.40846666666666664
3737,1.0,15,0,1,0.4083083333333334
3738,1.0,25,0,1,0.40815
3739,1.0,21,0,1,0.40799166666666675
3740,1.0,15,0,1,0.4078333333333334
3741,1.0,20,0,1,0.407675
3742,1.0,25,0,1,0.40751666666666664
3743,1.0,32,0,1,0.4073583333333334
3744,1.0,23,0,1,0.4072
3745,0.0,22,1,0,0.40704166666666675
3746,0.0,22,1,0,0.4068833333333334
3747,0.0,3,1,0,0.406725
3748,1.0,21,0,1,0.40656666666666663
3749,1.0,19,0,1,0.40640833333333337
3750,1.0,34,0,1,0.40625
3751,0.0,16,1,0,0.40609166666666674
3752,1.0,19,0,1,0.40593333333333337
3753,0.0,23,1,0,0.4057750000000001
3754,1.0,22,0,1,0.4056166666666666
3755,1.0,31,0,1,0.40545833333333337
3756,0.0,3,1,0,0.4053
3757,0.0,1,1,0,0.40514166666666673
3758,1.0,19,0,1,0.40498333333333336
3759,1.0,22,0,1,0.4048250000000001
3760,1.0,19,0,1,0.4046666666666666
3761,1.0,16,0,1,0.40450833333333336
3762,1.0,20,0,1,0.40435
3763,1.0,27,0,1,0.4041916666666667
3764,0.0,5,1,0,0.40403333333333336
3765,0.0,26,1,0,0.4038750000000001
3766,1.0,25,0,1,0.4037166666666666
3767,1.0,18,0,1,0.40355833333333335
3768,1.0,36,0,1,0.4034
3769,1.0,17,0,1,0.4032416666666667
3770,0.0,3,1,0,0.40308333333333335
3771,1.0,17,0,1,0.4029250000000001
3772,0.0,10,1,0,0.4027666666666666
3773,1.0,19,0,1,0.40260833333333335
3774,0.0,1,1,0,0.40245
3775,1.0,17,0,1,0.4022916666666667
3776,0.0,1,1,0,0.40213333333333334
3777,0.0,2,1,0,0.4019750000000001
3778,1.0,41,0,1,0.4018166666666667
3779,1.0,29,0,1,0.40165833333333334
3780,1.0,23,0,1,0.4015000000000001
3781,1.0,23,0,1,0.4013416666666667
3782,1.0,21,0,1,0.40118333333333345
3783,1.0,19,0,1,0.4010250000000001
3784,0.0,18,1,0,0.4008666666666667
3785,1.0,13,0,1,0.40070833333333333
3786,1.0,17,0,1,0.4005500000000001
3787,0.0,1,1,0,0.4003916666666667
3788,0.0,18,1,0,0.40023333333333344
3789,1.0,17,0,1,0.40007500000000007
3790,0.0,10,1,0,0.3999166666666667
3791,1.0,27,0,1,0.3997583333333333
3792,1.0,33,0,1,0.39960000000000007
3793,0.0,14,1,0,0.3994416666666667
3794,0.0,8,1,0,0.39928333333333343
3795,0.0,11,1,0,0.39912500000000006
3796,1.0,21,0,1,0.3989666666666667
3797,0.0,12,1,0,0.3988083333333333
3798,1.0,29,0,1,0.39865000000000006
3799,0.0,1,1,0,0.3984916666666667
3800,0.0,4,1,0,0.39833333333333343
3801,0.0,21,1,0,0.39817500000000006
3802,0.0,3,1,0,0.3980166666666667
3803,0.0,1,1,0,0.3978583333333333
3804,1.0,23,0,1,0.39770000000000005
3805,0.0,8,1,0,0.3975416666666667
3806,0.0,1,1,0,0.3973833333333334
3807,1.0,18,0,1,0.39722500000000005
3808,1.0,26,0,1,0.3970666666666667
3809,0.0,11,1,0,0.3969083333333333
3810,0.0,1,1,0,0.39675000000000005
3811,1.0,39,0,1,0.3965916666666667
3812,1.0,19,0,1,0.3964333333333334
3813,0.0,27,1,0,0.39627500000000004
3814,1.0,33,0,1,0.3961166666666667
3815,1.0,21,0,1,0.3959583333333333
3816,0.0,6,1,0,0.39580000000000004
3817,0.0,1,1,0,0.39564166666666667
3818,1.0,15,0,1,0.3954833333333334
3819,1.0,26,0,1,0.39532500000000004
3820,1.0,28,0,1,0.39516666666666667
3821,0.0,14,1,0,0.3950083333333333
3822,1.0,26,0,1,0.39485000000000003
3823,1.0,19,0,1,0.39469166666666666
3824,1.0,21,0,1,0.3945333333333334
3825,0.0,3,1,0,0.39437500000000003
3826,1.0,17,0,1,0.39421666666666666
3827,1.0,39,0,1,0.3940583333333333
3828,1.0,41,0,1,0.39390000000000003
3829,0.0,6,1,0,0.39374166666666666
3830,1.0,32,0,1,0.3935833333333334
3831,1.0,20,0,1,0.393425
3832,1.0,20,0,1,0.39326666666666665
3833,0.0,1,1,0,0.3931083333333333
3834,0.0,30,1,0,0.39295
3835,1.0,23,0,1,0.39279166666666665
3836,1.0,16,0,1,0.3926333333333334
3837,0.0,15,1,0,0.392475
3838,1.0,15,0,1,0.39231666666666665
3839,0.0,1,1,0,0.3921583333333334
3840,1.0,26,0,1,0.392
3841,1.0,35,0,1,0.39184166666666675
3842,0.0,3,1,0,0.3916833333333334
3843,1.0,17,0,1,0.3915250000000001
3844,1.0,21,0,1,0.39136666666666664
3845,1.0,26,0,1,0.3912083333333334
3846,1.0,32,0,1,0.39105
3847,0.0,34,1,0,0.39089166666666675
3848,1.0,32,0,1,0.3907333333333334
3849,1.0,38,0,1,0.3905750000000001
3850,1.0,25,0,1,0.39041666666666663
3851,0.0,7,1,0,0.3902583333333334
3852,0.0,1,1,0,0.3901
3853,1.0,19,0,1,0.38994166666666674
3854,1.0,32,0,1,0.38978333333333337
3855,1.0,27,0,1,0.3896250000000001
3856,0.0,1,1,0,0.3894666666666666
3857,1.0,22,0,1,0.38930833333333337
3858,1.0,13,0,1,0.38915
3859,1.0,15,0,1,0.38899166666666674
3860,1.0,15,0,1,0.38883333333333336
3861,0.0,21,1,0,0.3886750000000001
3862,1.0,31,0,1,0.3885166666666666
3863,0.0,9,1,0,0.38835833333333336
3864,1.0,27,0,1,0.3882
3865,1.0,30,0,1,0.38804166666666673
3866,1.0,17,0,1,0.38788333333333336
3867,1.0,18,0,1,0.3877250000000001
3868,1.0,16,0,1,0.3875666666666666
3869,1.0,22,0,1,0.38740833333333335
3870,1.0,17,0,1,0.38725
3871,1.0,34,0,1,0.3870916666666667
3872,1.0,21,0,1,0.38693333333333335
3873,0.0,3,1,0,0.3867750000000001
3874,1.0,16,0,1,0.3866166666666666
3875,0.0,1,1,0,0.38645833333333335
3876,1.0,24,0,1,0.3863
3877,1.0,19,0,1,0.3861416666666667
3878,1.0,17,0,1,0.38598333333333334
3879,0.0,1,1,0,0.3858250000000001
3880,1.0,25,0,1,0.3856666666666667
3881,1.0,15,0,1,0.38550833333333334
3882,1.0,19,0,1,0.38534999999999997
3883,1.0,15,0,1,0.3851916666666667
3884,1.0,15,0,1,0.38503333333333334
3885,1.0,29,0,1,0.3848750000000001
3886,0.0,20,1,0,0.3847166666666667
3887,1.0,23,0,1,0.38455833333333334
3888,1.0,22,0,1,0.38439999999999996
3889,1.0,18,0,1,0.3842416666666667
3890,0.0,8,1,0,0.38408333333333333
3891,0.0,8,1,0,0.38392500000000007
3892,0.0,19,1,0,0.3837666666666667
3893,1.0,44,0,1,0.38360833333333333
3894,1.0,27,0,1,0.38344999999999996
3895,0.0,1,1,0,0.3832916666666667
3896,0.0,1,1,0,0.3831333333333333
3897,0.0,15,1,0,0.38297500000000007
3898,0.0,1,1,0,0.3828166666666667
3899,1.0,33,0,1,0.3826583333333333
3900,1.0,24,0,1,0.38250000000000006
3901,1.0,17,0,1,0.3823416666666667
3902,1.0,24,0,1,0.38218333333333343
3903,1.0,22,0,1,0.38202500000000006
3904,0.0,1,1,0,0.3818666666666668
3905,1.0,33,0,1,0.3817083333333333
3906,0.0,8,1,0,0.38155000000000006
3907,1.0,21,0,1,0.3813916666666667
3908,0.0,11,1,0,0.3812333333333334
3909,1.0,28,0,1,0.38107500000000005
3910,1.0,26,0,1,0.3809166666666668
3911,1.0,23,0,1,0.3807583333333333
3912,1.0,20,0,1,0.38060000000000005
3913,0.0,6,1,0,0.3804416666666667
3914,1.0,30,0,1,0.3802833333333334
3915,0.0,19,1,0,0.38012500000000005
3916,1.0,33,0,1,0.3799666666666668
3917,1.0,17,0,1,0.3798083333333333
3918,1.0,21,0,1,0.37965000000000004
3919,1.0,21,0,1,0.37949166666666667
3920,1.0,23,0,1,0.3793333333333334
3921,1.0,27,0,1,0.37917500000000004
3922,0.0,1,1,0,0.3790166666666668
3923,1.0,15,0,1,0.3788583333333333
3924,1.0,13,0,1,0.37870000000000004
3925,1.0,15,0,1,0.37854166666666667
3926,1.0,23,0,1,0.3783833333333334
3927,0.0,6,1,0,0.37822500000000003
3928,1.0,21,0,1,0.3780666666666668
3929,1.0,23,0,1,0.3779083333333333
3930,1.0,17,0,1,0.37775000000000003
3931,1.0,23,0,1,0.37759166666666666
3932,0.0,13,1,0,0.3774333333333334
3933,1.0,22,0,1,0.377275
3934,0.0,1,1,0,0.37711666666666677
3935,1.0,17,0,1,0.3769583333333333
3936,1.0,25,0,1,0.3768
3937,0.0,8,1,0,0.37664166666666665
3938,0.0,14,1,0,0.3764833333333334
3939,1.0,17,0,1,0.376325
3940,0.0,4,1,0,0.37616666666666676
3941,1.0,15,0,1,0.3760083333333333
3942,1.0,17,0,1,0.37585
3943,1.0,24,0,1,0.37569166666666665
3944,1.0,16,0,1,0.3755333333333334
3945,1.0,33,0,1,0.375375
3946,1.0,23,0,1,0.37521666666666675
3947,1.0,17,0,1,0.37505833333333327
3948,0.0,3,1,0,0.3749
3949,0.0,21,1,0,0.37474166666666664
3950,0.0,5,1,0,0.3745833333333334
3951,1.0,21,0,1,0.374425
3952,1.0,18,0,1,0.37426666666666675
3953,0.0,1,1,0,0.37410833333333327
3954,1.0,21,0,1,0.37395
3955,0.0,1,1,0,0.37379166666666663
3956,1.0,19,0,1,0.3736333333333334
3957,1.0,19,0,1,0.373475
3958,1.0,29,0,1,0.37331666666666674
3959,1.0,34,0,1,0.37315833333333337
3960,0.0,1,1,0,0.373
3961,1.0,17,0,1,0.37284166666666674
3962,1.0,27,0,1,0.37268333333333337
3963,0.0,20,1,0,0.3725250000000001
3964,0.0,9,1,0,0.37236666666666673
3965,1.0,15,0,1,0.37220833333333336
3966,1.0,17,0,1,0.37205
3967,1.0,20,0,1,0.37189166666666673
3968,1.0,29,0,1,0.37173333333333336
3969,0.0,16,1,0,0.3715750000000001
3970,1.0,23,0,1,0.37141666666666673
3971,1.0,17,0,1,0.37125833333333336
3972,1.0,21,0,1,0.3711
3973,1.0,13,0,1,0.3709416666666667
3974,1.0,16,0,1,0.37078333333333335
3975,1.0,19,0,1,0.3706250000000001
3976,1.0,19,0,1,0.3704666666666667
3977,0.0,19,1,0,0.37030833333333335
3978,1.0,17,0,1,0.37015
3979,1.0,17,0,1,0.3699916666666667
3980,0.0,3,1,0,0.36983333333333335
3981,1.0,25,0,1,0.3696750000000001
3982,0.0,19,1,0,0.3695166666666667
3983,1.0,33,0,1,0.36935833333333334
3984,0.0,22,1,0,0.3692
3985,0.0,1,1,0,0.3690416666666667
3986,0.0,25,1,0,0.36888333333333334
3987,1.0,17,0,1,0.3687250000000001
3988,1.0,24,0,1,0.3685666666666667
3989,1.0,15,0,1,0.36840833333333334
3990,1.0,22,0,1,0.36824999999999997
3991,0.0,1,1,0,0.3680916666666667
3992,1.0,17,0,1,0.36793333333333333
3993,1.0,18,0,1,0.3677750000000001
3994,1.0,23,0,1,0.3676166666666667
3995,0.0,1,1,0,0.36745833333333333
3996,0.0,13,1,0,0.36729999999999996
3997,1.0,33,0,1,0.3671416666666667
3998,1.0,20,0,1,0.36698333333333333
3999,1.0,17,0,1,0.36682500000000007
4000,1.0,19,0,1,0.3666666666666667
4001,1.0,31,0,1,0.36650833333333344
4002,1.0,23,0,1,0.36634999999999995
4003,0.0,20,1,0,0.3661916666666667
4004,1.0,27,0,1,0.3660333333333333
4005,0.0,13,1,0,0.36587500000000006
4006,1.0,17,0,1,0.3657166666666667
4007,1.0,22,0,1,0.36555833333333343
4008,0.0,16,1,0,0.36539999999999995
4009,1.0,25,0,1,0.3652416666666667
4010,1.0,20,0,1,0.3650833333333333
4011,1.0,17,0,1,0.36492500000000005
4012,0.0,2,1,0,0.3647666666666667
4013,1.0,24,0,1,0.3646083333333334
4014,1.0,17,0,1,0.36444999999999994
4015,1.0,17,0,1,0.3642916666666667
4016,1.0,27,0,1,0.3641333333333333
4017,1.0,22,0,1,0.36397500000000005
4018,1.0,25,0,1,0.3638166666666667
4019,1.0,19,0,1,0.3636583333333334
4020,1.0,19,0,1,0.36350000000000005
4021,0.0,1,1,0,0.3633416666666667
4022,1.0,27,0,1,0.3631833333333334
4023,0.0,1,1,0,0.36302500000000004
4024,1.0,17,0,1,0.3628666666666668
4025,1.0,23,0,1,0.3627083333333334
4026,0.0,2,1,0,0.36255000000000004
4027,0.0,18,1,0,0.36239166666666667
4028,1.0,30,0,1,0.3622333333333334
4029,1.0,15,0,1,0.36207500000000004
4030,1.0,13,0,1,0.3619166666666668
4031,0.0,3,1,0,0.3617583333333334
4032,1.0,19,0,1,0.36160000000000003
4033,1.0,19,0,1,0.36144166666666666
4034,0.0,13,1,0,0.3612833333333334
4035,1.0,27,0,1,0.36112500000000003
4036,1.0,16,0,1,0.36096666666666677
4037,1.0,43,0,1,0.3608083333333334
4038,0.0,3,1,0,0.36065
4039,0.0,34,1,0,0.36049166666666665
4040,1.0,15,0,1,0.3603333333333334
4041,1.0,37,0,1,0.360175
4042,1.0,22,0,1,0.36001666666666676
4043,1.0,26,0,1,0.3598583333333334
4044,1.0,23,0,1,0.3597
4045,0.0,15,1,0,0.35954166666666665
4046,0.0,18,1,0,0.3593833333333334
4047,1.0,33,0,1,0.359225
4048,0.0,7,1,0,0.35906666666666676
4049,0.0,1,1,0,0.3589083333333334
4050,0.0,11,1,0,0.35875
4051,1.0,31,0,1,0.35859166666666664
4052,1.0,28,0,1,0.3584333333333334
4053,0.0,4,1,0,0.358275
4054,0.0,1,1,0,0.35811666666666675
4055,1.0,23,0,1,0.3579583333333334
4056,1.0,21,0,1,0.3578
4057,1.0,15,0,1,0.35764166666666664
4058,0.0,1,1,0,0.3574833333333334
4059,1.0,25,0,1,0.357325
4060,0.0,1,1,0,0.35716666666666674
4061,1.0,31,0,1,0.35700833333333337
4062,1.0,17,0,1,0.35685
4063,1.0,31,0,1,0.35669166666666663
4064,1.0,28,0,1,0.35653333333333337
4065,0.0,1,1,0,0.356375
4066,1.0,36,0,1,0.35621666666666674
4067,1.0,23,0,1,0.35605833333333337
4068,0.0,13,1,0,0.3559
4069,1.0,23,0,1,0.3557416666666666
4070,0.0,6,1,0,0.35558333333333336
4071,1.0,25,0,1,0.355425
4072,1.0,24,0,1,0.35526666666666673
4073,1.0,15,0,1,0.35510833333333336
4074,1.0,21,0,1,0.35495
4075,1.0,19,0,1,0.3547916666666666
4076,1.0,19,0,1,0.35463333333333336
4077,1.0,15,0,1,0.354475
4078,1.0,25,0,1,0.3543166666666667
4079,0.0,10,1,0,0.35415833333333335
4080,1.0,20,0,1,0.354
4081,1.0,17,0,1,0.3538416666666667
4082,1.0,19,0,1,0.35368333333333335
4083,1.0,25,0,1,0.3535250000000001
4084,1.0,20,0,1,0.3533666666666667
4085,0.0,19,1,0,0.35320833333333346
4086,1.0,21,0,1,0.35305
4087,1.0,24,0,1,0.3528916666666667
4088,1.0,15,0,1,0.35273333333333334
4089,0.0,9,1,0,0.3525750000000001
4090,0.0,1,1,0,0.3524166666666667
4091,1.0,19,0,1,0.35225833333333345
4092,0.0,1,1,0,0.35209999999999997
4093,1.0,17,0,1,0.3519416666666667
4094,0.0,16,1,0,0.35178333333333334
4095,1.0,16,0,1,0.3516250000000001
4096,0.0,1,1,0,0.3514666666666667
4097,1.0,21,0,1,0.35130833333333344
4098,1.0,21,0,1,0.35114999999999996
4099,1.0,14,0,1,0.3509916666666667
4100,1.0,21,0,1,0.35083333333333333
4101,1.0,21,0,1,0.35067500000000007
4102,1.0,14,0,1,0.3505166666666667
4103,0.0,8,1,0,0.35035833333333344
4104,0.0,1,1,0,0.35019999999999996
4105,1.0,20,0,1,0.3500416666666667
4106,0.0,8,1,0,0.3498833333333333
4107,1.0,20,0,1,0.34972500000000006
4108,1.0,23,0,1,0.3495666666666667
4109,0.0,12,1,0,0.34940833333333343
4110,1.0,19,0,1,0.34924999999999995
4111,1.0,31,0,1,0.3490916666666667
4112,1.0,15,0,1,0.3489333333333333
4113,1.0,23,0,1,0.34877500000000006
4114,1.0,27,0,1,0.3486166666666667
4115,0.0,1,1,0,0.3484583333333334
4116,1.0,24,0,1,0.34829999999999994
4117,1.0,23,0,1,0.3481416666666667
4118,1.0,29,0,1,0.3479833333333333
4119,1.0,21,0,1,0.34782500000000005
4120,0.0,2,1,0,0.3476666666666667
4121,1.0,19,0,1,0.3475083333333334
4122,0.0,3,1,0,0.34734999999999994
4123,1.0,19,0,1,0.3471916666666667
4124,1.0,20,0,1,0.3470333333333333
4125,0.0,13,1,0,0.34687500000000004
4126,1.0,17,0,1,0.3467166666666667
4127,0.0,1,1,0,0.3465583333333334
4128,0.0,16,1,0,0.34640000000000004
4129,0.0,1,1,0,0.34624166666666667
4130,1.0,19,0,1,0.3460833333333333
4131,1.0,18,0,1,0.34592500000000004
4132,0.0,10,1,0,0.34576666666666667
4133,0.0,1,1,0,0.3456083333333334
4134,0.0,16,1,0,0.34545000000000003
4135,1.0,17,0,1,0.34529166666666666
4136,1.0,27,0,1,0.3451333333333333
4137,1.0,19,0,1,0.34497500000000003
4138,1.0,23,0,1,0.34481666666666666
4139,0.0,1,1,0,0.3446583333333334
4140,1.0,16,0,1,0.34450000000000003
4141,1.0,17,0,1,0.34434166666666666
4142,1.0,21,0,1,0.3441833333333334
4143,1.0,23,0,1,0.344025
4144,1.0,19,0,1,0.34386666666666676
4145,1.0,22,0,1,0.3437083333333334
4146,1.0,15,0,1,0.34355000000000013
4147,0.0,9,1,0,0.34339166666666665
4148,0.0,9,1,0,0.3432333333333334
4149,1.0,18,0,1,0.343075
4150,1.0,20,0,1,0.34291666666666676
4151,1.0,20,0,1,0.3427583333333334
4152,1.0,18,0,1,0.3426000000000001
4153,1.0,22,0,1,0.34244166666666664
4154,0.0,1,1,0,0.3422833333333334
4155,0.0,7,1,0,0.342125
4156,1.0,17,0,1,0.34196666666666675
4157,1.0,18,0,1,0.3418083333333334
4158,1.0,21,0,1,0.3416500000000001
4159,1.0,19,0,1,0.34149166666666664
4160,1.0,18,0,1,0.3413333333333334
4161,1.0,19,0,1,0.341175
4162,1.0,21,0,1,0.34101666666666675
4163,0.0,16,1,0,0.3408583333333334
4164,1.0,17,0,1,0.3407000000000001
4165,1.0,19,0,1,0.34054166666666663
4166,1.0,16,0,1,0.34038333333333337
4167,0.0,21,1,0,0.340225
4168,1.0,13,0,1,0.34006666666666674
4169,1.0,18,0,1,0.33990833333333337
4170,1.0,27,0,1,0.3397500000000001
4171,1.0,15,0,1,0.3395916666666666
4172,1.0,21,0,1,0.33943333333333336
4173,1.0,30,0,1,0.339275
4174,1.0,19,0,1,0.33911666666666673
4175,1.0,17,0,1,0.33895833333333336
4176,1.0,20,0,1,0.3388000000000001
4177,0.0,21,1,0,0.3386416666666666
4178,1.0,19,0,1,0.33848333333333336
4179,1.0,22,0,1,0.338325
4180,1.0,19,0,1,0.3381666666666667
4181,0.0,1,1,0,0.33800833333333336
4182,0.0,1,1,0,0.3378500000000001
4183,1.0,13,0,1,0.3376916666666666
4184,1.0,29,0,1,0.33753333333333335
4185,0.0,9,1,0,0.337375
4186,1.0,19,0,1,0.3372166666666667
4187,1.0,27,0,1,0.33705833333333335
4188,0.0,1,1,0,0.3369000000000001
4189,1.0,19,0,1,0.3367416666666666
4190,1.0,15,0,1,0.33658333333333335
4191,1.0,29,0,1,0.336425
4192,1.0,17,0,1,0.3362666666666667
4193,1.0,18,0,1,0.33610833333333334
4194,1.0,21,0,1,0.3359500000000001
4195,1.0,15,0,1,0.3357916666666666
4196,1.0,17,0,1,0.33563333333333334
4197,1.0,21,0,1,0.33547499999999997
4198,1.0,31,0,1,0.3353166666666667
4199,1.0,21,0,1,0.33515833333333334
4200,1.0,20,0,1,0.3350000000000001
4201,1.0,32,0,1,0.3348416666666667
4202,1.0,17,0,1,0.33468333333333333
4203,1.0,16,0,1,0.3345250000000001
4204,0.0,21,1,0,0.3343666666666667
4205,1.0,19,0,1,0.33420833333333344
4206,1.0,31,0,1,0.33405000000000007
4207,1.0,15,0,1,0.3338916666666667
4208,0.0,3,1,0,0.3337333333333333
4209,1.0,26,0,1,0.33357500000000007
4210,1.0,19,0,1,0.3334166666666667
4211,1.0,15,0,1,0.33325833333333343
4212,1.0,21,0,1,0.33310000000000006
4213,1.0,14,0,1,0.3329416666666667
4214,1.0,19,0,1,0.3327833333333333
4215,1.0,21,0,1,0.33262500000000006
4216,1.0,15,0,1,0.3324666666666667
4217,1.0,21,0,1,0.3323083333333334
4218,1.0,18,0,1,0.33215000000000006
4219,0.0,7,1,0,0.3319916666666667
4220,1.0,21,0,1,0.3318333333333333
4221,1.0,21,0,1,0.33167500000000005
4222,1.0,23,0,1,0.3315166666666667
4223,0.0,1,1,0,0.3313583333333334
4224,0.0,18,1,0,0.33120000000000005
4225,1.0,27,0,1,0.3310416666666667
4226,1.0,24,0,1,0.3308833333333333
4227,1.0,26,0,1,0.33072500000000005
4228,1.0,26,0,1,0.3305666666666667
4229,1.0,22,0,1,0.3304083333333334
4230,1.0,21,0,1,0.33025000000000004
4231,1.0,14,0,1,0.33009166666666667
4232,1.0,26,0,1,0.3299333333333333
4233,0.0,5,1,0,0.32977500000000004
4234,1.0,22,0,1,0.32961666666666667
4235,1.0,27,0,1,0.3294583333333334
4236,0.0,23,1,0,0.32930000000000004
4237,0.0,1,1,0,0.32914166666666667
4238,1.0,25,0,1,0.3289833333333333
4239,0.0,1,1,0,0.32882500000000003
4240,0.0,16,1,0,0.32866666666666666
4241,0.0,14,1,0,0.3285083333333334
4242,1.0,25,0,1,0.32835000000000003
4243,1.0,21,0,1,0.32819166666666666
4244,1.0,15,0,1,0.3280333333333333
4245,1.0,19,0,1,0.327875
4246,1.0,24,0,1,0.32771666666666666
4247,1.0,22,0,1,0.3275583333333334
4248,1.0,23,0,1,0.3274
4249,1.0,17,0,1,0.32724166666666665
4250,0.0,1,1,0,0.3270833333333333
4251,0.0,1,1,0,0.326925
4252,1.0,15,0,1,0.32676666666666665
4253,0.0,8,1,0,0.3266083333333334
4254,1.0,14,0,1,0.32645
4255,1.0,21,0,1,0.32629166666666676
4256,1.0,18,0,1,0.3261333333333333
4257,1.0,15,0,1,0.325975
4258,1.0,25,0,1,0.32581666666666664
4259,1.0,14,0,1,0.3256583333333334
4260,1.0,21,0,1,0.3255
4261,1.0,19,0,1,0.32534166666666675
4262,1.0,15,0,1,0.3251833333333334
4263,1.0,17,0,1,0.325025
4264,1.0,21,0,1,0.32486666666666675
4265,1.0,25,0,1,0.3247083333333334
4266,1.0,26,0,1,0.3245500000000001
4267,1.0,29,0,1,0.32439166666666674
4268,1.0,20,0,1,0.3242333333333334
4269,1.0,29,0,1,0.324075
4270,0.0,1,1,0,0.32391666666666674
4271,1.0,23,0,1,0.32375833333333337
4272,1.0,16,0,1,0.3236000000000001
4273,1.0,23,0,1,0.32344166666666674
4274,0.0,5,1,0,0.32328333333333337
4275,1.0,24,0,1,0.323125
4276,1.0,19,0,1,0.32296666666666674
4277,1.0,28,0,1,0.32280833333333336
4278,1.0,17,0,1,0.3226500000000001
4279,1.0,33,0,1,0.32249166666666673
4280,0.0,7,1,0,0.32233333333333336
4281,1.0,23,0,1,0.322175
4282,1.0,21,0,1,0.32201666666666673
4283,1.0,24,0,1,0.32185833333333336
4284,1.0,19,0,1,0.3217000000000001
4285,1.0,29,0,1,0.3215416666666667
4286,1.0,21,0,1,0.32138333333333335
4287,1.0,13,0,1,0.321225
4288,0.0,1,1,0,0.3210666666666667
4289,1.0,21,0,1,0.32090833333333335
4290,0.0,5,1,0,0.3207500000000001
4291,1.0,21,0,1,0.3205916666666667
4292,1.0,13,0,1,0.32043333333333335
4293,1.0,16,0,1,0.320275
4294,1.0,13,0,1,0.3201166666666667
4295,1.0,26,0,1,0.31995833333333334
4296,1.0,20,0,1,0.3198000000000001
4297,1.0,24,0,1,0.3196416666666667
4298,1.0,29,0,1,0.31948333333333334
4299,1.0,25,0,1,0.31932499999999997
4300,1.0,20,0,1,0.3191666666666667
4301,1.0,23,0,1,0.31900833333333334
4302,1.0,18,0,1,0.3188500000000001
4303,0.0,3,1,0,0.3186916666666667
4304,1.0,18,0,1,0.31853333333333333
4305,1.0,17,0,1,0.31837499999999996
4306,1.0,21,0,1,0.3182166666666667
4307,1.0,21,0,1,0.31805833333333333
4308,1.0,15,0,1,0.31790000000000007
4309,1.0,17,0,1,0.3177416666666667
4310,1.0,26,0,1,0.31758333333333333
4311,1.0,19,0,1,0.31742499999999996
4312,0.0,7,1,0,0.3172666666666667
4313,1.0,29,0,1,0.3171083333333333
4314,1.0,25,0,1,0.31695000000000007
4315,0.0,14,1,0,0.3167916666666667
4316,1.0,19,0,1,0.3166333333333333
4317,1.0,19,0,1,0.31647499999999995
4318,1.0,26,0,1,0.3163166666666667
4319,1.0,13,0,1,0.3161583333333333
4320,1.0,14,0,1,0.31600000000000006
4321,1.0,21,0,1,0.3158416666666667
4322,1.0,24,0,1,0.3156833333333333
4323,1.0,17,0,1,0.31552500000000006
4324,0.0,3,1,0,0.3153666666666667
4325,0.0,16,1,0,0.3152083333333334
4326,1.0,23,0,1,0.31505000000000005
4327,1.0,18,0,1,0.3148916666666668
4328,0.0,1,1,0,0.3147333333333333
4329,0.0,6,1,0,0.31457500000000005
4330,1.0,27,0,1,0.3144166666666667
4331,1.0,25,0,1,0.3142583333333334
4332,1.0,29,0,1,0.31410000000000005
4333,1.0,20,0,1,0.3139416666666668
4334,1.0,24,0,1,0.3137833333333333
4335,0.0,2,1,0,0.31362500000000004
4336,0.0,1,1,0,0.31346666666666667
4337,1.0,23,0,1,0.3133083333333334
4338,0.0,3,1,0,0.31315000000000004
4339,1.0,19,0,1,0.3129916666666668
4340,1.0,17,0,1,0.3128333333333333
4341,1.0,21,0,1,0.31267500000000004
4342,1.0,16,0,1,0.31251666666666666
4343,1.0,16,0,1,0.3123583333333334
4344,0.0,1,1,0,0.31220000000000003
4345,0.0,1,1,0,0.3120416666666668
4346,1.0,19,0,1,0.3118833333333333
4347,1.0,19,0,1,0.31172500000000003
4348,0.0,4,1,0,0.31156666666666666
4349,1.0,34,0,1,0.3114083333333334
4350,0.0,27,1,0,0.31125
4351,1.0,30,0,1,0.31109166666666677
4352,1.0,28,0,1,0.3109333333333333
4353,1.0,21,0,1,0.310775
4354,1.0,13,0,1,0.31061666666666665
4355,0.0,1,1,0,0.3104583333333334
4356,1.0,30,0,1,0.3103
4357,1.0,23,0,1,0.31014166666666676
4358,1.0,20,0,1,0.3099833333333333
4359,1.0,14,0,1,0.309825
4360,0.0,4,1,0,0.30966666666666665
4361,1.0,17,0,1,0.3095083333333334
4362,1.0,26,0,1,0.30935
4363,1.0,24,0,1,0.30919166666666675
4364,1.0,17,0,1,0.30903333333333327
4365,1.0,17,0,1,0.308875
4366,1.0,28,0,1,0.30871666666666664
4367,1.0,19,0,1,0.3085583333333334
4368,1.0,14,0,1,0.3084
4369,0.0,13,1,0,0.30824166666666675
4370,1.0,25,0,1,0.30808333333333326
4371,1.0,22,0,1,0.307925
4372,1.0,17,0,1,0.30776666666666663
4373,1.0,25,0,1,0.3076083333333334
4374,1.0,20,0,1,0.30745
4375,1.0,13,0,1,0.30729166666666674
4376,1.0,19,0,1,0.30713333333333337
4377,1.0,26,0,1,0.306975
4378,1.0,19,0,1,0.3068166666666666
4379,1.0,20,0,1,0.30665833333333337
4380,0.0,2,1,0,0.3065
4381,1.0,23,0,1,0.30634166666666673
4382,1.0,19,0,1,0.30618333333333336
4383,1.0,16,0,1,0.306025
4384,1.0,24,0,1,0.30586666666666673
4385,0.0,1,1,0,0.30570833333333336
4386,1.0,17,0,1,0.3055500000000001
4387,1.0,17,0,1,0.30539166666666673
4388,1.0,23,0,1,0.30523333333333347
4389,0.0,20,1,0,0.305075
4390,1.0,24,0,1,0.3049166666666667
4391,1.0,24,0,1,0.30475833333333335
4392,0.0,3,1,0,0.3046000000000001
4393,1.0,33,0,1,0.3044416666666667
4394,1.0,32,0,1,0.30428333333333346
4395,1.0,13,0,1,0.304125
4396,1.0,13,0,1,0.3039666666666667
4397,1.0,25,0,1,0.30380833333333335
4398,1.0,19,0,1,0.3036500000000001
4399,0.0,7,1,0,0.3034916666666667
4400,1.0,19,0,1,0.30333333333333345
4401,1.0,16,0,1,0.303175
4402,0.0,1,1,0,0.3030166666666667
4403,1.0,21,0,1,0.30285833333333334
4404,1.0,23,0,1,0.3027000000000001
4405,1.0,13,0,1,0.3025416666666667
4406,1.0,13,0,1,0.30238333333333345
4407,0.0,12,1,0,0.30222499999999997
4408,1.0,24,0,1,0.3020666666666667
4409,0.0,1,1,0,0.30190833333333333
4410,1.0,31,0,1,0.3017500000000001
4411,1.0,27,0,1,0.3015916666666667
4412,1.0,28,0,1,0.30143333333333344
4413,1.0,17,0,1,0.30127499999999996
4414,1.0,15,0,1,0.3011166666666667
4415,1.0,36,0,1,0.3009583333333333
4416,1.0,17,0,1,0.30080000000000007
4417,0.0,3,1,0,0.3006416666666667
4418,1.0,23,0,1,0.30048333333333344
4419,1.0,25,0,1,0.30032499999999995
4420,1.0,21,0,1,0.3001666666666667
4421,1.0,19,0,1,0.3000083333333333
4422,1.0,19,0,1,0.29985000000000006
4423,1.0,24,0,1,0.2996916666666667
4424,0.0,23,1,0,0.29953333333333343
4425,1.0,16,0,1,0.29937499999999995
4426,0.0,1,1,0,0.2992166666666667
4427,1.0,15,0,1,0.2990583333333333
4428,1.0,21,0,1,0.29890000000000005
4429,0.0,1,1,0,0.2987416666666667
4430,1.0,25,0,1,0.2985833333333334
4431,1.0,25,0,1,0.29842499999999994
4432,1.0,15,0,1,0.2982666666666667
4433,1.0,35,0,1,0.2981083333333333
4434,1.0,24,0,1,0.29795000000000005
4435,1.0,24,0,1,0.2977916666666667
4436,1.0,22,0,1,0.2976333333333334
4437,1.0,19,0,1,0.29747499999999993
4438,1.0,13,0,1,0.2973166666666667
4439,1.0,17,0,1,0.2971583333333333
4440,0.0,1,1,0,0.29700000000000004
4441,1.0,24,0,1,0.29684166666666667
4442,1.0,13,0,1,0.2966833333333334
4443,1.0,17,0,1,0.29652500000000004
4444,1.0,13,0,1,0.29636666666666667
4445,1.0,13,0,1,0.2962083333333334
4446,1.0,18,0,1,0.29605000000000004
4447,1.0,27,0,1,0.2958916666666668
4448,1.0,13,0,1,0.2957333333333334
4449,1.0,22,0,1,0.29557500000000003
4450,1.0,13,0,1,0.29541666666666666
4451,1.0,17,0,1,0.2952583333333334
4452,1.0,15,0,1,0.29510000000000003
4453,1.0,19,0,1,0.29494166666666677
4454,1.0,21,0,1,0.2947833333333334
4455,1.0,23,0,1,0.294625
4456,1.0,15,0,1,0.29446666666666665
4457,1.0,15,0,1,0.2943083333333334
4458,1.0,19,0,1,0.29415
4459,0.0,1,1,0,0.29399166666666676
4460,1.0,25,0,1,0.2938333333333334
4461,1.0,30,0,1,0.293675
4462,1.0,13,0,1,0.29351666666666665
4463,1.0,19,0,1,0.2933583333333334
4464,1.0,15,0,1,0.2932
4465,1.0,15,0,1,0.29304166666666676
4466,1.0,21,0,1,0.2928833333333334
4467,1.0,19,0,1,0.292725
4468,1.0,18,0,1,0.29256666666666664
4469,1.0,16,0,1,0.2924083333333334
4470,1.0,23,0,1,0.29225
4471,1.0,27,0,1,0.29209166666666675
4472,1.0,21,0,1,0.2919333333333334
4473,1.0,17,0,1,0.291775
4474,1.0,23,0,1,0.29161666666666664
4475,1.0,15,0,1,0.2914583333333334
4476,1.0,16,0,1,0.2913
4477,1.0,21,0,1,0.29114166666666674
4478,1.0,18,0,1,0.29098333333333337
4479,1.0,20,0,1,0.290825
4480,1.0,17,0,1,0.29066666666666663
4481,1.0,20,0,1,0.29050833333333337
4482,1.0,19,0,1,0.29035
4483,1.0,21,0,1,0.29019166666666674
4484,1.0,19,0,1,0.29003333333333337
4485,1.0,28,0,1,0.289875
4486,1.0,14,0,1,0.2897166666666666
4487,1.0,29,0,1,0.28955833333333336
4488,0.0,1,1,0,0.2894
4489,1.0,16,0,1,0.28924166666666673
4490,0.0,24,1,0,0.28908333333333336
4491,1.0,20,0,1,0.288925
4492,1.0,23,0,1,0.2887666666666666
4493,1.0,18,0,1,0.28860833333333336
4494,1.0,17,0,1,0.28845
4495,1.0,13,0,1,0.2882916666666667
4496,1.0,20,0,1,0.28813333333333335
4497,1.0,15,0,1,0.287975
4498,1.0,19,0,1,0.2878166666666666
4499,1.0,25,0,1,0.28765833333333335
4500,1.0,22,0,1,0.2875000000000001
4501,1.0,13,0,1,0.2873416666666667
4502,1.0,15,0,1,0.28718333333333346
4503,0.0,1,1,0,0.2870250000000001
4504,1.0,15,0,1,0.2868666666666667
4505,1.0,26,0,1,0.28670833333333334
4506,1.0,19,0,1,0.2865500000000001
4507,1.0,21,0,1,0.2863916666666667
4508,1.0,31,0,1,0.28623333333333345
4509,1.0,24,0,1,0.2860750000000001
4510,1.0,16,0,1,0.2859166666666667
4511,1.0,22,0,1,0.28575833333333334
4512,1.0,17,0,1,0.2856000000000001
4513,1.0,19,0,1,0.2854416666666667
4514,1.0,21,0,1,0.28528333333333344
4515,1.0,35,0,1,0.2851250000000001
4516,1.0,17,0,1,0.2849666666666667
4517,1.0,19,0,1,0.28480833333333333
4518,1.0,15,0,1,0.28465000000000007
4519,1.0,15,0,1,0.2844916666666667
4520,1.0,24,0,1,0.28433333333333344
4521,0.0,11,1,0,0.28417500000000007
4522,0.0,6,1,0,0.2840166666666667
4523,1.0,23,0,1,0.2838583333333333
4524,1.0,17,0,1,0.28370000000000006
4525,1.0,21,0,1,0.2835416666666667
4526,1.0,21,0,1,0.28338333333333343
4527,1.0,15,0,1,0.28322500000000006
4528,1.0,16,0,1,0.2830666666666667
4529,1.0,13,0,1,0.2829083333333333
4530,1.0,13,0,1,0.28275000000000006
4531,1.0,18,0,1,0.2825916666666667
4532,1.0,19,0,1,0.2824333333333334
4533,1.0,27,0,1,0.28227500000000005
4534,1.0,27,0,1,0.2821166666666667
4535,1.0,21,0,1,0.2819583333333333
4536,1.0,15,0,1,0.28180000000000005
4537,1.0,13,0,1,0.2816416666666667
4538,1.0,33,0,1,0.2814833333333334
4539,1.0,18,0,1,0.28132500000000005
4540,1.0,17,0,1,0.2811666666666667
4541,1.0,19,0,1,0.2810083333333333
4542,1.0,28,0,1,0.28085000000000004
4543,1.0,25,0,1,0.2806916666666667
4544,0.0,13,1,0,0.2805333333333334
4545,0.0,8,1,0,0.28037500000000004
4546,0.0,11,1,0,0.28021666666666667
4547,1.0,17,0,1,0.2800583333333333
4548,1.0,20,0,1,0.27990000000000004
4549,1.0,19,0,1,0.27974166666666667
4550,1.0,27,0,1,0.2795833333333334
4551,1.0,22,0,1,0.27942500000000003
4552,0.0,15,1,0,0.27926666666666666
4553,1.0,25,0,1,0.2791083333333333
4554,1.0,22,0,1,0.27895000000000003
4555,1.0,15,0,1,0.27879166666666666
4556,1.0,16,0,1,0.2786333333333334
4557,0.0,11,1,0,0.27847500000000003
4558,1.0,15,0,1,0.27831666666666666
4559,1.0,19,0,1,0.2781583333333334
4560,1.0,15,0,1,0.278
4561,1.0,25,0,1,0.27784166666666676
4562,0.0,14,1,0,0.2776833333333334
4563,1.0,13,0,1,0.27752500000000013
4564,1.0,15,0,1,0.27736666666666665
4565,1.0,17,0,1,0.2772083333333334
4566,1.0,23,0,1,0.27705
4567,1.0,23,0,1,0.27689166666666676
4568,1.0,23,0,1,0.2767333333333334
4569,1.0,17,0,1,0.2765750000000001
4570,1.0,17,0,1,0.27641666666666664
4571,0.0,4,1,0,0.2762583333333334
4572,1.0,15,0,1,0.2761
4573,1.0,15,0,1,0.27594166666666675
4574,1.0,23,0,1,0.2757833333333334
4575,1.0,23,0,1,0.2756250000000001
4576,1.0,21,0,1,0.27546666666666664
4577,1.0,33,0,1,0.2753083333333334
4578,1.0,23,0,1,0.27515
4579,1.0,13,0,1,0.27499166666666675
4580,1.0,20,0,1,0.2748333333333334
4581,1.0,15,0,1,0.2746750000000001
4582,1.0,13,0,1,0.27451666666666663
4583,1.0,22,0,1,0.27435833333333337
4584,1.0,21,0,1,0.2742
4585,1.0,20,0,1,0.27404166666666674
4586,1.0,22,0,1,0.27388333333333337
4587,0.0,11,1,0,0.2737250000000001
4588,0.0,1,1,0,0.2735666666666666
4589,1.0,23,0,1,0.27340833333333336
4590,1.0,17,0,1,0.27325
4591,1.0,19,0,1,0.27309166666666673
4592,1.0,15,0,1,0.27293333333333336
4593,1.0,22,0,1,0.2727750000000001
4594,1.0,23,0,1,0.2726166666666666
4595,1.0,15,0,1,0.27245833333333336
4596,1.0,18,0,1,0.2723
4597,1.0,13,0,1,0.2721416666666667
4598,1.0,13,0,1,0.27198333333333335
4599,1.0,15,0,1,0.2718250000000001
4600,0.0,1,1,0,0.2716666666666666
4601,0.0,11,1,0,0.27150833333333335
4602,1.0,20,0,1,0.27135
4603,1.0,15,0,1,0.2711916666666667
4604,1.0,13,0,1,0.27103333333333335
4605,1.0,21,0,1,0.2708750000000001
4606,1.0,13,0,1,0.2707166666666666
4607,1.0,18,0,1,0.27055833333333335
4608,1.0,17,0,1,0.2704
4609,0.0,6,1,0,0.2702416666666667
4610,0.0,1,1,0,0.27008333333333334
4611,1.0,25,0,1,0.2699250000000001
4612,1.0,14,0,1,0.2697666666666666
4613,1.0,17,0,1,0.26960833333333334
4614,1.0,21,0,1,0.26944999999999997
4615,1.0,20,0,1,0.2692916666666667
4616,1.0,17,0,1,0.26913333333333334
4617,1.0,19,0,1,0.2689750000000001
4618,1.0,19,0,1,0.2688166666666667
4619,1.0,21,0,1,0.26865833333333333
4620,1.0,13,0,1,0.26850000000000007
4621,1.0,23,0,1,0.2683416666666667
4622,1.0,35,0,1,0.26818333333333344
4623,1.0,17,0,1,0.26802500000000007
4624,1.0,29,0,1,0.2678666666666667
4625,0.0,7,1,0,0.2677083333333333
4626,1.0,17,0,1,0.26755000000000007
4627,0.0,1,1,0,0.2673916666666667
4628,1.0,21,0,1,0.26723333333333343
4629,1.0,22,0,1,0.26707500000000006
4630,1.0,14,0,1,0.2669166666666668
4631,1.0,16,0,1,0.2667583333333333
4632,1.0,24,0,1,0.26660000000000006
4633,1.0,19,0,1,0.2664416666666667
4634,1.0,17,0,1,0.2662833333333334
4635,1.0,16,0,1,0.26612500000000006
4636,1.0,23,0,1,0.2659666666666668
4637,1.0,15,0,1,0.2658083333333333
4638,1.0,23,0,1,0.26565000000000005
4639,1.0,17,0,1,0.2654916666666667
4640,1.0,17,0,1,0.2653333333333334
4641,0.0,3,1,0,0.26517500000000005
4642,1.0,15,0,1,0.2650166666666668
4643,1.0,31,0,1,0.2648583333333333
4644,1.0,17,0,1,0.26470000000000005
4645,1.0,21,0,1,0.2645416666666667
4646,1.0,21,0,1,0.2643833333333334
4647,1.0,15,0,1,0.26422500000000004
4648,1.0,23,0,1,0.2640666666666668
4649,1.0,13,0,1,0.2639083333333333
4650,1.0,24,0,1,0.26375000000000004
4651,1.0,15,0,1,0.26359166666666667
4652,1.0,21,0,1,0.2634333333333334
4653,1.0,15,0,1,0.26327500000000004
4654,1.0,13,0,1,0.2631166666666668
4655,1.0,23,0,1,0.2629583333333333
4656,1.0,17,0,1,0.26280000000000003
4657,1.0,19,0,1,0.26264166666666666
4658,0.0,3,1,0,0.2624833333333334
4659,1.0,19,0,1,0.26232500000000003
4660,1.0,19,0,1,0.26216666666666677
4661,1.0,17,0,1,0.2620083333333333
4662,1.0,25,0,1,0.26185
4663,1.0,18,0,1,0.26169166666666666
4664,1.0,19,0,1,0.2615333333333334
4665,1.0,21,0,1,0.261375
4666,1.0,18,0,1,0.26121666666666676
4667,1.0,21,0,1,0.2610583333333333
4668,1.0,28,0,1,0.2609
4669,1.0,15,0,1,0.26074166666666665
4670,1.0,28,0,1,0.2605833333333334
4671,0.0,3,1,0,0.260425
4672,1.0,21,0,1,0.26026666666666676
4673,0.0,7,1,0,0.2601083333333333
4674,0.0,9,1,0,0.25995
4675,1.0,26,0,1,0.25979166666666664
4676,1.0,25,0,1,0.2596333333333334
4677,1.0,13,0,1,0.259475
4678,1.0,17,0,1,0.25931666666666675
4679,0.0,5,1,0,0.2591583333333334
4680,1.0,24,0,1,0.259
4681,1.0,28,0,1,0.25884166666666675
4682,0.0,1,1,0,0.2586833333333334
4683,1.0,16,0,1,0.2585250000000001
4684,1.0,13,0,1,0.25836666666666674
4685,1.0,19,0,1,0.2582083333333334
4686,1.0,19,0,1,0.25805
4687,1.0,15,0,1,0.25789166666666674
4688,1.0,23,0,1,0.25773333333333337
4689,1.0,15,0,1,0.2575750000000001
4690,1.0,19,0,1,0.25741666666666674
4691,1.0,23,0,1,0.25725833333333337
4692,1.0,18,0,1,0.2571
4693,1.0,26,0,1,0.25694166666666673
4694,0.0,17,1,0,0.25678333333333336
4695,1.0,25,0,1,0.2566250000000001
4696,1.0,15,0,1,0.25646666666666673
4697,1.0,17,0,1,0.25630833333333336
4698,1.0,17,0,1,0.25615
4699,1.0,17,0,1,0.25599166666666673
4700,1.0,21,0,1,0.25583333333333336
4701,0.0,16,1,0,0.2556750000000001
4702,1.0,23,0,1,0.2555166666666667
4703,1.0,17,0,1,0.25535833333333335
4704,1.0,21,0,1,0.2552
4705,1.0,17,0,1,0.2550416666666667
4706,1.0,15,0,1,0.25488333333333335
4707,1.0,18,0,1,0.2547250000000001
4708,1.0,15,0,1,0.2545666666666667
4709,1.0,15,0,1,0.25440833333333335
4710,1.0,20,0,1,0.25425
4711,1.0,22,0,1,0.2540916666666667
4712,1.0,19,0,1,0.25393333333333334
4713,1.0,17,0,1,0.2537750000000001
4714,0.0,1,1,0,0.2536166666666667
4715,1.0,15,0,1,0.25345833333333334
4716,0.0,1,1,0,0.25329999999999997
4717,1.0,21,0,1,0.2531416666666667
4718,1.0,22,0,1,0.25298333333333334
4719,0.0,6,1,0,0.2528250000000001
4720,1.0,15,0,1,0.2526666666666667
4721,1.0,15,0,1,0.25250833333333333
4722,1.0,27,0,1,0.25234999999999996
4723,1.0,17,0,1,0.2521916666666667
4724,1.0,19,0,1,0.25203333333333333
4725,1.0,19,0,1,0.25187500000000007
4726,1.0,15,0,1,0.2517166666666667
4727,1.0,23,0,1,0.25155833333333333
4728,1.0,17,0,1,0.25139999999999996
4729,1.0,15,0,1,0.2512416666666667
4730,1.0,33,0,1,0.2510833333333333
4731,1.0,20,0,1,0.25092500000000006
4732,1.0,16,0,1,0.2507666666666667
4733,0.0,1,1,0,0.2506083333333333
4734,1.0,20,0,1,0.25044999999999995
4735,1.0,19,0,1,0.2502916666666667
4736,1.0,22,0,1,0.2501333333333333
4737,1.0,19,0,1,0.24997500000000006
4738,1.0,16,0,1,0.2498166666666667
4739,0.0,9,1,0,0.24965833333333332
4740,1.0,15,0,1,0.24950000000000006
4741,1.0,17,0,1,0.24934166666666668
4742,1.0,13,0,1,0.24918333333333342
4743,1.0,19,0,1,0.24902500000000005
4744,1.0,19,0,1,0.2488666666666668
4745,1.0,17,0,1,0.2487083333333333
4746,1.0,13,0,1,0.24855000000000005
4747,1.0,21,0,1,0.24839166666666668
4748,1.0,17,0,1,0.24823333333333342
4749,1.0,22,0,1,0.24807500000000005
4750,1.0,15,0,1,0.24791666666666679
4751,1.0,18,0,1,0.2477583333333334
4752,1.0,16,0,1,0.24760000000000004
4753,1.0,21,0,1,0.24744166666666667
4754,0.0,1,1,0,0.2472833333333334
4755,1.0,18,0,1,0.24712500000000004
4756,1.0,17,0,1,0.24696666666666678
4757,1.0,13,0,1,0.2468083333333334
4758,1.0,20,0,1,0.24665000000000004
4759,1.0,19,0,1,0.24649166666666666
4760,1.0,29,0,1,0.2463333333333334
4761,1.0,24,0,1,0.24617500000000003
4762,1.0,19,0,1,0.24601666666666677
4763,1.0,13,0,1,0.2458583333333334
4764,0.0,1,1,0,0.24570000000000003
4765,1.0,19,0,1,0.24554166666666666
4766,1.0,17,0,1,0.2453833333333334
4767,0.0,2,1,0,0.24522500000000003
4768,1.0,23,0,1,0.24506666666666677
4769,1.0,25,0,1,0.2449083333333334
4770,0.0,12,1,0,0.24475000000000002
4771,1.0,15,0,1,0.24459166666666665
4772,1.0,25,0,1,0.2444333333333334
4773,1.0,23,0,1,0.24427500000000002
4774,1.0,25,0,1,0.24411666666666676
4775,1.0,28,0,1,0.2439583333333334
4776,1.0,18,0,1,0.24380000000000002
4777,1.0,21,0,1,0.24364166666666665
4778,1.0,21,0,1,0.24348333333333338
4779,1.0,21,0,1,0.243325
4780,1.0,18,0,1,0.24316666666666675
4781,1.0,22,0,1,0.24300833333333338
4782,1.0,22,0,1,0.24285
4783,1.0,22,0,1,0.24269166666666664
4784,1.0,19,0,1,0.24253333333333338
4785,1.0,19,0,1,0.242375
4786,1.0,15,0,1,0.24221666666666675
4787,1.0,25,0,1,0.24205833333333338
4788,1.0,15,0,1,0.2419
4789,1.0,15,0,1,0.24174166666666663
4790,1.0,18,0,1,0.24158333333333337
4791,1.0,21,0,1,0.241425
4792,1.0,17,0,1,0.24126666666666674
4793,1.0,13,0,1,0.24110833333333337
4794,1.0,15,0,1,0.24095
4795,1.0,17,0,1,0.24079166666666663
4796,0.0,1,1,0,0.24063333333333337
4797,1.0,17,0,1,0.240475
4798,1.0,13,0,1,0.24031666666666673
4799,1.0,21,0,1,0.24015833333333336
4800,1.0,21,0,1,0.24
4801,0.0,1,1,0,0.23984166666666673
4802,1.0,14,0,1,0.23968333333333336
4803,1.0,21,0,1,0.2395250000000001
4804,1.0,19,0,1,0.23936666666666673
4805,1.0,21,0,1,0.23920833333333347
4806,1.0,23,0,1,0.23904999999999998
4807,1.0,21,0,1,0.23889166666666672
4808,1.0,20,0,1,0.23873333333333335
4809,1.0,19,0,1,0.2385750000000001
4810,1.0,15,0,1,0.23841666666666672
4811,1.0,19,0,1,0.23825833333333346
4812,1.0,22,0,1,0.23809999999999998
4813,1.0,13,0,1,0.23794166666666672
4814,1.0,20,0,1,0.23778333333333335
4815,1.0,21,0,1,0.2376250000000001
4816,1.0,13,0,1,0.23746666666666671
4817,1.0,20,0,1,0.23730833333333345
4818,1.0,21,0,1,0.23714999999999997
4819,1.0,19,0,1,0.2369916666666667
4820,1.0,19,0,1,0.23683333333333334
4821,1.0,19,0,1,0.23667500000000008
4822,1.0,17,0,1,0.2365166666666667
4823,1.0,15,0,1,0.23635833333333345
4824,1.0,17,0,1,0.23619999999999997
4825,0.0,8,1,0,0.2360416666666667
4826,1.0,23,0,1,0.23588333333333333
4827,1.0,15,0,1,0.23572500000000007
4828,1.0,27,0,1,0.2355666666666667
4829,1.0,14,0,1,0.23540833333333344
4830,1.0,19,0,1,0.23524999999999996
4831,0.0,11,1,0,0.2350916666666667
4832,1.0,13,0,1,0.23493333333333333
4833,1.0,19,0,1,0.23477500000000007
4834,1.0,19,0,1,0.2346166666666667
4835,0.0,6,1,0,0.23445833333333344
4836,0.0,1,1,0,0.23429999999999995
4837,1.0,21,0,1,0.2341416666666667
4838,1.0,16,0,1,0.23398333333333332
4839,1.0,13,0,1,0.23382500000000006
4840,1.0,13,0,1,0.2336666666666667
4841,0.0,13,1,0,0.23350833333333343
4842,1.0,18,0,1,0.23334999999999995
4843,1.0,22,0,1,0.23319166666666669
4844,1.0,17,0,1,0.23303333333333331
4845,1.0,15,0,1,0.23287500000000005
4846,1.0,15,0,1,0.23271666666666668
4847,1.0,21,0,1,0.23255833333333342
4848,1.0,21,0,1,0.23239999999999994
4849,1.0,18,0,1,0.23224166666666668
4850,1.0,21,0,1,0.2320833333333333
4851,1.0,17,0,1,0.23192500000000005
4852,1.0,17,0,1,0.23176666666666668
4853,1.0,21,0,1,0.23160833333333342
4854,1.0,21,0,1,0.23144999999999993
4855,1.0,19,0,1,0.23129166666666667
4856,1.0,22,0,1,0.2311333333333333
4857,1.0,17,0,1,0.23097500000000004
4858,1.0,24,0,1,0.23081666666666667
4859,0.0,1,1,0,0.2306583333333334
4860,1.0,14,0,1,0.23050000000000004
4861,1.0,19,0,1,0.23034166666666667
4862,1.0,13,0,1,0.2301833333333334
4863,0.0,1,1,0,0.23002500000000003
4864,1.0,15,0,1,0.22986666666666677
4865,1.0,13,0,1,0.2297083333333334
4866,1.0,14,0,1,0.22955000000000003
4867,1.0,21,0,1,0.22939166666666666
4868,1.0,17,0,1,0.2292333333333334
4869,1.0,17,0,1,0.22907500000000003
4870,1.0,17,0,1,0.22891666666666677
4871,1.0,13,0,1,0.2287583333333334
4872,1.0,27,0,1,0.22860000000000003
4873,1.0,13,0,1,0.22844166666666665
4874,1.0,29,0,1,0.2282833333333334
4875,1.0,17,0,1,0.22812500000000002
4876,1.0,21,0,1,0.22796666666666676
4877,1.0,15,0,1,0.2278083333333334
4878,0.0,3,1,0,0.22765000000000013
4879,1.0,15,0,1,0.22749166666666665
4880,1.0,19,0,1,0.2273333333333334
4881,1.0,19,0,1,0.22717500000000002
4882,0.0,1,1,0,0.22701666666666676
4883,1.0,13,0,1,0.22685833333333338
4884,0.0,18,1,0,0.22670000000000012
4885,1.0,15,0,1,0.22654166666666664
4886,1.0,13,0,1,0.22638333333333338
4887,1.0,17,0,1,0.226225
4888,1.0,22,0,1,0.22606666666666675
4889,1.0,13,0,1,0.22590833333333338
4890,1.0,16,0,1,0.22575000000000012
4891,0.0,1,1,0,0.22559166666666663
4892,1.0,26,0,1,0.22543333333333337
4893,0.0,1,1,0,0.225275
4894,1.0,17,0,1,0.22511666666666674
4895,1.0,15,0,1,0.22495833333333337
4896,1.0,15,0,1,0.2248000000000001
4897,1.0,22,0,1,0.22464166666666663
4898,1.0,17,0,1,0.22448333333333337
4899,1.0,15,0,1,0.224325
4900,1.0,17,0,1,0.22416666666666674
4901,1.0,18,0,1,0.22400833333333336
4902,1.0,23,0,1,0.2238500000000001
4903,1.0,15,0,1,0.22369166666666662
4904,1.0,20,0,1,0.22353333333333336
4905,1.0,23,0,1,0.223375
4906,1.0,13,0,1,0.22321666666666673
4907,1.0,19,0,1,0.22305833333333336
4908,1.0,17,0,1,0.2229000000000001
4909,1.0,18,0,1,0.22274166666666662
4910,1.0,21,0,1,0.22258333333333336
4911,1.0,17,0,1,0.22242499999999998
4912,1.0,22,0,1,0.22226666666666672
4913,1.0,17,0,1,0.22210833333333335
4914,0.0,18,1,0,0.2219500000000001
4915,1.0,15,0,1,0.2217916666666666
4916,1.0,17,0,1,0.22163333333333335
4917,1.0,13,0,1,0.22147499999999998
4918,1.0,23,0,1,0.22131666666666672
4919,1.0,15,0,1,0.22115833333333335
4920,1.0,13,0,1,0.22100000000000009
4921,1.0,18,0,1,0.2208416666666667
4922,1.0,19,0,1,0.22068333333333334
4923,1.0,13,0,1,0.22052500000000008
4924,1.0,13,0,1,0.2203666666666667
4925,1.0,15,0,1,0.22020833333333345
4926,1.0,19,0,1,0.22005000000000008
4927,1.0,19,0,1,0.2198916666666667
4928,1.0,15,0,1,0.21973333333333334
4929,1.0,17,0,1,0.21957500000000008
4930,1.0,17,0,1,0.2194166666666667
4931,1.0,19,0,1,0.21925833333333344
4932,1.0,20,0,1,0.21910000000000007
4933,1.0,15,0,1,0.2189416666666667
4934,0.0,1,1,0,0.21878333333333333
4935,1.0,17,0,1,0.21862500000000007
4936,1.0,16,0,1,0.2184666666666667
4937,1.0,13,0,1,0.21830833333333344
4938,1.0,15,0,1,0.21815000000000007
4939,1.0,21,0,1,0.2179916666666667
4940,1.0,15,0,1,0.21783333333333332
4941,1.0,17,0,1,0.21767500000000006
4942,1.0,27,0,1,0.2175166666666667
4943,1.0,17,0,1,0.21735833333333343
4944,1.0,18,0,1,0.21720000000000006
4945,1.0,13,0,1,0.2170416666666667
4946,1.0,15,0,1,0.21688333333333332
4947,1.0,14,0,1,0.21672500000000006
4948,1.0,24,0,1,0.21656666666666669
4949,1.0,19,0,1,0.21640833333333342
4950,1.0,18,0,1,0.21625000000000005
4951,1.0,19,0,1,0.21609166666666668
4952,1.0,17,0,1,0.2159333333333333
4953,1.0,25,0,1,0.21577500000000005
4954,1.0,19,0,1,0.21561666666666668
4955,1.0,20,0,1,0.21545833333333342
4956,1.0,23,0,1,0.21530000000000005
4957,1.0,19,0,1,0.21514166666666668
4958,1.0,25,0,1,0.2149833333333333
4959,1.0,19,0,1,0.21482500000000004
4960,1.0,13,0,1,0.21466666666666667
4961,1.0,17,0,1,0.2145083333333334
4962,1.0,19,0,1,0.21435000000000004
4963,0.0,1,1,0,0.21419166666666667
4964,1.0,22,0,1,0.2140333333333333
4965,1.0,13,0,1,0.21387500000000004
4966,1.0,17,0,1,0.21371666666666667
4967,1.0,17,0,1,0.2135583333333334
4968,1.0,22,0,1,0.21340000000000003
4969,1.0,15,0,1,0.21324166666666666
4970,1.0,15,0,1,0.2130833333333333
4971,1.0,15,0,1,0.21292500000000003
4972,1.0,15,0,1,0.21276666666666666
4973,0.0,1,1,0,0.2126083333333334
4974,1.0,17,0,1,0.21245000000000003
4975,1.0,13,0,1,0.21229166666666666
4976,1.0,13,0,1,0.21213333333333328
4977,1.0,17,0,1,0.21197500000000002
4978,1.0,17,0,1,0.21181666666666665
4979,1.0,19,0,1,0.2116583333333334
4980,1.0,17,0,1,0.21150000000000002
4981,0.0,1,1,0,0.21134166666666665
4982,1.0,13,0,1,0.2111833333333334
4983,0.0,1,1,0,0.21102500000000002
4984,1.0,20,0,1,0.21086666666666676
4985,1.0,15,0,1,0.2107083333333334
4986,1.0,13,0,1,0.21055000000000013
4987,1.0,13,0,1,0.21039166666666664
4988,1.0,17,0,1,0.21023333333333338
4989,1.0,17,0,1,0.210075
4990,1.0,17,0,1,0.20991666666666675
4991,0.0,12,1,0,0.20975833333333338
4992,0.0,3,1,0,0.20960000000000012
4993,1.0,13,0,1,0.20944166666666664
4994,1.0,22,0,1,0.20928333333333338
4995,1.0,15,0,1,0.209125
4996,1.0,17,0,1,0.20896666666666674
4997,1.0,20,0,1,0.20880833333333337
4998,1.0,17,0,1,0.2086500000000001
4999,1.0,25,0,1,0.20849166666666663
5000,1.0,19,0,1,0.20833333333333337
5001,1.0,13,0,1,0.208175
5002,1.0,17,0,1,0.20801666666666674
5003,1.0,13,0,1,0.20785833333333337
5004,1.0,15,0,1,0.2077000000000001
5005,1.0,17,0,1,0.20754166666666674
5006,1.0,18,0,1,0.20738333333333336
5007,1.0,15,0,1,0.207225
5008,1.0,21,0,1,0.20706666666666673
5009,1.0,18,0,1,0.20690833333333336
5010,1.0,15,0,1,0.2067500000000001
5011,1.0,15,0,1,0.20659166666666673
5012,1.0,19,0,1,0.20643333333333336
5013,1.0,17,0,1,0.206275
5014,1.0,17,0,1,0.20611666666666673
5015,1.0,16,0,1,0.20595833333333335
5016,0.0,1,1,0,0.2058000000000001
5017,1.0,15,0,1,0.20564166666666672
5018,1.0,15,0,1,0.20548333333333335
5019,1.0,24,0,1,0.20532499999999998
5020,1.0,23,0,1,0.20516666666666672
5021,1.0,25,0,1,0.20500833333333335
5022,0.0,5,1,0,0.2048500000000001
5023,1.0,17,0,1,0.20469166666666672
5024,1.0,13,0,1,0.20453333333333334
5025,1.0,13,0,1,0.20437499999999997
5026,1.0,15,0,1,0.2042166666666667
5027,1.0,15,0,1,0.20405833333333334
5028,1.0,16,0,1,0.20390000000000008
5029,1.0,23,0,1,0.2037416666666667
5030,1.0,21,0,1,0.20358333333333334
5031,1.0,16,0,1,0.20342499999999997
5032,1.0,13,0,1,0.2032666666666667
5033,1.0,16,0,1,0.20310833333333334
5034,1.0,20,0,1,0.20295000000000007
5035,1.0,13,0,1,0.2027916666666667
5036,1.0,15,0,1,0.20263333333333333
5037,0.0,5,1,0,0.20247499999999996
5038,1.0,21,0,1,0.2023166666666667
5039,1.0,16,0,1,0.20215833333333333
5040,1.0,16,0,1,0.20200000000000007
5041,0.0,14,1,0,0.2018416666666667
5042,1.0,18,0,1,0.20168333333333333
5043,1.0,20,0,1,0.20152500000000007
5044,1.0,17,0,1,0.2013666666666667
5045,1.0,18,0,1,0.20120833333333343
5046,1.0,15,0,1,0.20105000000000006
5047,0.0,1,1,0,0.2008916666666668
5048,1.0,18,0,1,0.20073333333333332
5049,1.0,14,0,1,0.20057500000000006
5050,1.0,13,0,1,0.2004166666666667
5051,0.0,1,1,0,0.20025833333333343
5052,1.0,15,0,1,0.20010000000000006
5053,1.0,13,0,1,0.1999416666666668
5054,1.0,17,0,1,0.1997833333333333
5055,1.0,31,0,1,0.19962500000000005
5056,1.0,14,0,1,0.19946666666666668
5057,0.0,1,1,0,0.19930833333333342
5058,1.0,13,0,1,0.19915000000000005
5059,1.0,15,0,1,0.1989916666666668
5060,1.0,15,0,1,0.1988333333333333
5061,1.0,13,0,1,0.19867500000000005
5062,1.0,13,0,1,0.19851666666666667
5063,1.0,15,0,1,0.19835833333333341
5064,1.0,21,0,1,0.19820000000000004
5065,1.0,13,0,1,0.19804166666666678
5066,1.0,15,0,1,0.1978833333333333
5067,1.0,16,0,1,0.19772500000000004
5068,0.0,1,1,0,0.19756666666666667
5069,1.0,14,0,1,0.1974083333333334
5070,1.0,15,0,1,0.19725000000000004
5071,1.0,17,0,1,0.19709166666666678
5072,0.0,6,1,0,0.1969333333333333
5073,1.0,15,0,1,0.19677500000000003
5074,1.0,13,0,1,0.19661666666666666
5075,1.0,13,0,1,0.1964583333333334
5076,1.0,15,0,1,0.19630000000000003
5077,1.0,22,0,1,0.19614166666666677
5078,1.0,19,0,1,0.1959833333333333
5079,1.0,19,0,1,0.19582500000000003
5080,1.0,15,0,1,0.19566666666666666
5081,1.0,15,0,1,0.1955083333333334
5082,1.0,15,0,1,0.19535000000000002
5083,1.0,17,0,1,0.19519166666666676
5084,1.0,19,0,1,0.19503333333333328
5085,1.0,17,0,1,0.19487500000000002
5086,1.0,18,0,1,0.19471666666666665
5087,1.0,15,0,1,0.1945583333333334
5088,0.0,4,1,0,0.19440000000000002
5089,1.0,14,0,1,0.19424166666666676
5090,1.0,15,0,1,0.19408333333333327
5091,1.0,15,0,1,0.19392500000000001
5092,1.0,15,0,1,0.19376666666666664
5093,1.0,15,0,1,0.19360833333333338
5094,1.0,19,0,1,0.19345
5095,0.0,1,1,0,0.19329166666666675
5096,1.0,17,0,1,0.19313333333333327
5097,1.0,19,0,1,0.192975
5098,1.0,18,0,1,0.19281666666666664
5099,1.0,17,0,1,0.19265833333333338
5100,1.0,18,0,1,0.1925
5101,1.0,17,0,1,0.19234166666666674
5102,1.0,15,0,1,0.19218333333333337
5103,1.0,17,0,1,0.192025
5104,1.0,15,0,1,0.19186666666666674
5105,1.0,25,0,1,0.19170833333333337
5106,0.0,1,1,0,0.1915500000000001
5107,1.0,17,0,1,0.19139166666666674
5108,1.0,13,0,1,0.19123333333333337
5109,1.0,13,0,1,0.191075
5110,1.0,19,0,1,0.19091666666666673
5111,1.0,20,0,1,0.19075833333333336
5112,1.0,18,0,1,0.1906000000000001
5113,1.0,19,0,1,0.19044166666666673
5114,1.0,16,0,1,0.19028333333333336
5115,1.0,15,0,1,0.190125
5116,1.0,13,0,1,0.18996666666666673
5117,1.0,19,0,1,0.18980833333333336
5118,1.0,19,0,1,0.1896500000000001
5119,1.0,15,0,1,0.18949166666666672
5120,1.0,20,0,1,0.18933333333333335
5121,0.0,5,1,0,0.18917499999999998
5122,1.0,19,0,1,0.18901666666666672
5123,1.0,20,0,1,0.18885833333333335
5124,0.0,1,1,0,0.1887000000000001
5125,1.0,16,0,1,0.18854166666666672
5126,1.0,13,0,1,0.18838333333333346
5127,1.0,15,0,1,0.18822499999999998
5128,1.0,15,0,1,0.18806666666666672
5129,1.0,15,0,1,0.18790833333333334
5130,1.0,18,0,1,0.18775000000000008
5131,1.0,13,0,1,0.1875916666666667
5132,1.0,17,0,1,0.18743333333333345
5133,1.0,15,0,1,0.18727499999999997
5134,1.0,17,0,1,0.1871166666666667
5135,1.0,16,0,1,0.18695833333333334
5136,1.0,18,0,1,0.18680000000000008
5137,1.0,15,0,1,0.1866416666666667
5138,1.0,19,0,1,0.18648333333333345
5139,1.0,15,0,1,0.18632499999999996
5140,1.0,17,0,1,0.1861666666666667
5141,1.0,17,0,1,0.18600833333333333
5142,0.0,3,1,0,0.18585000000000007
5143,1.0,22,0,1,0.1856916666666667
5144,1.0,17,0,1,0.18553333333333344
5145,1.0,17,0,1,0.18537499999999996
5146,1.0,15,0,1,0.1852166666666667
5147,1.0,15,0,1,0.18505833333333332
5148,1.0,16,0,1,0.18490000000000006
5149,1.0,15,0,1,0.1847416666666667
5150,1.0,17,0,1,0.18458333333333343
5151,1.0,21,0,1,0.18442499999999995
5152,1.0,15,0,1,0.1842666666666667
5153,1.0,17,0,1,0.18410833333333332
5154,1.0,15,0,1,0.18395000000000006
5155,1.0,15,0,1,0.1837916666666667
5156,1.0,19,0,1,0.18363333333333343
5157,1.0,17,0,1,0.18347499999999994
5158,1.0,19,0,1,0.18331666666666668
5159,1.0,13,0,1,0.1831583333333333
5160,1.0,18,0,1,0.18300000000000005
5161,1.0,13,0,1,0.18284166666666668
5162,1.0,13,0,1,0.18268333333333342
5163,1.0,21,0,1,0.18252500000000005
5164,1.0,20,0,1,0.18236666666666668
5165,1.0,13,0,1,0.18220833333333342
5166,1.0,17,0,1,0.18205000000000005
5167,1.0,13,0,1,0.18189166666666678
5168,1.0,18,0,1,0.1817333333333334
5169,1.0,18,0,1,0.18157500000000004
5170,1.0,15,0,1,0.18141666666666667
5171,1.0,18,0,1,0.1812583333333334
5172,1.0,15,0,1,0.18110000000000004
5173,1.0,13,0,1,0.18094166666666678
5174,0.0,1,1,0,0.1807833333333334
5175,1.0,13,0,1,0.18062500000000004
5176,1.0,16,0,1,0.18046666666666666
5177,1.0,20,0,1,0.1803083333333334
5178,1.0,15,0,1,0.18015000000000003
5179,1.0,17,0,1,0.17999166666666677
5180,1.0,17,0,1,0.1798333333333334
5181,1.0,16,0,1,0.17967500000000003
5182,1.0,14,0,1,0.17951666666666666
5183,1.0,19,0,1,0.1793583333333334
5184,1.0,18,0,1,0.17920000000000003
5185,1.0,13,0,1,0.17904166666666677
5186,1.0,17,0,1,0.1788833333333334
5187,1.0,13,0,1,0.17872500000000002
5188,1.0,13,0,1,0.17856666666666665
5189,1.0,18,0,1,0.1784083333333334
5190,1.0,13,0,1,0.17825000000000002
5191,1.0,19,0,1,0.17809166666666676
5192,1.0,15,0,1,0.1779333333333334
5193,1.0,19,0,1,0.17777500000000002
5194,1.0,15,0,1,0.17761666666666664
5195,1.0,23,0,1,0.17745833333333338
5196,1.0,15,0,1,0.1773
5197,0.0,1,1,0,0.17714166666666675
5198,1.0,15,0,1,0.17698333333333338
5199,1.0,17,0,1,0.176825
5200,1.0,20,0,1,0.17666666666666664
5201,1.0,15,0,1,0.17650833333333338
5202,1.0,15,0,1,0.17635
5203,1.0,23,0,1,0.17619166666666675
5204,0.0,1,1,0,0.17603333333333337
5205,0.0,1,1,0,0.175875
5206,1.0,24,0,1,0.17571666666666663
5207,1.0,20,0,1,0.17555833333333337
5208,1.0,13,0,1,0.1754
5209,1.0,13,0,1,0.17524166666666674
5210,1.0,27,0,1,0.17508333333333337
5211,1.0,22,0,1,0.174925
5212,1.0,17,0,1,0.17476666666666663
5213,1.0,17,0,1,0.17460833333333337
5214,1.0,15,0,1,0.17445
5215,1.0,16,0,1,0.17429166666666673
5216,1.0,24,0,1,0.17413333333333336
5217,1.0,15,0,1,0.173975
5218,1.0,15,0,1,0.17381666666666662
5219,1.0,16,0,1,0.17365833333333336
5220,1.0,17,0,1,0.1735
5221,1.0,15,0,1,0.17334166666666673
5222,1.0,15,0,1,0.17318333333333336
5223,1.0,15,0,1,0.17302499999999998
5224,1.0,20,0,1,0.17286666666666672
5225,0.0,1,1,0,0.17270833333333335
5226,1.0,17,0,1,0.1725500000000001
5227,1.0,15,0,1,0.17239166666666672
5228,1.0,16,0,1,0.17223333333333346
5229,1.0,15,0,1,0.17207499999999998
5230,1.0,18,0,1,0.17191666666666672
5231,1.0,16,0,1,0.17175833333333335
5232,1.0,18,0,1,0.17160000000000009
5233,1.0,17,0,1,0.17144166666666671
5234,1.0,16,0,1,0.17128333333333345
5235,1.0,17,0,1,0.17112499999999997
5236,1.0,15,0,1,0.1709666666666667
5237,1.0,17,0,1,0.17080833333333334
5238,1.0,15,0,1,0.17065000000000008
5239,1.0,15,0,1,0.1704916666666667
5240,1.0,20,0,1,0.17033333333333345
5241,1.0,19,0,1,0.17017499999999997
5242,1.0,21,0,1,0.1700166666666667
5243,1.0,13,0,1,0.16985833333333333
5244,1.0,15,0,1,0.16970000000000007
5245,1.0,15,0,1,0.1695416666666667
5246,1.0,21,0,1,0.16938333333333344
5247,1.0,13,0,1,0.16922499999999996
5248,1.0,14,0,1,0.1690666666666667
5249,0.0,16,1,0,0.16890833333333333
5250,1.0,21,0,1,0.16875000000000007
5251,1.0,13,0,1,0.1685916666666667
5252,1.0,17,0,1,0.16843333333333343
5253,1.0,19,0,1,0.16827500000000006
5254,1.0,15,0,1,0.1681166666666667
5255,1.0,19,0,1,0.16795833333333332
5256,1.0,15,0,1,0.16780000000000006
5257,1.0,20,0,1,0.1676416666666667
5258,1.0,17,0,1,0.16748333333333343
5259,1.0,20,0,1,0.16732500000000006
5260,1.0,21,0,1,0.16716666666666669
5261,1.0,15,0,1,0.16700833333333331
5262,1.0,17,0,1,0.16685000000000005
5263,1.0,15,0,1,0.16669166666666668
5264,1.0,16,0,1,0.16653333333333342
5265,1.0,21,0,1,0.16637500000000005
5266,1.0,15,0,1,0.16621666666666668
5267,1.0,13,0,1,0.1660583333333333
5268,1.0,24,0,1,0.16590000000000005
5269,1.0,15,0,1,0.16574166666666668
5270,1.0,21,0,1,0.16558333333333342
5271,1.0,13,0,1,0.16542500000000004
5272,1.0,13,0,1,0.16526666666666667
5273,1.0,13,0,1,0.1651083333333333
5274,1.0,15,0,1,0.16495000000000004
5275,1.0,16,0,1,0.16479166666666667
5276,1.0,17,0,1,0.1646333333333334
5277,1.0,15,0,1,0.16447500000000004
5278,1.0,13,0,1,0.16431666666666667
5279,0.0,1,1,0,0.1641583333333334
5280,1.0,23,0,1,0.16400000000000003
5281,1.0,15,0,1,0.16384166666666677
5282,1.0,13,0,1,0.1636833333333334
5283,1.0,17,0,1,0.16352500000000014
5284,1.0,15,0,1,0.16336666666666666
5285,1.0,14,0,1,0.1632083333333334
5286,1.0,16,0,1,0.16305000000000003
5287,1.0,17,0,1,0.16289166666666677
5288,1.0,13,0,1,0.1627333333333334
5289,1.0,15,0,1,0.16257500000000014
5290,0.0,1,1,0,0.16241666666666665
5291,1.0,15,0,1,0.1622583333333334
5292,0.0,1,1,0,0.16210000000000002
5293,1.0,24,0,1,0.16194166666666676
5294,1.0,16,0,1,0.1617833333333334
5295,1.0,15,0,1,0.16162500000000013
5296,1.0,15,0,1,0.16146666666666665
5297,1.0,15,0,1,0.1613083333333334
5298,1.0,17,0,1,0.16115000000000002
5299,0.0,1,1,0,0.16099166666666676
5300,1.0,17,0,1,0.16083333333333338
5301,1.0,15,0,1,0.16067500000000012
5302,1.0,15,0,1,0.16051666666666664
5303,1.0,14,0,1,0.16035833333333338
5304,1.0,14,0,1,0.1602
5305,1.0,17,0,1,0.16004166666666675
5306,1.0,14,0,1,0.15988333333333338
5307,1.0,13,0,1,0.15972500000000012
5308,1.0,15,0,1,0.15956666666666663
5309,1.0,14,0,1,0.15940833333333337
5310,1.0,13,0,1,0.15925
5311,1.0,20,0,1,0.15909166666666674
5312,1.0,13,0,1,0.15893333333333337
5313,1.0,13,0,1,0.1587750000000001
5314,1.0,13,0,1,0.15861666666666663
5315,1.0,13,0,1,0.15845833333333337
5316,1.0,13,0,1,0.1583
5317,1.0,21,0,1,0.15814166666666674
5318,1.0,15,0,1,0.15798333333333336
5319,1.0,17,0,1,0.1578250000000001
5320,1.0,18,0,1,0.15766666666666662
5321,1.0,17,0,1,0.15750833333333336
5322,1.0,19,0,1,0.15735
5323,1.0,17,0,1,0.15719166666666673
5324,1.0,17,0,1,0.15703333333333336
5325,1.0,19,0,1,0.1568750000000001
5326,1.0,17,0,1,0.15671666666666662
5327,1.0,15,0,1,0.15655833333333335
5328,1.0,16,0,1,0.15639999999999998
5329,1.0,13,0,1,0.15624166666666672
5330,1.0,13,0,1,0.15608333333333335
5331,1.0,13,0,1,0.1559250000000001
5332,1.0,19,0,1,0.1557666666666666
5333,1.0,13,0,1,0.15560833333333335
5334,1.0,17,0,1,0.15544999999999998
5335,1.0,13,0,1,0.15529166666666672
5336,1.0,22,0,1,0.15513333333333335
5337,1.0,13,0,1,0.15497500000000008
5338,1.0,17,0,1,0.1548166666666667
5339,1.0,17,0,1,0.15465833333333334
5340,1.0,15,0,1,0.15450000000000008
5341,1.0,13,0,1,0.1543416666666667
5342,1.0,19,0,1,0.15418333333333345
5343,1.0,17,0,1,0.15402500000000008
5344,1.0,16,0,1,0.1538666666666667
5345,1.0,17,0,1,0.15370833333333334
5346,1.0,14,0,1,0.15355000000000008
5347,1.0,13,0,1,0.1533916666666667
5348,1.0,21,0,1,0.15323333333333344
5349,1.0,13,0,1,0.15307500000000007
5350,1.0,17,0,1,0.1529166666666667
5351,1.0,18,0,1,0.15275833333333333
5352,0.0,1,1,0,0.15260000000000007
5353,1.0,15,0,1,0.1524416666666667
5354,1.0,21,0,1,0.15228333333333344
5355,1.0,23,0,1,0.15212500000000007
5356,1.0,16,0,1,0.1519666666666667
5357,1.0,15,0,1,0.15180833333333332
5358,1.0,13,0,1,0.15165000000000006
5359,0.0,18,1,0,0.1514916666666667
5360,1.0,13,0,1,0.15133333333333343
5361,1.0,19,0,1,0.15117500000000006
5362,1.0,17,0,1,0.1510166666666667
5363,1.0,13,0,1,0.15085833333333332
5364,1.0,21,0,1,0.15070000000000006
5365,1.0,13,0,1,0.15054166666666668
5366,0.0,1,1,0,0.15038333333333342
5367,1.0,13,0,1,0.15022500000000005
5368,1.0,13,0,1,0.15006666666666668
5369,1.0,15,0,1,0.1499083333333333
5370,1.0,15,0,1,0.14975000000000005
5371,1.0,17,0,1,0.14959166666666668
5372,1.0,22,0,1,0.14943333333333342
5373,1.0,15,0,1,0.14927500000000005
5374,1.0,15,0,1,0.14911666666666668
5375,1.0,15,0,1,0.1489583333333333
5376,1.0,15,0,1,0.14880000000000004
5377,1.0,13,0,1,0.14864166666666667
5378,1.0,15,0,1,0.1484833333333334
5379,1.0,14,0,1,0.14832500000000004
5380,1.0,15,0,1,0.14816666666666678
5381,1.0,23,0,1,0.1480083333333333
5382,1.0,18,0,1,0.14785000000000004
5383,1.0,27,0,1,0.14769166666666667
5384,1.0,15,0,1,0.1475333333333334
5385,1.0,19,0,1,0.14737500000000003
5386,1.0,17,0,1,0.14721666666666677
5387,0.0,9,1,0,0.1470583333333333
5388,1.0,16,0,1,0.14690000000000003
5389,1.0,13,0,1,0.14674166666666666
5390,1.0,13,0,1,0.1465833333333334
5391,1.0,15,0,1,0.14642500000000003
5392,1.0,13,0,1,0.14626666666666677
5393,1.0,13,0,1,0.14610833333333328
5394,1.0,15,0,1,0.14595000000000002
5395,1.0,17,0,1,0.14579166666666665
5396,1.0,15,0,1,0.1456333333333334
5397,1.0,18,0,1,0.14547500000000002
5398,1.0,17,0,1,0.14531666666666676
5399,1.0,14,0,1,0.1451583333333334
5400,1.0,19,0,1,0.14500000000000002
5401,1.0,16,0,1,0.14484166666666676
5402,1.0,16,0,1,0.14468333333333339
5403,1.0,15,0,1,0.14452500000000013
5404,1.0,13,0,1,0.14436666666666675
5405,1.0,15,0,1,0.14420833333333338
5406,1.0,15,0,1,0.14405
5407,1.0,13,0,1,0.14389166666666675
5408,1.0,15,0,1,0.14373333333333338
5409,1.0,17,0,1,0.14357500000000012
5410,1.0,15,0,1,0.14341666666666675
5411,1.0,15,0,1,0.14325833333333338
5412,1.0,16,0,1,0.1431
5413,1.0,19,0,1,0.14294166666666674
5414,1.0,15,0,1,0.14278333333333337
5415,1.0,13,0,1,0.1426250000000001
5416,1.0,15,0,1,0.14246666666666674
5417,1.0,14,0,1,0.14230833333333337
5418,1.0,14,0,1,0.14215
5419,1.0,13,0,1,0.14199166666666674
5420,1.0,15,0,1,0.14183333333333337
5421,1.0,15,0,1,0.1416750000000001
5422,1.0,15,0,1,0.14151666666666673
5423,1.0,17,0,1,0.14135833333333336
5424,1.0,17,0,1,0.1412
5425,1.0,21,0,1,0.14104166666666673
5426,1.0,13,0,1,0.14088333333333336
5427,1.0,15,0,1,0.1407250000000001
5428,1.0,15,0,1,0.14056666666666673
5429,1.0,17,0,1,0.14040833333333336
5430,0.0,1,1,0,0.14024999999999999
5431,1.0,16,0,1,0.14009166666666673
5432,1.0,17,0,1,0.13993333333333335
5433,1.0,17,0,1,0.1397750000000001
5434,1.0,15,0,1,0.13961666666666672
5435,1.0,17,0,1,0.13945833333333335
5436,1.0,14,0,1,0.13929999999999998
5437,1.0,15,0,1,0.13914166666666672
5438,1.0,15,0,1,0.13898333333333335
5439,1.0,13,0,1,0.1388250000000001
5440,0.0,12,1,0,0.13866666666666672
5441,1.0,13,0,1,0.13850833333333334
5442,1.0,17,0,1,0.13834999999999997
5443,0.0,1,1,0,0.1381916666666667
5444,0.0,1,1,0,0.13803333333333334
5445,1.0,15,0,1,0.13787500000000008
5446,1.0,13,0,1,0.1377166666666667
5447,1.0,14,0,1,0.13755833333333334
5448,1.0,13,0,1,0.13739999999999997
5449,1.0,17,0,1,0.1372416666666667
5450,1.0,13,0,1,0.13708333333333333
5451,1.0,15,0,1,0.13692500000000007
5452,1.0,15,0,1,0.1367666666666667
5453,1.0,17,0,1,0.13660833333333333
5454,1.0,15,0,1,0.13644999999999996
5455,1.0,19,0,1,0.1362916666666667
5456,1.0,13,0,1,0.13613333333333333
5457,1.0,13,0,1,0.13597500000000007
5458,1.0,18,0,1,0.1358166666666667
5459,1.0,15,0,1,0.13565833333333333
5460,1.0,17,0,1,0.13550000000000006
5461,1.0,16,0,1,0.1353416666666667
5462,1.0,13,0,1,0.13518333333333343
5463,1.0,16,0,1,0.13502500000000006
5464,1.0,15,0,1,0.1348666666666668
5465,1.0,19,0,1,0.13470833333333332
5466,1.0,17,0,1,0.13455000000000006
5467,1.0,14,0,1,0.1343916666666667
5468,1.0,14,0,1,0.13423333333333343
5469,1.0,19,0,1,0.13407500000000006
5470,1.0,15,0,1,0.1339166666666668
5471,1.0,13,0,1,0.1337583333333333
5472,1.0,15,0,1,0.13360000000000005
5473,1.0,13,0,1,0.13344166666666668
5474,1.0,13,0,1,0.13328333333333342
5475,1.0,15,0,1,0.13312500000000005
5476,1.0,25,0,1,0.1329666666666668
5477,1.0,17,0,1,0.1328083333333333
5478,1.0,17,0,1,0.13265000000000005
5479,1.0,13,0,1,0.13249166666666667
5480,1.0,17,0,1,0.1323333333333334
5481,0.0,1,1,0,0.13217500000000004
5482,1.0,13,0,1,0.13201666666666678
5483,1.0,17,0,1,0.1318583333333333
5484,1.0,17,0,1,0.13170000000000004
5485,1.0,15,0,1,0.13154166666666667
5486,1.0,17,0,1,0.1313833333333334
5487,1.0,15,0,1,0.13122500000000004
5488,1.0,15,0,1,0.13106666666666678
5489,1.0,13,0,1,0.1309083333333333
5490,1.0,13,0,1,0.13075000000000003
5491,1.0,13,0,1,0.13059166666666666
5492,1.0,15,0,1,0.1304333333333334
5493,1.0,15,0,1,0.13027500000000003
5494,1.0,15,0,1,0.13011666666666677
5495,1.0,15,0,1,0.1299583333333333
5496,1.0,17,0,1,0.12980000000000003
5497,1.0,15,0,1,0.12964166666666666
5498,1.0,13,0,1,0.1294833333333334
5499,1.0,17,0,1,0.12932500000000002
5500,1.0,20,0,1,0.12916666666666676
5501,1.0,15,0,1,0.1290083333333334
5502,1.0,15,0,1,0.12885000000000002
5503,1.0,17,0,1,0.12869166666666665
5504,1.0,15,0,1,0.1285333333333334
5505,1.0,17,0,1,0.12837500000000002
5506,1.0,21,0,1,0.12821666666666676
5507,0.0,1,1,0,0.12805833333333339
5508,1.0,15,0,1,0.1279
5509,1.0,15,0,1,0.12774166666666664
5510,1.0,18,0,1,0.12758333333333338
5511,1.0,15,0,1,0.127425
5512,1.0,19,0,1,0.12726666666666675
5513,1.0,13,0,1,0.12710833333333338
5514,1.0,15,0,1,0.12695
5515,1.0,23,0,1,0.12679166666666664
5516,1.0,16,0,1,0.12663333333333338
5517,1.0,15,0,1,0.126475
5518,1.0,15,0,1,0.12631666666666674
5519,1.0,15,0,1,0.12615833333333337
5520,1.0,15,0,1,0.126
5521,1.0,14,0,1,0.12584166666666674
5522,1.0,17,0,1,0.12568333333333337
5523,1.0,19,0,1,0.1255250000000001
5524,1.0,17,0,1,0.12536666666666674
5525,1.0,15,0,1,0.12520833333333348
5526,1.0,15,0,1,0.12505
5527,1.0,15,0,1,0.12489166666666673
5528,1.0,15,0,1,0.12473333333333336
5529,1.0,13,0,1,0.1245750000000001
5530,1.0,17,0,1,0.12441666666666673
5531,1.0,13,0,1,0.12425833333333347
5532,1.0,15,0,1,0.12409999999999999
5533,1.0,13,0,1,0.12394166666666673
5534,1.0,19,0,1,0.12378333333333336
5535,1.0,15,0,1,0.1236250000000001
5536,1.0,17,0,1,0.12346666666666672
5537,1.0,17,0,1,0.12330833333333346
5538,1.0,13,0,1,0.12314999999999998
5539,1.0,13,0,1,0.12299166666666672
5540,1.0,15,0,1,0.12283333333333335
5541,1.0,15,0,1,0.12267500000000009
5542,1.0,13,0,1,0.12251666666666672
5543,1.0,17,0,1,0.12235833333333346
5544,1.0,17,0,1,0.12219999999999998
5545,1.0,13,0,1,0.12204166666666671
5546,1.0,17,0,1,0.12188333333333334
5547,1.0,19,0,1,0.12172500000000008
5548,1.0,15,0,1,0.12156666666666671
5549,1.0,15,0,1,0.12140833333333345
5550,1.0,13,0,1,0.12124999999999997
5551,0.0,1,1,0,0.12109166666666671
5552,1.0,22,0,1,0.12093333333333334
5553,1.0,16,0,1,0.12077500000000008
5554,1.0,15,0,1,0.1206166666666667
5555,0.0,1,1,0,0.12045833333333344
5556,1.0,13,0,1,0.12029999999999996
5557,1.0,13,0,1,0.1201416666666667
5558,1.0,17,0,1,0.11998333333333333
5559,1.0,15,0,1,0.11982500000000007
5560,1.0,13,0,1,0.1196666666666667
5561,1.0,15,0,1,0.11950833333333344
5562,1.0,13,0,1,0.11934999999999996
5563,1.0,17,0,1,0.1191916666666667
5564,1.0,17,0,1,0.11903333333333332
5565,1.0,13,0,1,0.11887500000000006
5566,1.0,15,0,1,0.11871666666666669
5567,1.0,13,0,1,0.11855833333333343
5568,1.0,15,0,1,0.11839999999999995
5569,1.0,13,0,1,0.11824166666666669
5570,1.0,15,0,1,0.11808333333333332
5571,1.0,13,0,1,0.11792500000000006
5572,1.0,15,0,1,0.11776666666666669
5573,1.0,17,0,1,0.11760833333333343
5574,1.0,17,0,1,0.11744999999999994
5575,1.0,13,0,1,0.11729166666666668
5576,1.0,13,0,1,0.11713333333333331
5577,1.0,13,0,1,0.11697500000000005
5578,1.0,16,0,1,0.11681666666666668
5579,1.0,13,0,1,0.11665833333333342
5580,1.0,13,0,1,0.11650000000000005
5581,1.0,17,0,1,0.11634166666666668
5582,1.0,13,0,1,0.11618333333333342
5583,1.0,13,0,1,0.11602500000000004
5584,1.0,13,0,1,0.11586666666666678
5585,1.0,13,0,1,0.11570833333333341
5586,1.0,13,0,1,0.11555000000000004
5587,1.0,17,0,1,0.11539166666666667
5588,1.0,13,0,1,0.11523333333333341
5589,1.0,15,0,1,0.11507500000000004
5590,1.0,13,0,1,0.11491666666666678
5591,1.0,13,0,1,0.1147583333333334
5592,0.0,10,1,0,0.11460000000000004
5593,1.0,15,0,1,0.11444166666666666
5594,1.0,15,0,1,0.1142833333333334
5595,1.0,16,0,1,0.11412500000000003
5596,1.0,15,0,1,0.11396666666666677
5597,1.0,13,0,1,0.1138083333333334
5598,1.0,19,0,1,0.11365000000000003
5599,1.0,13,0,1,0.11349166666666666
5600,1.0,13,0,1,0.1133333333333334
5601,1.0,15,0,1,0.11317500000000003
5602,1.0,16,0,1,0.11301666666666677
5603,1.0,15,0,1,0.1128583333333334
5604,1.0,15,0,1,0.11270000000000002
5605,1.0,15,0,1,0.11254166666666665
5606,1.0,14,0,1,0.11238333333333339
5607,1.0,17,0,1,0.11222500000000002
5608,1.0,13,0,1,0.11206666666666676
5609,1.0,16,0,1,0.11190833333333339
5610,1.0,15,0,1,0.11175000000000002
5611,1.0,16,0,1,0.11159166666666664
5612,1.0,13,0,1,0.11143333333333338
5613,1.0,17,0,1,0.11127500000000001
5614,1.0,17,0,1,0.11111666666666675
5615,0.0,1,1,0,0.11095833333333338
5616,1.0,13,0,1,0.11080000000000001
5617,1.0,18,0,1,0.11064166666666664
5618,1.0,17,0,1,0.11048333333333338
5619,1.0,13,0,1,0.110325
5620,1.0,13,0,1,0.11016666666666675
5621,1.0,13,0,1,0.11000833333333337
5622,1.0,13,0,1,0.10985
5623,0.0,1,1,0,0.10969166666666663
5624,1.0,13,0,1,0.10953333333333337
5625,1.0,15,0,1,0.109375
5626,1.0,15,0,1,0.10921666666666674
5627,1.0,13,0,1,0.10905833333333337
5628,1.0,13,0,1,0.10890000000000011
5629,1.0,13,0,1,0.10874166666666663
5630,1.0,13,0,1,0.10858333333333337
5631,1.0,13,0,1,0.108425
5632,1.0,15,0,1,0.10826666666666673
5633,1.0,17,0,1,0.10810833333333336
5634,1.0,13,0,1,0.1079500000000001
5635,1.0,13,0,1,0.10779166666666662
5636,1.0,14,0,1,0.10763333333333336
5637,1.0,21,0,1,0.10747499999999999
5638,1.0,19,0,1,0.10731666666666673
5639,1.0,15,0,1,0.10715833333333336
5640,1.0,20,0,1,0.1070000000000001
5641,1.0,17,0,1,0.10684166666666672
5642,1.0,14,0,1,0.10668333333333335
5643,1.0,15,0,1,0.10652500000000009
5644,1.0,13,0,1,0.10636666666666672
5645,0.0,1,1,0,0.10620833333333346
5646,1.0,16,0,1,0.10605000000000009
5647,1.0,17,0,1,0.10589166666666672
5648,1.0,13,0,1,0.10573333333333335
5649,1.0,19,0,1,0.10557500000000009
5650,0.0,11,1,0,0.10541666666666671
5651,1.0,13,0,1,0.10525833333333345
5652,1.0,13,0,1,0.10510000000000008
5653,1.0,13,0,1,0.10494166666666671
5654,1.0,19,0,1,0.10478333333333334
5655,1.0,15,0,1,0.10462500000000008
5656,1.0,15,0,1,0.10446666666666671
5657,1.0,13,0,1,0.10430833333333345
5658,1.0,13,0,1,0.10415000000000008
5659,1.0,13,0,1,0.1039916666666667
5660,1.0,15,0,1,0.10383333333333333
5661,1.0,15,0,1,0.10367500000000007
5662,1.0,13,0,1,0.1035166666666667
5663,1.0,13,0,1,0.10335833333333344
5664,0.0,1,1,0,0.10320000000000007
5665,1.0,15,0,1,0.1030416666666667
5666,1.0,13,0,1,0.10288333333333333
5667,1.0,15,0,1,0.10272500000000007
5668,1.0,15,0,1,0.1025666666666667
5669,1.0,19,0,1,0.10240833333333343
5670,1.0,15,0,1,0.10225000000000006
5671,1.0,15,0,1,0.10209166666666669
5672,1.0,17,0,1,0.10193333333333332
5673,1.0,15,0,1,0.10177500000000006
5674,1.0,17,0,1,0.10161666666666669
5675,1.0,14,0,1,0.10145833333333343
5676,1.0,17,0,1,0.10130000000000006
5677,1.0,20,0,1,0.10114166666666669
5678,1.0,15,0,1,0.10098333333333331
5679,1.0,13,0,1,0.10082500000000005
5680,1.0,15,0,1,0.10066666666666668
5681,1.0,18,0,1,0.10050833333333342
5682,1.0,13,0,1,0.10035000000000005
5683,1.0,13,0,1,0.10019166666666668
5684,1.0,13,0,1,0.10003333333333331
5685,1.0,15,0,1,0.09987500000000005
5686,1.0,13,0,1,0.09971666666666668
5687,1.0,20,0,1,0.09955833333333342
5688,1.0,15,0,1,0.09940000000000004
5689,1.0,13,0,1,0.09924166666666667
5690,1.0,15,0,1,0.0990833333333333
5691,1.0,17,0,1,0.09892500000000004
5692,1.0,13,0,1,0.09876666666666667
5693,1.0,13,0,1,0.09860833333333341
5694,1.0,16,0,1,0.09845000000000004
5695,1.0,13,0,1,0.09829166666666667
5696,1.0,19,0,1,0.0981333333333333
5697,1.0,13,0,1,0.09797500000000003
5698,1.0,15,0,1,0.09781666666666666
5699,1.0,21,0,1,0.0976583333333334
5700,1.0,15,0,1,0.09750000000000003
5701,1.0,16,0,1,0.09734166666666666
5702,1.0,13,0,1,0.0971833333333334
5703,1.0,13,0,1,0.09702500000000003
5704,1.0,17,0,1,0.09686666666666677
5705,1.0,13,0,1,0.0967083333333334
5706,1.0,15,0,1,0.09655000000000014
5707,1.0,13,0,1,0.09639166666666665
5708,1.0,13,0,1,0.09623333333333339
5709,1.0,15,0,1,0.09607500000000002
5710,1.0,13,0,1,0.09591666666666676
5711,1.0,15,0,1,0.09575833333333339
5712,1.0,17,0,1,0.09560000000000013
5713,1.0,17,0,1,0.09544166666666665
5714,1.0,15,0,1,0.09528333333333339
5715,1.0,15,0,1,0.09512500000000002
5716,1.0,15,0,1,0.09496666666666675
5717,1.0,23,0,1,0.09480833333333338
5718,1.0,13,0,1,0.09465000000000012
5719,0.0,1,1,0,0.09449166666666664
5720,1.0,15,0,1,0.09433333333333338
5721,1.0,13,0,1,0.09417500000000001
5722,1.0,13,0,1,0.09401666666666675
5723,1.0,15,0,1,0.09385833333333338
5724,1.0,13,0,1,0.09370000000000012
5725,1.0,13,0,1,0.09354166666666663
5726,1.0,13,0,1,0.09338333333333337
5727,1.0,15,0,1,0.093225
5728,1.0,17,0,1,0.09306666666666674
5729,1.0,17,0,1,0.09290833333333337
5730,1.0,13,0,1,0.09275000000000011
5731,1.0,15,0,1,0.09259166666666663
5732,1.0,15,0,1,0.09243333333333337
5733,1.0,15,0,1,0.092275
5734,1.0,13,0,1,0.09211666666666674
5735,1.0,19,0,1,0.09195833333333336
5736,1.0,13,0,1,0.0918000000000001
5737,1.0,13,0,1,0.09164166666666662
5738,1.0,17,0,1,0.09148333333333336
5739,1.0,14,0,1,0.09132499999999999
5740,1.0,13,0,1,0.09116666666666673
5741,1.0,15,0,1,0.09100833333333336
5742,1.0,13,0,1,0.0908500000000001
5743,1.0,16,0,1,0.09069166666666661
5744,1.0,14,0,1,0.09053333333333335
5745,1.0,14,0,1,0.09037499999999998
5746,1.0,13,0,1,0.09021666666666672
5747,1.0,19,0,1,0.09005833333333335
5748,1.0,19,0,1,0.08990000000000009
5749,1.0,16,0,1,0.08974166666666661
5750,1.0,17,0,1,0.08958333333333335
5751,1.0,17,0,1,0.08942499999999998
5752,1.0,13,0,1,0.08926666666666672
5753,1.0,14,0,1,0.08910833333333334
5754,1.0,15,0,1,0.08895000000000008
5755,1.0,14,0,1,0.08879166666666671
5756,1.0,15,0,1,0.08863333333333334
5757,1.0,14,0,1,0.08847499999999997
5758,1.0,15,0,1,0.08831666666666671
5759,1.0,13,0,1,0.08815833333333334
5760,1.0,15,0,1,0.08800000000000008
5761,1.0,15,0,1,0.0878416666666667
5762,1.0,17,0,1,0.08768333333333334
5763,1.0,13,0,1,0.08752500000000007
5764,1.0,17,0,1,0.0873666666666667
5765,1.0,13,0,1,0.08720833333333344
5766,1.0,15,0,1,0.08705000000000007
5767,1.0,16,0,1,0.08689166666666681
5768,1.0,19,0,1,0.08673333333333333
5769,1.0,13,0,1,0.08657500000000007
5770,1.0,15,0,1,0.0864166666666667
5771,1.0,13,0,1,0.08625833333333344
5772,1.0,13,0,1,0.08610000000000007
5773,1.0,15,0,1,0.0859416666666668
5774,0.0,1,1,0,0.08578333333333332
5775,1.0,15,0,1,0.08562500000000006
5776,1.0,16,0,1,0.08546666666666669
5777,1.0,15,0,1,0.08530833333333343
5778,1.0,17,0,1,0.08515000000000006
5779,1.0,13,0,1,0.0849916666666668
5780,1.0,15,0,1,0.08483333333333332
5781,1.0,13,0,1,0.08467500000000006
5782,1.0,15,0,1,0.08451666666666668
5783,1.0,13,0,1,0.08435833333333342
5784,1.0,13,0,1,0.08420000000000005
5785,1.0,15,0,1,0.08404166666666679
5786,1.0,13,0,1,0.08388333333333331
5787,1.0,13,0,1,0.08372500000000005
5788,1.0,13,0,1,0.08356666666666668
5789,1.0,13,0,1,0.08340833333333342
5790,1.0,15,0,1,0.08325000000000005
5791,1.0,17,0,1,0.08309166666666679
5792,1.0,15,0,1,0.0829333333333333
5793,1.0,13,0,1,0.08277500000000004
5794,1.0,13,0,1,0.08261666666666667
5795,1.0,13,0,1,0.08245833333333341
5796,1.0,13,0,1,0.08230000000000004
5797,1.0,13,0,1,0.08214166666666678
5798,1.0,15,0,1,0.0819833333333333
5799,1.0,15,0,1,0.08182500000000004
5800,1.0,17,0,1,0.08166666666666667
5801,1.0,17,0,1,0.0815083333333334
5802,1.0,17,0,1,0.08135000000000003
5803,1.0,15,0,1,0.08119166666666677
5804,1.0,15,0,1,0.08103333333333329
5805,1.0,14,0,1,0.08087500000000003
5806,1.0,15,0,1,0.08071666666666666
5807,1.0,13,0,1,0.0805583333333334
5808,1.0,17,0,1,0.08040000000000003
5809,1.0,17,0,1,0.08024166666666677
5810,1.0,13,0,1,0.08008333333333328
5811,1.0,18,0,1,0.07992500000000002
5812,1.0,13,0,1,0.07976666666666665
5813,1.0,13,0,1,0.07960833333333339
5814,0.0,1,1,0,0.07945000000000002
5815,1.0,13,0,1,0.07929166666666676
5816,1.0,19,0,1,0.07913333333333328
5817,1.0,14,0,1,0.07897500000000002
5818,1.0,13,0,1,0.07881666666666665
5819,1.0,18,0,1,0.07865833333333339
5820,1.0,15,0,1,0.07850000000000001
5821,1.0,17,0,1,0.07834166666666675
5822,1.0,15,0,1,0.07818333333333338
5823,1.0,13,0,1,0.07802500000000001
5824,1.0,13,0,1,0.07786666666666675
5825,1.0,13,0,1,0.07770833333333338
5826,1.0,13,0,1,0.07755000000000012
5827,1.0,17,0,1,0.07739166666666675
5828,1.0,13,0,1,0.07723333333333338
5829,1.0,15,0,1,0.077075
5830,1.0,13,0,1,0.07691666666666674
5831,1.0,17,0,1,0.07675833333333337
5832,0.0,1,1,0,0.07660000000000011
5833,1.0,13,0,1,0.07644166666666674
5834,1.0,15,0,1,0.07628333333333337
5835,1.0,13,0,1,0.076125
5836,1.0,13,0,1,0.07596666666666674
5837,1.0,13,0,1,0.07580833333333337
5838,1.0,15,0,1,0.0756500000000001
5839,1.0,13,0,1,0.07549166666666673
5840,1.0,15,0,1,0.07533333333333336
5841,1.0,13,0,1,0.07517499999999999
5842,1.0,13,0,1,0.07501666666666673
5843,1.0,13,0,1,0.07485833333333336
5844,1.0,15,0,1,0.0747000000000001
5845,1.0,13,0,1,0.07454166666666673
5846,1.0,15,0,1,0.07438333333333336
5847,1.0,13,0,1,0.07422499999999999
5848,1.0,17,0,1,0.07406666666666673
5849,1.0,13,0,1,0.07390833333333335
5850,1.0,13,0,1,0.0737500000000001
5851,1.0,13,0,1,0.07359166666666672
5852,1.0,13,0,1,0.07343333333333335
5853,1.0,13,0,1,0.07327499999999998
5854,1.0,13,0,1,0.07311666666666672
5855,1.0,13,0,1,0.07295833333333335
5856,1.0,13,0,1,0.07280000000000009
5857,1.0,13,0,1,0.07264166666666672
5858,1.0,13,0,1,0.07248333333333334
5859,1.0,13,0,1,0.07232499999999997
5860,1.0,13,0,1,0.07216666666666671
5861,1.0,14,0,1,0.07200833333333334
5862,1.0,13,0,1,0.07185000000000008
5863,1.0,13,0,1,0.07169166666666671
5864,1.0,21,0,1,0.07153333333333334
5865,1.0,13,0,1,0.07137499999999997
5866,1.0,14,0,1,0.0712166666666667
5867,1.0,17,0,1,0.07105833333333333
5868,1.0,13,0,1,0.07090000000000007
5869,1.0,13,0,1,0.0707416666666667
5870,1.0,15,0,1,0.07058333333333333
5871,1.0,13,0,1,0.07042499999999996
5872,1.0,15,0,1,0.0702666666666667
5873,1.0,13,0,1,0.07010833333333333
5874,1.0,13,0,1,0.06995000000000007
5875,1.0,16,0,1,0.0697916666666667
5876,1.0,15,0,1,0.06963333333333344
5877,1.0,13,0,1,0.06947499999999995
5878,1.0,13,0,1,0.0693166666666667
5879,1.0,14,0,1,0.06915833333333332
5880,1.0,15,0,1,0.06900000000000006
5881,1.0,15,0,1,0.06884166666666669
5882,1.0,13,0,1,0.06868333333333343
5883,1.0,13,0,1,0.06852500000000006
5884,1.0,13,0,1,0.06836666666666669
5885,1.0,13,0,1,0.06820833333333343
5886,1.0,15,0,1,0.06805000000000005
5887,1.0,15,0,1,0.0678916666666668
5888,1.0,17,0,1,0.06773333333333342
5889,1.0,13,0,1,0.06757500000000005
5890,1.0,14,0,1,0.06741666666666668
5891,1.0,13,0,1,0.06725833333333342
5892,1.0,17,0,1,0.06710000000000005
5893,1.0,15,0,1,0.06694166666666679
5894,1.0,13,0,1,0.06678333333333342
5895,1.0,13,0,1,0.06662500000000005
5896,1.0,15,0,1,0.06646666666666667
5897,1.0,13,0,1,0.06630833333333341
5898,1.0,13,0,1,0.06615000000000004
5899,1.0,15,0,1,0.06599166666666678
5900,1.0,13,0,1,0.06583333333333341
5901,1.0,13,0,1,0.06567500000000004
5902,1.0,13,0,1,0.06551666666666667
5903,1.0,13,0,1,0.06535833333333341
5904,1.0,13,0,1,0.06520000000000004
5905,1.0,13,0,1,0.06504166666666678
5906,1.0,13,0,1,0.0648833333333334
5907,1.0,13,0,1,0.06472500000000003
5908,1.0,14,0,1,0.06456666666666666
5909,1.0,17,0,1,0.0644083333333334
5910,1.0,13,0,1,0.06425000000000003
5911,1.0,13,0,1,0.06409166666666677
5912,1.0,16,0,1,0.0639333333333334
5913,1.0,15,0,1,0.06377500000000003
5914,1.0,15,0,1,0.06361666666666665
5915,1.0,17,0,1,0.0634583333333334
5916,1.0,13,0,1,0.06330000000000002
5917,1.0,14,0,1,0.06314166666666676
5918,1.0,13,0,1,0.06298333333333339
5919,1.0,17,0,1,0.06282500000000002
5920,1.0,19,0,1,0.06266666666666665
5921,1.0,13,0,1,0.06250833333333339
5922,1.0,16,0,1,0.062350000000000017
5923,1.0,13,0,1,0.062191666666666756
5924,1.0,17,0,1,0.062033333333333385
5925,1.0,13,0,1,0.06187500000000001
5926,1.0,13,0,1,0.06171666666666664
5927,1.0,15,0,1,0.06155833333333338
5928,1.0,15,0,1,0.06140000000000001
5929,1.0,16,0,1,0.06124166666666675
5930,1.0,15,0,1,0.06108333333333338
5931,1.0,15,0,1,0.06092500000000001
5932,1.0,15,0,1,0.060766666666666636
5933,1.0,13,0,1,0.060608333333333375
5934,1.0,13,0,1,0.060450000000000004
5935,1.0,13,0,1,0.06029166666666674
5936,1.0,14,0,1,0.06013333333333337
5937,1.0,13,0,1,0.059975
5938,0.0,1,1,0,0.05981666666666663
5939,1.0,13,0,1,0.05965833333333337
5940,1.0,13,0,1,0.0595
5941,1.0,17,0,1,0.05934166666666674
5942,1.0,13,0,1,0.059183333333333366
5943,1.0,19,0,1,0.059024999999999994
5944,1.0,13,0,1,0.058866666666666734
5945,1.0,15,0,1,0.05870833333333336
5946,1.0,13,0,1,0.0585500000000001
5947,0.0,1,1,0,0.05839166666666673
5948,1.0,13,0,1,0.05823333333333347
5949,1.0,13,0,1,0.05807499999999999
5950,1.0,14,0,1,0.05791666666666673
5951,1.0,13,0,1,0.057758333333333356
5952,1.0,15,0,1,0.057600000000000096
5953,1.0,13,0,1,0.057441666666666724
5954,1.0,15,0,1,0.057283333333333464
5955,1.0,15,0,1,0.05712499999999998
5956,1.0,13,0,1,0.05696666666666672
5957,1.0,15,0,1,0.05680833333333335
5958,1.0,15,0,1,0.05665000000000009
5959,1.0,15,0,1,0.05649166666666672
5960,1.0,13,0,1,0.05633333333333346
5961,1.0,13,0,1,0.056174999999999975
5962,1.0,13,0,1,0.056016666666666715
5963,1.0,13,0,1,0.05585833333333334
5964,1.0,13,0,1,0.05570000000000008
5965,1.0,15,0,1,0.05554166666666671
5966,1.0,13,0,1,0.05538333333333345
5967,1.0,15,0,1,0.05522499999999997
5968,1.0,15,0,1,0.05506666666666671
5969,1.0,13,0,1,0.05490833333333334
5970,1.0,13,0,1,0.054750000000000076
5971,1.0,13,0,1,0.054591666666666705
5972,1.0,15,0,1,0.054433333333333445
5973,1.0,13,0,1,0.05427499999999996
5974,1.0,15,0,1,0.0541166666666667
5975,1.0,13,0,1,0.05395833333333333
5976,1.0,13,0,1,0.05380000000000007
5977,1.0,13,0,1,0.0536416666666667
5978,1.0,13,0,1,0.05348333333333344
5979,1.0,13,0,1,0.053324999999999956
5980,1.0,13,0,1,0.053166666666666695
5981,1.0,15,0,1,0.053008333333333324
5982,1.0,15,0,1,0.052850000000000064
5983,1.0,13,0,1,0.05269166666666669
5984,1.0,13,0,1,0.05253333333333343
5985,1.0,13,0,1,0.05237499999999995
5986,1.0,13,0,1,0.05221666666666669
5987,1.0,13,0,1,0.05205833333333332
5988,1.0,13,0,1,0.05190000000000006
5989,1.0,13,0,1,0.051741666666666686
5990,1.0,13,0,1,0.051583333333333425
5991,1.0,15,0,1,0.05142499999999994
5992,1.0,17,0,1,0.05126666666666668
5993,1.0,13,0,1,0.05110833333333331
5994,1.0,13,0,1,0.05095000000000005
5995,1.0,13,0,1,0.05079166666666668
5996,1.0,15,0,1,0.05063333333333342
5997,0.0,1,1,0,0.05047499999999994
5998,1.0,14,0,1,0.050316666666666676
5999,1.0,13,0,1,0.050158333333333305
6000,1.0,13,0,1,0.05
6001,1.0,13,0,1,0.05
6002,1.0,15,0,1,0.05
6003,1.0,13,0,1,0.05
6004,1.0,13,0,1,0.05
6005,1.0,13,0,1,0.05
6006,1.0,15,0,1,0.05
6007,0.0,1,1,0,0.05
6008,1.0,13,0,1,0.05
6009,0.0,1,1,0,0.05
6010,1.0,13,0,1,0.05
6011,1.0,15,0,1,0.05
6012,1.0,13,0,1,0.05
6013,1.0,13,0,1,0.05
6014,1.0,13,0,1,0.05
6015,1.0,13,0,1,0.05
6016,1.0,13,0,1,0.05
6017,1.0,13,0,1,0.05
6018,1.0,13,0,1,0.05
6019,1.0,13,0,1,0.05
6020,1.0,15,0,1,0.05
6021,1.0,13,0,1,0.05
6022,1.0,13,0,1,0.05
6023,1.0,15,0,1,0.05
6024,1.0,15,0,1,0.05
6025,1.0,13,0,1,0.05
6026,1.0,13,0,1,0.05
6027,1.0,13,0,1,0.05
6028,1.0,15,0,1,0.05
6029,1.0,13,0,1,0.05
6030,1.0,15,0,1,0.05
6031,1.0,13,0,1,0.05
6032,1.0,13,0,1,0.05
6033,1.0,13,0,1,0.05
6034,1.0,15,0,1,0.05
6035,1.0,17,0,1,0.05
6036,1.0,13,0,1,0.05
6037,1.0,13,0,1,0.05
6038,1.0,13,0,1,0.05
6039,1.0,13,0,1,0.05
6040,1.0,15,0,1,0.05
6041,1.0,13,0,1,0.05
6042,1.0,13,0,1,0.05
6043,1.0,15,0,1,0.05
6044,1.0,13,0,1,0.05
6045,1.0,13,0,1,0.05
6046,1.0,15,0,1,0.05
6047,1.0,13,0,1,0.05
6048,1.0,15,0,1,0.05
6049,1.0,13,0,1,0.05
6050,1.0,13,0,1,0.05
6051,1.0,13,0,1,0.05
6052,1.0,13,0,1,0.05
6053,1.0,13,0,1,0.05
6054,1.0,15,0,1,0.05
6055,1.0,13,0,1,0.05
6056,1.0,13,0,1,0.05
6057,1.0,13,0,1,0.05
6058,1.0,13,0,1,0.05
6059,1.0,15,0,1,0.05
6060,1.0,13,0,1,0.05
6061,1.0,13,0,1,0.05
6062,1.0,13,0,1,0.05
6063,1.0,13,0,1,0.05
6064,1.0,13,0,1,0.05
6065,1.0,17,0,1,0.05
6066,1.0,14,0,1,0.05
6067,1.0,13,0,1,0.05
6068,1.0,13,0,1,0.05
6069,1.0,13,0,1,0.05
6070,1.0,15,0,1,0.05
6071,1.0,15,0,1,0.05
6072,1.0,13,0,1,0.05
6073,0.0,1,1,0,0.05
6074,1.0,15,0,1,0.05
6075,1.0,13,0,1,0.05
6076,1.0,15,0,1,0.05
6077,1.0,15,0,1,0.05
6078,1.0,15,0,1,0.05
6079,1.0,13,0,1,0.05
6080,1.0,13,0,1,0.05
6081,1.0,13,0,1,0.05
6082,1.0,13,0,1,0.05
6083,1.0,13,0,1,0.05
6084,1.0,13,0,1,0.05
6085,1.0,13,0,1,0.05
6086,1.0,15,0,1,0.05
6087,1.0,13,0,1,0.05
6088,1.0,15,0,1,0.05
6089,1.0,13,0,1,0.05
6090,1.0,19,0,1,0.05
6091,1.0,15,0,1,0.05
6092,1.0,15,0,1,0.05
6093,1.0,13,0,1,0.05
6094,1.0,14,0,1,0.05
6095,1.0,13,0,1,0.05
6096,1.0,14,0,1,0.05
6097,1.0,13,0,1,0.05
6098,1.0,15,0,1,0.05
6099,1.0,15,0,1,0.05
6100,1.0,15,0,1,0.05
6101,1.0,13,0,1,0.05
6102,1.0,13,0,1,0.05
6103,1.0,13,0,1,0.05
6104,1.0,13,0,1,0.05
6105,1.0,16,0,1,0.05
6106,1.0,13,0,1,0.05
6107,1.0,15,0,1,0.05
6108,1.0,13,0,1,0.05
6109,1.0,14,0,1,0.05
6110,1.0,14,0,1,0.05
6111,1.0,13,0,1,0.05
6112,1.0,15,0,1,0.05
6113,1.0,13,0,1,0.05
6114,1.0,15,0,1,0.05
6115,1.0,13,0,1,0.05
6116,1.0,17,0,1,0.05
6117,1.0,13,0,1,0.05
6118,1.0,13,0,1,0.05
6119,1.0,13,0,1,0.05
6120,1.0,13,0,1,0.05
6121,1.0,15,0,1,0.05
6122,1.0,15,0,1,0.05
6123,1.0,17,0,1,0.05
6124,1.0,15,0,1,0.05
6125,1.0,13,0,1,0.05
6126,1.0,15,0,1,0.05
6127,1.0,15,0,1,0.05
6128,1.0,15,0,1,0.05
6129,1.0,13,0,1,0.05
6130,1.0,13,0,1,0.05
6131,1.0,13,0,1,0.05
6132,1.0,14,0,1,0.05
6133,1.0,17,0,1,0.05
6134,1.0,13,0,1,0.05
6135,1.0,16,0,1,0.05
6136,1.0,15,0,1,0.05
6137,1.0,15,0,1,0.05
6138,1.0,15,0,1,0.05
6139,1.0,13,0,1,0.05
6140,1.0,13,0,1,0.05
6141,1.0,13,0,1,0.05
6142,1.0,13,0,1,0.05
6143,0.0,1,1,0,0.05
6144,1.0,13,0,1,0.05
6145,1.0,15,0,1,0.05
6146,1.0,13,0,1,0.05
6147,1.0,15,0,1,0.05
6148,1.0,13,0,1,0.05
6149,1.0,13,0,1,0.05
6150,1.0,13,0,1,0.05
6151,1.0,13,0,1,0.05
6152,1.0,15,0,1,0.05
6153,1.0,13,0,1,0.05
6154,1.0,13,0,1,0.05
6155,1.0,13,0,1,0.05
6156,1.0,15,0,1,0.05
6157,1.0,13,0,1,0.05
6158,1.0,15,0,1,0.05
6159,1.0,15,0,1,0.05
6160,1.0,13,0,1,0.05
6161,1.0,13,0,1,0.05
6162,1.0,13,0,1,0.05
6163,1.0,13,0,1,0.05
6164,1.0,13,0,1,0.05
6165,1.0,17,0,1,0.05
6166,1.0,13,0,1,0.05
6167,1.0,13,0,1,0.05
6168,1.0,13,0,1,0.05
6169,1.0,13,0,1,0.05
6170,1.0,13,0,1,0.05
6171,1.0,13,0,1,0.05
6172,1.0,15,0,1,0.05
6173,1.0,17,0,1,0.05
6174,1.0,13,0,1,0.05
6175,1.0,14,0,1,0.05
6176,1.0,13,0,1,0.05
6177,1.0,17,0,1,0.05
6178,1.0,22,0,1,0.05
6179,1.0,13,0,1,0.05
6180,1.0,15,0,1,0.05
6181,1.0,15,0,1,0.05
6182,1.0,13,0,1,0.05
6183,1.0,15,0,1,0.05
6184,1.0,13,0,1,0.05
6185,1.0,15,0,1,0.05
6186,1.0,13,0,1,0.05
6187,1.0,13,0,1,0.05
6188,1.0,15,0,1,0.05
6189,1.0,15,0,1,0.05
6190,1.0,13,0,1,0.05
6191,1.0,13,0,1,0.05
6192,1.0,15,0,1,0.05
6193,1.0,13,0,1,0.05
6194,1.0,15,0,1,0.05
6195,1.0,15,0,1,0.05
6196,1.0,13,0,1,0.05
6197,1.0,13,0,1,0.05
6198,1.0,13,0,1,0.05
6199,1.0,13,0,1,0.05
6200,1.0,13,0,1,0.05
6201,1.0,14,0,1,0.05
6202,1.0,13,0,1,0.05
6203,1.0,13,0,1,0.05
6204,1.0,13,0,1,0.05
6205,1.0,13,0,1,0.05
6206,1.0,15,0,1,0.05
6207,1.0,15,0,1,0.05
6208,1.0,13,0,1,0.05
6209,1.0,15,0,1,0.05
6210,1.0,17,0,1,0.05
6211,1.0,15,0,1,0.05
6212,1.0,13,0,1,0.05
6213,1.0,15,0,1,0.05
6214,1.0,14,0,1,0.05
6215,1.0,13,0,1,0.05
6216,1.0,13,0,1,0.05
6217,1.0,15,0,1,0.05
6218,1.0,13,0,1,0.05
6219,1.0,13,0,1,0.05
6220,0.0,1,1,0,0.05
6221,1.0,13,0,1,0.05
6222,1.0,13,0,1,0.05
6223,1.0,13,0,1,0.05
6224,1.0,14,0,1,0.05
6225,1.0,15,0,1,0.05
6226,1.0,15,0,1,0.05
6227,1.0,15,0,1,0.05
6228,1.0,13,0,1,0.05
6229,1.0,13,0,1,0.05
6230,1.0,13,0,1,0.05
6231,1.0,13,0,1,0.05
6232,1.0,13,0,1,0.05
6233,1.0,13,0,1,0.05
6234,1.0,13,0,1,0.05
6235,1.0,13,0,1,0.05
6236,1.0,13,0,1,0.05
6237,1.0,13,0,1,0.05
6238,1.0,13,0,1,0.05
6239,1.0,19,0,1,0.05
6240,1.0,13,0,1,0.05
6241,1.0,13,0,1,0.05
6242,1.0,13,0,1,0.05
6243,1.0,13,0,1,0.05
6244,1.0,13,0,1,0.05
6245,1.0,13,0,1,0.05
6246,1.0,13,0,1,0.05
6247,1.0,18,0,1,0.05
6248,1.0,13,0,1,0.05
6249,1.0,13,0,1,0.05
6250,1.0,16,0,1,0.05
6251,0.0,5,1,0,0.05
6252,1.0,14,0,1,0.05
6253,1.0,15,0,1,0.05
6254,1.0,13,0,1,0.05
6255,1.0,15,0,1,0.05
6256,1.0,15,0,1,0.05
6257,1.0,13,0,1,0.05
6258,1.0,13,0,1,0.05
6259,1.0,13,0,1,0.05
6260,1.0,13,0,1,0.05
6261,1.0,13,0,1,0.05
6262,1.0,13,0,1,0.05
6263,1.0,19,0,1,0.05
6264,1.0,15,0,1,0.05
6265,1.0,13,0,1,0.05
6266,1.0,15,0,1,0.05
6267,1.0,13,0,1,0.05
6268,1.0,13,0,1,0.05
6269,1.0,13,0,1,0.05
6270,1.0,13,0,1,0.05
6271,1.0,15,0,1,0.05
6272,1.0,15,0,1,0.05
6273,1.0,15,0,1,0.05
6274,1.0,13,0,1,0.05
6275,1.0,14,0,1,0.05
6276,1.0,13,0,1,0.05
6277,1.0,17,0,1,0.05
6278,0.0,1,1,0,0.05
6279,1.0,13,0,1,0.05
6280,1.0,13,0,1,0.05
6281,1.0,17,0,1,0.05
6282,1.0,17,0,1,0.05
6283,1.0,13,0,1,0.05
6284,1.0,13,0,1,0.05
6285,1.0,13,0,1,0.05
6286,1.0,13,0,1,0.05
6287,1.0,13,0,1,0.05
6288,1.0,13,0,1,0.05
6289,1.0,13,0,1,0.05
6290,1.0,13,0,1,0.05
6291,1.0,13,0,1,0.05
6292,1.0,15,0,1,0.05
6293,1.0,14,0,1,0.05
6294,1.0,13,0,1,0.05
6295,1.0,15,0,1,0.05
6296,1.0,14,0,1,0.05
6297,1.0,15,0,1,0.05
6298,1.0,15,0,1,0.05
6299,1.0,13,0,1,0.05
6300,1.0,15,0,1,0.05
6301,1.0,15,0,1,0.05
6302,1.0,17,0,1,0.05
6303,1.0,17,0,1,0.05
6304,1.0,13,0,1,0.05
6305,1.0,17,0,1,0.05
6306,1.0,13,0,1,0.05
6307,1.0,15,0,1,0.05
6308,1.0,13,0,1,0.05
6309,1.0,13,0,1,0.05
6310,1.0,13,0,1,0.05
6311,1.0,15,0,1,0.05
6312,1.0,15,0,1,0.05
6313,1.0,15,0,1,0.05
6314,1.0,13,0,1,0.05
6315,1.0,13,0,1,0.05
6316,1.0,13,0,1,0.05
6317,1.0,13,0,1,0.05
6318,1.0,13,0,1,0.05
6319,1.0,15,0,1,0.05
6320,1.0,13,0,1,0.05
6321,1.0,13,0,1,0.05
6322,1.0,15,0,1,0.05
6323,1.0,13,0,1,0.05
6324,1.0,13,0,1,0.05
6325,1.0,13,0,1,0.05
6326,1.0,13,0,1,0.05
6327,1.0,15,0,1,0.05
6328,1.0,14,0,1,0.05
6329,1.0,13,0,1,0.05
6330,1.0,13,0,1,0.05
6331,1.0,13,0,1,0.05
6332,1.0,13,0,1,0.05
6333,1.0,17,0,1,0.05
6334,1.0,15,0,1,0.05
6335,1.0,13,0,1,0.05
6336,1.0,17,0,1,0.05
6337,1.0,13,0,1,0.05
6338,1.0,15,0,1,0.05
6339,1.0,13,0,1,0.05
6340,1.0,15,0,1,0.05
6341,1.0,13,0,1,0.05
6342,1.0,13,0,1,0.05
6343,1.0,13,0,1,0.05
6344,1.0,13,0,1,0.05
6345,1.0,13,0,1,0.05
6346,1.0,13,0,1,0.05
6347,1.0,15,0,1,0.05
6348,1.0,13,0,1,0.05
6349,1.0,13,0,1,0.05
6350,0.0,1,1,0,0.05
6351,1.0,14,0,1,0.05
6352,1.0,13,0,1,0.05
6353,1.0,13,0,1,0.05
6354,1.0,14,0,1,0.05
6355,1.0,15,0,1,0.05
6356,1.0,15,0,1,0.05
6357,1.0,13,0,1,0.05
6358,1.0,13,0,1,0.05
6359,1.0,13,0,1,0.05
6360,1.0,15,0,1,0.05
6361,1.0,13,0,1,0.05
6362,1.0,15,0,1,0.05
6363,1.0,15,0,1,0.05
6364,1.0,17,0,1,0.05
6365,1.0,13,0,1,0.05
6366,1.0,13,0,1,0.05
6367,1.0,13,0,1,0.05
6368,1.0,13,0,1,0.05
6369,1.0,15,0,1,0.05
6370,1.0,19,0,1,0.05
6371,1.0,15,0,1,0.05
6372,1.0,15,0,1,0.05
6373,1.0,13,0,1,0.05
6374,1.0,13,0,1,0.05
6375,1.0,13,0,1,0.05
6376,1.0,15,0,1,0.05
6377,1.0,15,0,1,0.05
6378,1.0,13,0,1,0.05
6379,1.0,14,0,1,0.05
6380,1.0,15,0,1,0.05
6381,1.0,13,0,1,0.05
6382,1.0,15,0,1,0.05
6383,1.0,13,0,1,0.05
6384,1.0,13,0,1,0.05
6385,1.0,15,0,1,0.05
6386,1.0,15,0,1,0.05
6387,1.0,13,0,1,0.05
6388,1.0,13,0,1,0.05
6389,1.0,13,0,1,0.05
6390,1.0,13,0,1,0.05
6391,1.0,13,0,1,0.05
6392,1.0,13,0,1,0.05
6393,1.0,15,0,1,0.05
6394,1.0,15,0,1,0.05
6395,1.0,17,0,1,0.05
6396,1.0,13,0,1,0.05
6397,1.0,15,0,1,0.05
6398,1.0,13,0,1,0.05
6399,1.0,13,0,1,0.05
6400,1.0,13,0,1,0.05
6401,1.0,13,0,1,0.05
6402,1.0,15,0,1,0.05
6403,1.0,13,0,1,0.05
6404,1.0,13,0,1,0.05
6405,1.0,14,0,1,0.05
6406,1.0,17,0,1,0.05
6407,1.0,15,0,1,0.05
6408,1.0,13,0,1,0.05
6409,1.0,15,0,1,0.05
6410,1.0,15,0,1,0.05
6411,1.0,13,0,1,0.05
6412,1.0,13,0,1,0.05
6413,1.0,13,0,1,0.05
6414,1.0,13,0,1,0.05
6415,1.0,15,0,1,0.05
6416,1.0,13,0,1,0.05
6417,1.0,13,0,1,0.05
6418,1.0,13,0,1,0.05
6419,1.0,13,0,1,0.05
6420,1.0,15,0,1,0.05
6421,1.0,13,0,1,0.05
6422,1.0,13,0,1,0.05
6423,1.0,13,0,1,0.05
6424,1.0,15,0,1,0.05
6425,1.0,15,0,1,0.05
6426,1.0,17,0,1,0.05
6427,1.0,13,0,1,0.05
6428,1.0,13,0,1,0.05
6429,1.0,13,0,1,0.05
6430,1.0,13,0,1,0.05
6431,1.0,13,0,1,0.05
6432,1.0,13,0,1,0.05
6433,1.0,15,0,1,0.05
6434,1.0,13,0,1,0.05
6435,1.0,13,0,1,0.05
6436,1.0,15,0,1,0.05
6437,1.0,13,0,1,0.05
6438,1.0,13,0,1,0.05
6439,1.0,13,0,1,0.05
6440,1.0,14,0,1,0.05
6441,1.0,15,0,1,0.05
6442,1.0,13,0,1,0.05
6443,1.0,14,0,1,0.05
6444,1.0,15,0,1,0.05
6445,1.0,13,0,1,0.05
6446,0.0,1,1,0,0.05
6447,1.0,15,0,1,0.05
6448,1.0,13,0,1,0.05
6449,1.0,13,0,1,0.05
6450,1.0,13,0,1,0.05
6451,1.0,13,0,1,0.05
6452,1.0,15,0,1,0.05
6453,1.0,13,0,1,0.05
6454,1.0,17,0,1,0.05
6455,1.0,15,0,1,0.05
6456,1.0,13,0,1,0.05
6457,1.0,13,0,1,0.05
6458,1.0,15,0,1,0.05
6459,1.0,14,0,1,0.05
6460,1.0,13,0,1,0.05
6461,1.0,13,0,1,0.05
6462,1.0,13,0,1,0.05
6463,1.0,13,0,1,0.05
6464,1.0,15,0,1,0.05
6465,1.0,13,0,1,0.05
6466,1.0,19,0,1,0.05
6467,1.0,17,0,1,0.05
6468,1.0,15,0,1,0.05
6469,1.0,15,0,1,0.05
6470,1.0,13,0,1,0.05
6471,1.0,13,0,1,0.05
6472,1.0,13,0,1,0.05
6473,1.0,13,0,1,0.05
6474,1.0,13,0,1,0.05
6475,1.0,13,0,1,0.05
6476,1.0,13,0,1,0.05
6477,1.0,13,0,1,0.05
6478,1.0,13,0,1,0.05
6479,1.0,13,0,1,0.05
6480,1.0,13,0,1,0.05
6481,1.0,13,0,1,0.05
6482,1.0,13,0,1,0.05
6483,1.0,13,0,1,0.05
6484,1.0,13,0,1,0.05
6485,1.0,13,0,1,0.05
6486,1.0,13,0,1,0.05
6487,1.0,15,0,1,0.05
6488,1.0,13,0,1,0.05
6489,1.0,13,0,1,0.05
6490,1.0,13,0,1,0.05
6491,1.0,13,0,1,0.05
6492,1.0,15,0,1,0.05
6493,1.0,13,0,1,0.05
6494,1.0,13,0,1,0.05
6495,1.0,13,0,1,0.05
6496,1.0,15,0,1,0.05
6497,1.0,13,0,1,0.05
6498,1.0,13,0,1,0.05
6499,1.0,13,0,1,0.05
6500,1.0,13,0,1,0.05
6501,1.0,17,0,1,0.05
6502,1.0,15,0,1,0.05
6503,1.0,13,0,1,0.05
6504,1.0,13,0,1,0.05
6505,1.0,13,0,1,0.05
6506,1.0,13,0,1,0.05
6507,1.0,13,0,1,0.05
6508,1.0,17,0,1,0.05
6509,1.0,15,0,1,0.05
6510,1.0,13,0,1,0.05
6511,1.0,13,0,1,0.05
6512,1.0,16,0,1,0.05
6513,1.0,13,0,1,0.05
6514,1.0,13,0,1,0.05
6515,1.0,13,0,1,0.05
6516,1.0,17,0,1,0.05
6517,1.0,15,0,1,0.05
6518,1.0,13,0,1,0.05
6519,1.0,13,0,1,0.05
6520,1.0,19,0,1,0.05
6521,1.0,13,0,1,0.05
6522,1.0,13,0,1,0.05
6523,1.0,13,0,1,0.05
6524,1.0,13,0,1,0.05
6525,1.0,13,0,1,0.05
6526,1.0,13,0,1,0.05
6527,1.0,13,0,1,0.05
6528,1.0,13,0,1,0.05
6529,1.0,15,0,1,0.05
6530,1.0,15,0,1,0.05
6531,1.0,13,0,1,0.05
6532,1.0,13,0,1,0.05
6533,1.0,13,0,1,0.05
6534,1.0,19,0,1,0.05
6535,1.0,13,0,1,0.05
6536,1.0,17,0,1,0.05
6537,1.0,15,0,1,0.05
6538,1.0,15,0,1,0.05
6539,1.0,13,0,1,0.05
6540,1.0,13,0,1,0.05
6541,1.0,13,0,1,0.05
6542,1.0,13,0,1,0.05
6543,1.0,15,0,1,0.05
6544,1.0,17,0,1,0.05
6545,1.0,13,0,1,0.05
6546,1.0,13,0,1,0.05
6547,1.0,13,0,1,0.05
6548,1.0,13,0,1,0.05
6549,1.0,13,0,1,0.05
6550,1.0,13,0,1,0.05
6551,1.0,15,0,1,0.05
6552,1.0,13,0,1,0.05
6553,1.0,13,0,1,0.05
6554,1.0,13,0,1,0.05
6555,1.0,13,0,1,0.05
6556,1.0,13,0,1,0.05
6557,1.0,13,0,1,0.05
6558,1.0,13,0,1,0.05
6559,1.0,13,0,1,0.05
6560,1.0,13,0,1,0.05
6561,1.0,13,0,1,0.05
6562,1.0,15,0,1,0.05
6563,1.0,13,0,1,0.05
6564,1.0,13,0,1,0.05
6565,1.0,13,0,1,0.05
6566,1.0,15,0,1,0.05
6567,1.0,13,0,1,0.05
6568,1.0,17,0,1,0.05
6569,1.0,15,0,1,0.05
6570,1.0,13,0,1,0.05
6571,1.0,13,0,1,0.05
6572,1.0,13,0,1,0.05
6573,1.0,16,0,1,0.05
6574,1.0,15,0,1,0.05
6575,1.0,13,0,1,0.05
6576,1.0,13,0,1,0.05
6577,1.0,14,0,1,0.05
6578,1.0,13,0,1,0.05
6579,1.0,13,0,1,0.05
6580,1.0,13,0,1,0.05
6581,1.0,13,0,1,0.05
6582,1.0,13,0,1,0.05
6583,1.0,13,0,1,0.05
6584,1.0,13,0,1,0.05
6585,1.0,13,0,1,0.05
6586,1.0,13,0,1,0.05
6587,1.0,13,0,1,0.05
6588,1.0,15,0,1,0.05
6589,1.0,17,0,1,0.05
6590,1.0,15,0,1,0.05
6591,1.0,13,0,1,0.05
6592,1.0,13,0,1,0.05
6593,1.0,14,0,1,0.05
6594,1.0,13,0,1,0.05
6595,1.0,14,0,1,0.05
6596,1.0,17,0,1,0.05
6597,1.0,13,0,1,0.05
6598,1.0,15,0,1,0.05
6599,1.0,15,0,1,0.05
6600,1.0,19,0,1,0.05
6601,1.0,14,0,1,0.05
6602,1.0,13,0,1,0.05
6603,1.0,13,0,1,0.05
6604,1.0,15,0,1,0.05
6605,1.0,17,0,1,0.05
6606,1.0,14,0,1,0.05
6607,1.0,13,0,1,0.05
6608,1.0,13,0,1,0.05
6609,1.0,13,0,1,0.05
6610,1.0,15,0,1,0.05
6611,1.0,13,0,1,0.05
6612,1.0,14,0,1,0.05
6613,1.0,13,0,1,0.05
6614,1.0,13,0,1,0.05
6615,1.0,13,0,1,0.05
6616,1.0,15,0,1,0.05
6617,1.0,13,0,1,0.05
6618,1.0,13,0,1,0.05
6619,1.0,15,0,1,0.05
6620,1.0,13,0,1,0.05
6621,1.0,13,0,1,0.05
6622,1.0,15,0,1,0.05
6623,1.0,15,0,1,0.05
6624,1.0,13,0,1,0.05
6625,1.0,13,0,1,0.05
6626,1.0,13,0,1,0.05
6627,1.0,13,0,1,0.05
6628,1.0,15,0,1,0.05
6629,1.0,15,0,1,0.05
6630,1.0,13,0,1,0.05
6631,1.0,13,0,1,0.05
6632,1.0,17,0,1,0.05
6633,1.0,13,0,1,0.05
6634,1.0,13,0,1,0.05
6635,1.0,13,0,1,0.05
6636,1.0,13,0,1,0.05
6637,1.0,13,0,1,0.05
6638,1.0,17,0,1,0.05
6639,1.0,13,0,1,0.05
6640,1.0,15,0,1,0.05
6641,1.0,13,0,1,0.05
6642,1.0,16,0,1,0.05
6643,1.0,15,0,1,0.05
6644,1.0,17,0,1,0.05
6645,1.0,14,0,1,0.05
6646,1.0,13,0,1,0.05
6647,1.0,15,0,1,0.05
6648,1.0,13,0,1,0.05
6649,1.0,13,0,1,0.05
6650,1.0,15,0,1,0.05
6651,1.0,13,0,1,0.05
6652,1.0,13,0,1,0.05
6653,1.0,13,0,1,0.05
6654,1.0,13,0,1,0.05
6655,0.0,1,1,0,0.05
6656,1.0,13,0,1,0.05
6657,1.0,13,0,1,0.05
6658,1.0,15,0,1,0.05
6659,1.0,15,0,1,0.05
6660,1.0,13,0,1,0.05
6661,1.0,15,0,1,0.05
6662,1.0,15,0,1,0.05
6663,1.0,15,0,1,0.05
6664,1.0,13,0,1,0.05
6665,1.0,13,0,1,0.05
6666,1.0,13,0,1,0.05
6667,1.0,15,0,1,0.05
6668,1.0,15,0,1,0.05
6669,1.0,15,0,1,0.05
6670,1.0,15,0,1,0.05
6671,1.0,13,0,1,0.05
6672,1.0,15,0,1,0.05
6673,1.0,13,0,1,0.05
6674,1.0,13,0,1,0.05
6675,1.0,13,0,1,0.05
6676,1.0,13,0,1,0.05
6677,1.0,17,0,1,0.05
6678,1.0,13,0,1,0.05
6679,1.0,13,0,1,0.05
6680,1.0,13,0,1,0.05
6681,1.0,15,0,1,0.05
6682,1.0,17,0,1,0.05
6683,1.0,13,0,1,0.05
6684,1.0,13,0,1,0.05
6685,1.0,13,0,1,0.05
6686,1.0,13,0,1,0.05
6687,1.0,15,0,1,0.05
6688,1.0,13,0,1,0.05
6689,1.0,13,0,1,0.05
6690,1.0,16,0,1,0.05
6691,1.0,15,0,1,0.05
6692,1.0,13,0,1,0.05
6693,1.0,15,0,1,0.05
6694,1.0,13,0,1,0.05
6695,1.0,16,0,1,0.05
6696,1.0,15,0,1,0.05
6697,1.0,13,0,1,0.05
6698,1.0,15,0,1,0.05
6699,1.0,13,0,1,0.05
6700,1.0,13,0,1,0.05
6701,1.0,15,0,1,0.05
6702,1.0,13,0,1,0.05
6703,1.0,15,0,1,0.05
6704,1.0,13,0,1,0.05
6705,1.0,17,0,1,0.05
6706,1.0,13,0,1,0.05
6707,1.0,13,0,1,0.05
6708,1.0,14,0,1,0.05
6709,1.0,15,0,1,0.05
6710,1.0,13,0,1,0.05
6711,1.0,15,0,1,0.05
6712,1.0,13,0,1,0.05
6713,1.0,14,0,1,0.05
6714,1.0,15,0,1,0.05
6715,1.0,13,0,1,0.05
6716,1.0,15,0,1,0.05
6717,1.0,13,0,1,0.05
6718,1.0,13,0,1,0.05
6719,1.0,13,0,1,0.05
6720,1.0,13,0,1,0.05
6721,1.0,15,0,1,0.05
6722,1.0,13,0,1,0.05
6723,1.0,13,0,1,0.05
6724,0.0,1,1,0,0.05
6725,1.0,13,0,1,0.05
6726,1.0,13,0,1,0.05
6727,1.0,17,0,1,0.05
6728,1.0,13,0,1,0.05
6729,1.0,13,0,1,0.05
6730,1.0,13,0,1,0.05
6731,1.0,15,0,1,0.05
6732,1.0,17,0,1,0.05
6733,1.0,17,0,1,0.05
6734,1.0,14,0,1,0.05
6735,1.0,15,0,1,0.05
6736,1.0,13,0,1,0.05
6737,1.0,13,0,1,0.05
6738,1.0,13,0,1,0.05
6739,1.0,15,0,1,0.05
6740,1.0,13,0,1,0.05
6741,1.0,13,0,1,0.05
6742,1.0,19,0,1,0.05
6743,1.0,13,0,1,0.05
6744,1.0,13,0,1,0.05
6745,1.0,13,0,1,0.05
6746,1.0,13,0,1,0.05
6747,1.0,15,0,1,0.05
6748,1.0,15,0,1,0.05
6749,1.0,13,0,1,0.05
6750,1.0,13,0,1,0.05
6751,1.0,15,0,1,0.05
6752,1.0,13,0,1,0.05
6753,1.0,17,0,1,0.05
6754,1.0,21,0,1,0.05
6755,1.0,13,0,1,0.05
6756,1.0,13,0,1,0.05
6757,1.0,13,0,1,0.05
6758,1.0,13,0,1,0.05
6759,1.0,15,0,1,0.05
6760,1.0,15,0,1,0.05
6761,1.0,13,0,1,0.05
6762,1.0,15,0,1,0.05
6763,1.0,13,0,1,0.05
6764,1.0,13,0,1,0.05
6765,1.0,13,0,1,0.05
6766,1.0,13,0,1,0.05
6767,1.0,13,0,1,0.05
6768,1.0,17,0,1,0.05
6769,1.0,13,0,1,0.05
6770,1.0,13,0,1,0.05
6771,1.0,13,0,1,0.05
6772,1.0,16,0,1,0.05
6773,1.0,13,0,1,0.05
6774,1.0,13,0,1,0.05
6775,1.0,15,0,1,0.05
6776,1.0,13,0,1,0.05
6777,1.0,19,0,1,0.05
6778,1.0,15,0,1,0.05
6779,1.0,13,0,1,0.05
6780,1.0,15,0,1,0.05
6781,1.0,13,0,1,0.05
6782,1.0,13,0,1,0.05
6783,1.0,15,0,1,0.05
6784,1.0,15,0,1,0.05
6785,1.0,13,0,1,0.05
6786,1.0,15,0,1,0.05
6787,1.0,13,0,1,0.05
6788,1.0,13,0,1,0.05
6789,1.0,13,0,1,0.05
6790,1.0,15,0,1,0.05
6791,1.0,13,0,1,0.05
6792,1.0,13,0,1,0.05
6793,1.0,13,0,1,0.05
6794,1.0,13,0,1,0.05
6795,1.0,15,0,1,0.05
6796,1.0,13,0,1,0.05
6797,1.0,15,0,1,0.05
6798,1.0,13,0,1,0.05
6799,1.0,13,0,1,0.05
6800,1.0,13,0,1,0.05
6801,1.0,13,0,1,0.05
6802,1.0,13,0,1,0.05
6803,1.0,13,0,1,0.05
6804,1.0,13,0,1,0.05
6805,1.0,13,0,1,0.05
6806,1.0,15,0,1,0.05
6807,1.0,13,0,1,0.05
6808,1.0,13,0,1,0.05
6809,1.0,13,0,1,0.05
6810,1.0,13,0,1,0.05
6811,1.0,13,0,1,0.05
6812,1.0,15,0,1,0.05
6813,1.0,15,0,1,0.05
6814,1.0,14,0,1,0.05
6815,1.0,13,0,1,0.05
6816,1.0,13,0,1,0.05
6817,1.0,13,0,1,0.05
6818,1.0,13,0,1,0.05
6819,1.0,13,0,1,0.05
6820,1.0,13,0,1,0.05
6821,1.0,13,0,1,0.05
6822,1.0,14,0,1,0.05
6823,1.0,13,0,1,0.05
6824,1.0,13,0,1,0.05
6825,1.0,13,0,1,0.05
6826,1.0,13,0,1,0.05
6827,1.0,13,0,1,0.05
6828,1.0,13,0,1,0.05
6829,1.0,15,0,1,0.05
6830,1.0,13,0,1,0.05
6831,1.0,17,0,1,0.05
6832,1.0,13,0,1,0.05
6833,1.0,13,0,1,0.05
6834,1.0,14,0,1,0.05
6835,1.0,13,0,1,0.05
6836,1.0,13,0,1,0.05
6837,1.0,13,0,1,0.05
6838,1.0,15,0,1,0.05
6839,1.0,13,0,1,0.05
6840,1.0,15,0,1,0.05
6841,1.0,13,0,1,0.05
6842,1.0,13,0,1,0.05
6843,1.0,13,0,1,0.05
6844,1.0,13,0,1,0.05
6845,1.0,13,0,1,0.05
6846,1.0,13,0,1,0.05
6847,1.0,13,0,1,0.05
6848,1.0,13,0,1,0.05
6849,1.0,15,0,1,0.05
6850,1.0,15,0,1,0.05
6851,1.0,14,0,1,0.05
6852,1.0,13,0,1,0.05
6853,1.0,13,0,1,0.05
6854,1.0,15,0,1,0.05
6855,1.0,13,0,1,0.05
6856,1.0,13,0,1,0.05
6857,1.0,15,0,1,0.05
6858,1.0,16,0,1,0.05
6859,1.0,13,0,1,0.05
6860,1.0,13,0,1,0.05
6861,1.0,13,0,1,0.05
6862,1.0,13,0,1,0.05
6863,1.0,15,0,1,0.05
6864,1.0,13,0,1,0.05
6865,1.0,15,0,1,0.05
6866,0.0,1,1,0,0.05
6867,1.0,13,0,1,0.05
6868,1.0,13,0,1,0.05
6869,1.0,13,0,1,0.05
6870,1.0,13,0,1,0.05
6871,1.0,13,0,1,0.05
6872,1.0,13,0,1,0.05
6873,1.0,13,0,1,0.05
6874,1.0,13,0,1,0.05
6875,1.0,13,0,1,0.05
6876,1.0,13,0,1,0.05
6877,1.0,13,0,1,0.05
6878,1.0,13,0,1,0.05
6879,1.0,13,0,1,0.05
6880,1.0,17,0,1,0.05
6881,1.0,15,0,1,0.05
6882,0.0,1,1,0,0.05
6883,1.0,13,0,1,0.05
6884,1.0,15,0,1,0.05
6885,1.0,13,0,1,0.05
6886,1.0,13,0,1,0.05
6887,1.0,15,0,1,0.05
6888,1.0,15,0,1,0.05
6889,1.0,15,0,1,0.05
6890,1.0,15,0,1,0.05
6891,1.0,13,0,1,0.05
6892,1.0,13,0,1,0.05
6893,0.0,1,1,0,0.05
6894,1.0,13,0,1,0.05
6895,1.0,13,0,1,0.05
6896,1.0,15,0,1,0.05
6897,1.0,13,0,1,0.05
6898,1.0,13,0,1,0.05
6899,1.0,13,0,1,0.05
6900,1.0,14,0,1,0.05
6901,1.0,13,0,1,0.05
6902,1.0,13,0,1,0.05
6903,1.0,13,0,1,0.05
6904,1.0,13,0,1,0.05
6905,1.0,13,0,1,0.05
6906,1.0,13,0,1,0.05
6907,1.0,13,0,1,0.05
6908,1.0,15,0,1,0.05
6909,1.0,13,0,1,0.05
6910,1.0,14,0,1,0.05
6911,1.0,15,0,1,0.05
6912,1.0,13,0,1,0.05
6913,1.0,13,0,1,0.05
6914,1.0,15,0,1,0.05
6915,1.0,13,0,1,0.05
6916,1.0,13,0,1,0.05
6917,1.0,13,0,1,0.05
6918,1.0,15,0,1,0.05
6919,1.0,15,0,1,0.05
6920,1.0,13,0,1,0.05
6921,1.0,15,0,1,0.05
6922,1.0,14,0,1,0.05
6923,1.0,13,0,1,0.05
6924,1.0,13,0,1,0.05
6925,1.0,13,0,1,0.05
6926,1.0,14,0,1,0.05
6927,1.0,15,0,1,0.05
6928,1.0,13,0,1,0.05
6929,1.0,17,0,1,0.05
6930,1.0,13,0,1,0.05
6931,1.0,13,0,1,0.05
6932,1.0,13,0,1,0.05
6933,1.0,15,0,1,0.05
6934,1.0,15,0,1,0.05
6935,1.0,13,0,1,0.05
6936,1.0,13,0,1,0.05
6937,1.0,13,0,1,0.05
6938,0.0,1,1,0,0.05
6939,1.0,13,0,1,0.05
6940,1.0,17,0,1,0.05
6941,1.0,19,0,1,0.05
6942,1.0,13,0,1,0.05
6943,1.0,15,0,1,0.05
6944,1.0,13,0,1,0.05
6945,1.0,13,0,1,0.05
6946,1.0,17,0,1,0.05
6947,1.0,13,0,1,0.05
6948,1.0,13,0,1,0.05
6949,1.0,13,0,1,0.05
6950,1.0,15,0,1,0.05
6951,1.0,16,0,1,0.05
6952,1.0,15,0,1,0.05
6953,1.0,13,0,1,0.05
6954,1.0,13,0,1,0.05
6955,1.0,16,0,1,0.05
6956,1.0,13,0,1,0.05
6957,1.0,14,0,1,0.05
6958,1.0,15,0,1,0.05
6959,1.0,13,0,1,0.05
6960,1.0,15,0,1,0.05
6961,1.0,13,0,1,0.05
6962,1.0,13,0,1,0.05
6963,1.0,13,0,1,0.05
6964,1.0,17,0,1,0.05
6965,1.0,13,0,1,0.05
6966,1.0,13,0,1,0.05
6967,1.0,14,0,1,0.05
6968,1.0,13,0,1,0.05
6969,1.0,13,0,1,0.05
6970,1.0,13,0,1,0.05
6971,1.0,13,0,1,0.05
6972,1.0,15,0,1,0.05
6973,1.0,13,0,1,0.05
6974,1.0,13,0,1,0.05
6975,1.0,13,0,1,0.05
6976,1.0,15,0,1,0.05
6977,1.0,15,0,1,0.05
6978,0.0,1,1,0,0.05
6979,1.0,13,0,1,0.05
6980,1.0,15,0,1,0.05
6981,1.0,13,0,1,0.05
6982,1.0,13,0,1,0.05
6983,1.0,17,0,1,0.05
6984,1.0,13,0,1,0.05
6985,1.0,19,0,1,0.05
6986,1.0,13,0,1,0.05
6987,1.0,13,0,1,0.05
6988,1.0,13,0,1,0.05
6989,1.0,13,0,1,0.05
6990,1.0,13,0,1,0.05
6991,1.0,13,0,1,0.05
6992,1.0,14,0,1,0.05
6993,1.0,15,0,1,0.05
6994,1.0,13,0,1,0.05
6995,1.0,15,0,1,0.05
6996,1.0,15,0,1,0.05
6997,1.0,13,0,1,0.05
6998,1.0,17,0,1,0.05
6999,1.0,15,0,1,0.05
7000,1.0,15,0,1,0.05
7001,1.0,13,0,1,0.05
7002,1.0,13,0,1,0.05
7003,1.0,13,0,1,0.05
7004,1.0,13,0,1,0.05
7005,1.0,15,0,1,0.05
7006,1.0,17,0,1,0.05
7007,1.0,17,0,1,0.05
7008,1.0,13,0,1,0.05
7009,1.0,13,0,1,0.05
7010,1.0,13,0,1,0.05
7011,1.0,13,0,1,0.05
7012,1.0,17,0,1,0.05
7013,1.0,13,0,1,0.05
7014,1.0,13,0,1,0.05
7015,1.0,15,0,1,0.05
7016,1.0,13,0,1,0.05
7017,1.0,13,0,1,0.05
7018,1.0,15,0,1,0.05
7019,1.0,17,0,1,0.05
7020,1.0,13,0,1,0.05
7021,1.0,21,0,1,0.05
7022,1.0,15,0,1,0.05
7023,1.0,13,0,1,0.05
7024,1.0,13,0,1,0.05
7025,1.0,13,0,1,0.05
7026,1.0,13,0,1,0.05
7027,1.0,13,0,1,0.05
7028,1.0,13,0,1,0.05
7029,1.0,15,0,1,0.05
7030,1.0,15,0,1,0.05
7031,1.0,15,0,1,0.05
7032,1.0,15,0,1,0.05
7033,1.0,17,0,1,0.05
7034,1.0,15,0,1,0.05
7035,1.0,13,0,1,0.05
7036,1.0,15,0,1,0.05
7037,1.0,13,0,1,0.05
7038,1.0,13,0,1,0.05
7039,1.0,13,0,1,0.05
7040,1.0,13,0,1,0.05
7041,1.0,15,0,1,0.05
7042,1.0,13,0,1,0.05
7043,1.0,17,0,1,0.05
7044,1.0,15,0,1,0.05
7045,1.0,15,0,1,0.05
7046,1.0,13,0,1,0.05
7047,1.0,13,0,1,0.05
7048,1.0,13,0,1,0.05
7049,1.0,15,0,1,0.05
7050,1.0,15,0,1,0.05
7051,1.0,13,0,1,0.05
7052,1.0,13,0,1,0.05
7053,1.0,15,0,1,0.05
7054,1.0,15,0,1,0.05
7055,1.0,13,0,1,0.05
7056,1.0,13,0,1,0.05
7057,1.0,13,0,1,0.05
7058,1.0,13,0,1,0.05
7059,1.0,13,0,1,0.05
7060,1.0,17,0,1,0.05
7061,1.0,13,0,1,0.05
7062,1.0,14,0,1,0.05
7063,1.0,21,0,1,0.05
7064,1.0,14,0,1,0.05
7065,1.0,16,0,1,0.05
7066,1.0,19,0,1,0.05
7067,1.0,13,0,1,0.05
7068,1.0,13,0,1,0.05
7069,1.0,15,0,1,0.05
7070,1.0,15,0,1,0.05
7071,1.0,13,0,1,0.05
7072,1.0,13,0,1,0.05
7073,1.0,15,0,1,0.05
7074,1.0,13,0,1,0.05
7075,1.0,16,0,1,0.05
7076,1.0,13,0,1,0.05
7077,1.0,13,0,1,0.05
7078,1.0,13,0,1,0.05
7079,1.0,15,0,1,0.05
7080,1.0,13,0,1,0.05
7081,1.0,13,0,1,0.05
7082,1.0,13,0,1,0.05
7083,1.0,15,0,1,0.05
7084,1.0,15,0,1,0.05
7085,1.0,13,0,1,0.05
7086,1.0,13,0,1,0.05
7087,1.0,15,0,1,0.05
7088,1.0,13,0,1,0.05
7089,1.0,13,0,1,0.05
7090,1.0,13,0,1,0.05
7091,1.0,13,0,1,0.05
7092,1.0,13,0,1,0.05
7093,1.0,13,0,1,0.05
7094,1.0,13,0,1,0.05
7095,1.0,13,0,1,0.05
7096,1.0,13,0,1,0.05
7097,1.0,15,0,1,0.05
7098,1.0,13,0,1,0.05
7099,1.0,15,0,1,0.05
7100,1.0,16,0,1,0.05
7101,1.0,13,0,1,0.05
7102,1.0,13,0,1,0.05
7103,1.0,15,0,1,0.05
7104,1.0,17,0,1,0.05
7105,1.0,13,0,1,0.05
7106,1.0,15,0,1,0.05
7107,1.0,14,0,1,0.05
7108,1.0,15,0,1,0.05
7109,1.0,13,0,1,0.05
7110,1.0,13,0,1,0.05
7111,1.0,17,0,1,0.05
7112,1.0,15,0,1,0.05
7113,1.0,13,0,1,0.05
7114,1.0,15,0,1,0.05
7115,1.0,13,0,1,0.05
7116,1.0,13,0,1,0.05
7117,0.0,8,1,0,0.05
7118,1.0,16,0,1,0.05
7119,1.0,13,0,1,0.05
7120,1.0,13,0,1,0.05
7121,1.0,13,0,1,0.05
7122,1.0,13,0,1,0.05
7123,1.0,13,0,1,0.05
7124,1.0,13,0,1,0.05
7125,1.0,13,0,1,0.05
7126,1.0,13,0,1,0.05
7127,1.0,15,0,1,0.05
7128,1.0,13,0,1,0.05
7129,1.0,15,0,1,0.05
7130,1.0,15,0,1,0.05
7131,1.0,13,0,1,0.05
7132,1.0,13,0,1,0.05
7133,1.0,13,0,1,0.05
7134,1.0,13,0,1,0.05
7135,1.0,13,0,1,0.05
7136,1.0,17,0,1,0.05
7137,1.0,13,0,1,0.05
7138,1.0,13,0,1,0.05
7139,1.0,15,0,1,0.05
7140,1.0,13,0,1,0.05
7141,1.0,13,0,1,0.05
7142,1.0,14,0,1,0.05
7143,1.0,13,0,1,0.05
7144,1.0,13,0,1,0.05
7145,1.0,15,0,1,0.05
7146,0.0,1,1,0,0.05
7147,1.0,15,0,1,0.05
7148,1.0,13,0,1,0.05
7149,1.0,13,0,1,0.05
7150,1.0,14,0,1,0.05
7151,1.0,13,0,1,0.05
7152,1.0,13,0,1,0.05
7153,1.0,13,0,1,0.05
7154,1.0,17,0,1,0.05
7155,1.0,17,0,1,0.05
7156,1.0,15,0,1,0.05
7157,1.0,13,0,1,0.05
7158,1.0,13,0,1,0.05
7159,1.0,13,0,1,0.05
7160,1.0,14,0,1,0.05
7161,1.0,13,0,1,0.05
7162,1.0,13,0,1,0.05
7163,1.0,16,0,1,0.05
7164,1.0,15,0,1,0.05
7165,1.0,13,0,1,0.05
7166,1.0,13,0,1,0.05
7167,1.0,13,0,1,0.05
7168,1.0,13,0,1,0.05
7169,1.0,15,0,1,0.05
7170,1.0,13,0,1,0.05
7171,1.0,15,0,1,0.05
7172,1.0,13,0,1,0.05
7173,1.0,13,0,1,0.05
7174,1.0,13,0,1,0.05
7175,1.0,15,0,1,0.05
7176,1.0,13,0,1,0.05
7177,1.0,13,0,1,0.05
7178,1.0,13,0,1,0.05
7179,1.0,15,0,1,0.05
7180,1.0,13,0,1,0.05
7181,1.0,15,0,1,0.05
7182,1.0,15,0,1,0.05
7183,1.0,17,0,1,0.05
7184,1.0,15,0,1,0.05
7185,1.0,13,0,1,0.05
7186,1.0,15,0,1,0.05
7187,1.0,15,0,1,0.05
7188,1.0,15,0,1,0.05
7189,1.0,13,0,1,0.05
7190,1.0,17,0,1,0.05
7191,1.0,13,0,1,0.05
7192,1.0,14,0,1,0.05
7193,1.0,13,0,1,0.05
7194,1.0,15,0,1,0.05
7195,1.0,13,0,1,0.05
7196,1.0,14,0,1,0.05
7197,1.0,13,0,1,0.05
7198,1.0,13,0,1,0.05
7199,1.0,13,0,1,0.05
7200,1.0,13,0,1,0.05
7201,1.0,13,0,1,0.05
7202,1.0,13,0,1,0.05
7203,1.0,13,0,1,0.05
7204,1.0,13,0,1,0.05
7205,1.0,13,0,1,0.05
7206,1.0,13,0,1,0.05
7207,1.0,16,0,1,0.05
7208,1.0,13,0,1,0.05
7209,1.0,13,0,1,0.05
7210,1.0,14,0,1,0.05
7211,1.0,13,0,1,0.05
7212,1.0,13,0,1,0.05
7213,1.0,13,0,1,0.05
7214,1.0,13,0,1,0.05
7215,1.0,13,0,1,0.05
7216,1.0,15,0,1,0.05
7217,1.0,15,0,1,0.05
7218,1.0,13,0,1,0.05
7219,1.0,13,0,1,0.05
7220,1.0,13,0,1,0.05
7221,1.0,13,0,1,0.05
7222,1.0,14,0,1,0.05
7223,1.0,13,0,1,0.05
7224,1.0,13,0,1,0.05
7225,1.0,13,0,1,0.05
7226,1.0,13,0,1,0.05
7227,1.0,15,0,1,0.05
7228,1.0,16,0,1,0.05
7229,1.0,13,0,1,0.05
7230,1.0,13,0,1,0.05
7231,1.0,13,0,1,0.05
7232,1.0,13,0,1,0.05
7233,1.0,15,0,1,0.05
7234,1.0,13,0,1,0.05
7235,1.0,15,0,1,0.05
7236,1.0,15,0,1,0.05
7237,1.0,13,0,1,0.05
7238,1.0,13,0,1,0.05
7239,1.0,13,0,1,0.05
7240,1.0,13,0,1,0.05
7241,1.0,13,0,1,0.05
7242,1.0,13,0,1,0.05
7243,1.0,13,0,1,0.05
7244,1.0,13,0,1,0.05
7245,1.0,13,0,1,0.05
7246,1.0,13,0,1,0.05
7247,1.0,13,0,1,0.05
7248,1.0,13,0,1,0.05
7249,1.0,17,0,1,0.05
7250,1.0,13,0,1,0.05
7251,1.0,14,0,1,0.05
7252,1.0,15,0,1,0.05
7253,1.0,13,0,1,0.05
7254,1.0,14,0,1,0.05
7255,1.0,15,0,1,0.05
7256,1.0,13,0,1,0.05
7257,1.0,13,0,1,0.05
7258,1.0,13,0,1,0.05
7259,1.0,15,0,1,0.05
7260,1.0,13,0,1,0.05
7261,1.0,15,0,1,0.05
7262,1.0,13,0,1,0.05
7263,1.0,13,0,1,0.05
7264,1.0,13,0,1,0.05
7265,1.0,19,0,1,0.05
7266,1.0,13,0,1,0.05
7267,1.0,13,0,1,0.05
7268,1.0,13,0,1,0.05
7269,1.0,13,0,1,0.05
7270,1.0,17,0,1,0.05
7271,1.0,14,0,1,0.05
7272,1.0,13,0,1,0.05
7273,1.0,13,0,1,0.05
7274,1.0,13,0,1,0.05
7275,1.0,13,0,1,0.05
7276,1.0,15,0,1,0.05
7277,1.0,13,0,1,0.05
7278,1.0,15,0,1,0.05
7279,1.0,14,0,1,0.05
7280,1.0,13,0,1,0.05
7281,1.0,15,0,1,0.05
7282,1.0,13,0,1,0.05
7283,1.0,16,0,1,0.05
7284,1.0,17,0,1,0.05
7285,1.0,13,0,1,0.05
7286,1.0,13,0,1,0.05
7287,1.0,13,0,1,0.05
7288,1.0,14,0,1,0.05
7289,1.0,13,0,1,0.05
7290,1.0,13,0,1,0.05
7291,1.0,13,0,1,0.05
7292,1.0,15,0,1,0.05
7293,1.0,13,0,1,0.05
7294,1.0,13,0,1,0.05
7295,1.0,13,0,1,0.05
7296,1.0,13,0,1,0.05
7297,1.0,13,0,1,0.05
7298,1.0,14,0,1,0.05
7299,1.0,13,0,1,0.05
7300,1.0,13,0,1,0.05
7301,1.0,13,0,1,0.05
7302,1.0,13,0,1,0.05
7303,1.0,13,0,1,0.05
7304,1.0,13,0,1,0.05
7305,1.0,17,0,1,0.05
7306,1.0,13,0,1,0.05
7307,1.0,13,0,1,0.05
7308,1.0,13,0,1,0.05
7309,1.0,14,0,1,0.05
7310,1.0,13,0,1,0.05
7311,1.0,15,0,1,0.05
7312,1.0,13,0,1,0.05
7313,1.0,17,0,1,0.05
7314,1.0,15,0,1,0.05
7315,1.0,13,0,1,0.05
7316,1.0,13,0,1,0.05
7317,1.0,13,0,1,0.05
7318,0.0,1,1,0,0.05
7319,1.0,15,0,1,0.05
7320,1.0,13,0,1,0.05
7321,1.0,13,0,1,0.05
7322,1.0,13,0,1,0.05
7323,1.0,15,0,1,0.05
7324,1.0,13,0,1,0.05
7325,1.0,13,0,1,0.05
7326,1.0,15,0,1,0.05
7327,1.0,13,0,1,0.05
7328,1.0,13,0,1,0.05
7329,1.0,14,0,1,0.05
7330,1.0,13,0,1,0.05
7331,1.0,15,0,1,0.05
7332,1.0,15,0,1,0.05
7333,1.0,13,0,1,0.05
7334,1.0,13,0,1,0.05
7335,1.0,13,0,1,0.05
7336,1.0,13,0,1,0.05
7337,1.0,13,0,1,0.05
7338,1.0,13,0,1,0.05
7339,1.0,17,0,1,0.05
7340,1.0,13,0,1,0.05
7341,1.0,13,0,1,0.05
7342,1.0,13,0,1,0.05
7343,1.0,14,0,1,0.05
7344,1.0,14,0,1,0.05
7345,1.0,13,0,1,0.05
7346,1.0,15,0,1,0.05
7347,1.0,15,0,1,0.05
7348,1.0,13,0,1,0.05
7349,1.0,13,0,1,0.05
7350,1.0,13,0,1,0.05
7351,1.0,15,0,1,0.05
7352,1.0,13,0,1,0.05
7353,1.0,13,0,1,0.05
7354,1.0,15,0,1,0.05
7355,1.0,14,0,1,0.05
7356,1.0,13,0,1,0.05
7357,1.0,13,0,1,0.05
7358,1.0,15,0,1,0.05
7359,1.0,15,0,1,0.05
7360,1.0,13,0,1,0.05
7361,1.0,13,0,1,0.05
7362,1.0,13,0,1,0.05
7363,1.0,13,0,1,0.05
7364,1.0,15,0,1,0.05
7365,1.0,15,0,1,0.05
7366,1.0,17,0,1,0.05
7367,1.0,13,0,1,0.05
7368,1.0,14,0,1,0.05
7369,1.0,13,0,1,0.05
7370,1.0,16,0,1,0.05
7371,1.0,13,0,1,0.05
7372,1.0,13,0,1,0.05
7373,1.0,13,0,1,0.05
7374,1.0,13,0,1,0.05
7375,1.0,13,0,1,0.05
7376,1.0,13,0,1,0.05
7377,1.0,15,0,1,0.05
7378,1.0,13,0,1,0.05
7379,1.0,15,0,1,0.05
7380,1.0,13,0,1,0.05
7381,1.0,15,0,1,0.05
7382,1.0,13,0,1,0.05
7383,1.0,13,0,1,0.05
7384,1.0,15,0,1,0.05
7385,1.0,13,0,1,0.05
7386,1.0,15,0,1,0.05
7387,1.0,15,0,1,0.05
7388,1.0,15,0,1,0.05
7389,1.0,13,0,1,0.05
7390,1.0,13,0,1,0.05
7391,1.0,13,0,1,0.05
7392,1.0,15,0,1,0.05
7393,1.0,13,0,1,0.05
7394,1.0,13,0,1,0.05
7395,1.0,13,0,1,0.05
7396,1.0,13,0,1,0.05
7397,1.0,13,0,1,0.05
7398,1.0,14,0,1,0.05
7399,1.0,13,0,1,0.05
7400,1.0,15,0,1,0.05
7401,1.0,13,0,1,0.05
7402,0.0,1,1,0,0.05
7403,1.0,13,0,1,0.05
7404,1.0,13,0,1,0.05
7405,1.0,15,0,1,0.05
7406,1.0,15,0,1,0.05
7407,1.0,13,0,1,0.05
7408,1.0,18,0,1,0.05
7409,1.0,15,0,1,0.05
7410,1.0,13,0,1,0.05
7411,1.0,13,0,1,0.05
7412,1.0,15,0,1,0.05
7413,1.0,13,0,1,0.05
7414,1.0,13,0,1,0.05
7415,1.0,15,0,1,0.05
7416,1.0,17,0,1,0.05
7417,1.0,15,0,1,0.05
7418,1.0,13,0,1,0.05
7419,1.0,17,0,1,0.05
7420,1.0,13,0,1,0.05
7421,1.0,13,0,1,0.05
7422,1.0,15,0,1,0.05
7423,1.0,19,0,1,0.05
7424,1.0,13,0,1,0.05
7425,1.0,13,0,1,0.05
7426,1.0,13,0,1,0.05
7427,1.0,13,0,1,0.05
7428,1.0,13,0,1,0.05
7429,1.0,13,0,1,0.05
7430,1.0,15,0,1,0.05
7431,1.0,15,0,1,0.05
7432,1.0,15,0,1,0.05
7433,1.0,13,0,1,0.05
7434,1.0,13,0,1,0.05
7435,1.0,15,0,1,0.05
7436,1.0,14,0,1,0.05
7437,1.0,15,0,1,0.05
7438,1.0,13,0,1,0.05
7439,1.0,13,0,1,0.05
7440,1.0,13,0,1,0.05
7441,1.0,13,0,1,0.05
7442,1.0,13,0,1,0.05
7443,1.0,13,0,1,0.05
7444,1.0,15,0,1,0.05
7445,1.0,13,0,1,0.05
7446,1.0,13,0,1,0.05
7447,1.0,13,0,1,0.05
7448,1.0,13,0,1,0.05
7449,1.0,13,0,1,0.05
7450,1.0,13,0,1,0.05
7451,1.0,13,0,1,0.05
7452,1.0,13,0,1,0.05
7453,1.0,13,0,1,0.05
7454,1.0,13,0,1,0.05
7455,1.0,15,0,1,0.05
7456,1.0,13,0,1,0.05
7457,0.0,1,1,0,0.05
7458,1.0,13,0,1,0.05
7459,1.0,13,0,1,0.05
7460,1.0,15,0,1,0.05
7461,1.0,15,0,1,0.05
7462,1.0,17,0,1,0.05
7463,1.0,13,0,1,0.05
7464,1.0,13,0,1,0.05
7465,1.0,13,0,1,0.05
7466,1.0,15,0,1,0.05
7467,1.0,13,0,1,0.05
7468,1.0,15,0,1,0.05
7469,1.0,13,0,1,0.05
7470,1.0,17,0,1,0.05
7471,1.0,13,0,1,0.05
7472,1.0,13,0,1,0.05
7473,1.0,13,0,1,0.05
7474,1.0,13,0,1,0.05
7475,1.0,13,0,1,0.05
7476,1.0,13,0,1,0.05
7477,1.0,17,0,1,0.05
7478,1.0,13,0,1,0.05
7479,1.0,13,0,1,0.05
7480,1.0,15,0,1,0.05
7481,1.0,13,0,1,0.05
7482,1.0,15,0,1,0.05
7483,1.0,15,0,1,0.05
7484,1.0,13,0,1,0.05
7485,1.0,13,0,1,0.05
7486,1.0,15,0,1,0.05
7487,1.0,13,0,1,0.05
7488,1.0,13,0,1,0.05
7489,1.0,13,0,1,0.05
7490,1.0,13,0,1,0.05
7491,1.0,13,0,1,0.05
7492,1.0,13,0,1,0.05
7493,1.0,13,0,1,0.05
7494,1.0,17,0,1,0.05
7495,1.0,13,0,1,0.05
7496,1.0,15,0,1,0.05
7497,1.0,13,0,1,0.05
7498,1.0,13,0,1,0.05
7499,1.0,13,0,1,0.05
7500,1.0,15,0,1,0.05
7501,0.0,1,1,0,0.05
7502,1.0,13,0,1,0.05
7503,1.0,13,0,1,0.05
7504,1.0,15,0,1,0.05
7505,1.0,13,0,1,0.05
7506,1.0,13,0,1,0.05
7507,1.0,13,0,1,0.05
7508,1.0,13,0,1,0.05
7509,1.0,13,0,1,0.05
7510,1.0,15,0,1,0.05
7511,1.0,13,0,1,0.05
7512,1.0,13,0,1,0.05
7513,1.0,15,0,1,0.05
7514,1.0,13,0,1,0.05
7515,1.0,15,0,1,0.05
7516,1.0,15,0,1,0.05
7517,1.0,15,0,1,0.05
7518,1.0,13,0,1,0.05
7519,1.0,15,0,1,0.05
7520,1.0,13,0,1,0.05
7521,1.0,13,0,1,0.05
7522,1.0,13,0,1,0.05
7523,1.0,13,0,1,0.05
7524,1.0,15,0,1,0.05
7525,1.0,13,0,1,0.05
7526,1.0,13,0,1,0.05
7527,1.0,13,0,1,0.05
7528,1.0,15,0,1,0.05
7529,1.0,17,0,1,0.05
7530,1.0,15,0,1,0.05
7531,1.0,13,0,1,0.05
7532,1.0,13,0,1,0.05
7533,1.0,13,0,1,0.05
7534,1.0,13,0,1,0.05
7535,1.0,13,0,1,0.05
7536,1.0,13,0,1,0.05
7537,1.0,13,0,1,0.05
7538,1.0,14,0,1,0.05
7539,1.0,13,0,1,0.05
7540,1.0,15,0,1,0.05
7541,1.0,13,0,1,0.05
7542,1.0,13,0,1,0.05
7543,1.0,13,0,1,0.05
7544,1.0,13,0,1,0.05
7545,1.0,13,0,1,0.05
7546,1.0,13,0,1,0.05
7547,1.0,15,0,1,0.05
7548,1.0,13,0,1,0.05
7549,1.0,15,0,1,0.05
7550,1.0,13,0,1,0.05
7551,1.0,13,0,1,0.05
7552,1.0,13,0,1,0.05
7553,1.0,15,0,1,0.05
7554,1.0,15,0,1,0.05
7555,1.0,15,0,1,0.05
7556,1.0,13,0,1,0.05
7557,1.0,13,0,1,0.05
7558,1.0,13,0,1,0.05
7559,1.0,13,0,1,0.05
7560,1.0,13,0,1,0.05
7561,1.0,13,0,1,0.05
7562,1.0,15,0,1,0.05
7563,1.0,13,0,1,0.05
7564,1.0,14,0,1,0.05
7565,1.0,13,0,1,0.05
7566,1.0,13,0,1,0.05
7567,1.0,13,0,1,0.05
7568,1.0,13,0,1,0.05
7569,1.0,15,0,1,0.05
7570,1.0,19,0,1,0.05
7571,1.0,13,0,1,0.05
7572,1.0,13,0,1,0.05
7573,1.0,17,0,1,0.05
7574,1.0,13,0,1,0.05
7575,1.0,15,0,1,0.05
7576,1.0,17,0,1,0.05
7577,1.0,13,0,1,0.05
7578,1.0,13,0,1,0.05
7579,1.0,13,0,1,0.05
7580,1.0,14,0,1,0.05
7581,1.0,15,0,1,0.05
7582,1.0,13,0,1,0.05
7583,1.0,13,0,1,0.05
7584,1.0,13,0,1,0.05
7585,1.0,13,0,1,0.05
7586,1.0,13,0,1,0.05
7587,1.0,13,0,1,0.05
7588,1.0,15,0,1,0.05
7589,1.0,13,0,1,0.05
7590,1.0,13,0,1,0.05
7591,1.0,13,0,1,0.05
7592,1.0,15,0,1,0.05
7593,1.0,15,0,1,0.05
7594,1.0,15,0,1,0.05
7595,1.0,15,0,1,0.05
7596,1.0,17,0,1,0.05
7597,1.0,15,0,1,0.05
7598,1.0,14,0,1,0.05
7599,1.0,15,0,1,0.05
7600,1.0,13,0,1,0.05
7601,1.0,13,0,1,0.05
7602,0.0,1,1,0,0.05
7603,1.0,13,0,1,0.05
7604,1.0,15,0,1,0.05
7605,1.0,13,0,1,0.05
7606,1.0,16,0,1,0.05
7607,1.0,13,0,1,0.05
7608,1.0,13,0,1,0.05
7609,1.0,13,0,1,0.05
7610,1.0,15,0,1,0.05
7611,1.0,17,0,1,0.05
7612,0.0,3,1,0,0.05
7613,1.0,13,0,1,0.05
7614,1.0,13,0,1,0.05
7615,1.0,15,0,1,0.05
7616,1.0,13,0,1,0.05
7617,1.0,13,0,1,0.05
7618,1.0,16,0,1,0.05
7619,1.0,13,0,1,0.05
7620,1.0,13,0,1,0.05
7621,1.0,13,0,1,0.05
7622,1.0,14,0,1,0.05
7623,1.0,13,0,1,0.05
7624,0.0,8,1,0,0.05
7625,1.0,13,0,1,0.05
7626,1.0,13,0,1,0.05
7627,1.0,15,0,1,0.05
7628,1.0,13,0,1,0.05
7629,1.0,14,0,1,0.05
7630,1.0,15,0,1,0.05
7631,1.0,13,0,1,0.05
7632,1.0,15,0,1,0.05
7633,1.0,17,0,1,0.05
7634,1.0,13,0,1,0.05
7635,1.0,13,0,1,0.05
7636,1.0,13,0,1,0.05
7637,1.0,13,0,1,0.05
7638,1.0,17,0,1,0.05
7639,1.0,13,0,1,0.05
7640,1.0,13,0,1,0.05
7641,1.0,15,0,1,0.05
7642,1.0,13,0,1,0.05
7643,1.0,15,0,1,0.05
7644,1.0,13,0,1,0.05
7645,1.0,13,0,1,0.05
7646,1.0,13,0,1,0.05
7647,1.0,15,0,1,0.05
7648,1.0,13,0,1,0.05
7649,1.0,13,0,1,0.05
7650,1.0,15,0,1,0.05
7651,1.0,13,0,1,0.05
7652,1.0,13,0,1,0.05
7653,1.0,13,0,1,0.05
7654,1.0,13,0,1,0.05
7655,1.0,13,0,1,0.05
7656,1.0,15,0,1,0.05
7657,1.0,14,0,1,0.05
7658,1.0,13,0,1,0.05
7659,1.0,13,0,1,0.05
7660,1.0,13,0,1,0.05
7661,1.0,13,0,1,0.05
7662,1.0,13,0,1,0.05
7663,1.0,17,0,1,0.05
7664,1.0,13,0,1,0.05
7665,1.0,15,0,1,0.05
7666,1.0,15,0,1,0.05
7667,1.0,13,0,1,0.05
7668,1.0,13,0,1,0.05
7669,1.0,13,0,1,0.05
7670,1.0,15,0,1,0.05
7671,1.0,13,0,1,0.05
7672,1.0,15,0,1,0.05
7673,1.0,15,0,1,0.05
7674,1.0,13,0,1,0.05
7675,1.0,13,0,1,0.05
7676,0.0,7,1,0,0.05
7677,1.0,15,0,1,0.05
7678,1.0,13,0,1,0.05
7679,1.0,13,0,1,0.05
7680,1.0,15,0,1,0.05
7681,1.0,13,0,1,0.05
7682,1.0,13,0,1,0.05
7683,1.0,13,0,1,0.05
7684,1.0,13,0,1,0.05
7685,1.0,13,0,1,0.05
7686,1.0,13,0,1,0.05
7687,1.0,17,0,1,0.05
7688,1.0,13,0,1,0.05
7689,1.0,15,0,1,0.05
7690,1.0,15,0,1,0.05
7691,1.0,13,0,1,0.05
7692,1.0,13,0,1,0.05
7693,1.0,13,0,1,0.05
7694,1.0,13,0,1,0.05
7695,1.0,14,0,1,0.05
7696,1.0,13,0,1,0.05
7697,1.0,15,0,1,0.05
7698,1.0,13,0,1,0.05
7699,1.0,15,0,1,0.05
7700,1.0,13,0,1,0.05
7701,1.0,13,0,1,0.05
7702,1.0,15,0,1,0.05
7703,1.0,15,0,1,0.05
7704,1.0,15,0,1,0.05
7705,1.0,13,0,1,0.05
7706,1.0,15,0,1,0.05
7707,1.0,13,0,1,0.05
7708,1.0,13,0,1,0.05
7709,1.0,13,0,1,0.05
7710,1.0,13,0,1,0.05
7711,1.0,13,0,1,0.05
7712,1.0,13,0,1,0.05
7713,1.0,15,0,1,0.05
7714,1.0,13,0,1,0.05
7715,1.0,19,0,1,0.05
7716,1.0,15,0,1,0.05
7717,1.0,16,0,1,0.05
7718,1.0,14,0,1,0.05
7719,1.0,13,0,1,0.05
7720,1.0,13,0,1,0.05
7721,1.0,13,0,1,0.05
7722,1.0,13,0,1,0.05
7723,1.0,13,0,1,0.05
7724,1.0,15,0,1,0.05
7725,1.0,15,0,1,0.05
7726,1.0,15,0,1,0.05
7727,1.0,13,0,1,0.05
7728,1.0,13,0,1,0.05
7729,1.0,13,0,1,0.05
7730,1.0,17,0,1,0.05
7731,1.0,13,0,1,0.05
7732,1.0,15,0,1,0.05
7733,1.0,15,0,1,0.05
7734,0.0,1,1,0,0.05
7735,1.0,13,0,1,0.05
7736,1.0,15,0,1,0.05
7737,1.0,15,0,1,0.05
7738,1.0,15,0,1,0.05
7739,1.0,13,0,1,0.05
7740,1.0,15,0,1,0.05
7741,1.0,13,0,1,0.05
7742,1.0,17,0,1,0.05
7743,1.0,17,0,1,0.05
7744,1.0,14,0,1,0.05
7745,1.0,13,0,1,0.05
7746,1.0,13,0,1,0.05
7747,1.0,13,0,1,0.05
7748,1.0,19,0,1,0.05
7749,1.0,15,0,1,0.05
7750,1.0,13,0,1,0.05
7751,1.0,13,0,1,0.05
7752,1.0,13,0,1,0.05
7753,1.0,13,0,1,0.05
7754,1.0,15,0,1,0.05
7755,1.0,13,0,1,0.05
7756,1.0,13,0,1,0.05
7757,1.0,13,0,1,0.05
7758,1.0,13,0,1,0.05
7759,1.0,13,0,1,0.05
7760,1.0,16,0,1,0.05
7761,1.0,13,0,1,0.05
7762,1.0,15,0,1,0.05
7763,1.0,15,0,1,0.05
7764,1.0,19,0,1,0.05
7765,1.0,15,0,1,0.05
7766,1.0,13,0,1,0.05
7767,1.0,13,0,1,0.05
7768,1.0,15,0,1,0.05
7769,1.0,15,0,1,0.05
7770,1.0,13,0,1,0.05
7771,1.0,13,0,1,0.05
7772,1.0,13,0,1,0.05
7773,1.0,13,0,1,0.05
7774,1.0,14,0,1,0.05
7775,0.0,1,1,0,0.05
7776,1.0,13,0,1,0.05
7777,1.0,15,0,1,0.05
7778,0.0,1,1,0,0.05
7779,1.0,13,0,1,0.05
7780,1.0,13,0,1,0.05
7781,1.0,17,0,1,0.05
7782,1.0,13,0,1,0.05
7783,1.0,13,0,1,0.05
7784,1.0,13,0,1,0.05
7785,1.0,13,0,1,0.05
7786,1.0,13,0,1,0.05
7787,1.0,15,0,1,0.05
7788,1.0,13,0,1,0.05
7789,1.0,13,0,1,0.05
7790,1.0,13,0,1,0.05
7791,1.0,13,0,1,0.05
7792,1.0,13,0,1,0.05
7793,1.0,13,0,1,0.05
7794,1.0,15,0,1,0.05
7795,1.0,15,0,1,0.05
7796,1.0,13,0,1,0.05
7797,1.0,15,0,1,0.05
7798,1.0,17,0,1,0.05
7799,1.0,15,0,1,0.05
7800,1.0,13,0,1,0.05
7801,1.0,14,0,1,0.05
7802,1.0,13,0,1,0.05
7803,1.0,13,0,1,0.05
7804,1.0,15,0,1,0.05
7805,1.0,13,0,1,0.05
7806,1.0,15,0,1,0.05
7807,1.0,14,0,1,0.05
7808,1.0,13,0,1,0.05
7809,1.0,13,0,1,0.05
7810,1.0,13,0,1,0.05
7811,1.0,19,0,1,0.05
7812,1.0,13,0,1,0.05
7813,1.0,15,0,1,0.05
7814,1.0,13,0,1,0.05
7815,1.0,13,0,1,0.05
7816,1.0,13,0,1,0.05
7817,1.0,13,0,1,0.05
7818,1.0,15,0,1,0.05
7819,1.0,13,0,1,0.05
7820,1.0,15,0,1,0.05
7821,1.0,15,0,1,0.05
7822,1.0,13,0,1,0.05
7823,1.0,13,0,1,0.05
7824,1.0,13,0,1,0.05
7825,1.0,13,0,1,0.05
7826,1.0,15,0,1,0.05
7827,1.0,15,0,1,0.05
7828,1.0,13,0,1,0.05
7829,1.0,15,0,1,0.05
7830,1.0,13,0,1,0.05
7831,1.0,15,0,1,0.05
7832,1.0,13,0,1,0.05
7833,1.0,13,0,1,0.05
7834,1.0,13,0,1,0.05
7835,1.0,15,0,1,0.05
7836,1.0,15,0,1,0.05
7837,1.0,15,0,1,0.05
7838,1.0,13,0,1,0.05
7839,1.0,15,0,1,0.05
7840,1.0,13,0,1,0.05
7841,1.0,16,0,1,0.05
7842,1.0,15,0,1,0.05
7843,1.0,13,0,1,0.05
7844,1.0,13,0,1,0.05
7845,1.0,13,0,1,0.05
7846,1.0,13,0,1,0.05
7847,1.0,13,0,1,0.05
7848,1.0,13,0,1,0.05
7849,1.0,13,0,1,0.05
7850,1.0,13,0,1,0.05
7851,1.0,13,0,1,0.05
7852,1.0,13,0,1,0.05
7853,1.0,14,0,1,0.05
7854,1.0,13,0,1,0.05
7855,1.0,13,0,1,0.05
7856,1.0,13,0,1,0.05
7857,1.0,13,0,1,0.05
7858,1.0,15,0,1,0.05
7859,1.0,15,0,1,0.05
7860,1.0,13,0,1,0.05
7861,1.0,13,0,1,0.05
7862,1.0,17,0,1,0.05
7863,1.0,15,0,1,0.05
7864,1.0,13,0,1,0.05
7865,1.0,13,0,1,0.05
7866,1.0,13,0,1,0.05
7867,1.0,13,0,1,0.05
7868,1.0,13,0,1,0.05
7869,1.0,15,0,1,0.05
7870,1.0,13,0,1,0.05
7871,1.0,13,0,1,0.05
7872,1.0,13,0,1,0.05
7873,1.0,13,0,1,0.05
7874,1.0,15,0,1,0.05
7875,1.0,13,0,1,0.05
7876,1.0,14,0,1,0.05
7877,1.0,13,0,1,0.05
7878,1.0,13,0,1,0.05
7879,1.0,13,0,1,0.05
7880,1.0,13,0,1,0.05
7881,1.0,13,0,1,0.05
7882,1.0,13,0,1,0.05
7883,1.0,13,0,1,0.05
7884,1.0,13,0,1,0.05
7885,1.0,16,0,1,0.05
7886,1.0,14,0,1,0.05
7887,1.0,17,0,1,0.05
7888,1.0,15,0,1,0.05
7889,1.0,16,0,1,0.05
7890,1.0,15,0,1,0.05
7891,1.0,14,0,1,0.05
7892,1.0,13,0,1,0.05
7893,1.0,15,0,1,0.05
7894,1.0,13,0,1,0.05
7895,1.0,13,0,1,0.05
7896,1.0,13,0,1,0.05
7897,1.0,13,0,1,0.05
7898,1.0,15,0,1,0.05
7899,1.0,13,0,1,0.05
7900,1.0,13,0,1,0.05
7901,1.0,13,0,1,0.05
7902,1.0,13,0,1,0.05
7903,1.0,13,0,1,0.05
7904,1.0,15,0,1,0.05
7905,1.0,15,0,1,0.05
7906,1.0,13,0,1,0.05
7907,1.0,13,0,1,0.05
7908,1.0,17,0,1,0.05
7909,1.0,13,0,1,0.05
7910,1.0,13,0,1,0.05
7911,1.0,17,0,1,0.05
7912,1.0,17,0,1,0.05
7913,1.0,13,0,1,0.05
7914,1.0,13,0,1,0.05
7915,1.0,13,0,1,0.05
7916,1.0,13,0,1,0.05
7917,1.0,15,0,1,0.05
7918,1.0,14,0,1,0.05
7919,1.0,13,0,1,0.05
7920,1.0,13,0,1,0.05
7921,1.0,13,0,1,0.05
7922,1.0,13,0,1,0.05
7923,1.0,17,0,1,0.05
7924,1.0,14,0,1,0.05
7925,1.0,13,0,1,0.05
7926,1.0,15,0,1,0.05
7927,1.0,14,0,1,0.05
7928,1.0,13,0,1,0.05
7929,1.0,13,0,1,0.05
7930,1.0,15,0,1,0.05
7931,1.0,15,0,1,0.05
7932,1.0,13,0,1,0.05
7933,1.0,13,0,1,0.05
7934,1.0,15,0,1,0.05
7935,1.0,15,0,1,0.05
7936,1.0,13,0,1,0.05
7937,1.0,13,0,1,0.05
7938,1.0,13,0,1,0.05
7939,1.0,13,0,1,0.05
7940,1.0,13,0,1,0.05
7941,1.0,15,0,1,0.05
7942,1.0,13,0,1,0.05
7943,1.0,13,0,1,0.05
7944,1.0,13,0,1,0.05
7945,1.0,13,0,1,0.05
7946,1.0,13,0,1,0.05
7947,1.0,13,0,1,0.05
7948,1.0,15,0,1,0.05
7949,1.0,13,0,1,0.05
7950,1.0,15,0,1,0.05
7951,1.0,13,0,1,0.05
7952,1.0,13,0,1,0.05
7953,1.0,13,0,1,0.05
7954,1.0,13,0,1,0.05
7955,1.0,13,0,1,0.05
7956,1.0,14,0,1,0.05
7957,1.0,13,0,1,0.05
7958,1.0,13,0,1,0.05
7959,1.0,13,0,1,0.05
7960,1.0,13,0,1,0.05
7961,1.0,13,0,1,0.05
7962,1.0,13,0,1,0.05
7963,1.0,15,0,1,0.05
7964,1.0,13,0,1,0.05
7965,1.0,13,0,1,0.05
7966,1.0,15,0,1,0.05
7967,1.0,13,0,1,0.05
7968,1.0,15,0,1,0.05
7969,1.0,13,0,1,0.05
7970,1.0,13,0,1,0.05
7971,1.0,13,0,1,0.05
7972,1.0,13,0,1,0.05
7973,1.0,13,0,1,0.05
7974,1.0,13,0,1,0.05
7975,1.0,15,0,1,0.05
7976,1.0,15,0,1,0.05
7977,1.0,15,0,1,0.05
7978,1.0,13,0,1,0.05
7979,1.0,13,0,1,0.05
7980,1.0,15,0,1,0.05
7981,1.0,15,0,1,0.05
7982,1.0,13,0,1,0.05
7983,1.0,21,0,1,0.05
7984,1.0,15,0,1,0.05
7985,1.0,13,0,1,0.05
7986,1.0,17,0,1,0.05
7987,1.0,13,0,1,0.05
7988,1.0,13,0,1,0.05
7989,1.0,13,0,1,0.05
7990,1.0,15,0,1,0.05
7991,1.0,13,0,1,0.05
7992,1.0,13,0,1,0.05
7993,1.0,13,0,1,0.05
7994,1.0,13,0,1,0.05
7995,1.0,13,0,1,0.05
7996,1.0,13,0,1,0.05
7997,1.0,15,0,1,0.05
7998,1.0,13,0,1,0.05
7999,1.0,13,0,1,0.05
