episode,return,steps,died,collected,epsilon
0,0.0,50,1,0,1.0
1,1.0,127,1,1,0.99988125
2,1.0,43,1,1,0.9997625
3,3.0,187,0,3,0.99964375
4,0.0,26,1,0,0.999525
5,0.0,32,1,0,0.99940625
6,0.0,4,1,0,0.9992875
7,0.0,57,1,0,0.99916875
8,1.0,61,1,1,0.99905
9,1.0,68,1,1,0.99893125
10,1.0,98,1,1,0.9988125
11,0.0,14,1,0,0.99869375
12,1.0,148,1,1,0.998575
13,1.0,64,1,1,0.99845625
14,1.0,215,1,1,0.9983375
15,0.0,15,1,0,0.99821875
16,0.0,22,1,0,0.9981
17,0.0,23,1,0,0.99798125
18,1.0,162,1,1,0.9978625
19,0.0,35,1,0,0.99774375
20,0.0,16,1,0,0.997625
21,1.0,114,1,1,0.99750625
22,0.0,42,1,0,0.9973875
23,0.0,18,1,0,0.99726875
24,0.0,49,1,0,0.99715
25,0.0,31,1,0,0.99703125
26,0.0,37,1,0,0.9969125
27,1.0,30,1,1,0.99679375
28,0.0,19,1,0,0.996675
29,1.0,77,1,1,0.99655625
30,1.0,115,1,1,0.9964375
31,0.0,37,1,0,0.99631875
32,0.0,13,1,0,0.9962
33,0.0,28,1,0,0.99608125
34,0.0,22,1,0,0.9959625
35,0.0,15,1,0,0.99584375
36,0.0,18,1,0,0.995725
37,0.0,9,1,0,0.99560625
38,0.0,17,1,0,0.9954875
39,0.0,61,1,0,0.99536875
40,3.0,48,0,3,0.99525
41,0.0,21,1,0,0.99513125
42,0.0,32,1,0,0.9950125
43,1.0,84,1,1,0.99489375
44,0.0,40,1,0,0.994775
45,0.0,7,1,0,0.99465625
46,0.0,13,1,0,0.9945375
47,1.0,135,1,1,0.99441875
48,0.0,45,1,0,0.9943
49,0.0,19,1,0,0.99418125
50,0.0,9,1,0,0.9940625
51,0.0,18,1,0,0.99394375
52,0.0,36,1,0,0.993825
53,0.0,119,1,0,0.99370625
54,0.0,17,1,0,0.9935875
55,1.0,52,1,1,0.99346875
56,1.0,235,1,1,0.99335
57,0.0,51,1,0,0.99323125
58,0.0,13,1,0,0.9931125
59,0.0,52,1,0,0.99299375
60,0.0,10,1,0,0.992875
61,0.0,215,1,0,0.99275625
62,0.0,46,1,0,0.9926375
63,1.0,13,1,1,0.99251875
64,1.0,39,1,1,0.9924
65,0.0,10,1,0,0.99228125
66,0.0,26,1,0,0.9921625
67,0.0,6,1,0,0.99204375
68,0.0,42,1,0,0.991925
69,0.0,39,1,0,0.99180625
70,0.0,52,1,0,0.9916875
71,0.0,11,1,0,0.99156875
72,0.0,79,1,0,0.99145
73,0.0,20,1,0,0.99133125
74,0.0,36,1,0,0.9912125
75,1.0,162,1,1,0.99109375
76,0.0,22,1,0,0.990975
77,0.0,54,1,0,0.99085625
78,0.0,22,1,0,0.9907375
79,1.0,47,1,1,0.99061875
80,0.0,5,1,0,0.9905
81,0.0,18,1,0,0.99038125
82,0.0,32,1,0,0.9902625
83,1.0,156,1,1,0.99014375
84,0.0,49,1,0,0.990025
85,1.0,39,1,1,0.98990625
86,0.0,11,1,0,0.9897875
87,0.0,20,1,0,0.98966875
88,0.0,113,1,0,0.98955
89,0.0,49,1,0,0.98943125
90,0.0,18,1,0,0.9893125
91,0.0,26,1,0,0.98919375
92,0.0,21,1,0,0.989075
93,0.0,44,1,0,0.98895625
94,1.0,231,1,1,0.9888375
95,1.0,78,1,1,0.98871875
96,0.0,21,1,0,0.9886
97,0.0,77,1,0,0.98848125
98,0.0,127,1,0,0.9883625
99,0.0,8,1,0,0.98824375
100,0.0,105,1,0,0.988125
101,1.0,59,1,1,0.98800625
102,0.0,15,1,0,0.9878875
103,1.0,65,1,1,0.98776875
104,1.0,158,1,1,0.98765
105,1.0,33,1,1,0.98753125
106,0.0,6,1,0,0.9874125
107,0.0,47,1,0,0.98729375
108,0.0,132,1,0,0.987175
109,1.0,38,1,1,0.98705625
110,1.0,50,1,1,0.9869375
111,0.0,122,1,0,0.98681875
112,0.0,7,1,0,0.9867
113,0.0,16,1,0,0.98658125
114,0.0,21,1,0,0.9864625
115,0.0,17,1,0,0.98634375
116,0.0,13,1,0,0.986225
117,0.0,8,1,0,0.98610625
118,0.0,20,1,0,0.9859875
119,1.0,103,1,1,0.98586875
120,0.0,10,1,0,0.98575
121,0.0,17,1,0,0.98563125
122,0.0,34,1,0,0.9855125
123,0.0,9,1,0,0.98539375
124,0.0,18,1,0,0.985275
125,0.0,4,1,0,0.98515625
126,0.0,21,1,0,0.9850375
127,1.0,22,1,1,0.98491875
128,1.0,103,1,1,0.9848
129,0.0,12,1,0,0.98468125
130,0.0,13,1,0,0.9845625
131,0.0,9,1,0,0.98444375
132,0.0,22,1,0,0.984325
133,0.0,22,1,0,0.98420625
134,0.0,11,1,0,0.9840875
135,0.0,69,1,0,0.98396875
136,0.0,51,1,0,0.98385
137,0.0,6,1,0,0.98373125
138,1.0,39,1,1,0.9836125
139,0.0,68,1,0,0.98349375
140,0.0,4,1,0,0.983375
141,1.0,67,1,1,0.98325625
142,2.0,89,1,2,0.9831375
143,0.0,104,1,0,0.98301875
144,1.0,148,1,1,0.9829
145,2.0,42,1,2,0.98278125
146,0.0,73,1,0,0.9826625
147,0.0,15,1,0,0.98254375
148,0.0,13,1,0,0.982425
149,0.0,109,1,0,0.98230625
150,0.0,37,1,0,0.9821875
151,1.0,40,1,1,0.98206875
152,1.0,170,1,1,0.98195
153,0.0,12,1,0,0.98183125
154,0.0,73,1,0,0.9817125
155,0.0,18,1,0,0.98159375
156,0.0,62,1,0,0.981475
157,0.0,9,1,0,0.98135625
158,0.0,8,1,0,0.9812375
159,0.0,181,1,0,0.98111875
160,0.0,48,1,0,0.981
161,0.0,53,1,0,0.98088125
162,0.0,17,1,0,0.9807625
163,0.0,95,1,0,0.98064375
164,0.0,7,1,0,0.980525
165,0.0,8,1,0,0.98040625
166,0.0,32,1,0,0.9802875
167,1.0,64,1,1,0.98016875
168,1.0,65,1,1,0.98005
169,0.0,114,1,0,0.97993125
170,1.0,111,1,1,0.9798125
171,0.0,20,1,0,0.97969375
172,0.0,48,1,0,0.979575
173,1.0,97,1,1,0.97945625
174,0.0,7,1,0,0.9793375
175,0.0,23,1,0,0.97921875
176,0.0,50,1,0,0.9791
177,0.0,23,1,0,0.97898125
178,0.0,27,1,0,0.9788625
179,0.0,23,1,0,0.97874375
180,1.0,74,1,1,0.978625
181,0.0,9,1,0,0.97850625
182,0.0,27,1,0,0.9783875
183,0.0,40,1,0,0.97826875
184,1.0,46,1,1,0.97815
185,0.0,44,1,0,0.97803125
186,0.0,21,1,0,0.9779125
187,0.0,12,1,0,0.97779375
188,1.0,63,1,1,0.977675
189,0.0,11,1,0,0.97755625
190,0.0,8,1,0,0.9774375
191,1.0,149,1,1,0.97731875
192,1.0,111,1,1,0.9772
193,0.0,146,1,0,0.97708125
194,0.0,73,1,0,0.9769625
195,0.0,10,1,0,0.97684375
196,0.0,105,1,0,0.976725
197,1.0,118,1,1,0.97660625
198,3.0,120,0,3,0.9764875
199,0.0,40,1,0,0.97636875
200,0.0,59,1,0,0.97625
201,0.0,92,1,0,0.97613125
202,0.0,10,1,0,0.9760125
203,0.0,11,1,0,0.97589375
204,1.0,56,1,1,0.9757750000000001
205,0.0,17,1,0,0.97565625
206,0.0,19,1,0,0.9755375
207,0.0,92,1,0,0.97541875
208,0.0,15,1,0,0.9753000000000001
209,0.0,56,1,0,0.97518125
210,0.0,35,1,0,0.9750625
211,2.0,105,1,2,0.97494375
212,0.0,7,1,0,0.974825
213,0.0,16,1,0,0.97470625
214,0.0,55,1,0,0.9745875
215,0.0,71,1,0,0.97446875
216,0.0,39,1,0,0.97435
217,0.0,12,1,0,0.97423125
218,0.0,54,1,0,0.9741125
219,1.0,67,1,1,0.97399375
220,0.0,19,1,0,0.973875
221,0.0,20,1,0,0.97375625
222,2.0,142,1,2,0.9736375
223,0.0,10,1,0,0.97351875
224,0.0,30,1,0,0.9734
225,1.0,38,1,1,0.97328125
226,0.0,26,1,0,0.9731625
227,1.0,104,1,1,0.97304375
228,0.0,15,1,0,0.972925
229,2.0,111,1,2,0.97280625
230,0.0,15,1,0,0.9726875
231,0.0,13,1,0,0.97256875
232,0.0,50,1,0,0.97245
233,0.0,15,1,0,0.97233125
234,0.0,4,1,0,0.9722125
235,0.0,9,1,0,0.97209375
236,0.0,21,1,0,0.971975
237,0.0,43,1,0,0.97185625
238,0.0,11,1,0,0.9717375
239,0.0,67,1,0,0.97161875
240,0.0,10,1,0,0.9715
241,1.0,92,1,1,0.97138125
242,1.0,66,1,1,0.9712625
243,0.0,103,1,0,0.97114375
244,1.0,187,1,1,0.971025
245,1.0,140,1,1,0.97090625
246,0.0,24,1,0,0.9707875
247,1.0,59,1,1,0.97066875
248,0.0,28,1,0,0.97055
249,0.0,19,1,0,0.97043125
250,0.0,10,1,0,0.9703125
251,0.0,84,1,0,0.97019375
252,0.0,95,1,0,0.970075
253,0.0,11,1,0,0.96995625
254,0.0,42,1,0,0.9698375
255,0.0,13,1,0,0.96971875
256,1.0,70,1,1,0.9696
257,1.0,98,1,1,0.96948125
258,0.0,10,1,0,0.9693625
259,1.0,58,1,1,0.96924375
260,1.0,247,1,1,0.969125
261,1.0,24,1,1,0.96900625
262,0.0,14,1,0,0.9688875
263,0.0,24,1,0,0.96876875
264,0.0,15,1,0,0.96865
265,0.0,10,1,0,0.96853125
266,0.0,42,1,0,0.9684125
267,0.0,62,1,0,0.96829375
268,0.0,13,1,0,0.968175
269,2.0,295,1,2,0.96805625
270,0.0,112,1,0,0.9679375
271,0.0,128,1,0,0.96781875
272,1.0,33,1,1,0.9677
273,0.0,32,1,0,0.96758125
274,0.0,4,1,0,0.9674625
275,0.0,11,1,0,0.96734375
276,0.0,45,1,0,0.967225
277,0.0,23,1,0,0.9671062500000001
278,0.0,3,1,0,0.9669875
279,0.0,12,1,0,0.9668687499999999
280,0.0,29,1,0,0.96675
281,0.0,33,1,0,0.96663125
282,0.0,27,1,0,0.9665125
283,0.0,40,1,0,0.96639375
284,1.0,199,1,1,0.966275
285,0.0,8,1,0,0.96615625
286,0.0,24,1,0,0.9660375
287,0.0,30,1,0,0.96591875
288,1.0,87,1,1,0.9658
289,0.0,136,1,0,0.96568125
290,1.0,100,1,1,0.9655625
291,0.0,16,1,0,0.96544375
292,1.0,21,1,1,0.965325
293,0.0,13,1,0,0.96520625
294,0.0,22,1,0,0.9650875
295,1.0,92,1,1,0.96496875
296,1.0,38,1,1,0.96485
297,0.0,75,1,0,0.96473125
298,1.0,94,1,1,0.9646125
299,1.0,151,1,1,0.96449375
300,0.0,19,1,0,0.964375
301,1.0,133,1,1,0.96425625
302,1.0,102,1,1,0.9641375
303,0.0,25,1,0,0.96401875
304,1.0,60,1,1,0.9639
305,0.0,7,1,0,0.96378125
306,0.0,12,1,0,0.9636625
307,1.0,61,1,1,0.96354375
308,0.0,9,1,0,0.963425
309,1.0,272,1,1,0.96330625
310,0.0,64,1,0,0.9631875
311,1.0,197,1,1,0.96306875
312,0.0,35,1,0,0.96295
313,0.0,9,1,0,0.96283125
314,0.0,3,1,0,0.9627125
315,1.0,143,1,1,0.96259375
316,0.0,10,1,0,0.962475
317,0.0,18,1,0,0.96235625
318,0.0,58,1,0,0.9622375
319,0.0,26,1,0,0.96211875
320,0.0,20,1,0,0.962
321,0.0,115,1,0,0.96188125
322,0.0,32,1,0,0.9617625
323,1.0,77,1,1,0.96164375
324,0.0,45,1,0,0.961525
325,0.0,19,1,0,0.96140625
326,1.0,45,1,1,0.9612875
327,1.0,64,1,1,0.96116875
328,0.0,7,1,0,0.96105
329,0.0,28,1,0,0.96093125
330,1.0,63,1,1,0.9608125
331,0.0,6,1,0,0.96069375
332,0.0,57,1,0,0.960575
333,0.0,23,1,0,0.96045625
334,0.0,6,1,0,0.9603375
335,0.0,9,1,0,0.96021875
336,0.0,10,1,0,0.9601
337,0.0,75,1,0,0.95998125
338,0.0,35,1,0,0.9598625
339,0.0,19,1,0,0.95974375
340,0.0,80,1,0,0.959625
341,0.0,8,1,0,0.95950625
342,0.0,23,1,0,0.9593875
343,1.0,44,1,1,0.95926875
344,0.0,11,1,0,0.95915
345,0.0,74,1,0,0.95903125
346,1.0,105,1,1,0.9589125000000001
347,0.0,17,1,0,0.95879375
348,0.0,11,1,0,0.958675
349,0.0,4,1,0,0.95855625
350,0.0,4,1,0,0.9584375
351,1.0,28,1,1,0.95831875
352,0.0,54,1,0,0.9582
353,0.0,44,1,0,0.95808125
354,0.0,60,1,0,0.9579625
355,0.0,31,1,0,0.95784375
356,0.0,56,1,0,0.957725
357,0.0,70,1,0,0.95760625
358,0.0,78,1,0,0.9574875
359,1.0,57,1,1,0.95736875
360,0.0,54,1,0,0.95725
361,0.0,57,1,0,0.95713125
362,0.0,6,1,0,0.9570125
363,1.0,59,1,1,0.95689375
364,0.0,56,1,0,0.956775
365,0.0,16,1,0,0.95665625
366,1.0,135,1,1,0.9565375
367,0.0,11,1,0,0.95641875
368,0.0,103,1,0,0.9563
369,0.0,111,1,0,0.95618125
370,0.0,32,1,0,0.9560625
371,0.0,58,1,0,0.95594375
372,0.0,15,1,0,0.955825
373,0.0,46,1,0,0.95570625
374,0.0,13,1,0,0.9555875
375,0.0,28,1,0,0.95546875
376,0.0,15,1,0,0.95535
377,0.0,13,1,0,0.95523125
378,0.0,31,1,0,0.9551125
379,0.0,15,1,0,0.95499375
380,0.0,65,1,0,0.954875
381,0.0,37,1,0,0.95475625
382,0.0,7,1,0,0.9546375
383,0.0,11,1,0,0.95451875
384,0.0,71,1,0,0.9544
385,1.0,130,1,1,0.95428125
386,0.0,5,1,0,0.9541625
387,1.0,166,1,1,0.95404375
388,0.0,47,1,0,0.953925
389,0.0,23,1,0,0.95380625
390,1.0,90,1,1,0.9536875
391,1.0,58,1,1,0.95356875
392,0.0,37,1,0,0.95345
393,0.0,15,1,0,0.95333125
394,1.0,42,1,1,0.9532125
395,0.0,15,1,0,0.95309375
396,1.0,62,1,1,0.952975
397,0.0,102,1,0,0.95285625
398,0.0,8,1,0,0.9527375
399,0.0,12,1,0,0.95261875
400,0.0,38,1,0,0.9525
401,1.0,63,1,1,0.95238125
402,0.0,24,1,0,0.9522625
403,1.0,72,1,1,0.95214375
404,0.0,46,1,0,0.952025
405,0.0,6,1,0,0.95190625
406,1.0,48,1,1,0.9517875
407,0.0,50,1,0,0.9516687500000001
408,0.0,7,1,0,0.95155
409,1.0,32,1,1,0.95143125
410,0.0,81,1,0,0.9513125
411,0.0,16,1,0,0.9511937500000001
412,0.0,47,1,0,0.951075
413,0.0,45,1,0,0.95095625
414,0.0,27,1,0,0.9508375
415,0.0,33,1,0,0.9507187500000001
416,0.0,18,1,0,0.9506
417,0.0,12,1,0,0.95048125
418,0.0,39,1,0,0.9503625
419,1.0,141,1,1,0.95024375
420,0.0,20,1,0,0.950125
421,0.0,9,1,0,0.95000625
422,0.0,18,1,0,0.9498875
423,0.0,4,1,0,0.94976875
424,0.0,24,1,0,0.94965
425,1.0,51,1,1,0.94953125
426,0.0,9,1,0,0.9494125
427,1.0,300,0,1,0.94929375
428,1.0,146,1,1,0.949175
429,1.0,140,1,1,0.94905625
430,1.0,30,1,1,0.9489375
431,0.0,10,1,0,0.94881875
432,1.0,82,1,1,0.9487
433,0.0,111,1,0,0.94858125
434,0.0,16,1,0,0.9484625
435,1.0,51,1,1,0.94834375
436,0.0,7,1,0,0.948225
437,1.0,119,1,1,0.94810625
438,1.0,62,1,1,0.9479875
439,1.0,76,1,1,0.94786875
440,0.0,17,1,0,0.94775
441,1.0,97,1,1,0.94763125
442,1.0,214,1,1,0.9475125
443,0.0,33,1,0,0.94739375
444,0.0,35,1,0,0.947275
445,0.0,12,1,0,0.94715625
446,1.0,68,1,1,0.9470375
447,0.0,24,1,0,0.94691875
448,0.0,83,1,0,0.9468
449,0.0,40,1,0,0.94668125
450,0.0,9,1,0,0.9465625
451,1.0,130,1,1,0.94644375
452,0.0,18,1,0,0.946325
453,1.0,31,1,1,0.94620625
454,0.0,20,1,0,0.9460875
455,0.0,55,1,0,0.94596875
456,0.0,9,1,0,0.94585
457,1.0,104,1,1,0.94573125
458,0.0,24,1,0,0.9456125
459,2.0,193,1,2,0.94549375
460,0.0,6,1,0,0.945375
461,0.0,46,1,0,0.94525625
462,0.0,10,1,0,0.9451375
463,0.0,14,1,0,0.94501875
464,0.0,31,1,0,0.9449
465,0.0,10,1,0,0.94478125
466,1.0,162,1,1,0.9446625
467,0.0,14,1,0,0.94454375
468,1.0,99,1,1,0.944425
469,0.0,22,1,0,0.94430625
470,1.0,60,1,1,0.9441875
471,1.0,54,1,1,0.94406875
472,1.0,76,1,1,0.94395
473,1.0,33,1,1,0.94383125
474,1.0,29,1,1,0.9437125
475,1.0,82,1,1,0.94359375
476,0.0,29,1,0,0.9434750000000001
477,3.0,89,0,3,0.94335625
478,1.0,185,1,1,0.9432375
479,0.0,27,1,0,0.94311875
480,0.0,37,1,0,0.9430000000000001
481,0.0,11,1,0,0.94288125
482,0.0,7,1,0,0.9427625
483,1.0,176,1,1,0.94264375
484,1.0,79,1,1,0.9425250000000001
485,0.0,53,1,0,0.94240625
486,1.0,118,1,1,0.9422875000000001
487,0.0,11,1,0,0.94216875
488,1.0,68,1,1,0.94205
489,1.0,61,1,1,0.94193125
490,0.0,25,1,0,0.9418125
491,1.0,84,1,1,0.94169375
492,0.0,17,1,0,0.941575
493,0.0,21,1,0,0.94145625
494,0.0,8,1,0,0.9413375
495,1.0,157,1,1,0.94121875
496,3.0,83,0,3,0.9411
497,0.0,123,1,0,0.94098125
498,0.0,21,1,0,0.9408625
499,0.0,83,1,0,0.94074375
500,0.0,11,1,0,0.940625
501,0.0,14,1,0,0.94050625
502,0.0,13,1,0,0.9403875
503,1.0,78,1,1,0.94026875
504,0.0,4,1,0,0.94015
505,1.0,247,1,1,0.94003125
506,1.0,73,1,1,0.9399125
507,0.0,20,1,0,0.93979375
508,1.0,57,1,1,0.939675
509,1.0,54,1,1,0.93955625
510,0.0,34,1,0,0.9394375
511,1.0,68,1,1,0.93931875
512,0.0,9,1,0,0.9392
513,0.0,18,1,0,0.93908125
514,1.0,228,1,1,0.9389625
515,1.0,174,1,1,0.93884375
516,0.0,22,1,0,0.938725
517,0.0,39,1,0,0.93860625
518,0.0,14,1,0,0.9384875
519,0.0,40,1,0,0.93836875
520,1.0,156,1,1,0.93825
521,0.0,25,1,0,0.93813125
522,0.0,4,1,0,0.9380125
523,1.0,96,1,1,0.93789375
524,1.0,63,1,1,0.937775
525,2.0,60,1,2,0.93765625
526,1.0,51,1,1,0.9375375
527,0.0,52,1,0,0.93741875
528,1.0,24,1,1,0.9373
529,0.0,4,1,0,0.93718125
530,3.0,175,0,3,0.9370625
531,0.0,15,1,0,0.93694375
532,0.0,12,1,0,0.936825
533,1.0,193,1,1,0.93670625
534,1.0,34,1,1,0.9365875
535,0.0,15,1,0,0.93646875
536,0.0,36,1,0,0.93635
537,1.0,52,1,1,0.93623125
538,0.0,7,1,0,0.9361125
539,1.0,128,1,1,0.93599375
540,0.0,15,1,0,0.935875
541,1.0,144,1,1,0.93575625
542,1.0,70,1,1,0.9356375
543,0.0,116,1,0,0.93551875
544,0.0,41,1,0,0.9354
545,0.0,125,1,0,0.93528125
546,0.0,12,1,0,0.9351625
547,0.0,26,1,0,0.93504375
548,0.0,11,1,0,0.934925
549,0.0,16,1,0,0.93480625
550,0.0,16,1,0,0.9346875
551,1.0,106,1,1,0.93456875
552,1.0,71,1,1,0.93445
553,1.0,22,1,1,0.9343312500000001
554,0.0,7,1,0,0.9342125
555,1.0,67,1,1,0.93409375
556,0.0,29,1,0,0.933975
557,2.0,104,1,2,0.93385625
558,1.0,43,1,1,0.9337375
559,1.0,29,1,1,0.9336187499999999
560,0.0,28,1,0,0.9335
561,0.0,8,1,0,0.93338125
562,3.0,126,0,3,0.9332625
563,1.0,85,1,1,0.93314375
564,0.0,57,1,0,0.933025
565,0.0,7,1,0,0.93290625
566,1.0,74,1,1,0.9327875
567,0.0,49,1,0,0.93266875
568,0.0,12,1,0,0.93255
569,1.0,79,1,1,0.93243125
570,1.0,19,1,1,0.9323125
571,0.0,26,1,0,0.93219375
572,0.0,14,1,0,0.932075
573,0.0,40,1,0,0.93195625
574,0.0,33,1,0,0.9318375
575,1.0,108,1,1,0.93171875
576,0.0,102,1,0,0.9316
577,0.0,30,1,0,0.93148125
578,0.0,14,1,0,0.9313625
579,0.0,18,1,0,0.93124375
580,0.0,98,1,0,0.931125
581,0.0,24,1,0,0.93100625
582,0.0,11,1,0,0.9308875
583,0.0,51,1,0,0.93076875
584,0.0,36,1,0,0.93065
585,0.0,139,1,0,0.93053125
586,0.0,7,1,0,0.9304125
587,3.0,221,0,3,0.93029375
588,0.0,9,1,0,0.930175
589,0.0,29,1,0,0.93005625
590,1.0,113,1,1,0.9299375
591,0.0,10,1,0,0.92981875
592,0.0,63,1,0,0.9297
593,0.0,34,1,0,0.92958125
594,1.0,159,1,1,0.9294625
595,1.0,103,1,1,0.92934375
596,0.0,13,1,0,0.929225
597,0.0,13,1,0,0.92910625
598,0.0,22,1,0,0.9289875
599,0.0,18,1,0,0.92886875
600,1.0,44,1,1,0.92875
601,1.0,52,1,1,0.92863125
602,0.0,5,1,0,0.9285125
603,0.0,121,1,0,0.92839375
604,0.0,7,1,0,0.928275
605,0.0,39,1,0,0.92815625
606,0.0,20,1,0,0.9280375
607,0.0,37,1,0,0.92791875
608,1.0,55,1,1,0.9278
609,0.0,6,1,0,0.92768125
610,0.0,24,1,0,0.9275625
611,0.0,170,1,0,0.92744375
612,1.0,112,1,1,0.927325
613,1.0,46,1,1,0.92720625
614,1.0,24,1,1,0.9270875000000001
615,0.0,53,1,0,0.92696875
616,0.0,27,1,0,0.92685
617,0.0,32,1,0,0.92673125
618,0.0,38,1,0,0.9266125000000001
619,0.0,3,1,0,0.92649375
620,1.0,127,1,1,0.926375
621,0.0,43,1,0,0.92625625
622,2.0,111,1,2,0.9261375000000001
623,0.0,79,1,0,0.92601875
624,1.0,56,1,1,0.9259
625,0.0,41,1,0,0.92578125
626,0.0,33,1,0,0.9256625
627,0.0,6,1,0,0.92554375
628,0.0,66,1,0,0.9254249999999999
629,2.0,60,1,2,0.92530625
630,0.0,24,1,0,0.9251875
631,1.0,28,1,1,0.92506875
632,1.0,106,1,1,0.92495
633,0.0,25,1,0,0.92483125
634,0.0,28,1,0,0.9247125
635,0.0,48,1,0,0.92459375
636,0.0,38,1,0,0.924475
637,2.0,51,1,2,0.92435625
638,1.0,68,1,1,0.9242375
639,1.0,56,1,1,0.92411875
640,0.0,15,1,0,0.924
641,1.0,39,1,1,0.92388125
642,1.0,102,1,1,0.9237625
643,0.0,14,1,0,0.92364375
644,1.0,28,1,1,0.923525
645,1.0,28,1,1,0.92340625
646,1.0,81,1,1,0.9232875
647,1.0,72,1,1,0.92316875
648,1.0,103,1,1,0.92305
649,0.0,19,1,0,0.92293125
650,0.0,11,1,0,0.9228125
651,0.0,9,1,0,0.92269375
652,2.0,78,1,2,0.922575
653,0.0,109,1,0,0.92245625
654,1.0,46,1,1,0.9223375
655,0.0,32,1,0,0.92221875
656,0.0,12,1,0,0.9221
657,0.0,6,1,0,0.92198125
658,1.0,104,1,1,0.9218625
659,1.0,95,1,1,0.92174375
660,2.0,111,1,2,0.921625
661,1.0,139,1,1,0.92150625
662,0.0,66,1,0,0.9213875
663,0.0,12,1,0,0.92126875
664,1.0,29,1,1,0.92115
665,0.0,21,1,0,0.92103125
666,0.0,22,1,0,0.9209125
667,1.0,51,1,1,0.92079375
668,0.0,17,1,0,0.920675
669,0.0,31,1,0,0.92055625
670,0.0,13,1,0,0.9204375
671,0.0,97,1,0,0.92031875
672,1.0,20,1,1,0.9202
673,1.0,47,1,1,0.92008125
674,0.0,32,1,0,0.9199625
675,0.0,61,1,0,0.91984375
676,0.0,18,1,0,0.919725
677,1.0,189,1,1,0.91960625
678,0.0,29,1,0,0.9194875
679,0.0,44,1,0,0.91936875
680,1.0,51,1,1,0.91925
681,0.0,66,1,0,0.91913125
682,1.0,22,1,1,0.9190125
683,0.0,11,1,0,0.91889375
684,0.0,9,1,0,0.918775
685,1.0,81,1,1,0.91865625
686,0.0,20,1,0,0.9185375
687,0.0,16,1,0,0.91841875
688,1.0,134,1,1,0.9183
689,1.0,140,1,1,0.91818125
690,1.0,77,1,1,0.9180625
691,0.0,22,1,0,0.9179437500000001
692,0.0,11,1,0,0.917825
693,0.0,17,1,0,0.9177062500000001
694,1.0,32,1,1,0.9175875
695,1.0,61,1,1,0.91746875
696,1.0,68,1,1,0.91735
697,1.0,83,1,1,0.91723125
698,1.0,40,1,1,0.9171125
699,1.0,62,1,1,0.91699375
700,1.0,10,1,1,0.916875
701,1.0,26,1,1,0.91675625
702,1.0,76,1,1,0.9166375
703,0.0,9,1,0,0.91651875
704,1.0,126,1,1,0.9164
705,0.0,55,1,0,0.91628125
706,1.0,111,1,1,0.9161625
707,0.0,7,1,0,0.91604375
708,0.0,6,1,0,0.915925
709,0.0,74,1,0,0.91580625
710,1.0,96,1,1,0.9156875
711,0.0,14,1,0,0.91556875
712,0.0,68,1,0,0.91545
713,1.0,50,1,1,0.91533125
714,2.0,270,1,2,0.9152125
715,1.0,15,1,1,0.91509375
716,0.0,16,1,0,0.914975
717,0.0,21,1,0,0.91485625
718,0.0,43,1,0,0.9147375
719,0.0,14,1,0,0.91461875
720,2.0,120,1,2,0.9145
721,1.0,42,1,1,0.91438125
722,3.0,57,0,3,0.9142625
723,0.0,41,1,0,0.91414375
724,0.0,14,1,0,0.914025
725,0.0,28,1,0,0.91390625
726,0.0,11,1,0,0.9137875
727,0.0,29,1,0,0.91366875
728,1.0,54,1,1,0.91355
729,0.0,19,1,0,0.91343125
730,3.0,73,0,3,0.9133125
731,1.0,49,1,1,0.91319375
732,0.0,13,1,0,0.913075
733,1.0,40,1,1,0.91295625
734,1.0,34,1,1,0.9128375
735,0.0,50,1,0,0.91271875
736,1.0,29,1,1,0.9126
737,0.0,15,1,0,0.91248125
738,1.0,62,1,1,0.9123625
739,0.0,11,1,0,0.91224375
740,0.0,86,1,0,0.912125
741,0.0,4,1,0,0.91200625
742,1.0,51,1,1,0.9118875
743,0.0,11,1,0,0.91176875
744,3.0,207,0,3,0.91165
745,0.0,14,1,0,0.91153125
746,0.0,12,1,0,0.9114125
747,0.0,34,1,0,0.91129375
748,0.0,30,1,0,0.911175
749,0.0,3,1,0,0.91105625
750,1.0,107,1,1,0.9109375
751,0.0,42,1,0,0.91081875
752,0.0,32,1,0,0.9107000000000001
753,0.0,9,1,0,0.91058125
754,1.0,43,1,1,0.9104625
755,0.0,72,1,0,0.91034375
756,0.0,21,1,0,0.9102250000000001
757,1.0,84,1,1,0.91010625
758,1.0,147,1,1,0.9099875
759,0.0,38,1,0,0.90986875
760,0.0,16,1,0,0.9097500000000001
761,0.0,7,1,0,0.90963125
762,0.0,92,1,0,0.9095125
763,3.0,92,0,3,0.90939375
764,0.0,11,1,0,0.909275
765,0.0,37,1,0,0.90915625
766,0.0,64,1,0,0.9090374999999999
767,0.0,19,1,0,0.90891875
768,0.0,53,1,0,0.9088
769,0.0,65,1,0,0.90868125
770,1.0,55,1,1,0.9085625
771,1.0,106,1,1,0.90844375
772,0.0,160,1,0,0.908325
773,1.0,14,1,1,0.90820625
774,1.0,55,1,1,0.9080875
775,0.0,7,1,0,0.90796875
776,1.0,24,1,1,0.90785
777,1.0,66,1,1,0.90773125
778,0.0,6,1,0,0.9076125
779,1.0,52,1,1,0.90749375
780,0.0,12,1,0,0.907375
781,0.0,14,1,0,0.90725625
782,0.0,3,1,0,0.9071375
783,0.0,26,1,0,0.90701875
784,3.0,143,0,3,0.9069
785,1.0,26,1,1,0.90678125
786,0.0,40,1,0,0.9066625
787,2.0,111,1,2,0.90654375
788,0.0,38,1,0,0.906425
789,1.0,36,1,1,0.90630625
790,1.0,31,1,1,0.9061875
791,0.0,89,1,0,0.90606875
792,1.0,23,1,1,0.90595
793,1.0,45,1,1,0.90583125
794,2.0,123,1,2,0.9057125
795,1.0,30,1,1,0.90559375
796,0.0,39,1,0,0.905475
797,1.0,37,1,1,0.90535625
798,0.0,31,1,0,0.9052375
799,0.0,39,1,0,0.90511875
800,0.0,7,1,0,0.905
801,1.0,46,1,1,0.90488125
802,0.0,13,1,0,0.9047625
803,0.0,13,1,0,0.90464375
804,0.0,5,1,0,0.904525
805,0.0,25,1,0,0.90440625
806,1.0,67,1,1,0.9042875
807,0.0,19,1,0,0.90416875
808,0.0,23,1,0,0.90405
809,0.0,22,1,0,0.90393125
810,1.0,39,1,1,0.9038125
811,2.0,202,1,2,0.90369375
812,0.0,57,1,0,0.903575
813,0.0,7,1,0,0.9034562500000001
814,0.0,17,1,0,0.9033375
815,0.0,34,1,0,0.90321875
816,1.0,92,1,1,0.9031
817,1.0,77,1,1,0.9029812500000001
818,0.0,10,1,0,0.9028625
819,0.0,21,1,0,0.90274375
820,0.0,14,1,0,0.902625
821,1.0,76,1,1,0.9025062500000001
822,1.0,115,1,1,0.9023875
823,3.0,138,0,3,0.90226875
824,1.0,61,1,1,0.90215
825,0.0,6,1,0,0.9020312500000001
826,1.0,44,1,1,0.9019125
827,0.0,69,1,0,0.90179375
828,0.0,5,1,0,0.901675
829,1.0,71,1,1,0.9015562500000001
830,0.0,4,1,0,0.9014375
831,0.0,18,1,0,0.9013187500000001
832,1.0,106,1,1,0.9012
833,3.0,75,0,3,0.9010812500000001
834,0.0,52,1,0,0.9009625
835,0.0,53,1,0,0.90084375
836,0.0,21,1,0,0.900725
837,1.0,48,1,1,0.90060625
838,0.0,36,1,0,0.9004875
839,0.0,31,1,0,0.90036875
840,0.0,10,1,0,0.90025
841,1.0,28,1,1,0.90013125
842,0.0,13,1,0,0.9000125
843,0.0,16,1,0,0.89989375
844,1.0,59,1,1,0.899775
845,0.0,17,1,0,0.89965625
846,0.0,45,1,0,0.8995375
847,0.0,26,1,0,0.89941875
848,1.0,34,1,1,0.8993
849,2.0,73,1,2,0.89918125
850,0.0,4,1,0,0.8990625
851,0.0,11,1,0,0.89894375
852,0.0,28,1,0,0.898825
853,0.0,11,1,0,0.89870625
854,2.0,154,1,2,0.8985875
855,1.0,143,1,1,0.89846875
856,1.0,46,1,1,0.89835
857,1.0,43,1,1,0.89823125
858,0.0,14,1,0,0.8981125
859,1.0,102,1,1,0.89799375
860,0.0,8,1,0,0.897875
861,1.0,80,1,1,0.89775625
862,2.0,51,1,2,0.8976375
863,1.0,46,1,1,0.89751875
864,0.0,11,1,0,0.8974
865,1.0,170,1,1,0.89728125
866,1.0,67,1,1,0.8971625
867,0.0,28,1,0,0.89704375
868,1.0,37,1,1,0.896925
869,0.0,11,1,0,0.89680625
870,2.0,85,1,2,0.8966875
871,0.0,12,1,0,0.89656875
872,0.0,21,1,0,0.89645
873,0.0,14,1,0,0.89633125
874,0.0,18,1,0,0.8962125
875,0.0,11,1,0,0.89609375
876,0.0,125,1,0,0.895975
877,0.0,17,1,0,0.89585625
878,1.0,19,1,1,0.8957375
879,0.0,7,1,0,0.89561875
880,1.0,36,1,1,0.8955
881,1.0,35,1,1,0.89538125
882,0.0,10,1,0,0.8952625
883,0.0,36,1,0,0.89514375
884,0.0,46,1,0,0.895025
885,0.0,4,1,0,0.89490625
886,1.0,127,1,1,0.8947875
887,0.0,14,1,0,0.89466875
888,0.0,22,1,0,0.89455
889,1.0,149,1,1,0.89443125
890,0.0,14,1,0,0.8943125000000001
891,0.0,42,1,0,0.89419375
892,1.0,119,1,1,0.894075
893,0.0,23,1,0,0.89395625
894,0.0,30,1,0,0.8938375000000001
895,0.0,93,1,0,0.89371875
896,2.0,72,1,2,0.8936
897,1.0,50,1,1,0.89348125
898,0.0,20,1,0,0.8933625000000001
899,1.0,79,1,1,0.89324375
900,1.0,41,1,1,0.893125
901,1.0,72,1,1,0.89300625
902,0.0,16,1,0,0.8928875000000001
903,0.0,8,1,0,0.89276875
904,0.0,93,1,0,0.8926499999999999
905,2.0,130,1,2,0.89253125
906,0.0,17,1,0,0.8924125
907,2.0,82,1,2,0.89229375
908,0.0,21,1,0,0.8921749999999999
909,1.0,46,1,1,0.89205625
910,0.0,49,1,0,0.8919375
911,1.0,21,1,1,0.89181875
912,1.0,44,1,1,0.8917
913,0.0,16,1,0,0.89158125
914,0.0,23,1,0,0.8914625
915,1.0,118,1,1,0.89134375
916,0.0,31,1,0,0.891225
917,1.0,63,1,1,0.89110625
918,0.0,8,1,0,0.8909875
919,0.0,36,1,0,0.89086875
920,1.0,18,1,1,0.89075
921,0.0,13,1,0,0.89063125
922,1.0,83,1,1,0.8905125
923,0.0,17,1,0,0.89039375
924,2.0,93,1,2,0.890275
925,0.0,62,1,0,0.89015625
926,0.0,28,1,0,0.8900375
927,3.0,158,0,3,0.88991875
928,0.0,18,1,0,0.8898
929,1.0,115,1,1,0.88968125
930,0.0,10,1,0,0.8895625
931,1.0,21,1,1,0.88944375
932,0.0,19,1,0,0.889325
933,0.0,15,1,0,0.88920625
934,0.0,4,1,0,0.8890875
935,1.0,100,1,1,0.88896875
936,0.0,10,1,0,0.88885
937,0.0,11,1,0,0.88873125
938,0.0,5,1,0,0.8886125
939,1.0,57,1,1,0.88849375
940,0.0,15,1,0,0.888375
941,0.0,74,1,0,0.88825625
942,1.0,46,1,1,0.8881375
943,0.0,45,1,0,0.88801875
944,0.0,19,1,0,0.8879
945,1.0,43,1,1,0.88778125
946,1.0,57,1,1,0.8876625
947,0.0,24,1,0,0.88754375
948,0.0,12,1,0,0.887425
949,1.0,27,1,1,0.88730625
950,0.0,6,1,0,0.8871875
951,0.0,52,1,0,0.8870687500000001
952,1.0,21,1,1,0.88695
953,1.0,57,1,1,0.88683125
954,1.0,85,1,1,0.8867125
955,1.0,34,1,1,0.8865937500000001
956,0.0,24,1,0,0.886475
957,0.0,39,1,0,0.88635625
958,0.0,51,1,0,0.8862375
959,0.0,4,1,0,0.8861187500000001
960,0.0,51,1,0,0.886
961,0.0,8,1,0,0.88588125
962,1.0,41,1,1,0.8857625
963,3.0,99,0,3,0.8856437500000001
964,1.0,102,1,1,0.885525
965,0.0,18,1,0,0.88540625
966,0.0,14,1,0,0.8852875
967,0.0,32,1,0,0.8851687500000001
968,1.0,55,1,1,0.88505
969,1.0,53,1,1,0.88493125
970,0.0,27,1,0,0.8848125
971,3.0,98,0,3,0.8846937500000001
972,1.0,32,1,1,0.884575
973,1.0,49,1,1,0.88445625
974,3.0,70,0,3,0.8843375
975,0.0,42,1,0,0.88421875
976,1.0,48,1,1,0.8841
977,1.0,87,1,1,0.88398125
978,0.0,23,1,0,0.8838625
979,0.0,17,1,0,0.88374375
980,0.0,10,1,0,0.883625
981,1.0,80,1,1,0.88350625
982,0.0,92,1,0,0.8833875
983,1.0,46,1,1,0.88326875
984,1.0,44,1,1,0.88315
985,0.0,11,1,0,0.88303125
986,0.0,12,1,0,0.8829125
987,0.0,4,1,0,0.88279375
988,0.0,16,1,0,0.882675
989,3.0,131,0,3,0.88255625
990,0.0,42,1,0,0.8824375
991,0.0,24,1,0,0.88231875
992,0.0,10,1,0,0.8822
993,1.0,22,1,1,0.88208125
994,1.0,29,1,1,0.8819625
995,0.0,28,1,0,0.88184375
996,1.0,125,1,1,0.881725
997,0.0,48,1,0,0.88160625
998,1.0,16,1,1,0.8814875
999,0.0,97,1,0,0.88136875
1000,2.0,207,1,2,0.88125
1001,0.0,35,1,0,0.88113125
1002,1.0,73,1,1,0.8810125
1003,1.0,46,1,1,0.88089375
1004,0.0,17,1,0,0.880775
1005,1.0,41,1,1,0.88065625
1006,0.0,24,1,0,0.8805375
1007,0.0,34,1,0,0.88041875
1008,1.0,80,1,1,0.8803
1009,1.0,41,1,1,0.88018125
1010,1.0,90,1,1,0.8800625
1011,1.0,47,1,1,0.87994375
1012,0.0,30,1,0,0.879825
1013,0.0,40,1,0,0.87970625
1014,0.0,11,1,0,0.8795875
1015,0.0,35,1,0,0.87946875
1016,0.0,17,1,0,0.87935
1017,0.0,14,1,0,0.87923125
1018,0.0,4,1,0,0.8791125
1019,1.0,38,1,1,0.87899375
1020,0.0,9,1,0,0.878875
1021,1.0,50,1,1,0.87875625
1022,0.0,10,1,0,0.8786375
1023,0.0,64,1,0,0.87851875
1024,2.0,90,1,2,0.8784
1025,1.0,75,1,1,0.87828125
1026,1.0,40,1,1,0.8781625
1027,1.0,66,1,1,0.87804375
1028,1.0,76,1,1,0.877925
1029,2.0,56,1,2,0.87780625
1030,0.0,10,1,0,0.8776875
1031,1.0,94,1,1,0.87756875
1032,1.0,77,1,1,0.8774500000000001
1033,3.0,138,0,3,0.87733125
1034,2.0,91,1,2,0.8772125
1035,0.0,53,1,0,0.87709375
1036,1.0,81,1,1,0.8769750000000001
1037,1.0,24,1,1,0.87685625
1038,1.0,44,1,1,0.8767375
1039,1.0,33,1,1,0.87661875
1040,1.0,20,1,1,0.8765000000000001
1041,0.0,17,1,0,0.87638125
1042,1.0,65,1,1,0.8762624999999999
1043,1.0,64,1,1,0.87614375
1044,0.0,16,1,0,0.876025
1045,1.0,12,1,1,0.87590625
1046,1.0,24,1,1,0.8757874999999999
1047,1.0,58,1,1,0.87566875
1048,0.0,43,1,0,0.87555
1049,0.0,7,1,0,0.87543125
1050,0.0,8,1,0,0.8753125
1051,1.0,89,1,1,0.87519375
1052,1.0,100,1,1,0.875075
1053,0.0,7,1,0,0.87495625
1054,1.0,46,1,1,0.8748374999999999
1055,1.0,59,1,1,0.87471875
1056,3.0,67,0,3,0.8746
1057,1.0,59,1,1,0.87448125
1058,1.0,44,1,1,0.8743624999999999
1059,1.0,39,1,1,0.87424375
1060,0.0,19,1,0,0.874125
1061,0.0,10,1,0,0.87400625
1062,0.0,67,1,0,0.8738875
1063,1.0,29,1,1,0.87376875
1064,0.0,3,1,0,0.87365
1065,1.0,82,1,1,0.87353125
1066,1.0,90,1,1,0.8734125
1067,1.0,97,1,1,0.87329375
1068,0.0,43,1,0,0.873175
1069,0.0,15,1,0,0.87305625
1070,0.0,30,1,0,0.8729375
1071,0.0,43,1,0,0.87281875
1072,2.0,67,1,2,0.8727
1073,0.0,41,1,0,0.87258125
1074,0.0,13,1,0,0.8724625
1075,0.0,12,1,0,0.87234375
1076,0.0,134,1,0,0.872225
1077,0.0,7,1,0,0.87210625
1078,0.0,35,1,0,0.8719875
1079,3.0,140,0,3,0.87186875
1080,2.0,200,1,2,0.87175
1081,0.0,37,1,0,0.8716312500000001
1082,0.0,7,1,0,0.8715125
1083,1.0,16,1,1,0.87139375
1084,1.0,22,1,1,0.871275
1085,1.0,66,1,1,0.8711562500000001
1086,0.0,18,1,0,0.8710375
1087,1.0,68,1,1,0.87091875
1088,1.0,27,1,1,0.8708
1089,1.0,22,1,1,0.8706812500000001
1090,0.0,26,1,0,0.8705625
1091,1.0,32,1,1,0.87044375
1092,0.0,12,1,0,0.870325
1093,0.0,9,1,0,0.8702062500000001
1094,0.0,5,1,0,0.8700875
1095,1.0,88,1,1,0.86996875
1096,0.0,8,1,0,0.86985
1097,0.0,44,1,0,0.8697312500000001
1098,1.0,69,1,1,0.8696125
1099,0.0,66,1,0,0.86949375
1100,0.0,101,1,0,0.869375
1101,2.0,50,1,2,0.8692562500000001
1102,1.0,154,1,1,0.8691375
1103,1.0,55,1,1,0.86901875
1104,2.0,50,1,2,0.8689
1105,0.0,53,1,0,0.8687812500000001
1106,1.0,33,1,1,0.8686625
1107,0.0,40,1,0,0.86854375
1108,0.0,8,1,0,0.868425
1109,1.0,35,1,1,0.8683062500000001
1110,0.0,32,1,0,0.8681875
1111,1.0,25,1,1,0.86806875
1112,0.0,19,1,0,0.86795
1113,3.0,120,0,3,0.86783125
1114,0.0,4,1,0,0.8677125
1115,0.0,40,1,0,0.8675937499999999
1116,0.0,20,1,0,0.867475
1117,1.0,44,1,1,0.86735625
1118,1.0,41,1,1,0.8672375
1119,1.0,70,1,1,0.8671187499999999
1120,3.0,118,0,3,0.867
1121,0.0,40,1,0,0.86688125
1122,1.0,43,1,1,0.8667625
1123,0.0,9,1,0,0.86664375
1124,0.0,77,1,0,0.866525
1125,1.0,96,1,1,0.86640625
1126,0.0,5,1,0,0.8662875
1127,0.0,27,1,0,0.86616875
1128,1.0,226,1,1,0.86605
1129,1.0,60,1,1,0.86593125
1130,0.0,5,1,0,0.8658125
1131,2.0,119,1,2,0.86569375
1132,1.0,22,1,1,0.865575
1133,0.0,14,1,0,0.86545625
1134,0.0,20,1,0,0.8653375
1135,0.0,18,1,0,0.86521875
1136,1.0,66,1,1,0.8651
1137,1.0,42,1,1,0.86498125
1138,1.0,31,1,1,0.8648625
1139,1.0,33,1,1,0.86474375
1140,3.0,157,0,3,0.864625
1141,3.0,115,0,3,0.86450625
1142,2.0,79,1,2,0.8643875000000001
1143,1.0,33,1,1,0.86426875
1144,1.0,42,1,1,0.86415
1145,0.0,14,1,0,0.86403125
1146,0.0,31,1,0,0.8639125000000001
1147,0.0,11,1,0,0.86379375
1148,0.0,16,1,0,0.863675
1149,1.0,124,1,1,0.86355625
1150,0.0,48,1,0,0.8634375000000001
1151,0.0,12,1,0,0.86331875
1152,1.0,37,1,1,0.8632
1153,1.0,15,1,1,0.86308125
1154,0.0,25,1,0,0.8629625000000001
1155,0.0,11,1,0,0.86284375
1156,1.0,84,1,1,0.862725
1157,1.0,120,1,1,0.86260625
1158,3.0,83,0,3,0.8624875000000001
1159,2.0,64,1,2,0.86236875
1160,1.0,89,1,1,0.86225
1161,0.0,23,1,0,0.86213125
1162,1.0,44,1,1,0.8620125000000001
1163,3.0,146,0,3,0.86189375
1164,1.0,45,1,1,0.861775
1165,1.0,75,1,1,0.86165625
1166,0.0,6,1,0,0.8615375000000001
1167,0.0,25,1,0,0.86141875
1168,0.0,7,1,0,0.8613
1169,1.0,41,1,1,0.86118125
1170,0.0,15,1,0,0.8610625000000001
1171,2.0,270,1,2,0.86094375
1172,0.0,15,1,0,0.860825
1173,1.0,137,1,1,0.86070625
1174,0.0,33,1,0,0.8605875000000001
1175,0.0,37,1,0,0.86046875
1176,2.0,113,1,2,0.86035
1177,0.0,10,1,0,0.86023125
1178,0.0,33,1,0,0.8601125000000001
1179,0.0,14,1,0,0.85999375
1180,0.0,5,1,0,0.859875
1181,2.0,148,1,2,0.85975625
1182,0.0,51,1,0,0.8596375
1183,1.0,87,1,1,0.85951875
1184,0.0,21,1,0,0.8594
1185,0.0,56,1,0,0.85928125
1186,0.0,15,1,0,0.8591625
1187,1.0,48,1,1,0.85904375
1188,0.0,5,1,0,0.858925
1189,0.0,61,1,0,0.85880625
1190,0.0,11,1,0,0.8586875
1191,0.0,51,1,0,0.85856875
1192,1.0,10,1,1,0.85845
1193,1.0,52,1,1,0.85833125
1194,3.0,60,0,3,0.8582125
1195,0.0,20,1,0,0.85809375
1196,1.0,63,1,1,0.857975
1197,0.0,6,1,0,0.85785625
1198,1.0,36,1,1,0.8577375
1199,1.0,31,1,1,0.85761875
1200,2.0,90,1,2,0.8575
1201,1.0,30,1,1,0.85738125
1202,0.0,18,1,0,0.8572625
1203,0.0,13,1,0,0.85714375
1204,1.0,61,1,1,0.857025
1205,1.0,43,1,1,0.85690625
1206,3.0,57,0,3,0.8567875
1207,1.0,65,1,1,0.85666875
1208,1.0,38,1,1,0.85655
1209,0.0,28,1,0,0.85643125
1210,0.0,6,1,0,0.8563125
1211,0.0,25,1,0,0.85619375
1212,2.0,83,1,2,0.856075
1213,0.0,6,1,0,0.85595625
1214,1.0,52,1,1,0.8558375
1215,3.0,71,0,3,0.85571875
1216,0.0,11,1,0,0.8556
1217,1.0,23,1,1,0.85548125
1218,1.0,74,1,1,0.8553625
1219,2.0,71,1,2,0.85524375
1220,0.0,22,1,0,0.855125
1221,1.0,25,1,1,0.85500625
1222,2.0,114,1,2,0.8548875
1223,2.0,104,1,2,0.85476875
1224,1.0,60,1,1,0.85465
1225,1.0,75,1,1,0.85453125
1226,1.0,123,1,1,0.8544125
1227,1.0,30,1,1,0.85429375
1228,0.0,8,1,0,0.854175
1229,3.0,78,0,3,0.85405625
1230,2.0,141,1,2,0.8539375
1231,0.0,40,1,0,0.85381875
1232,1.0,15,1,1,0.8537
1233,0.0,34,1,0,0.85358125
1234,0.0,8,1,0,0.8534625
1235,2.0,144,1,2,0.85334375
1236,1.0,172,1,1,0.853225
1237,0.0,9,1,0,0.85310625
1238,0.0,47,1,0,0.8529875
1239,0.0,13,1,0,0.85286875
1240,1.0,45,1,1,0.85275
1241,1.0,21,1,1,0.85263125
1242,0.0,25,1,0,0.8525125
1243,0.0,45,1,0,0.8523937500000001
1244,0.0,53,1,0,0.852275
1245,0.0,3,1,0,0.85215625
1246,0.0,28,1,0,0.8520375
1247,0.0,36,1,0,0.8519187500000001
1248,0.0,10,1,0,0.8518
1249,0.0,17,1,0,0.85168125
1250,2.0,58,1,2,0.8515625
1251,0.0,6,1,0,0.85144375
1252,0.0,30,1,0,0.851325
1253,1.0,99,1,1,0.85120625
1254,1.0,94,1,1,0.8510875
1255,1.0,67,1,1,0.85096875
1256,3.0,122,0,3,0.85085
1257,0.0,16,1,0,0.85073125
1258,0.0,11,1,0,0.8506125
1259,1.0,55,1,1,0.85049375
1260,0.0,8,1,0,0.850375
1261,0.0,16,1,0,0.85025625
1262,1.0,32,1,1,0.8501375
1263,0.0,31,1,0,0.85001875
1264,0.0,12,1,0,0.8499
1265,0.0,22,1,0,0.84978125
1266,1.0,56,1,1,0.8496625
1267,1.0,34,1,1,0.84954375
1268,1.0,62,1,1,0.849425
1269,0.0,7,1,0,0.84930625
1270,1.0,47,1,1,0.8491875
1271,1.0,65,1,1,0.84906875
1272,0.0,12,1,0,0.84895
1273,3.0,154,0,3,0.84883125
1274,3.0,60,0,3,0.8487125
1275,1.0,69,1,1,0.84859375
1276,0.0,3,1,0,0.848475
1277,3.0,86,0,3,0.84835625
1278,1.0,31,1,1,0.8482375
1279,3.0,112,0,3,0.84811875
1280,0.0,10,1,0,0.848
1281,1.0,43,1,1,0.84788125
1282,1.0,84,1,1,0.8477625
1283,1.0,55,1,1,0.84764375
1284,3.0,121,0,3,0.847525
1285,0.0,96,1,0,0.84740625
1286,1.0,59,1,1,0.8472875
1287,0.0,17,1,0,0.84716875
1288,0.0,14,1,0,0.84705
1289,0.0,69,1,0,0.84693125
1290,0.0,6,1,0,0.8468125
1291,0.0,33,1,0,0.84669375
1292,0.0,3,1,0,0.846575
1293,1.0,122,1,1,0.84645625
1294,2.0,116,1,2,0.8463375
1295,1.0,41,1,1,0.84621875
1296,0.0,24,1,0,0.8461
1297,0.0,5,1,0,0.84598125
1298,0.0,23,1,0,0.8458625
1299,0.0,19,1,0,0.84574375
1300,0.0,11,1,0,0.8456250000000001
1301,1.0,35,1,1,0.84550625
1302,0.0,16,1,0,0.8453875
1303,1.0,52,1,1,0.84526875
1304,0.0,8,1,0,0.8451500000000001
1305,0.0,30,1,0,0.84503125
1306,0.0,17,1,0,0.8449125
1307,3.0,87,0,3,0.84479375
1308,1.0,46,1,1,0.8446750000000001
1309,0.0,8,1,0,0.84455625
1310,2.0,71,1,2,0.8444375
1311,2.0,55,1,2,0.84431875
1312,1.0,23,1,1,0.8442000000000001
1313,1.0,35,1,1,0.84408125
1314,2.0,124,1,2,0.8439625
1315,1.0,28,1,1,0.84384375
1316,1.0,57,1,1,0.8437250000000001
1317,0.0,70,1,0,0.84360625
1318,1.0,22,1,1,0.8434875
1319,0.0,23,1,0,0.84336875
1320,3.0,77,0,3,0.84325
1321,1.0,103,1,1,0.84313125
1322,1.0,37,1,1,0.8430124999999999
1323,0.0,35,1,0,0.84289375
1324,0.0,26,1,0,0.842775
1325,1.0,36,1,1,0.84265625
1326,0.0,106,1,0,0.8425374999999999
1327,1.0,42,1,1,0.84241875
1328,1.0,122,1,1,0.8423
1329,1.0,34,1,1,0.84218125
1330,1.0,54,1,1,0.8420624999999999
1331,1.0,128,1,1,0.84194375
1332,0.0,6,1,0,0.841825
1333,0.0,10,1,0,0.84170625
1334,1.0,16,1,1,0.8415874999999999
1335,1.0,43,1,1,0.84146875
1336,0.0,23,1,0,0.84135
1337,0.0,5,1,0,0.84123125
1338,0.0,11,1,0,0.8411124999999999
1339,1.0,41,1,1,0.84099375
1340,1.0,62,1,1,0.840875
1341,1.0,42,1,1,0.84075625
1342,1.0,32,1,1,0.8406375
1343,0.0,18,1,0,0.84051875
1344,0.0,20,1,0,0.8404
1345,2.0,66,1,2,0.84028125
1346,0.0,14,1,0,0.8401625
1347,0.0,11,1,0,0.84004375
1348,0.0,4,1,0,0.839925
1349,1.0,68,1,1,0.83980625
1350,0.0,26,1,0,0.8396875
1351,1.0,56,1,1,0.83956875
1352,0.0,15,1,0,0.83945
1353,1.0,26,1,1,0.83933125
1354,2.0,181,1,2,0.8392125
1355,0.0,29,1,0,0.83909375
1356,0.0,33,1,0,0.838975
1357,1.0,60,1,1,0.83885625
1358,1.0,53,1,1,0.8387375
1359,2.0,63,1,2,0.83861875
1360,0.0,34,1,0,0.8385
1361,1.0,50,1,1,0.8383812500000001
1362,1.0,68,1,1,0.8382625
1363,0.0,4,1,0,0.83814375
1364,1.0,27,1,1,0.838025
1365,1.0,62,1,1,0.8379062500000001
1366,1.0,33,1,1,0.8377875
1367,1.0,156,1,1,0.83766875
1368,0.0,12,1,0,0.83755
1369,1.0,39,1,1,0.8374312500000001
1370,1.0,41,1,1,0.8373125
1371,1.0,40,1,1,0.83719375
1372,0.0,46,1,0,0.837075
1373,1.0,35,1,1,0.8369562500000001
1374,0.0,16,1,0,0.8368375
1375,3.0,111,0,3,0.83671875
1376,1.0,24,1,1,0.8366
1377,0.0,17,1,0,0.8364812500000001
1378,1.0,55,1,1,0.8363625
1379,0.0,19,1,0,0.83624375
1380,1.0,127,1,1,0.836125
1381,3.0,52,0,3,0.8360062500000001
1382,1.0,201,1,1,0.8358875
1383,0.0,15,1,0,0.83576875
1384,1.0,22,1,1,0.83565
1385,1.0,69,1,1,0.8355312500000001
1386,0.0,7,1,0,0.8354125
1387,0.0,27,1,0,0.83529375
1388,1.0,20,1,1,0.835175
1389,0.0,8,1,0,0.83505625
1390,0.0,15,1,0,0.8349375
1391,0.0,15,1,0,0.8348187499999999
1392,3.0,124,0,3,0.8347
1393,1.0,23,1,1,0.83458125
1394,0.0,29,1,0,0.8344625
1395,0.0,50,1,0,0.8343437499999999
1396,1.0,52,1,1,0.834225
1397,1.0,102,1,1,0.83410625
1398,0.0,15,1,0,0.8339875
1399,1.0,66,1,1,0.8338687499999999
1400,1.0,29,1,1,0.83375
1401,0.0,59,1,0,0.83363125
1402,0.0,28,1,0,0.8335125
1403,0.0,3,1,0,0.83339375
1404,0.0,32,1,0,0.833275
1405,0.0,5,1,0,0.83315625
1406,0.0,29,1,0,0.8330375
1407,3.0,72,0,3,0.83291875
1408,0.0,11,1,0,0.8328
1409,1.0,45,1,1,0.83268125
1410,1.0,19,1,1,0.8325625
1411,1.0,32,1,1,0.83244375
1412,1.0,31,1,1,0.832325
1413,1.0,60,1,1,0.83220625
1414,0.0,4,1,0,0.8320875
1415,1.0,84,1,1,0.83196875
1416,3.0,82,0,3,0.83185
1417,1.0,29,1,1,0.83173125
1418,0.0,5,1,0,0.8316125
1419,1.0,31,1,1,0.83149375
1420,0.0,5,1,0,0.831375
1421,1.0,53,1,1,0.83125625
1422,1.0,25,1,1,0.8311375000000001
1423,0.0,13,1,0,0.83101875
1424,1.0,63,1,1,0.8309
1425,0.0,7,1,0,0.83078125
1426,1.0,43,1,1,0.8306625000000001
1427,1.0,43,1,1,0.83054375
1428,1.0,21,1,1,0.830425
1429,1.0,29,1,1,0.83030625
1430,0.0,44,1,0,0.8301875000000001
1431,0.0,74,1,0,0.83006875
1432,0.0,9,1,0,0.82995
1433,1.0,46,1,1,0.82983125
1434,1.0,17,1,1,0.8297125000000001
1435,3.0,107,0,3,0.82959375
1436,0.0,22,1,0,0.829475
1437,1.0,15,1,1,0.82935625
1438,1.0,36,1,1,0.8292375000000001
1439,0.0,10,1,0,0.82911875
1440,0.0,31,1,0,0.829
1441,0.0,19,1,0,0.82888125
1442,3.0,65,0,3,0.8287625000000001
1443,1.0,36,1,1,0.82864375
1444,0.0,14,1,0,0.828525
1445,0.0,7,1,0,0.82840625
1446,1.0,42,1,1,0.8282875000000001
1447,2.0,158,1,2,0.82816875
1448,0.0,9,1,0,0.82805
1449,0.0,7,1,0,0.82793125
1450,0.0,16,1,0,0.8278125000000001
1451,1.0,57,1,1,0.82769375
1452,1.0,30,1,1,0.827575
1453,0.0,15,1,0,0.82745625
1454,3.0,114,0,3,0.8273375000000001
1455,0.0,42,1,0,0.82721875
1456,0.0,15,1,0,0.8271
1457,1.0,75,1,1,0.82698125
1458,0.0,17,1,0,0.8268625000000001
1459,1.0,20,1,1,0.82674375
1460,0.0,19,1,0,0.8266249999999999
1461,1.0,111,1,1,0.82650625
1462,0.0,46,1,0,0.8263875
1463,0.0,5,1,0,0.82626875
1464,1.0,178,1,1,0.82615
1465,1.0,83,1,1,0.82603125
1466,2.0,64,1,2,0.8259125
1467,1.0,29,1,1,0.82579375
1468,1.0,20,1,1,0.825675
1469,1.0,71,1,1,0.82555625
1470,1.0,55,1,1,0.8254375
1471,1.0,93,1,1,0.82531875
1472,0.0,11,1,0,0.8252
1473,1.0,63,1,1,0.82508125
1474,1.0,37,1,1,0.8249625
1475,1.0,106,1,1,0.82484375
1476,1.0,74,1,1,0.824725
1477,1.0,48,1,1,0.82460625
1478,0.0,13,1,0,0.8244875
1479,2.0,145,1,2,0.82436875
1480,0.0,8,1,0,0.82425
1481,0.0,25,1,0,0.82413125
1482,1.0,29,1,1,0.8240125
1483,1.0,40,1,1,0.82389375
1484,2.0,64,1,2,0.823775
1485,0.0,7,1,0,0.82365625
1486,1.0,24,1,1,0.8235375
1487,1.0,75,1,1,0.82341875
1488,0.0,11,1,0,0.8233
1489,1.0,26,1,1,0.82318125
1490,0.0,10,1,0,0.8230625
1491,2.0,103,1,2,0.82294375
1492,1.0,38,1,1,0.822825
1493,3.0,83,0,3,0.82270625
1494,1.0,44,1,1,0.8225875
1495,0.0,8,1,0,0.82246875
1496,2.0,66,1,2,0.82235
1497,1.0,66,1,1,0.82223125
1498,1.0,160,1,1,0.8221125
1499,1.0,92,1,1,0.82199375
1500,3.0,59,0,3,0.821875
1501,1.0,18,1,1,0.82175625
1502,1.0,78,1,1,0.8216375
1503,0.0,10,1,0,0.8215187500000001
1504,1.0,33,1,1,0.8214
1505,0.0,12,1,0,0.82128125
1506,3.0,133,0,3,0.8211625
1507,0.0,13,1,0,0.8210437500000001
1508,0.0,6,1,0,0.820925
1509,1.0,85,1,1,0.82080625
1510,2.0,139,1,2,0.8206875
1511,1.0,48,1,1,0.8205687500000001
1512,0.0,5,1,0,0.82045
1513,1.0,42,1,1,0.82033125
1514,2.0,53,1,2,0.8202125
1515,0.0,35,1,0,0.8200937500000001
1516,0.0,14,1,0,0.819975
1517,1.0,27,1,1,0.81985625
1518,2.0,113,1,2,0.8197375
1519,0.0,5,1,0,0.8196187500000001
1520,0.0,12,1,0,0.8195
1521,0.0,34,1,0,0.8193812500000001
1522,0.0,10,1,0,0.8192625
1523,3.0,158,0,3,0.8191437500000001
1524,0.0,13,1,0,0.819025
1525,0.0,6,1,0,0.8189062500000001
1526,1.0,61,1,1,0.8187875
1527,1.0,131,1,1,0.8186687500000001
1528,0.0,56,1,0,0.81855
1529,1.0,21,1,1,0.81843125
1530,0.0,41,1,0,0.8183125
1531,2.0,69,1,2,0.81819375
1532,3.0,129,0,3,0.818075
1533,2.0,102,1,2,0.81795625
1534,1.0,53,1,1,0.8178375
1535,1.0,63,1,1,0.81771875
1536,0.0,80,1,0,0.8176
1537,1.0,49,1,1,0.81748125
1538,1.0,56,1,1,0.8173625
1539,1.0,37,1,1,0.81724375
1540,0.0,10,1,0,0.817125
1541,0.0,31,1,0,0.81700625
1542,1.0,48,1,1,0.8168875
1543,1.0,48,1,1,0.81676875
1544,3.0,78,0,3,0.81665
1545,0.0,31,1,0,0.81653125
1546,3.0,148,0,3,0.8164125
1547,0.0,11,1,0,0.81629375
1548,1.0,61,1,1,0.816175
1549,0.0,17,1,0,0.81605625
1550,0.0,14,1,0,0.8159375
1551,3.0,104,0,3,0.81581875
1552,0.0,4,1,0,0.8157
1553,1.0,60,1,1,0.81558125
1554,0.0,12,1,0,0.8154625
1555,2.0,109,1,2,0.81534375
1556,0.0,13,1,0,0.815225
1557,1.0,38,1,1,0.81510625
1558,1.0,21,1,1,0.8149875
1559,1.0,154,1,1,0.81486875
1560,1.0,20,1,1,0.81475
1561,0.0,73,1,0,0.81463125
1562,0.0,46,1,0,0.8145125
1563,3.0,113,0,3,0.81439375
1564,1.0,51,1,1,0.814275
1565,1.0,22,1,1,0.81415625
1566,0.0,27,1,0,0.8140375
1567,0.0,26,1,0,0.81391875
1568,3.0,191,0,3,0.8138
1569,1.0,25,1,1,0.81368125
1570,2.0,98,1,2,0.8135625
1571,0.0,9,1,0,0.81344375
1572,1.0,32,1,1,0.813325
1573,2.0,96,1,2,0.81320625
1574,0.0,15,1,0,0.8130875
1575,0.0,12,1,0,0.81296875
1576,1.0,12,1,1,0.81285
1577,3.0,110,0,3,0.81273125
1578,0.0,14,1,0,0.8126125
1579,2.0,113,1,2,0.81249375
1580,1.0,24,1,1,0.8123750000000001
1581,0.0,5,1,0,0.81225625
1582,2.0,137,1,2,0.8121375
1583,0.0,13,1,0,0.81201875
1584,3.0,94,0,3,0.8119000000000001
1585,0.0,21,1,0,0.81178125
1586,0.0,6,1,0,0.8116625
1587,3.0,140,0,3,0.81154375
1588,1.0,18,1,1,0.8114250000000001
1589,0.0,46,1,0,0.81130625
1590,1.0,88,1,1,0.8111875
1591,2.0,116,1,2,0.81106875
1592,0.0,10,1,0,0.8109500000000001
1593,3.0,162,0,3,0.81083125
1594,3.0,96,0,3,0.8107125
1595,0.0,27,1,0,0.81059375
1596,3.0,115,0,3,0.8104750000000001
1597,0.0,9,1,0,0.81035625
1598,0.0,15,1,0,0.8102374999999999
1599,0.0,30,1,0,0.81011875
1600,1.0,17,1,1,0.81
1601,3.0,162,0,3,0.80988125
1602,0.0,11,1,0,0.8097624999999999
1603,1.0,40,1,1,0.80964375
1604,1.0,48,1,1,0.809525
1605,1.0,92,1,1,0.80940625
1606,1.0,27,1,1,0.8092874999999999
1607,0.0,10,1,0,0.80916875
1608,1.0,25,1,1,0.80905
1609,3.0,95,0,3,0.80893125
1610,0.0,6,1,0,0.8088124999999999
1611,1.0,50,1,1,0.80869375
1612,2.0,39,1,2,0.808575
1613,1.0,72,1,1,0.80845625
1614,0.0,22,1,0,0.8083374999999999
1615,0.0,4,1,0,0.80821875
1616,0.0,8,1,0,0.8081
1617,0.0,8,1,0,0.80798125
1618,1.0,78,1,1,0.8078624999999999
1619,0.0,12,1,0,0.80774375
1620,0.0,15,1,0,0.807625
1621,3.0,131,0,3,0.80750625
1622,1.0,51,1,1,0.8073875
1623,0.0,22,1,0,0.80726875
1624,0.0,8,1,0,0.80715
1625,1.0,95,1,1,0.80703125
1626,0.0,12,1,0,0.8069125
1627,0.0,40,1,0,0.80679375
1628,1.0,67,1,1,0.806675
1629,0.0,8,1,0,0.80655625
1630,1.0,90,1,1,0.8064375
1631,1.0,24,1,1,0.80631875
1632,0.0,7,1,0,0.8062
1633,1.0,38,1,1,0.80608125
1634,0.0,6,1,0,0.8059625
1635,1.0,30,1,1,0.80584375
1636,2.0,76,1,2,0.805725
1637,3.0,110,0,3,0.80560625
1638,3.0,73,0,3,0.8054875
1639,0.0,25,1,0,0.80536875
1640,0.0,4,1,0,0.80525
1641,1.0,47,1,1,0.8051312500000001
1642,0.0,44,1,0,0.8050125
1643,2.0,59,1,2,0.80489375
1644,1.0,36,1,1,0.804775
1645,0.0,7,1,0,0.8046562500000001
1646,1.0,111,1,1,0.8045375
1647,1.0,42,1,1,0.80441875
1648,1.0,63,1,1,0.8043
1649,1.0,132,1,1,0.8041812500000001
1650,1.0,97,1,1,0.8040625
1651,1.0,50,1,1,0.80394375
1652,2.0,68,1,2,0.803825
1653,3.0,132,0,3,0.8037062500000001
1654,3.0,72,0,3,0.8035875
1655,3.0,125,0,3,0.80346875
1656,3.0,123,0,3,0.80335
1657,0.0,13,1,0,0.8032312500000001
1658,3.0,83,0,3,0.8031125
1659,0.0,23,1,0,0.80299375
1660,1.0,64,1,1,0.802875
1661,1.0,46,1,1,0.8027562500000001
1662,1.0,60,1,1,0.8026375
1663,3.0,70,0,3,0.80251875
1664,3.0,60,0,3,0.8024
1665,0.0,10,1,0,0.8022812500000001
1666,1.0,92,1,1,0.8021625
1667,0.0,10,1,0,0.8020437499999999
1668,1.0,77,1,1,0.801925
1669,1.0,43,1,1,0.80180625
1670,3.0,83,0,3,0.8016875
1671,0.0,52,1,0,0.8015687499999999
1672,0.0,46,1,0,0.80145
1673,0.0,39,1,0,0.80133125
1674,1.0,37,1,1,0.8012125
1675,3.0,94,0,3,0.8010937499999999
1676,1.0,30,1,1,0.800975
1677,1.0,31,1,1,0.80085625
1678,0.0,12,1,0,0.8007375
1679,0.0,14,1,0,0.8006187499999999
1680,0.0,12,1,0,0.8005
1681,1.0,54,1,1,0.80038125
1682,0.0,16,1,0,0.8002625
1683,0.0,26,1,0,0.80014375
1684,3.0,46,0,3,0.800025
1685,1.0,58,1,1,0.79990625
1686,1.0,37,1,1,0.7997875
1687,1.0,13,1,1,0.79966875
1688,0.0,6,1,0,0.79955
1689,0.0,28,1,0,0.79943125
1690,0.0,12,1,0,0.7993125
1691,1.0,30,1,1,0.79919375
1692,0.0,9,1,0,0.799075
1693,1.0,56,1,1,0.79895625
1694,0.0,8,1,0,0.7988375
1695,3.0,65,0,3,0.79871875
1696,0.0,19,1,0,0.7986
1697,1.0,74,1,1,0.79848125
1698,1.0,125,1,1,0.7983625
1699,3.0,68,0,3,0.79824375
1700,2.0,45,1,2,0.798125
1701,0.0,36,1,0,0.79800625
1702,1.0,55,1,1,0.7978875000000001
1703,1.0,55,1,1,0.79776875
1704,1.0,20,1,1,0.79765
1705,0.0,72,1,0,0.79753125
1706,0.0,27,1,0,0.7974125000000001
1707,1.0,17,1,1,0.79729375
1708,0.0,39,1,0,0.797175
1709,0.0,5,1,0,0.79705625
1710,2.0,93,1,2,0.7969375000000001
1711,1.0,59,1,1,0.79681875
1712,3.0,80,0,3,0.7967
1713,1.0,24,1,1,0.79658125
1714,1.0,27,1,1,0.7964625000000001
1715,1.0,42,1,1,0.79634375
1716,0.0,12,1,0,0.796225
1717,3.0,58,0,3,0.79610625
1718,1.0,43,1,1,0.7959875000000001
1719,0.0,11,1,0,0.79586875
1720,2.0,124,1,2,0.79575
1721,0.0,5,1,0,0.79563125
1722,1.0,25,1,1,0.7955125000000001
1723,1.0,61,1,1,0.79539375
1724,3.0,112,0,3,0.795275
1725,1.0,41,1,1,0.79515625
1726,1.0,48,1,1,0.7950375000000001
1727,0.0,18,1,0,0.79491875
1728,3.0,93,0,3,0.7948
1729,1.0,51,1,1,0.79468125
1730,3.0,61,0,3,0.7945625000000001
1731,0.0,16,1,0,0.79444375
1732,1.0,9,1,1,0.794325
1733,0.0,9,1,0,0.79420625
1734,3.0,63,0,3,0.7940875000000001
1735,1.0,26,1,1,0.79396875
1736,0.0,20,1,0,0.79385
1737,0.0,14,1,0,0.79373125
1738,0.0,4,1,0,0.7936125
1739,3.0,50,0,3,0.79349375
1740,1.0,80,1,1,0.7933749999999999
1741,1.0,27,1,1,0.79325625
1742,1.0,57,1,1,0.7931375
1743,3.0,50,0,3,0.79301875
1744,0.0,23,1,0,0.7929
1745,1.0,85,1,1,0.79278125
1746,3.0,109,0,3,0.7926625
1747,1.0,30,1,1,0.79254375
1748,0.0,59,1,0,0.792425
1749,0.0,10,1,0,0.79230625
1750,2.0,136,1,2,0.7921875
1751,1.0,35,1,1,0.79206875
1752,1.0,28,1,1,0.79195
1753,0.0,19,1,0,0.79183125
1754,1.0,18,1,1,0.7917125
1755,1.0,59,1,1,0.79159375
1756,1.0,52,1,1,0.791475
1757,0.0,13,1,0,0.79135625
1758,0.0,26,1,0,0.7912375
1759,3.0,63,0,3,0.79111875
1760,1.0,56,1,1,0.791
1761,1.0,55,1,1,0.79088125
1762,0.0,23,1,0,0.7907625
1763,0.0,25,1,0,0.7906437500000001
1764,1.0,36,1,1,0.790525
1765,0.0,25,1,0,0.79040625
1766,3.0,110,0,3,0.7902875
1767,3.0,76,0,3,0.7901687500000001
1768,1.0,42,1,1,0.79005
1769,0.0,21,1,0,0.78993125
1770,0.0,14,1,0,0.7898125
1771,1.0,31,1,1,0.7896937500000001
1772,3.0,131,0,3,0.789575
1773,0.0,19,1,0,0.78945625
1774,0.0,21,1,0,0.7893375
1775,0.0,9,1,0,0.7892187500000001
1776,1.0,79,1,1,0.7891
1777,1.0,58,1,1,0.78898125
1778,1.0,63,1,1,0.7888625
1779,0.0,21,1,0,0.7887437500000001
1780,1.0,36,1,1,0.788625
1781,0.0,8,1,0,0.78850625
1782,1.0,107,1,1,0.7883875
1783,1.0,23,1,1,0.7882687500000001
1784,2.0,74,1,2,0.78815
1785,1.0,21,1,1,0.78803125
1786,1.0,33,1,1,0.7879125
1787,1.0,73,1,1,0.7877937500000001
1788,0.0,13,1,0,0.787675
1789,2.0,88,1,2,0.78755625
1790,3.0,65,0,3,0.7874375
1791,3.0,51,0,3,0.7873187500000001
1792,1.0,28,1,1,0.7872
1793,0.0,23,1,0,0.78708125
1794,1.0,31,1,1,0.7869625
1795,1.0,32,1,1,0.7868437500000001
1796,0.0,18,1,0,0.786725
1797,0.0,6,1,0,0.78660625
1798,1.0,31,1,1,0.7864875
1799,0.0,25,1,0,0.7863687500000001
1800,1.0,43,1,1,0.78625
1801,0.0,4,1,0,0.7861312500000001
1802,3.0,97,0,3,0.7860125
1803,1.0,33,1,1,0.7858937500000001
1804,1.0,59,1,1,0.785775
1805,1.0,20,1,1,0.7856562500000001
1806,1.0,18,1,1,0.7855375
1807,1.0,33,1,1,0.78541875
1808,1.0,25,1,1,0.7853
1809,1.0,20,1,1,0.78518125
1810,1.0,34,1,1,0.7850625
1811,0.0,22,1,0,0.78494375
1812,1.0,59,1,1,0.784825
1813,0.0,30,1,0,0.78470625
1814,1.0,29,1,1,0.7845875
1815,0.0,8,1,0,0.78446875
1816,1.0,53,1,1,0.78435
1817,1.0,59,1,1,0.78423125
1818,3.0,87,0,3,0.7841125
1819,1.0,14,1,1,0.78399375
1820,0.0,3,1,0,0.783875
1821,1.0,58,1,1,0.78375625
1822,3.0,69,0,3,0.7836375
1823,0.0,18,1,0,0.78351875
1824,0.0,26,1,0,0.7834
1825,1.0,61,1,1,0.78328125
1826,0.0,6,1,0,0.7831625
1827,1.0,83,1,1,0.78304375
1828,2.0,97,1,2,0.782925
1829,0.0,10,1,0,0.78280625
1830,3.0,79,0,3,0.7826875
1831,1.0,52,1,1,0.78256875
1832,0.0,4,1,0,0.78245
1833,1.0,71,1,1,0.78233125
1834,0.0,10,1,0,0.7822125
1835,1.0,68,1,1,0.78209375
1836,2.0,68,1,2,0.781975
1837,0.0,16,1,0,0.78185625
1838,1.0,67,1,1,0.7817375
1839,1.0,21,1,1,0.78161875
1840,1.0,63,1,1,0.7815
1841,1.0,46,1,1,0.78138125
1842,1.0,35,1,1,0.7812625
1843,0.0,8,1,0,0.78114375
1844,0.0,24,1,0,0.781025
1845,1.0,32,1,1,0.78090625
1846,3.0,83,0,3,0.7807875
1847,1.0,61,1,1,0.78066875
1848,3.0,137,0,3,0.78055
1849,1.0,18,1,1,0.78043125
1850,0.0,6,1,0,0.7803125
1851,1.0,61,1,1,0.78019375
1852,0.0,21,1,0,0.780075
1853,0.0,13,1,0,0.77995625
1854,0.0,19,1,0,0.7798375
1855,1.0,35,1,1,0.77971875
1856,1.0,61,1,1,0.7796
1857,0.0,11,1,0,0.77948125
1858,1.0,28,1,1,0.7793625
1859,2.0,90,1,2,0.77924375
1860,1.0,14,1,1,0.7791250000000001
1861,3.0,67,0,3,0.77900625
1862,1.0,41,1,1,0.7788875
1863,1.0,26,1,1,0.77876875
1864,0.0,24,1,0,0.7786500000000001
1865,3.0,67,0,3,0.77853125
1866,0.0,73,1,0,0.7784125
1867,0.0,38,1,0,0.77829375
1868,1.0,43,1,1,0.7781750000000001
1869,1.0,30,1,1,0.77805625
1870,1.0,67,1,1,0.7779375
1871,1.0,36,1,1,0.77781875
1872,1.0,36,1,1,0.7777000000000001
1873,1.0,101,1,1,0.77758125
1874,0.0,17,1,0,0.7774625
1875,2.0,65,1,2,0.77734375
1876,2.0,83,1,2,0.777225
1877,1.0,15,1,1,0.77710625
1878,3.0,46,0,3,0.7769875
1879,1.0,78,1,1,0.77686875
1880,0.0,18,1,0,0.77675
1881,0.0,10,1,0,0.77663125
1882,1.0,45,1,1,0.7765125
1883,1.0,40,1,1,0.77639375
1884,1.0,33,1,1,0.776275
1885,1.0,137,1,1,0.77615625
1886,1.0,102,1,1,0.7760375
1887,1.0,50,1,1,0.77591875
1888,0.0,4,1,0,0.7758
1889,0.0,78,1,0,0.77568125
1890,1.0,52,1,1,0.7755625
1891,1.0,86,1,1,0.77544375
1892,0.0,28,1,0,0.775325
1893,0.0,17,1,0,0.77520625
1894,2.0,32,1,2,0.7750875
1895,1.0,33,1,1,0.77496875
1896,0.0,12,1,0,0.77485
1897,0.0,4,1,0,0.77473125
1898,1.0,25,1,1,0.7746125
1899,1.0,78,1,1,0.77449375
1900,1.0,63,1,1,0.774375
1901,0.0,17,1,0,0.77425625
1902,1.0,74,1,1,0.7741375
1903,1.0,48,1,1,0.77401875
1904,1.0,38,1,1,0.7739
1905,3.0,131,0,3,0.77378125
1906,3.0,64,0,3,0.7736625
1907,0.0,22,1,0,0.77354375
1908,1.0,46,1,1,0.773425
1909,3.0,58,0,3,0.77330625
1910,1.0,27,1,1,0.7731875
1911,0.0,11,1,0,0.77306875
1912,1.0,38,1,1,0.77295
1913,1.0,27,1,1,0.77283125
1914,2.0,114,1,2,0.7727125
1915,1.0,53,1,1,0.77259375
1916,0.0,16,1,0,0.772475
1917,0.0,13,1,0,0.77235625
1918,3.0,122,0,3,0.7722375
1919,3.0,103,0,3,0.77211875
1920,1.0,40,1,1,0.772
1921,3.0,64,0,3,0.7718812500000001
1922,1.0,34,1,1,0.7717625
1923,0.0,23,1,0,0.77164375
1924,1.0,65,1,1,0.771525
1925,0.0,8,1,0,0.7714062500000001
1926,0.0,21,1,0,0.7712875
1927,1.0,25,1,1,0.77116875
1928,1.0,63,1,1,0.77105
1929,0.0,4,1,0,0.7709312500000001
1930,1.0,57,1,1,0.7708125
1931,0.0,5,1,0,0.77069375
1932,3.0,119,0,3,0.770575
1933,2.0,66,1,2,0.7704562500000001
1934,3.0,59,0,3,0.7703375
1935,0.0,31,1,0,0.77021875
1936,0.0,31,1,0,0.7701
1937,0.0,6,1,0,0.7699812500000001
1938,2.0,43,1,2,0.7698625
1939,3.0,69,0,3,0.76974375
1940,1.0,34,1,1,0.769625
1941,0.0,7,1,0,0.7695062500000001
1942,1.0,18,1,1,0.7693875
1943,1.0,31,1,1,0.76926875
1944,2.0,108,1,2,0.76915
1945,2.0,113,1,2,0.76903125
1946,1.0,28,1,1,0.7689125
1947,1.0,31,1,1,0.7687937499999999
1948,2.0,120,1,2,0.768675
1949,2.0,45,1,2,0.76855625
1950,3.0,95,0,3,0.7684375
1951,2.0,72,1,2,0.7683187499999999
1952,3.0,81,0,3,0.7682
1953,1.0,23,1,1,0.76808125
1954,1.0,12,1,1,0.7679625
1955,0.0,17,1,0,0.7678437499999999
1956,3.0,56,0,3,0.767725
1957,2.0,72,1,2,0.76760625
1958,1.0,58,1,1,0.7674875
1959,3.0,68,0,3,0.7673687499999999
1960,0.0,21,1,0,0.76725
1961,1.0,183,1,1,0.76713125
1962,1.0,96,1,1,0.7670125
1963,2.0,90,1,2,0.76689375
1964,0.0,29,1,0,0.766775
1965,0.0,12,1,0,0.76665625
1966,3.0,80,0,3,0.7665375
1967,1.0,87,1,1,0.76641875
1968,3.0,85,0,3,0.7663
1969,0.0,6,1,0,0.76618125
1970,1.0,39,1,1,0.7660625
1971,1.0,10,1,1,0.76594375
1972,3.0,52,0,3,0.765825
1973,0.0,9,1,0,0.76570625
1974,0.0,10,1,0,0.7655875
1975,3.0,52,0,3,0.76546875
1976,3.0,109,0,3,0.76535
1977,1.0,49,1,1,0.76523125
1978,1.0,108,1,1,0.7651125
1979,1.0,29,1,1,0.76499375
1980,3.0,50,0,3,0.764875
1981,0.0,37,1,0,0.76475625
1982,2.0,73,1,2,0.7646375000000001
1983,3.0,68,0,3,0.76451875
1984,1.0,50,1,1,0.7644
1985,3.0,61,0,3,0.76428125
1986,0.0,16,1,0,0.7641625000000001
1987,0.0,14,1,0,0.76404375
1988,0.0,7,1,0,0.763925
1989,2.0,65,1,2,0.76380625
1990,1.0,29,1,1,0.7636875000000001
1991,1.0,50,1,1,0.76356875
1992,0.0,27,1,0,0.76345
1993,0.0,44,1,0,0.76333125
1994,3.0,150,0,3,0.7632125000000001
1995,1.0,33,1,1,0.76309375
1996,1.0,73,1,1,0.762975
1997,0.0,86,1,0,0.76285625
1998,3.0,60,0,3,0.7627375000000001
1999,0.0,21,1,0,0.76261875
2000,3.0,100,0,3,0.7625
2001,3.0,90,0,3,0.76238125
2002,3.0,80,0,3,0.7622625000000001
2003,3.0,92,0,3,0.76214375
2004,3.0,80,0,3,0.762025
2005,0.0,4,1,0,0.76190625
2006,3.0,55,0,3,0.7617875000000001
2007,1.0,29,1,1,0.76166875
2008,1.0,41,1,1,0.76155
2009,1.0,50,1,1,0.76143125
2010,0.0,21,1,0,0.7613125000000001
2011,1.0,20,1,1,0.76119375
2012,0.0,9,1,0,0.761075
2013,0.0,9,1,0,0.76095625
2014,0.0,22,1,0,0.7608375
2015,1.0,41,1,1,0.76071875
2016,1.0,46,1,1,0.7605999999999999
2017,0.0,37,1,0,0.76048125
2018,0.0,33,1,0,0.7603625
2019,2.0,51,1,2,0.76024375
2020,0.0,25,1,0,0.760125
2021,3.0,42,0,3,0.76000625
2022,3.0,164,0,3,0.7598875
2023,3.0,71,0,3,0.75976875
2024,0.0,20,1,0,0.75965
2025,0.0,11,1,0,0.75953125
2026,1.0,186,1,1,0.7594125
2027,1.0,50,1,1,0.75929375
2028,1.0,31,1,1,0.759175
2029,2.0,82,1,2,0.75905625
2030,2.0,128,1,2,0.7589375
2031,3.0,69,0,3,0.75881875
2032,3.0,92,0,3,0.7587
2033,1.0,51,1,1,0.75858125
2034,1.0,29,1,1,0.7584625
2035,0.0,13,1,0,0.75834375
2036,2.0,55,1,2,0.758225
2037,2.0,77,1,2,0.75810625
2038,1.0,19,1,1,0.7579875
2039,1.0,62,1,1,0.75786875
2040,1.0,69,1,1,0.75775
2041,2.0,52,1,2,0.75763125
2042,2.0,64,1,2,0.7575125
2043,1.0,26,1,1,0.75739375
2044,3.0,102,0,3,0.757275
2045,3.0,98,0,3,0.75715625
2046,0.0,10,1,0,0.7570375
2047,3.0,117,0,3,0.75691875
2048,1.0,47,1,1,0.7568
2049,1.0,39,1,1,0.75668125
2050,1.0,18,1,1,0.7565625
2051,0.0,11,1,0,0.75644375
2052,1.0,57,1,1,0.756325
2053,1.0,27,1,1,0.75620625
2054,1.0,32,1,1,0.7560875
2055,1.0,27,1,1,0.75596875
2056,0.0,6,1,0,0.75585
2057,0.0,16,1,0,0.75573125
2058,1.0,31,1,1,0.7556125
2059,1.0,51,1,1,0.75549375
2060,1.0,69,1,1,0.755375
2061,3.0,52,0,3,0.75525625
2062,3.0,96,0,3,0.7551375
2063,1.0,38,1,1,0.75501875
2064,1.0,27,1,1,0.7549
2065,1.0,81,1,1,0.75478125
2066,0.0,9,1,0,0.7546625
2067,1.0,20,1,1,0.75454375
2068,3.0,65,0,3,0.754425
2069,1.0,73,1,1,0.75430625
2070,0.0,5,1,0,0.7541875
2071,0.0,17,1,0,0.75406875
2072,0.0,14,1,0,0.75395
2073,2.0,104,1,2,0.75383125
2074,1.0,27,1,1,0.7537125
2075,3.0,113,0,3,0.75359375
2076,0.0,85,1,0,0.753475
2077,2.0,128,1,2,0.75335625
2078,1.0,44,1,1,0.7532375
2079,2.0,72,1,2,0.7531187500000001
2080,1.0,51,1,1,0.753
2081,1.0,35,1,1,0.7528812500000001
2082,3.0,54,0,3,0.7527625
2083,1.0,54,1,1,0.7526437500000001
2084,3.0,44,0,3,0.752525
2085,1.0,49,1,1,0.75240625
2086,0.0,11,1,0,0.7522875
2087,1.0,38,1,1,0.75216875
2088,0.0,7,1,0,0.75205
2089,3.0,41,0,3,0.75193125
2090,1.0,33,1,1,0.7518125
2091,0.0,30,1,0,0.75169375
2092,0.0,39,1,0,0.751575
2093,3.0,78,0,3,0.75145625
2094,1.0,69,1,1,0.7513375
2095,1.0,36,1,1,0.75121875
2096,1.0,15,1,1,0.7511
2097,1.0,31,1,1,0.75098125
2098,1.0,27,1,1,0.7508625
2099,0.0,30,1,0,0.75074375
2100,0.0,8,1,0,0.750625
2101,3.0,89,0,3,0.75050625
2102,1.0,20,1,1,0.7503875
2103,3.0,65,0,3,0.75026875
2104,0.0,33,1,0,0.75015
2105,1.0,42,1,1,0.75003125
2106,1.0,27,1,1,0.7499125
2107,1.0,51,1,1,0.74979375
2108,1.0,50,1,1,0.749675
2109,0.0,9,1,0,0.74955625
2110,1.0,52,1,1,0.7494375
2111,3.0,32,0,3,0.74931875
2112,2.0,95,1,2,0.7492
2113,0.0,16,1,0,0.74908125
2114,1.0,36,1,1,0.7489625
2115,1.0,9,1,1,0.74884375
2116,1.0,30,1,1,0.748725
2117,0.0,26,1,0,0.74860625
2118,0.0,9,1,0,0.7484875
2119,1.0,46,1,1,0.74836875
2120,1.0,22,1,1,0.7482500000000001
2121,1.0,48,1,1,0.74813125
2122,1.0,47,1,1,0.7480125
2123,1.0,34,1,1,0.74789375
2124,0.0,18,1,0,0.7477750000000001
2125,1.0,27,1,1,0.74765625
2126,0.0,20,1,0,0.7475375
2127,0.0,4,1,0,0.74741875
2128,3.0,85,0,3,0.7473000000000001
2129,0.0,7,1,0,0.74718125
2130,1.0,42,1,1,0.7470625
2131,1.0,28,1,1,0.74694375
2132,3.0,113,0,3,0.7468250000000001
2133,0.0,26,1,0,0.74670625
2134,1.0,74,1,1,0.7465875
2135,2.0,109,1,2,0.74646875
2136,1.0,22,1,1,0.7463500000000001
2137,0.0,7,1,0,0.74623125
2138,2.0,72,1,2,0.7461125
2139,1.0,17,1,1,0.74599375
2140,3.0,94,0,3,0.7458750000000001
2141,1.0,39,1,1,0.74575625
2142,3.0,84,0,3,0.7456375
2143,2.0,74,1,2,0.74551875
2144,0.0,8,1,0,0.7454000000000001
2145,3.0,63,0,3,0.74528125
2146,0.0,6,1,0,0.7451625
2147,0.0,29,1,0,0.74504375
2148,1.0,39,1,1,0.7449250000000001
2149,3.0,82,0,3,0.74480625
2150,0.0,18,1,0,0.7446875
2151,2.0,48,1,2,0.74456875
2152,1.0,33,1,1,0.7444500000000001
2153,3.0,118,0,3,0.74433125
2154,2.0,110,1,2,0.7442124999999999
2155,1.0,30,1,1,0.74409375
2156,3.0,56,0,3,0.743975
2157,0.0,7,1,0,0.74385625
2158,0.0,10,1,0,0.7437374999999999
2159,0.0,34,1,0,0.74361875
2160,3.0,49,0,3,0.7435
2161,0.0,8,1,0,0.74338125
2162,3.0,45,0,3,0.7432625
2163,1.0,28,1,1,0.74314375
2164,1.0,41,1,1,0.743025
2165,1.0,32,1,1,0.74290625
2166,0.0,8,1,0,0.7427875
2167,1.0,32,1,1,0.74266875
2168,0.0,7,1,0,0.74255
2169,3.0,93,0,3,0.74243125
2170,3.0,73,0,3,0.7423125
2171,2.0,81,1,2,0.74219375
2172,0.0,5,1,0,0.742075
2173,1.0,56,1,1,0.74195625
2174,0.0,4,1,0,0.7418375
2175,0.0,34,1,0,0.74171875
2176,0.0,35,1,0,0.7416
2177,2.0,47,1,2,0.74148125
2178,3.0,82,0,3,0.7413625
2179,1.0,31,1,1,0.74124375
2180,3.0,95,0,3,0.741125
2181,1.0,46,1,1,0.7410062500000001
2182,0.0,9,1,0,0.7408875
2183,0.0,5,1,0,0.74076875
2184,2.0,40,1,2,0.74065
2185,2.0,63,1,2,0.7405312500000001
2186,1.0,76,1,1,0.7404125
2187,0.0,36,1,0,0.74029375
2188,1.0,45,1,1,0.740175
2189,3.0,122,0,3,0.7400562500000001
2190,1.0,31,1,1,0.7399375
2191,3.0,53,0,3,0.73981875
2192,1.0,23,1,1,0.7397
2193,0.0,6,1,0,0.7395812500000001
2194,0.0,29,1,0,0.7394625
2195,2.0,122,1,2,0.73934375
2196,1.0,54,1,1,0.739225
2197,3.0,44,0,3,0.7391062500000001
2198,2.0,58,1,2,0.7389875
2199,3.0,61,0,3,0.73886875
2200,1.0,27,1,1,0.73875
2201,1.0,34,1,1,0.7386312500000001
2202,3.0,83,0,3,0.7385125
2203,0.0,14,1,0,0.73839375
2204,0.0,6,1,0,0.738275
2205,1.0,57,1,1,0.7381562500000001
2206,1.0,29,1,1,0.7380375
2207,0.0,7,1,0,0.73791875
2208,3.0,95,0,3,0.7378
2209,2.0,67,1,2,0.7376812500000001
2210,0.0,6,1,0,0.7375625
2211,1.0,129,1,1,0.73744375
2212,3.0,148,0,3,0.737325
2213,3.0,54,0,3,0.7372062500000001
2214,0.0,14,1,0,0.7370875
2215,0.0,52,1,0,0.73696875
2216,0.0,7,1,0,0.73685
2217,3.0,67,0,3,0.7367312500000001
2218,0.0,12,1,0,0.7366125
2219,1.0,25,1,1,0.73649375
2220,0.0,8,1,0,0.736375
2221,0.0,21,1,0,0.7362562500000001
2222,0.0,35,1,0,0.7361375
2223,0.0,5,1,0,0.73601875
2224,0.0,29,1,0,0.7359
2225,2.0,49,1,2,0.73578125
2226,0.0,8,1,0,0.7356625
2227,3.0,71,0,3,0.73554375
2228,3.0,83,0,3,0.735425
2229,2.0,40,1,2,0.73530625
2230,1.0,48,1,1,0.7351875
2231,1.0,62,1,1,0.73506875
2232,0.0,40,1,0,0.73495
2233,0.0,23,1,0,0.73483125
2234,2.0,122,1,2,0.7347125
2235,1.0,71,1,1,0.73459375
2236,2.0,89,1,2,0.734475
2237,1.0,106,1,1,0.73435625
2238,2.0,46,1,2,0.7342375
2239,0.0,12,1,0,0.73411875
2240,0.0,14,1,0,0.734
2241,0.0,9,1,0,0.73388125
2242,1.0,58,1,1,0.7337625000000001
2243,3.0,64,0,3,0.73364375
2244,1.0,23,1,1,0.733525
2245,3.0,63,0,3,0.73340625
2246,3.0,80,0,3,0.7332875000000001
2247,3.0,49,0,3,0.73316875
2248,1.0,34,1,1,0.73305
2249,3.0,99,0,3,0.73293125
2250,1.0,37,1,1,0.7328125000000001
2251,2.0,48,1,2,0.73269375
2252,3.0,47,0,3,0.732575
2253,1.0,15,1,1,0.73245625
2254,0.0,32,1,0,0.7323375000000001
2255,1.0,37,1,1,0.73221875
2256,1.0,42,1,1,0.7321
2257,1.0,56,1,1,0.73198125
2258,0.0,7,1,0,0.7318625000000001
2259,1.0,18,1,1,0.73174375
2260,0.0,13,1,0,0.731625
2261,0.0,10,1,0,0.73150625
2262,0.0,14,1,0,0.7313875000000001
2263,0.0,3,1,0,0.73126875
2264,0.0,8,1,0,0.73115
2265,0.0,10,1,0,0.73103125
2266,1.0,37,1,1,0.7309125000000001
2267,1.0,17,1,1,0.73079375
2268,0.0,29,1,0,0.730675
2269,3.0,49,0,3,0.73055625
2270,0.0,12,1,0,0.7304375000000001
2271,0.0,26,1,0,0.73031875
2272,0.0,21,1,0,0.7302
2273,0.0,95,1,0,0.73008125
2274,1.0,22,1,1,0.7299625000000001
2275,3.0,102,0,3,0.72984375
2276,3.0,84,0,3,0.729725
2277,0.0,7,1,0,0.72960625
2278,3.0,69,0,3,0.7294875000000001
2279,0.0,11,1,0,0.72936875
2280,0.0,16,1,0,0.72925
2281,1.0,33,1,1,0.72913125
2282,3.0,63,0,3,0.7290125000000001
2283,1.0,50,1,1,0.72889375
2284,0.0,8,1,0,0.7287750000000001
2285,0.0,22,1,0,0.72865625
2286,0.0,16,1,0,0.7285375000000001
2287,1.0,24,1,1,0.72841875
2288,1.0,88,1,1,0.7283000000000001
2289,1.0,36,1,1,0.72818125
2290,1.0,35,1,1,0.7280625000000001
2291,2.0,61,1,2,0.72794375
2292,3.0,75,0,3,0.727825
2293,1.0,34,1,1,0.72770625
2294,1.0,96,1,1,0.7275875
2295,1.0,48,1,1,0.72746875
2296,1.0,56,1,1,0.72735
2297,1.0,46,1,1,0.72723125
2298,3.0,80,0,3,0.7271125
2299,3.0,100,0,3,0.72699375
2300,0.0,22,1,0,0.726875
2301,1.0,43,1,1,0.72675625
2302,3.0,34,0,3,0.7266375
2303,3.0,100,0,3,0.7265187500000001
2304,0.0,6,1,0,0.7264
2305,1.0,24,1,1,0.72628125
2306,1.0,20,1,1,0.7261625
2307,0.0,26,1,0,0.7260437500000001
2308,1.0,37,1,1,0.725925
2309,0.0,5,1,0,0.72580625
2310,3.0,65,0,3,0.7256875
2311,0.0,13,1,0,0.7255687500000001
2312,1.0,64,1,1,0.72545
2313,0.0,25,1,0,0.72533125
2314,1.0,58,1,1,0.7252125
2315,1.0,42,1,1,0.7250937500000001
2316,0.0,10,1,0,0.724975
2317,1.0,48,1,1,0.72485625
2318,0.0,13,1,0,0.7247375
2319,2.0,58,1,2,0.7246187500000001
2320,3.0,96,0,3,0.7245
2321,1.0,85,1,1,0.72438125
2322,1.0,16,1,1,0.7242625
2323,3.0,106,0,3,0.7241437500000001
2324,1.0,29,1,1,0.724025
2325,2.0,88,1,2,0.72390625
2326,3.0,78,0,3,0.7237875
2327,0.0,17,1,0,0.7236687500000001
2328,0.0,6,1,0,0.72355
2329,1.0,77,1,1,0.72343125
2330,1.0,46,1,1,0.7233125
2331,1.0,20,1,1,0.7231937500000001
2332,0.0,23,1,0,0.723075
2333,3.0,51,0,3,0.72295625
2334,3.0,91,0,3,0.7228375
2335,1.0,31,1,1,0.7227187500000001
2336,0.0,3,1,0,0.7226
2337,0.0,6,1,0,0.72248125
2338,0.0,7,1,0,0.7223625
2339,1.0,35,1,1,0.7222437500000001
2340,3.0,116,0,3,0.722125
2341,2.0,59,1,2,0.72200625
2342,1.0,33,1,1,0.7218875
2343,1.0,50,1,1,0.7217687500000001
2344,1.0,22,1,1,0.72165
2345,3.0,119,0,3,0.72153125
2346,0.0,32,1,0,0.7214125
2347,3.0,46,0,3,0.7212937500000001
2348,1.0,59,1,1,0.721175
2349,3.0,74,0,3,0.72105625
2350,0.0,4,1,0,0.7209375
2351,1.0,22,1,1,0.7208187500000001
2352,1.0,28,1,1,0.7207
2353,1.0,13,1,1,0.72058125
2354,0.0,14,1,0,0.7204625
2355,1.0,30,1,1,0.7203437500000001
2356,1.0,38,1,1,0.720225
2357,0.0,14,1,0,0.72010625
2358,1.0,35,1,1,0.7199875
2359,1.0,26,1,1,0.7198687500000001
2360,0.0,45,1,0,0.71975
2361,3.0,75,0,3,0.71963125
2362,3.0,58,0,3,0.7195125
2363,1.0,33,1,1,0.71939375
2364,1.0,41,1,1,0.7192750000000001
2365,1.0,33,1,1,0.7191562499999999
2366,1.0,73,1,1,0.7190375
2367,0.0,11,1,0,0.71891875
2368,1.0,31,1,1,0.7188000000000001
2369,0.0,12,1,0,0.7186812499999999
2370,0.0,4,1,0,0.7185625
2371,0.0,11,1,0,0.71844375
2372,1.0,27,1,1,0.7183250000000001
2373,1.0,32,1,1,0.7182062499999999
2374,1.0,39,1,1,0.7180875
2375,3.0,91,0,3,0.71796875
2376,3.0,64,0,3,0.7178500000000001
2377,1.0,59,1,1,0.71773125
2378,1.0,80,1,1,0.7176125
2379,1.0,29,1,1,0.71749375
2380,3.0,43,0,3,0.7173750000000001
2381,1.0,25,1,1,0.71725625
2382,1.0,39,1,1,0.7171375
2383,0.0,25,1,0,0.71701875
2384,2.0,35,1,2,0.7169000000000001
2385,3.0,67,0,3,0.71678125
2386,1.0,51,1,1,0.7166625
2387,2.0,131,1,2,0.71654375
2388,3.0,56,0,3,0.7164250000000001
2389,2.0,93,1,2,0.71630625
2390,0.0,41,1,0,0.7161875
2391,3.0,74,0,3,0.71606875
2392,3.0,39,0,3,0.7159500000000001
2393,3.0,45,0,3,0.71583125
2394,1.0,64,1,1,0.7157125
2395,3.0,114,0,3,0.71559375
2396,1.0,29,1,1,0.7154750000000001
2397,2.0,99,1,2,0.71535625
2398,1.0,36,1,1,0.7152375
2399,0.0,18,1,0,0.71511875
2400,0.0,13,1,0,0.7150000000000001
2401,3.0,69,0,3,0.71488125
2402,3.0,113,0,3,0.7147625
2403,0.0,40,1,0,0.71464375
2404,3.0,85,0,3,0.7145250000000001
2405,1.0,37,1,1,0.71440625
2406,0.0,54,1,0,0.7142875
2407,0.0,9,1,0,0.71416875
2408,2.0,68,1,2,0.7140500000000001
2409,2.0,55,1,2,0.71393125
2410,0.0,27,1,0,0.7138125
2411,1.0,19,1,1,0.71369375
2412,3.0,100,0,3,0.7135750000000001
2413,2.0,60,1,2,0.71345625
2414,1.0,68,1,1,0.7133375
2415,0.0,8,1,0,0.71321875
2416,3.0,60,0,3,0.7131000000000001
2417,0.0,14,1,0,0.71298125
2418,3.0,61,0,3,0.7128625
2419,1.0,62,1,1,0.71274375
2420,0.0,5,1,0,0.7126250000000001
2421,0.0,19,1,0,0.71250625
2422,0.0,10,1,0,0.7123875
2423,1.0,36,1,1,0.71226875
2424,0.0,16,1,0,0.7121500000000001
2425,1.0,47,1,1,0.7120312500000001
2426,0.0,13,1,0,0.7119125
2427,3.0,71,0,3,0.71179375
2428,0.0,6,1,0,0.7116750000000001
2429,3.0,89,0,3,0.7115562500000001
2430,1.0,20,1,1,0.7114375
2431,3.0,110,0,3,0.71131875
2432,2.0,44,1,2,0.7112
2433,1.0,67,1,1,0.7110812500000001
2434,0.0,8,1,0,0.7109624999999999
2435,0.0,18,1,0,0.71084375
2436,1.0,36,1,1,0.710725
2437,1.0,48,1,1,0.7106062500000001
2438,0.0,39,1,0,0.7104874999999999
2439,1.0,35,1,1,0.71036875
2440,1.0,62,1,1,0.71025
2441,0.0,8,1,0,0.7101312500000001
2442,3.0,108,0,3,0.7100124999999999
2443,2.0,76,1,2,0.70989375
2444,2.0,90,1,2,0.709775
2445,1.0,17,1,1,0.7096562500000001
2446,3.0,40,0,3,0.7095374999999999
2447,0.0,16,1,0,0.70941875
2448,0.0,15,1,0,0.7093
2449,0.0,14,1,0,0.7091812500000001
2450,1.0,19,1,1,0.7090624999999999
2451,1.0,34,1,1,0.70894375
2452,3.0,40,0,3,0.708825
2453,1.0,30,1,1,0.7087062500000001
2454,0.0,17,1,0,0.7085874999999999
2455,0.0,12,1,0,0.70846875
2456,1.0,67,1,1,0.70835
2457,3.0,31,0,3,0.7082312500000001
2458,1.0,31,1,1,0.7081124999999999
2459,1.0,34,1,1,0.70799375
2460,1.0,41,1,1,0.707875
2461,0.0,14,1,0,0.7077562500000001
2462,3.0,103,0,3,0.7076374999999999
2463,1.0,83,1,1,0.70751875
2464,2.0,53,1,2,0.7074
2465,0.0,7,1,0,0.7072812500000001
2466,2.0,112,1,2,0.7071624999999999
2467,1.0,22,1,1,0.70704375
2468,2.0,82,1,2,0.706925
2469,0.0,8,1,0,0.7068062500000001
2470,2.0,67,1,2,0.7066874999999999
2471,1.0,77,1,1,0.70656875
2472,3.0,62,0,3,0.70645
2473,1.0,36,1,1,0.7063312500000001
2474,3.0,78,0,3,0.7062124999999999
2475,1.0,56,1,1,0.70609375
2476,3.0,49,0,3,0.705975
2477,2.0,73,1,2,0.7058562500000001
2478,1.0,32,1,1,0.7057374999999999
2479,0.0,10,1,0,0.70561875
2480,1.0,29,1,1,0.7055
2481,0.0,23,1,0,0.7053812500000001
2482,3.0,128,0,3,0.7052625
2483,1.0,27,1,1,0.70514375
2484,1.0,16,1,1,0.705025
2485,1.0,16,1,1,0.7049062500000001
2486,1.0,18,1,1,0.7047875
2487,2.0,91,1,2,0.70466875
2488,3.0,69,0,3,0.70455
2489,1.0,113,1,1,0.7044312500000001
2490,3.0,115,0,3,0.7043125
2491,0.0,20,1,0,0.70419375
2492,1.0,28,1,1,0.704075
2493,0.0,11,1,0,0.7039562500000001
2494,3.0,78,0,3,0.7038375
2495,0.0,9,1,0,0.70371875
2496,0.0,3,1,0,0.7036
2497,3.0,121,0,3,0.7034812500000001
2498,0.0,5,1,0,0.7033625
2499,1.0,16,1,1,0.70324375
2500,1.0,43,1,1,0.703125
2501,3.0,115,0,3,0.70300625
2502,1.0,25,1,1,0.7028875000000001
2503,3.0,115,0,3,0.7027687499999999
2504,1.0,22,1,1,0.70265
2505,1.0,17,1,1,0.70253125
2506,0.0,8,1,0,0.7024125000000001
2507,1.0,61,1,1,0.7022937499999999
2508,3.0,65,0,3,0.702175
2509,1.0,19,1,1,0.70205625
2510,2.0,74,1,2,0.7019375000000001
2511,3.0,81,0,3,0.7018187499999999
2512,0.0,27,1,0,0.7017
2513,1.0,37,1,1,0.70158125
2514,1.0,19,1,1,0.7014625000000001
2515,1.0,32,1,1,0.7013437499999999
2516,0.0,13,1,0,0.701225
2517,0.0,6,1,0,0.70110625
2518,1.0,73,1,1,0.7009875000000001
2519,0.0,10,1,0,0.7008687499999999
2520,3.0,86,0,3,0.70075
2521,2.0,67,1,2,0.70063125
2522,3.0,56,0,3,0.7005125000000001
2523,1.0,26,1,1,0.7003937499999999
2524,0.0,47,1,0,0.700275
2525,1.0,35,1,1,0.70015625
2526,0.0,9,1,0,0.7000375000000001
2527,3.0,43,0,3,0.6999187499999999
2528,0.0,25,1,0,0.6998
2529,1.0,37,1,1,0.69968125
2530,3.0,70,0,3,0.6995625000000001
2531,1.0,29,1,1,0.6994437499999999
2532,3.0,53,0,3,0.699325
2533,2.0,63,1,2,0.69920625
2534,0.0,25,1,0,0.6990875000000001
2535,3.0,63,0,3,0.6989687499999999
2536,1.0,32,1,1,0.69885
2537,1.0,32,1,1,0.69873125
2538,1.0,25,1,1,0.6986125000000001
2539,0.0,16,1,0,0.69849375
2540,3.0,52,0,3,0.698375
2541,1.0,27,1,1,0.69825625
2542,1.0,77,1,1,0.6981375000000001
2543,0.0,9,1,0,0.69801875
2544,1.0,42,1,1,0.6979
2545,1.0,54,1,1,0.69778125
2546,3.0,42,0,3,0.6976625000000001
2547,1.0,53,1,1,0.69754375
2548,2.0,49,1,2,0.697425
2549,0.0,21,1,0,0.69730625
2550,1.0,46,1,1,0.6971875000000001
2551,0.0,4,1,0,0.69706875
2552,2.0,94,1,2,0.69695
2553,1.0,29,1,1,0.69683125
2554,0.0,14,1,0,0.6967125000000001
2555,3.0,50,0,3,0.69659375
2556,1.0,105,1,1,0.696475
2557,1.0,29,1,1,0.69635625
2558,3.0,47,0,3,0.6962375000000001
2559,1.0,27,1,1,0.69611875
2560,0.0,18,1,0,0.696
2561,3.0,75,0,3,0.69588125
2562,3.0,78,0,3,0.6957625000000001
2563,1.0,46,1,1,0.69564375
2564,0.0,11,1,0,0.695525
2565,1.0,14,1,1,0.69540625
2566,1.0,70,1,1,0.6952875000000001
2567,1.0,41,1,1,0.69516875
2568,3.0,65,0,3,0.69505
2569,0.0,11,1,0,0.69493125
2570,0.0,13,1,0,0.6948125
2571,0.0,13,1,0,0.69469375
2572,0.0,12,1,0,0.6945749999999999
2573,0.0,12,1,0,0.69445625
2574,3.0,74,0,3,0.6943375
2575,3.0,79,0,3,0.69421875
2576,3.0,44,0,3,0.6940999999999999
2577,1.0,59,1,1,0.69398125
2578,3.0,81,0,3,0.6938625
2579,0.0,3,1,0,0.69374375
2580,1.0,33,1,1,0.6936249999999999
2581,1.0,68,1,1,0.69350625
2582,2.0,60,1,2,0.6933875
2583,0.0,34,1,0,0.69326875
2584,1.0,36,1,1,0.6931499999999999
2585,2.0,29,1,2,0.69303125
2586,1.0,21,1,1,0.6929125
2587,1.0,40,1,1,0.69279375
2588,3.0,77,0,3,0.6926749999999999
2589,1.0,38,1,1,0.69255625
2590,3.0,86,0,3,0.6924375
2591,3.0,50,0,3,0.69231875
2592,3.0,56,0,3,0.6921999999999999
2593,0.0,14,1,0,0.69208125
2594,0.0,51,1,0,0.6919625
2595,0.0,11,1,0,0.69184375
2596,0.0,23,1,0,0.6917249999999999
2597,0.0,17,1,0,0.69160625
2598,3.0,94,0,3,0.6914875
2599,0.0,4,1,0,0.69136875
2600,1.0,30,1,1,0.69125
2601,3.0,33,0,3,0.69113125
2602,0.0,23,1,0,0.6910125
2603,3.0,56,0,3,0.69089375
2604,3.0,73,0,3,0.690775
2605,1.0,37,1,1,0.69065625
2606,3.0,46,0,3,0.6905375
2607,1.0,34,1,1,0.69041875
2608,0.0,17,1,0,0.6903
2609,1.0,37,1,1,0.69018125
2610,1.0,44,1,1,0.6900625
2611,1.0,48,1,1,0.68994375
2612,1.0,45,1,1,0.689825
2613,0.0,21,1,0,0.68970625
2614,3.0,46,0,3,0.6895875
2615,3.0,85,0,3,0.68946875
2616,0.0,8,1,0,0.68935
2617,1.0,39,1,1,0.68923125
2618,2.0,55,1,2,0.6891125
2619,1.0,38,1,1,0.6889937500000001
2620,0.0,20,1,0,0.688875
2621,3.0,54,0,3,0.68875625
2622,1.0,31,1,1,0.6886375
2623,2.0,35,1,2,0.6885187500000001
2624,3.0,43,0,3,0.6884
2625,2.0,63,1,2,0.68828125
2626,3.0,54,0,3,0.6881625
2627,3.0,31,0,3,0.6880437500000001
2628,1.0,22,1,1,0.687925
2629,1.0,52,1,1,0.68780625
2630,1.0,65,1,1,0.6876875
2631,3.0,33,0,3,0.6875687500000001
2632,1.0,15,1,1,0.68745
2633,3.0,55,0,3,0.68733125
2634,3.0,67,0,3,0.6872125
2635,2.0,62,1,2,0.6870937500000001
2636,1.0,30,1,1,0.686975
2637,0.0,9,1,0,0.68685625
2638,3.0,59,0,3,0.6867375
2639,1.0,36,1,1,0.68661875
2640,1.0,35,1,1,0.6865
2641,0.0,7,1,0,0.6863812499999999
2642,0.0,10,1,0,0.6862625
2643,1.0,35,1,1,0.68614375
2644,1.0,45,1,1,0.686025
2645,1.0,48,1,1,0.6859062499999999
2646,1.0,37,1,1,0.6857875
2647,1.0,57,1,1,0.68566875
2648,1.0,12,1,1,0.68555
2649,1.0,40,1,1,0.6854312499999999
2650,3.0,43,0,3,0.6853125
2651,1.0,20,1,1,0.68519375
2652,3.0,46,0,3,0.685075
2653,3.0,75,0,3,0.6849562499999999
2654,3.0,53,0,3,0.6848375
2655,1.0,22,1,1,0.68471875
2656,3.0,51,0,3,0.6846
2657,2.0,53,1,2,0.6844812499999999
2658,2.0,42,1,2,0.6843625
2659,1.0,34,1,1,0.68424375
2660,2.0,93,1,2,0.684125
2661,0.0,25,1,0,0.68400625
2662,1.0,29,1,1,0.6838875
2663,1.0,64,1,1,0.68376875
2664,1.0,15,1,1,0.68365
2665,2.0,72,1,2,0.68353125
2666,0.0,12,1,0,0.6834125
2667,3.0,38,0,3,0.68329375
2668,0.0,22,1,0,0.683175
2669,3.0,79,0,3,0.68305625
2670,3.0,63,0,3,0.6829375
2671,0.0,10,1,0,0.68281875
2672,0.0,5,1,0,0.6827
2673,3.0,111,0,3,0.68258125
2674,0.0,7,1,0,0.6824625
2675,0.0,6,1,0,0.68234375
2676,3.0,35,0,3,0.682225
2677,1.0,47,1,1,0.68210625
2678,0.0,6,1,0,0.6819875
2679,1.0,21,1,1,0.68186875
2680,0.0,17,1,0,0.6817500000000001
2681,1.0,46,1,1,0.68163125
2682,3.0,46,0,3,0.6815125
2683,1.0,49,1,1,0.68139375
2684,1.0,42,1,1,0.6812750000000001
2685,0.0,14,1,0,0.68115625
2686,3.0,49,0,3,0.6810375
2687,1.0,27,1,1,0.68091875
2688,3.0,82,0,3,0.6808000000000001
2689,0.0,28,1,0,0.68068125
2690,1.0,56,1,1,0.6805625
2691,1.0,37,1,1,0.68044375
2692,1.0,37,1,1,0.6803250000000001
2693,1.0,27,1,1,0.68020625
2694,1.0,42,1,1,0.6800875
2695,1.0,30,1,1,0.67996875
2696,0.0,20,1,0,0.6798500000000001
2697,0.0,7,1,0,0.67973125
2698,1.0,52,1,1,0.6796125
2699,3.0,52,0,3,0.67949375
2700,3.0,72,0,3,0.6793750000000001
2701,1.0,18,1,1,0.67925625
2702,1.0,30,1,1,0.6791375
2703,2.0,62,1,2,0.67901875
2704,0.0,18,1,0,0.6789000000000001
2705,3.0,76,0,3,0.67878125
2706,3.0,57,0,3,0.6786625
2707,3.0,78,0,3,0.67854375
2708,3.0,70,0,3,0.6784250000000001
2709,3.0,55,0,3,0.67830625
2710,2.0,38,1,2,0.6781874999999999
2711,1.0,37,1,1,0.67806875
2712,3.0,79,0,3,0.67795
2713,0.0,18,1,0,0.67783125
2714,1.0,47,1,1,0.6777124999999999
2715,3.0,37,0,3,0.67759375
2716,0.0,15,1,0,0.677475
2717,3.0,64,0,3,0.67735625
2718,0.0,17,1,0,0.6772374999999999
2719,0.0,15,1,0,0.67711875
2720,2.0,48,1,2,0.677
2721,3.0,46,0,3,0.67688125
2722,1.0,12,1,1,0.6767625
2723,3.0,62,0,3,0.67664375
2724,1.0,35,1,1,0.676525
2725,3.0,44,0,3,0.67640625
2726,3.0,103,0,3,0.6762875
2727,1.0,38,1,1,0.67616875
2728,1.0,76,1,1,0.67605
2729,3.0,66,0,3,0.67593125
2730,2.0,41,1,2,0.6758125
2731,1.0,65,1,1,0.67569375
2732,0.0,5,1,0,0.675575
2733,0.0,10,1,0,0.67545625
2734,3.0,48,0,3,0.6753375
2735,0.0,6,1,0,0.67521875
2736,3.0,66,0,3,0.6751
2737,1.0,77,1,1,0.67498125
2738,0.0,31,1,0,0.6748625
2739,2.0,53,1,2,0.67474375
2740,3.0,59,0,3,0.674625
2741,1.0,26,1,1,0.6745062500000001
2742,0.0,15,1,0,0.6743875
2743,1.0,37,1,1,0.67426875
2744,1.0,26,1,1,0.67415
2745,1.0,26,1,1,0.6740312500000001
2746,1.0,32,1,1,0.6739125
2747,0.0,11,1,0,0.67379375
2748,0.0,10,1,0,0.673675
2749,3.0,56,0,3,0.6735562500000001
2750,3.0,67,0,3,0.6734375
2751,3.0,70,0,3,0.67331875
2752,3.0,42,0,3,0.6732
2753,1.0,39,1,1,0.6730812500000001
2754,3.0,58,0,3,0.6729625
2755,3.0,83,0,3,0.67284375
2756,3.0,39,0,3,0.672725
2757,1.0,37,1,1,0.6726062500000001
2758,3.0,60,0,3,0.6724875
2759,1.0,86,1,1,0.67236875
2760,3.0,38,0,3,0.67225
2761,2.0,67,1,2,0.6721312500000001
2762,3.0,39,0,3,0.6720125
2763,1.0,22,1,1,0.67189375
2764,3.0,85,0,3,0.671775
2765,0.0,9,1,0,0.6716562500000001
2766,0.0,30,1,0,0.6715375
2767,1.0,29,1,1,0.67141875
2768,0.0,9,1,0,0.6713
2769,1.0,23,1,1,0.6711812500000001
2770,1.0,39,1,1,0.6710625
2771,0.0,16,1,0,0.67094375
2772,3.0,107,0,3,0.670825
2773,1.0,33,1,1,0.6707062500000001
2774,3.0,62,0,3,0.6705875
2775,1.0,26,1,1,0.67046875
2776,0.0,7,1,0,0.67035
2777,1.0,16,1,1,0.6702312500000001
2778,1.0,54,1,1,0.6701125
2779,1.0,37,1,1,0.6699937499999999
2780,1.0,32,1,1,0.669875
2781,1.0,78,1,1,0.66975625
2782,0.0,15,1,0,0.6696375
2783,0.0,12,1,0,0.66951875
2784,3.0,37,0,3,0.6694
2785,3.0,55,0,3,0.66928125
2786,1.0,22,1,1,0.6691625
2787,3.0,59,0,3,0.66904375
2788,1.0,27,1,1,0.668925
2789,0.0,24,1,0,0.66880625
2790,1.0,22,1,1,0.6686875
2791,0.0,4,1,0,0.66856875
2792,3.0,104,0,3,0.66845
2793,0.0,8,1,0,0.66833125
2794,0.0,7,1,0,0.6682125
2795,3.0,34,0,3,0.66809375
2796,1.0,18,1,1,0.667975
2797,2.0,52,1,2,0.66785625
2798,0.0,12,1,0,0.6677375
2799,0.0,41,1,0,0.66761875
2800,1.0,76,1,1,0.6675
2801,3.0,48,0,3,0.66738125
2802,0.0,12,1,0,0.6672625000000001
2803,1.0,22,1,1,0.66714375
2804,1.0,37,1,1,0.667025
2805,3.0,62,0,3,0.66690625
2806,1.0,20,1,1,0.6667875000000001
2807,0.0,9,1,0,0.66666875
2808,1.0,20,1,1,0.66655
2809,0.0,6,1,0,0.66643125
2810,0.0,7,1,0,0.6663125000000001
2811,1.0,10,1,1,0.66619375
2812,3.0,39,0,3,0.666075
2813,3.0,61,0,3,0.66595625
2814,3.0,52,0,3,0.6658375000000001
2815,3.0,91,0,3,0.66571875
2816,0.0,4,1,0,0.6656
2817,3.0,100,0,3,0.66548125
2818,0.0,18,1,0,0.6653625000000001
2819,2.0,59,1,2,0.66524375
2820,1.0,26,1,1,0.665125
2821,1.0,24,1,1,0.66500625
2822,1.0,24,1,1,0.6648875000000001
2823,0.0,4,1,0,0.66476875
2824,3.0,73,0,3,0.66465
2825,1.0,50,1,1,0.66453125
2826,3.0,79,0,3,0.6644125000000001
2827,1.0,28,1,1,0.66429375
2828,1.0,38,1,1,0.664175
2829,2.0,30,1,2,0.66405625
2830,2.0,38,1,2,0.6639375000000001
2831,1.0,39,1,1,0.66381875
2832,3.0,50,0,3,0.6637
2833,0.0,9,1,0,0.66358125
2834,0.0,16,1,0,0.6634625000000001
2835,0.0,15,1,0,0.66334375
2836,0.0,9,1,0,0.663225
2837,3.0,37,0,3,0.66310625
2838,2.0,41,1,2,0.6629875000000001
2839,0.0,26,1,0,0.66286875
2840,1.0,51,1,1,0.66275
2841,3.0,47,0,3,0.66263125
2842,2.0,69,1,2,0.6625125000000001
2843,3.0,72,0,3,0.66239375
2844,2.0,87,1,2,0.6622750000000001
2845,0.0,25,1,0,0.66215625
2846,2.0,64,1,2,0.6620375000000001
2847,2.0,56,1,2,0.66191875
2848,3.0,72,0,3,0.6618
2849,3.0,92,0,3,0.66168125
2850,2.0,48,1,2,0.6615625
2851,1.0,40,1,1,0.66144375
2852,1.0,22,1,1,0.661325
2853,3.0,45,0,3,0.66120625
2854,3.0,74,0,3,0.6610875
2855,3.0,44,0,3,0.66096875
2856,0.0,11,1,0,0.66085
2857,1.0,32,1,1,0.66073125
2858,3.0,79,0,3,0.6606125
2859,3.0,50,0,3,0.66049375
2860,3.0,117,0,3,0.660375
2861,0.0,9,1,0,0.66025625
2862,2.0,31,1,2,0.6601375
2863,1.0,29,1,1,0.6600187500000001
2864,1.0,25,1,1,0.6599
2865,0.0,11,1,0,0.65978125
2866,1.0,46,1,1,0.6596625
2867,1.0,36,1,1,0.6595437500000001
2868,1.0,34,1,1,0.659425
2869,1.0,31,1,1,0.65930625
2870,1.0,14,1,1,0.6591875
2871,2.0,251,1,2,0.6590687500000001
2872,3.0,52,0,3,0.65895
2873,3.0,36,0,3,0.65883125
2874,1.0,54,1,1,0.6587125
2875,1.0,27,1,1,0.6585937500000001
2876,3.0,48,0,3,0.658475
2877,3.0,53,0,3,0.65835625
2878,3.0,73,0,3,0.6582375
2879,3.0,59,0,3,0.6581187500000001
2880,3.0,38,0,3,0.658
2881,2.0,54,1,2,0.65788125
2882,1.0,29,1,1,0.6577625
2883,1.0,23,1,1,0.6576437500000001
2884,3.0,40,0,3,0.657525
2885,1.0,67,1,1,0.65740625
2886,3.0,71,0,3,0.6572875
2887,3.0,59,0,3,0.6571687500000001
2888,3.0,80,0,3,0.65705
2889,1.0,77,1,1,0.65693125
2890,1.0,21,1,1,0.6568125
2891,3.0,36,0,3,0.6566937500000001
2892,2.0,39,1,2,0.656575
2893,0.0,8,1,0,0.65645625
2894,1.0,50,1,1,0.6563375
2895,1.0,50,1,1,0.6562187500000001
2896,1.0,28,1,1,0.6561
2897,1.0,43,1,1,0.65598125
2898,0.0,17,1,0,0.6558625
2899,1.0,52,1,1,0.6557437500000001
2900,2.0,42,1,2,0.655625
2901,3.0,105,0,3,0.65550625
2902,1.0,17,1,1,0.6553875
2903,0.0,7,1,0,0.6552687500000001
2904,2.0,64,1,2,0.65515
2905,1.0,38,1,1,0.6550312500000001
2906,3.0,57,0,3,0.6549125
2907,1.0,57,1,1,0.6547937500000001
2908,0.0,10,1,0,0.654675
2909,3.0,77,0,3,0.6545562500000001
2910,3.0,60,0,3,0.6544375
2911,3.0,79,0,3,0.6543187500000001
2912,3.0,86,0,3,0.6542
2913,2.0,61,1,2,0.6540812500000001
2914,1.0,34,1,1,0.6539625
2915,0.0,23,1,0,0.6538437500000001
2916,1.0,43,1,1,0.653725
2917,2.0,74,1,2,0.65360625
2918,1.0,29,1,1,0.6534875
2919,0.0,17,1,0,0.65336875
2920,1.0,43,1,1,0.65325
2921,3.0,66,0,3,0.65313125
2922,2.0,65,1,2,0.6530125
2923,3.0,63,0,3,0.65289375
2924,3.0,69,0,3,0.6527750000000001
2925,3.0,35,0,3,0.65265625
2926,3.0,56,0,3,0.6525375
2927,0.0,17,1,0,0.65241875
2928,3.0,46,0,3,0.6523000000000001
2929,0.0,21,1,0,0.65218125
2930,1.0,32,1,1,0.6520625
2931,0.0,10,1,0,0.65194375
2932,1.0,32,1,1,0.6518250000000001
2933,3.0,54,0,3,0.65170625
2934,2.0,58,1,2,0.6515875
2935,3.0,51,0,3,0.65146875
2936,1.0,40,1,1,0.6513500000000001
2937,1.0,56,1,1,0.65123125
2938,3.0,44,0,3,0.6511125
2939,1.0,26,1,1,0.65099375
2940,0.0,25,1,0,0.6508750000000001
2941,3.0,50,0,3,0.65075625
2942,3.0,56,0,3,0.6506375
2943,0.0,9,1,0,0.65051875
2944,0.0,14,1,0,0.6504000000000001
2945,0.0,16,1,0,0.65028125
2946,1.0,47,1,1,0.6501625
2947,1.0,85,1,1,0.65004375
2948,0.0,14,1,0,0.6499250000000001
2949,1.0,25,1,1,0.64980625
2950,1.0,31,1,1,0.6496875
2951,1.0,23,1,1,0.64956875
2952,1.0,18,1,1,0.6494500000000001
2953,3.0,46,0,3,0.64933125
2954,0.0,54,1,0,0.6492125
2955,3.0,44,0,3,0.64909375
2956,1.0,30,1,1,0.6489750000000001
2957,3.0,45,0,3,0.64885625
2958,0.0,9,1,0,0.6487375
2959,0.0,11,1,0,0.64861875
2960,2.0,66,1,2,0.6485000000000001
2961,1.0,37,1,1,0.64838125
2962,3.0,55,0,3,0.6482625
2963,1.0,35,1,1,0.64814375
2964,3.0,92,0,3,0.6480250000000001
2965,1.0,27,1,1,0.64790625
2966,3.0,38,0,3,0.6477875
2967,0.0,11,1,0,0.64766875
2968,0.0,16,1,0,0.6475500000000001
2969,1.0,74,1,1,0.64743125
2970,1.0,38,1,1,0.6473125
2971,3.0,51,0,3,0.64719375
2972,1.0,61,1,1,0.6470750000000001
2973,3.0,52,0,3,0.64695625
2974,0.0,3,1,0,0.6468375
2975,1.0,47,1,1,0.64671875
2976,3.0,64,0,3,0.6466000000000001
2977,1.0,16,1,1,0.64648125
2978,0.0,18,1,0,0.6463625
2979,3.0,77,0,3,0.64624375
2980,3.0,62,0,3,0.6461250000000001
2981,3.0,66,0,3,0.64600625
2982,1.0,14,1,1,0.6458875
2983,1.0,54,1,1,0.64576875
2984,3.0,40,0,3,0.6456500000000001
2985,0.0,11,1,0,0.6455312500000001
2986,1.0,50,1,1,0.6454125
2987,1.0,19,1,1,0.64529375
2988,3.0,87,0,3,0.645175
2989,0.0,22,1,0,0.6450562500000001
2990,3.0,66,0,3,0.6449374999999999
2991,0.0,15,1,0,0.64481875
2992,3.0,49,0,3,0.6447
2993,3.0,111,0,3,0.6445812500000001
2994,3.0,90,0,3,0.6444624999999999
2995,3.0,60,0,3,0.64434375
2996,3.0,64,0,3,0.644225
2997,0.0,84,1,0,0.6441062500000001
2998,3.0,74,0,3,0.6439874999999999
2999,2.0,38,1,2,0.64386875
3000,1.0,33,1,1,0.64375
3001,0.0,21,1,0,0.6436312500000001
3002,3.0,121,0,3,0.6435125
3003,3.0,55,0,3,0.64339375
3004,1.0,35,1,1,0.643275
3005,3.0,36,0,3,0.6431562500000001
3006,3.0,50,0,3,0.6430375
3007,0.0,30,1,0,0.64291875
3008,1.0,18,1,1,0.6428
3009,1.0,26,1,1,0.6426812500000001
3010,1.0,42,1,1,0.6425625
3011,1.0,33,1,1,0.64244375
3012,1.0,28,1,1,0.642325
3013,3.0,55,0,3,0.6422062500000001
3014,3.0,40,0,3,0.6420875
3015,1.0,30,1,1,0.64196875
3016,0.0,8,1,0,0.64185
3017,0.0,11,1,0,0.6417312500000001
3018,2.0,90,1,2,0.6416125
3019,1.0,35,1,1,0.64149375
3020,1.0,42,1,1,0.641375
3021,1.0,25,1,1,0.6412562500000001
3022,0.0,5,1,0,0.6411375
3023,3.0,91,0,3,0.64101875
3024,1.0,32,1,1,0.6409
3025,3.0,35,0,3,0.6407812500000001
3026,1.0,38,1,1,0.6406625
3027,3.0,53,0,3,0.64054375
3028,3.0,52,0,3,0.640425
3029,0.0,5,1,0,0.6403062500000001
3030,3.0,85,0,3,0.6401875
3031,3.0,48,0,3,0.64006875
3032,3.0,67,0,3,0.63995
3033,1.0,38,1,1,0.6398312500000001
3034,3.0,111,0,3,0.6397125
3035,3.0,43,0,3,0.63959375
3036,3.0,59,0,3,0.639475
3037,3.0,71,0,3,0.6393562500000001
3038,3.0,62,0,3,0.6392375
3039,1.0,16,1,1,0.63911875
3040,3.0,52,0,3,0.639
3041,3.0,65,0,3,0.6388812500000001
3042,1.0,25,1,1,0.6387625000000001
3043,3.0,38,0,3,0.63864375
3044,0.0,6,1,0,0.638525
3045,3.0,43,0,3,0.6384062500000001
3046,0.0,9,1,0,0.6382875000000001
3047,0.0,15,1,0,0.63816875
3048,3.0,57,0,3,0.63805
3049,1.0,37,1,1,0.6379312500000001
3050,3.0,74,0,3,0.6378125000000001
3051,1.0,24,1,1,0.63769375
3052,1.0,24,1,1,0.637575
3053,0.0,9,1,0,0.6374562500000001
3054,3.0,48,0,3,0.6373375000000001
3055,3.0,52,0,3,0.63721875
3056,0.0,7,1,0,0.6371
3057,3.0,58,0,3,0.63698125
3058,1.0,34,1,1,0.6368625000000001
3059,3.0,41,0,3,0.6367437499999999
3060,1.0,33,1,1,0.636625
3061,2.0,70,1,2,0.63650625
3062,0.0,5,1,0,0.6363875000000001
3063,1.0,17,1,1,0.6362687499999999
3064,2.0,60,1,2,0.63615
3065,2.0,43,1,2,0.63603125
3066,1.0,59,1,1,0.6359125000000001
3067,3.0,69,0,3,0.6357937499999999
3068,0.0,19,1,0,0.635675
3069,1.0,56,1,1,0.63555625
3070,2.0,55,1,2,0.6354375000000001
3071,3.0,52,0,3,0.6353187499999999
3072,3.0,46,0,3,0.6352
3073,2.0,49,1,2,0.63508125
3074,1.0,19,1,1,0.6349625000000001
3075,3.0,95,0,3,0.6348437499999999
3076,1.0,41,1,1,0.634725
3077,1.0,84,1,1,0.63460625
3078,3.0,59,0,3,0.6344875000000001
3079,3.0,46,0,3,0.6343687499999999
3080,3.0,61,0,3,0.63425
3081,3.0,80,0,3,0.63413125
3082,2.0,43,1,2,0.6340125000000001
3083,3.0,33,0,3,0.6338937499999999
3084,1.0,37,1,1,0.633775
3085,0.0,9,1,0,0.63365625
3086,3.0,73,0,3,0.6335375000000001
3087,2.0,40,1,2,0.6334187499999999
3088,3.0,39,0,3,0.6333
3089,2.0,67,1,2,0.63318125
3090,3.0,85,0,3,0.6330625000000001
3091,1.0,18,1,1,0.6329437499999999
3092,1.0,22,1,1,0.632825
3093,1.0,23,1,1,0.63270625
3094,0.0,8,1,0,0.6325875000000001
3095,1.0,27,1,1,0.6324687499999999
3096,1.0,30,1,1,0.63235
3097,1.0,31,1,1,0.63223125
3098,0.0,9,1,0,0.6321125000000001
3099,3.0,52,0,3,0.63199375
3100,3.0,55,0,3,0.631875
3101,2.0,78,1,2,0.63175625
3102,3.0,53,0,3,0.6316375000000001
3103,2.0,37,1,2,0.63151875
3104,1.0,36,1,1,0.6314
3105,3.0,70,0,3,0.63128125
3106,1.0,30,1,1,0.6311625000000001
3107,2.0,30,1,2,0.63104375
3108,3.0,54,0,3,0.630925
3109,3.0,100,0,3,0.63080625
3110,3.0,74,0,3,0.6306875000000001
3111,0.0,8,1,0,0.63056875
3112,1.0,36,1,1,0.63045
3113,0.0,5,1,0,0.63033125
3114,3.0,65,0,3,0.6302125000000001
3115,1.0,43,1,1,0.63009375
3116,3.0,151,0,3,0.629975
3117,0.0,9,1,0,0.62985625
3118,1.0,30,1,1,0.6297375000000001
3119,3.0,63,0,3,0.62961875
3120,2.0,26,1,2,0.6295
3121,3.0,46,0,3,0.62938125
3122,3.0,62,0,3,0.6292625000000001
3123,3.0,55,0,3,0.62914375
3124,0.0,22,1,0,0.629025
3125,1.0,37,1,1,0.62890625
3126,3.0,30,0,3,0.6287875
3127,3.0,57,0,3,0.6286687500000001
3128,2.0,38,1,2,0.6285499999999999
3129,0.0,24,1,0,0.62843125
3130,1.0,47,1,1,0.6283125
3131,1.0,39,1,1,0.6281937500000001
3132,1.0,31,1,1,0.6280749999999999
3133,1.0,30,1,1,0.62795625
3134,3.0,47,0,3,0.6278375
3135,0.0,33,1,0,0.6277187500000001
3136,0.0,18,1,0,0.6275999999999999
3137,0.0,18,1,0,0.62748125
3138,1.0,39,1,1,0.6273625
3139,0.0,7,1,0,0.6272437500000001
3140,1.0,18,1,1,0.6271249999999999
3141,3.0,41,0,3,0.62700625
3142,1.0,50,1,1,0.6268875
3143,1.0,34,1,1,0.6267687500000001
3144,1.0,29,1,1,0.6266499999999999
3145,0.0,15,1,0,0.62653125
3146,3.0,88,0,3,0.6264125
3147,1.0,35,1,1,0.6262937500000001
3148,0.0,14,1,0,0.6261749999999999
3149,3.0,51,0,3,0.62605625
3150,1.0,27,1,1,0.6259375
3151,3.0,68,0,3,0.6258187500000001
3152,3.0,102,0,3,0.6256999999999999
3153,0.0,7,1,0,0.62558125
3154,0.0,11,1,0,0.6254625
3155,2.0,54,1,2,0.6253437500000001
3156,1.0,24,1,1,0.6252249999999999
3157,1.0,28,1,1,0.62510625
3158,1.0,28,1,1,0.6249875
3159,1.0,41,1,1,0.6248687500000001
3160,3.0,50,0,3,0.62475
3161,1.0,45,1,1,0.62463125
3162,3.0,59,0,3,0.6245125
3163,3.0,43,0,3,0.6243937500000001
3164,1.0,46,1,1,0.624275
3165,3.0,45,0,3,0.62415625
3166,1.0,30,1,1,0.6240375
3167,0.0,8,1,0,0.6239187500000001
3168,1.0,54,1,1,0.6238
3169,3.0,74,0,3,0.62368125
3170,0.0,23,1,0,0.6235625
3171,1.0,49,1,1,0.6234437500000001
3172,3.0,46,0,3,0.623325
3173,3.0,64,0,3,0.62320625
3174,3.0,104,0,3,0.6230875
3175,1.0,42,1,1,0.6229687500000001
3176,1.0,14,1,1,0.62285
3177,0.0,16,1,0,0.62273125
3178,2.0,52,1,2,0.6226125
3179,1.0,24,1,1,0.6224937500000001
3180,1.0,51,1,1,0.622375
3181,0.0,9,1,0,0.62225625
3182,0.0,8,1,0,0.6221375
3183,3.0,45,0,3,0.6220187500000001
3184,1.0,33,1,1,0.6219
3185,1.0,18,1,1,0.62178125
3186,1.0,21,1,1,0.6216625
3187,3.0,51,0,3,0.6215437500000001
3188,3.0,65,0,3,0.621425
3189,3.0,50,0,3,0.62130625
3190,3.0,50,0,3,0.6211875
3191,0.0,4,1,0,0.6210687500000001
3192,1.0,45,1,1,0.62095
3193,1.0,25,1,1,0.62083125
3194,3.0,75,0,3,0.6207125
3195,3.0,48,0,3,0.62059375
3196,1.0,26,1,1,0.620475
3197,0.0,36,1,0,0.6203562499999999
3198,1.0,21,1,1,0.6202375
3199,1.0,41,1,1,0.62011875
3200,3.0,80,0,3,0.62
3201,3.0,54,0,3,0.6198812499999999
3202,1.0,21,1,1,0.6197625
3203,0.0,4,1,0,0.61964375
3204,2.0,58,1,2,0.619525
3205,3.0,53,0,3,0.6194062499999999
3206,2.0,72,1,2,0.6192875
3207,0.0,7,1,0,0.61916875
3208,1.0,17,1,1,0.61905
3209,0.0,6,1,0,0.6189312499999999
3210,2.0,26,1,2,0.6188125
3211,1.0,28,1,1,0.61869375
3212,1.0,63,1,1,0.618575
3213,3.0,53,0,3,0.6184562499999999
3214,1.0,21,1,1,0.6183375
3215,2.0,30,1,2,0.61821875
3216,3.0,78,0,3,0.6181
3217,2.0,49,1,2,0.6179812499999999
3218,1.0,38,1,1,0.6178625
3219,1.0,35,1,1,0.61774375
3220,1.0,37,1,1,0.617625
3221,3.0,64,0,3,0.61750625
3222,3.0,58,0,3,0.6173875
3223,1.0,19,1,1,0.61726875
3224,1.0,32,1,1,0.61715
3225,3.0,82,0,3,0.61703125
3226,3.0,54,0,3,0.6169125
3227,1.0,47,1,1,0.61679375
3228,3.0,47,0,3,0.616675
3229,2.0,44,1,2,0.61655625
3230,1.0,42,1,1,0.6164375
3231,3.0,39,0,3,0.61631875
3232,0.0,42,1,0,0.6162
3233,1.0,67,1,1,0.61608125
3234,1.0,22,1,1,0.6159625
3235,1.0,30,1,1,0.61584375
3236,3.0,58,0,3,0.615725
3237,1.0,12,1,1,0.61560625
3238,3.0,57,0,3,0.6154875
3239,3.0,42,0,3,0.61536875
3240,2.0,48,1,2,0.6152500000000001
3241,2.0,49,1,2,0.61513125
3242,3.0,51,0,3,0.6150125
3243,3.0,42,0,3,0.61489375
3244,1.0,38,1,1,0.6147750000000001
3245,3.0,49,0,3,0.61465625
3246,0.0,10,1,0,0.6145375
3247,3.0,51,0,3,0.61441875
3248,3.0,57,0,3,0.6143000000000001
3249,3.0,63,0,3,0.61418125
3250,3.0,96,0,3,0.6140625
3251,1.0,16,1,1,0.61394375
3252,3.0,49,0,3,0.6138250000000001
3253,0.0,6,1,0,0.61370625
3254,1.0,30,1,1,0.6135875
3255,1.0,38,1,1,0.61346875
3256,1.0,44,1,1,0.6133500000000001
3257,1.0,29,1,1,0.61323125
3258,1.0,13,1,1,0.6131125
3259,1.0,15,1,1,0.61299375
3260,1.0,48,1,1,0.6128750000000001
3261,3.0,57,0,3,0.61275625
3262,1.0,49,1,1,0.6126375
3263,2.0,24,1,2,0.61251875
3264,3.0,63,0,3,0.6124
3265,1.0,44,1,1,0.61228125
3266,0.0,11,1,0,0.6121624999999999
3267,0.0,9,1,0,0.61204375
3268,3.0,37,0,3,0.611925
3269,1.0,51,1,1,0.61180625
3270,3.0,56,0,3,0.6116874999999999
3271,1.0,40,1,1,0.61156875
3272,1.0,28,1,1,0.61145
3273,3.0,69,0,3,0.61133125
3274,3.0,51,0,3,0.6112124999999999
3275,0.0,7,1,0,0.61109375
3276,3.0,47,0,3,0.610975
3277,1.0,44,1,1,0.61085625
3278,0.0,13,1,0,0.6107374999999999
3279,3.0,43,0,3,0.61061875
3280,3.0,44,0,3,0.6105
3281,3.0,59,0,3,0.61038125
3282,3.0,47,0,3,0.6102625
3283,1.0,46,1,1,0.61014375
3284,3.0,46,0,3,0.610025
3285,1.0,17,1,1,0.60990625
3286,3.0,77,0,3,0.6097875
3287,3.0,50,0,3,0.60966875
3288,1.0,17,1,1,0.60955
3289,3.0,46,0,3,0.60943125
3290,3.0,43,0,3,0.6093125
3291,1.0,57,1,1,0.60919375
3292,3.0,41,0,3,0.609075
3293,3.0,64,0,3,0.60895625
3294,1.0,32,1,1,0.6088375
3295,1.0,34,1,1,0.60871875
3296,1.0,51,1,1,0.6086
3297,2.0,70,1,2,0.60848125
3298,1.0,49,1,1,0.6083625
3299,3.0,61,0,3,0.60824375
3300,3.0,42,0,3,0.608125
3301,2.0,75,1,2,0.6080062500000001
3302,1.0,17,1,1,0.6078875
3303,3.0,115,0,3,0.60776875
3304,3.0,99,0,3,0.60765
3305,3.0,70,0,3,0.6075312500000001
3306,1.0,25,1,1,0.6074125
3307,3.0,67,0,3,0.60729375
3308,3.0,34,0,3,0.607175
3309,3.0,82,0,3,0.6070562500000001
3310,2.0,39,1,2,0.6069375
3311,3.0,81,0,3,0.60681875
3312,2.0,47,1,2,0.6067
3313,1.0,56,1,1,0.6065812500000001
3314,1.0,21,1,1,0.6064625
3315,1.0,26,1,1,0.60634375
3316,1.0,47,1,1,0.606225
3317,1.0,28,1,1,0.6061062500000001
3318,0.0,10,1,0,0.6059875
3319,1.0,41,1,1,0.60586875
3320,1.0,28,1,1,0.60575
3321,3.0,50,0,3,0.6056312500000001
3322,0.0,9,1,0,0.6055125
3323,1.0,41,1,1,0.60539375
3324,3.0,59,0,3,0.605275
3325,1.0,24,1,1,0.6051562500000001
3326,3.0,74,0,3,0.6050375
3327,1.0,22,1,1,0.60491875
3328,0.0,9,1,0,0.6048
3329,1.0,28,1,1,0.6046812500000001
3330,1.0,15,1,1,0.6045625
3331,2.0,41,1,2,0.60444375
3332,1.0,69,1,1,0.604325
3333,3.0,47,0,3,0.6042062500000001
3334,1.0,49,1,1,0.6040875
3335,0.0,21,1,0,0.6039687499999999
3336,1.0,12,1,1,0.60385
3337,0.0,15,1,0,0.60373125
3338,3.0,34,0,3,0.6036125
3339,2.0,60,1,2,0.6034937499999999
3340,3.0,64,0,3,0.603375
3341,1.0,23,1,1,0.60325625
3342,3.0,67,0,3,0.6031375
3343,3.0,44,0,3,0.60301875
3344,1.0,41,1,1,0.6029
3345,1.0,21,1,1,0.60278125
3346,3.0,48,0,3,0.6026625
3347,3.0,42,0,3,0.60254375
3348,0.0,12,1,0,0.602425
3349,3.0,63,0,3,0.60230625
3350,3.0,42,0,3,0.6021875
3351,1.0,32,1,1,0.60206875
3352,3.0,57,0,3,0.60195
3353,0.0,19,1,0,0.60183125
3354,2.0,45,1,2,0.6017125
3355,1.0,12,1,1,0.60159375
3356,2.0,30,1,2,0.601475
3357,1.0,31,1,1,0.60135625
3358,0.0,15,1,0,0.6012375
3359,0.0,9,1,0,0.60111875
3360,1.0,42,1,1,0.601
3361,1.0,29,1,1,0.60088125
3362,1.0,27,1,1,0.6007625000000001
3363,3.0,81,0,3,0.60064375
3364,2.0,42,1,2,0.600525
3365,3.0,65,0,3,0.60040625
3366,1.0,34,1,1,0.6002875000000001
3367,1.0,43,1,1,0.60016875
3368,1.0,15,1,1,0.60005
3369,3.0,55,0,3,0.59993125
3370,3.0,40,0,3,0.5998125000000001
3371,3.0,51,0,3,0.59969375
3372,2.0,44,1,2,0.599575
3373,1.0,43,1,1,0.59945625
3374,3.0,30,0,3,0.5993375000000001
3375,3.0,53,0,3,0.59921875
3376,1.0,61,1,1,0.5991
3377,2.0,69,1,2,0.59898125
3378,1.0,43,1,1,0.5988625000000001
3379,3.0,81,0,3,0.59874375
3380,3.0,52,0,3,0.598625
3381,1.0,24,1,1,0.59850625
3382,3.0,77,0,3,0.5983875000000001
3383,3.0,64,0,3,0.59826875
3384,1.0,13,1,1,0.59815
3385,3.0,50,0,3,0.59803125
3386,1.0,36,1,1,0.5979125000000001
3387,3.0,65,0,3,0.59779375
3388,1.0,48,1,1,0.597675
3389,0.0,17,1,0,0.59755625
3390,1.0,28,1,1,0.5974375000000001
3391,1.0,35,1,1,0.59731875
3392,3.0,72,0,3,0.5972
3393,3.0,47,0,3,0.59708125
3394,1.0,31,1,1,0.5969625000000001
3395,2.0,48,1,2,0.59684375
3396,1.0,39,1,1,0.596725
3397,1.0,22,1,1,0.59660625
3398,1.0,19,1,1,0.5964875000000001
3399,1.0,22,1,1,0.59636875
3400,0.0,7,1,0,0.59625
3401,1.0,55,1,1,0.59613125
3402,1.0,28,1,1,0.5960125000000001
3403,1.0,33,1,1,0.59589375
3404,1.0,39,1,1,0.595775
3405,1.0,28,1,1,0.59565625
3406,0.0,9,1,0,0.5955375
3407,3.0,63,0,3,0.59541875
3408,3.0,63,0,3,0.5953
3409,1.0,55,1,1,0.59518125
3410,0.0,10,1,0,0.5950625
3411,3.0,66,0,3,0.59494375
3412,3.0,59,0,3,0.594825
3413,1.0,21,1,1,0.59470625
3414,1.0,20,1,1,0.5945875
3415,0.0,10,1,0,0.59446875
3416,1.0,15,1,1,0.59435
3417,3.0,39,0,3,0.59423125
3418,3.0,60,0,3,0.5941125
3419,1.0,17,1,1,0.59399375
3420,3.0,70,0,3,0.593875
3421,3.0,51,0,3,0.59375625
3422,1.0,12,1,1,0.5936375
3423,0.0,10,1,0,0.5935187500000001
3424,3.0,61,0,3,0.5934
3425,1.0,24,1,1,0.59328125
3426,0.0,8,1,0,0.5931625
3427,3.0,56,0,3,0.5930437500000001
3428,1.0,38,1,1,0.592925
3429,3.0,54,0,3,0.59280625
3430,1.0,29,1,1,0.5926875
3431,1.0,15,1,1,0.5925687500000001
3432,1.0,36,1,1,0.59245
3433,3.0,68,0,3,0.59233125
3434,3.0,50,0,3,0.5922125
3435,0.0,3,1,0,0.5920937500000001
3436,3.0,48,0,3,0.591975
3437,3.0,67,0,3,0.59185625
3438,1.0,42,1,1,0.5917375
3439,1.0,10,1,1,0.5916187500000001
3440,3.0,62,0,3,0.5915
3441,0.0,19,1,0,0.59138125
3442,1.0,73,1,1,0.5912625
3443,3.0,63,0,3,0.5911437500000001
3444,1.0,54,1,1,0.591025
3445,0.0,15,1,0,0.59090625
3446,3.0,45,0,3,0.5907875
3447,0.0,5,1,0,0.5906687500000001
3448,0.0,12,1,0,0.59055
3449,1.0,42,1,1,0.59043125
3450,1.0,24,1,1,0.5903125
3451,1.0,30,1,1,0.5901937500000001
3452,3.0,81,0,3,0.590075
3453,3.0,60,0,3,0.58995625
3454,0.0,11,1,0,0.5898375
3455,1.0,21,1,1,0.5897187500000001
3456,2.0,30,1,2,0.5896
3457,0.0,4,1,0,0.58948125
3458,1.0,14,1,1,0.5893625
3459,3.0,57,0,3,0.5892437500000001
3460,3.0,36,0,3,0.589125
3461,3.0,47,0,3,0.58900625
3462,3.0,48,0,3,0.5888875
3463,1.0,14,1,1,0.5887687500000001
3464,1.0,44,1,1,0.58865
3465,1.0,11,1,1,0.5885312500000001
3466,1.0,40,1,1,0.5884125
3467,0.0,11,1,0,0.5882937500000001
3468,1.0,34,1,1,0.588175
3469,3.0,55,0,3,0.5880562500000001
3470,3.0,86,0,3,0.5879375
3471,1.0,24,1,1,0.5878187500000001
3472,1.0,37,1,1,0.5877
3473,0.0,30,1,0,0.58758125
3474,1.0,13,1,1,0.5874625
3475,1.0,28,1,1,0.58734375
3476,3.0,36,0,3,0.587225
3477,3.0,29,0,3,0.58710625
3478,2.0,41,1,2,0.5869875
3479,1.0,20,1,1,0.58686875
3480,1.0,22,1,1,0.58675
3481,3.0,49,0,3,0.58663125
3482,1.0,42,1,1,0.5865125
3483,3.0,59,0,3,0.58639375
3484,2.0,55,1,2,0.5862750000000001
3485,1.0,18,1,1,0.58615625
3486,3.0,43,0,3,0.5860375
3487,3.0,79,0,3,0.58591875
3488,3.0,47,0,3,0.5858000000000001
3489,3.0,49,0,3,0.58568125
3490,2.0,52,1,2,0.5855625
3491,1.0,36,1,1,0.58544375
3492,2.0,59,1,2,0.5853250000000001
3493,1.0,40,1,1,0.58520625
3494,1.0,24,1,1,0.5850875
3495,3.0,41,0,3,0.58496875
3496,0.0,13,1,0,0.5848500000000001
3497,3.0,57,0,3,0.58473125
3498,0.0,4,1,0,0.5846125
3499,3.0,42,0,3,0.58449375
3500,3.0,62,0,3,0.5843750000000001
3501,1.0,38,1,1,0.58425625
3502,3.0,65,0,3,0.5841375
3503,1.0,29,1,1,0.58401875
3504,3.0,42,0,3,0.5839000000000001
3505,0.0,5,1,0,0.58378125
3506,3.0,43,0,3,0.5836625
3507,3.0,42,0,3,0.58354375
3508,1.0,17,1,1,0.5834250000000001
3509,3.0,68,0,3,0.58330625
3510,3.0,68,0,3,0.5831875
3511,0.0,20,1,0,0.58306875
3512,1.0,44,1,1,0.5829500000000001
3513,3.0,54,0,3,0.58283125
3514,0.0,7,1,0,0.5827125
3515,3.0,67,0,3,0.58259375
3516,2.0,56,1,2,0.5824750000000001
3517,3.0,52,0,3,0.58235625
3518,3.0,38,0,3,0.5822375
3519,0.0,9,1,0,0.58211875
3520,0.0,5,1,0,0.5820000000000001
3521,2.0,69,1,2,0.58188125
3522,2.0,55,1,2,0.5817625000000001
3523,0.0,24,1,0,0.58164375
3524,3.0,54,0,3,0.5815250000000001
3525,1.0,31,1,1,0.58140625
3526,3.0,36,0,3,0.5812875000000001
3527,3.0,41,0,3,0.58116875
3528,3.0,43,0,3,0.5810500000000001
3529,0.0,13,1,0,0.58093125
3530,0.0,13,1,0,0.5808125000000001
3531,1.0,25,1,1,0.58069375
3532,1.0,40,1,1,0.5805750000000001
3533,3.0,103,0,3,0.58045625
3534,3.0,28,0,3,0.5803375000000001
3535,2.0,29,1,2,0.58021875
3536,1.0,13,1,1,0.5801000000000001
3537,3.0,47,0,3,0.57998125
3538,0.0,13,1,0,0.5798625000000001
3539,0.0,5,1,0,0.57974375
3540,3.0,51,0,3,0.5796250000000001
3541,3.0,69,0,3,0.5795062500000001
3542,1.0,28,1,1,0.5793875
3543,2.0,63,1,2,0.57926875
3544,3.0,33,0,3,0.57915
3545,1.0,33,1,1,0.5790312500000001
3546,3.0,60,0,3,0.5789125
3547,1.0,31,1,1,0.57879375
3548,0.0,15,1,0,0.578675
3549,0.0,4,1,0,0.5785562500000001
3550,3.0,73,0,3,0.5784375
3551,3.0,29,0,3,0.57831875
3552,3.0,77,0,3,0.5782
3553,3.0,110,0,3,0.5780812500000001
3554,3.0,49,0,3,0.5779625
3555,2.0,45,1,2,0.57784375
3556,3.0,42,0,3,0.577725
3557,3.0,42,0,3,0.5776062500000001
3558,0.0,5,1,0,0.5774875
3559,0.0,9,1,0,0.57736875
3560,1.0,29,1,1,0.57725
3561,2.0,43,1,2,0.5771312500000001
3562,3.0,50,0,3,0.5770125
3563,3.0,54,0,3,0.57689375
3564,1.0,26,1,1,0.576775
3565,1.0,34,1,1,0.5766562500000001
3566,3.0,72,0,3,0.5765375
3567,1.0,26,1,1,0.57641875
3568,0.0,8,1,0,0.5763
3569,3.0,49,0,3,0.5761812500000001
3570,0.0,7,1,0,0.5760625
3571,3.0,36,0,3,0.57594375
3572,1.0,21,1,1,0.575825
3573,1.0,38,1,1,0.5757062500000001
3574,3.0,68,0,3,0.5755875
3575,1.0,44,1,1,0.57546875
3576,3.0,48,0,3,0.57535
3577,2.0,40,1,2,0.5752312500000001
3578,2.0,27,1,2,0.5751125
3579,3.0,50,0,3,0.57499375
3580,3.0,48,0,3,0.574875
3581,1.0,36,1,1,0.5747562500000001
3582,0.0,4,1,0,0.5746375
3583,0.0,11,1,0,0.57451875
3584,1.0,31,1,1,0.5744
3585,3.0,43,0,3,0.5742812500000001
3586,0.0,28,1,0,0.5741625
3587,1.0,34,1,1,0.57404375
3588,1.0,17,1,1,0.573925
3589,0.0,3,1,0,0.5738062500000001
3590,1.0,19,1,1,0.5736875
3591,3.0,41,0,3,0.57356875
3592,1.0,14,1,1,0.57345
3593,3.0,36,0,3,0.5733312500000001
3594,0.0,7,1,0,0.5732125
3595,1.0,12,1,1,0.57309375
3596,3.0,37,0,3,0.572975
3597,2.0,65,1,2,0.5728562500000001
3598,3.0,52,0,3,0.5727375
3599,3.0,44,0,3,0.57261875
3600,3.0,52,0,3,0.5725
3601,3.0,49,0,3,0.5723812500000001
3602,3.0,50,0,3,0.5722625000000001
3603,3.0,50,0,3,0.57214375
3604,3.0,30,0,3,0.572025
3605,0.0,14,1,0,0.5719062500000001
3606,1.0,39,1,1,0.5717875000000001
3607,1.0,16,1,1,0.57166875
3608,0.0,4,1,0,0.57155
3609,1.0,37,1,1,0.5714312500000001
3610,2.0,79,1,2,0.5713125000000001
3611,3.0,59,0,3,0.57119375
3612,2.0,47,1,2,0.571075
3613,3.0,48,0,3,0.57095625
3614,3.0,65,0,3,0.5708375000000001
3615,2.0,52,1,2,0.5707187499999999
3616,1.0,94,1,1,0.5706
3617,3.0,35,0,3,0.57048125
3618,3.0,42,0,3,0.5703625000000001
3619,3.0,55,0,3,0.5702437499999999
3620,1.0,34,1,1,0.570125
3621,3.0,43,0,3,0.57000625
3622,3.0,36,0,3,0.5698875000000001
3623,3.0,55,0,3,0.5697687499999999
3624,0.0,8,1,0,0.56965
3625,0.0,7,1,0,0.56953125
3626,0.0,9,1,0,0.5694125000000001
3627,1.0,27,1,1,0.56929375
3628,2.0,59,1,2,0.569175
3629,3.0,41,0,3,0.56905625
3630,0.0,16,1,0,0.5689375000000001
3631,3.0,40,0,3,0.56881875
3632,1.0,16,1,1,0.5687
3633,0.0,14,1,0,0.56858125
3634,3.0,45,0,3,0.5684625000000001
3635,3.0,27,0,3,0.56834375
3636,1.0,13,1,1,0.568225
3637,1.0,13,1,1,0.56810625
3638,0.0,5,1,0,0.5679875000000001
3639,0.0,9,1,0,0.56786875
3640,3.0,50,0,3,0.56775
3641,1.0,17,1,1,0.56763125
3642,1.0,21,1,1,0.5675125000000001
3643,2.0,22,1,2,0.56739375
3644,1.0,13,1,1,0.567275
3645,1.0,22,1,1,0.56715625
3646,0.0,29,1,0,0.5670375000000001
3647,2.0,44,1,2,0.56691875
3648,3.0,41,0,3,0.5668
3649,1.0,13,1,1,0.56668125
3650,3.0,53,0,3,0.5665625000000001
3651,3.0,46,0,3,0.56644375
3652,0.0,18,1,0,0.566325
3653,3.0,45,0,3,0.56620625
3654,2.0,48,1,2,0.5660875000000001
3655,1.0,24,1,1,0.56596875
3656,0.0,7,1,0,0.56585
3657,2.0,60,1,2,0.56573125
3658,1.0,20,1,1,0.5656125000000001
3659,2.0,64,1,2,0.56549375
3660,0.0,15,1,0,0.565375
3661,3.0,64,0,3,0.56525625
3662,0.0,3,1,0,0.5651375000000001
3663,1.0,32,1,1,0.5650187500000001
3664,1.0,22,1,1,0.5649
3665,1.0,13,1,1,0.56478125
3666,2.0,43,1,2,0.5646625000000001
3667,0.0,8,1,0,0.5645437500000001
3668,1.0,32,1,1,0.564425
3669,2.0,57,1,2,0.56430625
3670,1.0,22,1,1,0.5641875000000001
3671,1.0,23,1,1,0.5640687500000001
3672,3.0,78,0,3,0.56395
3673,1.0,30,1,1,0.56383125
3674,3.0,56,0,3,0.5637125000000001
3675,2.0,50,1,2,0.5635937500000001
3676,3.0,59,0,3,0.563475
3677,2.0,30,1,2,0.56335625
3678,3.0,38,0,3,0.5632375000000001
3679,3.0,36,0,3,0.5631187500000001
3680,1.0,33,1,1,0.563
3681,1.0,20,1,1,0.56288125
3682,3.0,50,0,3,0.5627625
3683,3.0,51,0,3,0.5626437500000001
3684,1.0,21,1,1,0.5625249999999999
3685,2.0,49,1,2,0.56240625
3686,2.0,31,1,2,0.5622875
3687,3.0,53,0,3,0.5621687500000001
3688,2.0,31,1,2,0.5620499999999999
3689,3.0,50,0,3,0.56193125
3690,3.0,48,0,3,0.5618125
3691,2.0,25,1,2,0.5616937500000001
3692,2.0,26,1,2,0.5615749999999999
3693,3.0,37,0,3,0.56145625
3694,1.0,26,1,1,0.5613375
3695,1.0,18,1,1,0.5612187500000001
3696,3.0,102,0,3,0.5610999999999999
3697,3.0,33,0,3,0.56098125
3698,2.0,67,1,2,0.5608625
3699,3.0,76,0,3,0.5607437500000001
3700,0.0,6,1,0,0.5606249999999999
3701,3.0,40,0,3,0.56050625
3702,0.0,3,1,0,0.5603875
3703,3.0,66,0,3,0.5602687500000001
3704,3.0,60,0,3,0.5601499999999999
3705,3.0,54,0,3,0.56003125
3706,3.0,48,0,3,0.5599125
3707,3.0,58,0,3,0.5597937500000001
3708,2.0,57,1,2,0.5596749999999999
3709,3.0,44,0,3,0.55955625
3710,2.0,42,1,2,0.5594375
3711,3.0,60,0,3,0.5593187500000001
3712,1.0,27,1,1,0.5591999999999999
3713,3.0,62,0,3,0.55908125
3714,3.0,60,0,3,0.5589625
3715,3.0,70,0,3,0.5588437500000001
3716,1.0,16,1,1,0.5587249999999999
3717,3.0,49,0,3,0.55860625
3718,3.0,39,0,3,0.5584875
3719,3.0,44,0,3,0.5583687500000001
3720,0.0,10,1,0,0.55825
3721,3.0,34,0,3,0.55813125
3722,3.0,40,0,3,0.5580125
3723,3.0,41,0,3,0.5578937500000001
3724,0.0,11,1,0,0.557775
3725,1.0,21,1,1,0.55765625
3726,1.0,55,1,1,0.5575375
3727,3.0,35,0,3,0.5574187500000001
3728,1.0,33,1,1,0.5573
3729,2.0,42,1,2,0.55718125
3730,0.0,11,1,0,0.5570625
3731,3.0,54,0,3,0.5569437500000001
3732,3.0,47,0,3,0.556825
3733,0.0,7,1,0,0.55670625
3734,2.0,45,1,2,0.5565875
3735,1.0,49,1,1,0.5564687500000001
3736,2.0,35,1,2,0.55635
3737,3.0,68,0,3,0.55623125
3738,0.0,4,1,0,0.5561125
3739,1.0,24,1,1,0.5559937500000001
3740,0.0,5,1,0,0.555875
3741,1.0,62,1,1,0.55575625
3742,3.0,37,0,3,0.5556375
3743,3.0,54,0,3,0.5555187500000001
3744,3.0,43,0,3,0.5554
3745,3.0,41,0,3,0.55528125
3746,3.0,63,0,3,0.5551625
3747,2.0,53,1,2,0.5550437500000001
3748,2.0,59,1,2,0.554925
3749,3.0,58,0,3,0.55480625
3750,3.0,52,0,3,0.5546875
3751,3.0,37,0,3,0.55456875
3752,3.0,35,0,3,0.5544500000000001
3753,3.0,43,0,3,0.5543312499999999
3754,3.0,40,0,3,0.5542125
3755,3.0,64,0,3,0.55409375
3756,0.0,25,1,0,0.5539750000000001
3757,3.0,60,0,3,0.5538562499999999
3758,0.0,10,1,0,0.5537375
3759,3.0,50,0,3,0.55361875
3760,3.0,56,0,3,0.5535000000000001
3761,3.0,74,0,3,0.5533812499999999
3762,1.0,42,1,1,0.5532625
3763,1.0,20,1,1,0.55314375
3764,3.0,76,0,3,0.5530250000000001
3765,3.0,46,0,3,0.5529062499999999
3766,1.0,37,1,1,0.5527875
3767,1.0,34,1,1,0.55266875
3768,3.0,55,0,3,0.5525500000000001
3769,0.0,20,1,0,0.5524312499999999
3770,1.0,38,1,1,0.5523125
3771,3.0,25,0,3,0.55219375
3772,1.0,31,1,1,0.5520750000000001
3773,1.0,33,1,1,0.5519562499999999
3774,1.0,47,1,1,0.5518375
3775,1.0,43,1,1,0.55171875
3776,3.0,64,0,3,0.5516000000000001
3777,3.0,34,0,3,0.5514812499999999
3778,3.0,53,0,3,0.5513625
3779,0.0,9,1,0,0.55124375
3780,3.0,41,0,3,0.5511250000000001
3781,3.0,51,0,3,0.55100625
3782,2.0,25,1,2,0.5508875
3783,3.0,46,0,3,0.55076875
3784,3.0,51,0,3,0.5506500000000001
3785,3.0,41,0,3,0.55053125
3786,2.0,74,1,2,0.5504125
3787,1.0,16,1,1,0.55029375
3788,3.0,80,0,3,0.5501750000000001
3789,1.0,16,1,1,0.55005625
3790,1.0,24,1,1,0.5499375
3791,3.0,39,0,3,0.54981875
3792,3.0,34,0,3,0.5497000000000001
3793,2.0,34,1,2,0.54958125
3794,1.0,22,1,1,0.5494625
3795,3.0,67,0,3,0.54934375
3796,3.0,43,0,3,0.5492250000000001
3797,3.0,63,0,3,0.54910625
3798,1.0,10,1,1,0.5489875
3799,3.0,89,0,3,0.54886875
3800,3.0,72,0,3,0.5487500000000001
3801,3.0,45,0,3,0.54863125
3802,0.0,8,1,0,0.5485125
3803,0.0,16,1,0,0.54839375
3804,1.0,16,1,1,0.5482750000000001
3805,0.0,3,1,0,0.54815625
3806,1.0,25,1,1,0.5480375
3807,2.0,30,1,2,0.54791875
3808,3.0,102,0,3,0.5478000000000001
3809,3.0,50,0,3,0.54768125
3810,3.0,43,0,3,0.5475625
3811,3.0,46,0,3,0.54744375
3812,1.0,25,1,1,0.5473250000000001
3813,1.0,51,1,1,0.54720625
3814,0.0,11,1,0,0.5470875
3815,1.0,21,1,1,0.54696875
3816,1.0,20,1,1,0.5468500000000001
3817,3.0,34,0,3,0.54673125
3818,0.0,9,1,0,0.5466125
3819,3.0,76,0,3,0.54649375
3820,3.0,75,0,3,0.546375
3821,1.0,24,1,1,0.54625625
3822,2.0,30,1,2,0.5461374999999999
3823,2.0,36,1,2,0.54601875
3824,1.0,20,1,1,0.5459
3825,1.0,30,1,1,0.54578125
3826,3.0,32,0,3,0.5456624999999999
3827,3.0,51,0,3,0.54554375
3828,1.0,22,1,1,0.545425
3829,1.0,36,1,1,0.54530625
3830,3.0,44,0,3,0.5451874999999999
3831,3.0,52,0,3,0.54506875
3832,1.0,39,1,1,0.54495
3833,1.0,17,1,1,0.54483125
3834,1.0,27,1,1,0.5447124999999999
3835,1.0,9,1,1,0.54459375
3836,0.0,5,1,0,0.544475
3837,3.0,68,0,3,0.54435625
3838,0.0,17,1,0,0.5442374999999999
3839,3.0,46,0,3,0.54411875
3840,3.0,40,0,3,0.544
3841,3.0,59,0,3,0.54388125
3842,3.0,64,0,3,0.5437625
3843,0.0,4,1,0,0.54364375
3844,1.0,35,1,1,0.543525
3845,3.0,76,0,3,0.54340625
3846,1.0,35,1,1,0.5432875
3847,3.0,42,0,3,0.54316875
3848,1.0,31,1,1,0.54305
3849,3.0,41,0,3,0.54293125
3850,3.0,38,0,3,0.5428125
3851,1.0,13,1,1,0.54269375
3852,2.0,33,1,2,0.542575
3853,3.0,50,0,3,0.54245625
3854,3.0,33,0,3,0.5423375
3855,3.0,46,0,3,0.54221875
3856,1.0,17,1,1,0.5421
3857,0.0,8,1,0,0.54198125
3858,3.0,57,0,3,0.5418625
3859,3.0,45,0,3,0.54174375
3860,2.0,67,1,2,0.541625
3861,0.0,5,1,0,0.5415062500000001
3862,3.0,46,0,3,0.5413875
3863,3.0,44,0,3,0.54126875
3864,2.0,43,1,2,0.54115
3865,3.0,37,0,3,0.5410312500000001
3866,1.0,30,1,1,0.5409125
3867,3.0,57,0,3,0.54079375
3868,0.0,8,1,0,0.540675
3869,0.0,5,1,0,0.5405562500000001
3870,0.0,7,1,0,0.5404375
3871,1.0,27,1,1,0.54031875
3872,0.0,17,1,0,0.5402
3873,1.0,21,1,1,0.5400812500000001
3874,1.0,22,1,1,0.5399625
3875,3.0,40,0,3,0.53984375
3876,3.0,33,0,3,0.539725
3877,1.0,36,1,1,0.5396062500000001
3878,3.0,44,0,3,0.5394875
3879,3.0,56,0,3,0.53936875
3880,1.0,18,1,1,0.53925
3881,3.0,31,0,3,0.5391312500000001
3882,2.0,39,1,2,0.5390125
3883,3.0,46,0,3,0.53889375
3884,0.0,8,1,0,0.538775
3885,1.0,21,1,1,0.5386562500000001
3886,1.0,30,1,1,0.5385375
3887,0.0,7,1,0,0.53841875
3888,2.0,42,1,2,0.5383
3889,0.0,21,1,0,0.53818125
3890,3.0,33,0,3,0.5380625
3891,0.0,9,1,0,0.5379437499999999
3892,0.0,7,1,0,0.537825
3893,3.0,60,0,3,0.53770625
3894,0.0,5,1,0,0.5375875
3895,3.0,54,0,3,0.5374687499999999
3896,3.0,46,0,3,0.53735
3897,1.0,21,1,1,0.53723125
3898,0.0,4,1,0,0.5371125
3899,1.0,21,1,1,0.5369937499999999
3900,3.0,46,0,3,0.536875
3901,2.0,31,1,2,0.53675625
3902,3.0,62,0,3,0.5366375
3903,3.0,59,0,3,0.53651875
3904,0.0,7,1,0,0.5364
3905,1.0,16,1,1,0.53628125
3906,2.0,45,1,2,0.5361625
3907,3.0,43,0,3,0.53604375
3908,3.0,47,0,3,0.535925
3909,1.0,24,1,1,0.53580625
3910,0.0,5,1,0,0.5356875
3911,3.0,94,0,3,0.53556875
3912,1.0,22,1,1,0.53545
3913,1.0,42,1,1,0.53533125
3914,3.0,43,0,3,0.5352125
3915,3.0,83,0,3,0.53509375
3916,1.0,30,1,1,0.534975
3917,3.0,49,0,3,0.53485625
3918,1.0,12,1,1,0.5347375
3919,2.0,68,1,2,0.53461875
3920,3.0,26,0,3,0.5345
3921,3.0,71,0,3,0.53438125
3922,3.0,41,0,3,0.5342625000000001
3923,3.0,31,0,3,0.53414375
3924,3.0,34,0,3,0.534025
3925,1.0,45,1,1,0.53390625
3926,3.0,39,0,3,0.5337875000000001
3927,3.0,56,0,3,0.53366875
3928,3.0,41,0,3,0.53355
3929,3.0,59,0,3,0.53343125
3930,0.0,18,1,0,0.5333125000000001
3931,2.0,34,1,2,0.53319375
3932,3.0,47,0,3,0.533075
3933,0.0,12,1,0,0.53295625
3934,3.0,40,0,3,0.5328375000000001
3935,1.0,38,1,1,0.53271875
3936,3.0,32,0,3,0.5326
3937,3.0,38,0,3,0.53248125
3938,1.0,22,1,1,0.5323625000000001
3939,0.0,11,1,0,0.53224375
3940,3.0,52,0,3,0.532125
3941,3.0,47,0,3,0.53200625
3942,1.0,10,1,1,0.5318875000000001
3943,1.0,22,1,1,0.53176875
3944,1.0,25,1,1,0.53165
3945,0.0,6,1,0,0.53153125
3946,3.0,54,0,3,0.5314125000000001
3947,0.0,12,1,0,0.53129375
3948,0.0,12,1,0,0.531175
3949,3.0,32,0,3,0.53105625
3950,1.0,30,1,1,0.5309375000000001
3951,3.0,36,0,3,0.53081875
3952,3.0,34,0,3,0.5307
3953,1.0,43,1,1,0.53058125
3954,3.0,38,0,3,0.5304625000000001
3955,1.0,26,1,1,0.53034375
3956,3.0,53,0,3,0.530225
3957,1.0,33,1,1,0.53010625
3958,1.0,44,1,1,0.5299875000000001
3959,3.0,42,0,3,0.52986875
3960,3.0,34,0,3,0.5297499999999999
3961,2.0,41,1,2,0.52963125
3962,3.0,27,0,3,0.5295125
3963,1.0,15,1,1,0.52939375
3964,1.0,38,1,1,0.529275
3965,1.0,24,1,1,0.52915625
3966,3.0,71,0,3,0.5290375
3967,3.0,45,0,3,0.52891875
3968,0.0,11,1,0,0.5288
3969,1.0,48,1,1,0.52868125
3970,1.0,24,1,1,0.5285625
3971,3.0,44,0,3,0.52844375
3972,3.0,63,0,3,0.528325
3973,3.0,27,0,3,0.52820625
3974,3.0,61,0,3,0.5280875
3975,3.0,44,0,3,0.52796875
3976,3.0,44,0,3,0.52785
3977,3.0,42,0,3,0.52773125
3978,1.0,13,1,1,0.5276125
3979,1.0,29,1,1,0.52749375
3980,1.0,35,1,1,0.527375
3981,1.0,20,1,1,0.52725625
3982,3.0,43,0,3,0.5271375
3983,1.0,24,1,1,0.5270187500000001
3984,3.0,37,0,3,0.5269
3985,1.0,19,1,1,0.52678125
3986,1.0,24,1,1,0.5266625
3987,3.0,34,0,3,0.5265437500000001
3988,3.0,68,0,3,0.526425
3989,1.0,25,1,1,0.52630625
3990,2.0,52,1,2,0.5261875
3991,3.0,40,0,3,0.5260687500000001
3992,3.0,40,0,3,0.52595
3993,1.0,20,1,1,0.52583125
3994,0.0,4,1,0,0.5257125
3995,1.0,17,1,1,0.5255937500000001
3996,3.0,49,0,3,0.525475
3997,1.0,25,1,1,0.52535625
3998,0.0,24,1,0,0.5252375
3999,3.0,45,0,3,0.5251187500000001
4000,3.0,44,0,3,0.525
4001,1.0,20,1,1,0.52488125
4002,3.0,34,0,3,0.5247625
4003,3.0,42,0,3,0.5246437500000001
4004,3.0,40,0,3,0.5245250000000001
4005,3.0,42,0,3,0.52440625
4006,3.0,49,0,3,0.5242875
4007,0.0,6,1,0,0.5241687500000001
4008,1.0,15,1,1,0.52405
4009,1.0,20,1,1,0.52393125
4010,1.0,40,1,1,0.5238125
4011,1.0,14,1,1,0.5236937500000001
4012,1.0,31,1,1,0.5235750000000001
4013,0.0,7,1,0,0.52345625
4014,3.0,54,0,3,0.5233375
4015,3.0,50,0,3,0.5232187500000001
4016,2.0,28,1,2,0.5231
4017,1.0,17,1,1,0.52298125
4018,1.0,26,1,1,0.5228625
4019,3.0,64,0,3,0.5227437500000001
4020,1.0,13,1,1,0.5226250000000001
4021,1.0,16,1,1,0.5225062500000001
4022,1.0,46,1,1,0.5223875
4023,1.0,22,1,1,0.5222687500000001
4024,0.0,5,1,0,0.52215
4025,3.0,50,0,3,0.52203125
4026,2.0,43,1,2,0.5219125
4027,1.0,25,1,1,0.5217937500000001
4028,3.0,38,0,3,0.5216750000000001
4029,3.0,44,0,3,0.52155625
4030,0.0,6,1,0,0.5214375
4031,3.0,50,0,3,0.52131875
4032,3.0,46,0,3,0.5212
4033,1.0,44,1,1,0.5210812499999999
4034,0.0,6,1,0,0.5209625
4035,2.0,77,1,2,0.52084375
4036,3.0,64,0,3,0.5207250000000001
4037,1.0,25,1,1,0.52060625
4038,0.0,9,1,0,0.5204875
4039,1.0,23,1,1,0.52036875
4040,0.0,6,1,0,0.5202500000000001
4041,1.0,26,1,1,0.5201312499999999
4042,1.0,29,1,1,0.5200125
4043,2.0,36,1,2,0.51989375
4044,0.0,7,1,0,0.5197750000000001
4045,3.0,38,0,3,0.51965625
4046,3.0,35,0,3,0.5195375
4047,3.0,43,0,3,0.51941875
4048,3.0,54,0,3,0.5193000000000001
4049,0.0,6,1,0,0.5191812499999999
4050,3.0,48,0,3,0.5190625
4051,1.0,26,1,1,0.51894375
4052,1.0,19,1,1,0.5188250000000001
4053,3.0,52,0,3,0.51870625
4054,1.0,40,1,1,0.5185875
4055,1.0,27,1,1,0.51846875
4056,1.0,18,1,1,0.5183500000000001
4057,1.0,24,1,1,0.5182312499999999
4058,1.0,12,1,1,0.5181125
4059,2.0,38,1,2,0.51799375
4060,2.0,43,1,2,0.5178750000000001
4061,3.0,50,0,3,0.51775625
4062,1.0,30,1,1,0.5176375
4063,0.0,23,1,0,0.51751875
4064,3.0,45,0,3,0.5174000000000001
4065,3.0,54,0,3,0.5172812499999999
4066,3.0,39,0,3,0.5171625
4067,3.0,47,0,3,0.51704375
4068,1.0,28,1,1,0.5169250000000001
4069,3.0,31,0,3,0.51680625
4070,1.0,20,1,1,0.5166875
4071,0.0,16,1,0,0.51656875
4072,3.0,53,0,3,0.5164500000000001
4073,3.0,58,0,3,0.5163312499999999
4074,3.0,42,0,3,0.5162125
4075,3.0,42,0,3,0.51609375
4076,3.0,41,0,3,0.5159750000000001
4077,3.0,29,0,3,0.51585625
4078,3.0,51,0,3,0.5157375
4079,1.0,46,1,1,0.51561875
4080,1.0,25,1,1,0.5155000000000001
4081,0.0,11,1,0,0.5153812499999999
4082,3.0,38,0,3,0.5152625000000001
4083,3.0,42,0,3,0.51514375
4084,3.0,41,0,3,0.5150250000000001
4085,3.0,36,0,3,0.51490625
4086,1.0,19,1,1,0.5147875
4087,3.0,51,0,3,0.51466875
4088,3.0,52,0,3,0.5145500000000001
4089,3.0,42,0,3,0.5144312499999999
4090,3.0,47,0,3,0.5143125000000001
4091,1.0,29,1,1,0.51419375
4092,0.0,10,1,0,0.5140750000000001
4093,3.0,52,0,3,0.51395625
4094,3.0,47,0,3,0.5138375
4095,0.0,9,1,0,0.51371875
4096,2.0,74,1,2,0.5136000000000001
4097,1.0,12,1,1,0.51348125
4098,3.0,49,0,3,0.5133625
4099,0.0,6,1,0,0.51324375
4100,0.0,4,1,0,0.513125
4101,0.0,7,1,0,0.5130062500000001
4102,2.0,32,1,2,0.5128874999999999
4103,3.0,51,0,3,0.51276875
4104,3.0,39,0,3,0.51265
4105,3.0,28,0,3,0.51253125
4106,3.0,42,0,3,0.5124125
4107,3.0,61,0,3,0.51229375
4108,2.0,43,1,2,0.512175
4109,1.0,25,1,1,0.5120562500000001
4110,2.0,24,1,2,0.5119374999999999
4111,3.0,46,0,3,0.51181875
4112,1.0,15,1,1,0.5117
4113,1.0,33,1,1,0.51158125
4114,3.0,58,0,3,0.5114625
4115,3.0,47,0,3,0.51134375
4116,3.0,45,0,3,0.511225
4117,3.0,65,0,3,0.5111062500000001
4118,1.0,20,1,1,0.5109874999999999
4119,3.0,53,0,3,0.51086875
4120,1.0,14,1,1,0.51075
4121,1.0,20,1,1,0.51063125
4122,1.0,41,1,1,0.5105125
4123,3.0,39,0,3,0.51039375
4124,2.0,31,1,2,0.510275
4125,3.0,80,0,3,0.5101562500000001
4126,3.0,56,0,3,0.5100374999999999
4127,0.0,8,1,0,0.50991875
4128,2.0,32,1,2,0.5098
4129,1.0,17,1,1,0.5096812500000001
4130,3.0,48,0,3,0.5095625
4131,3.0,29,0,3,0.50944375
4132,1.0,31,1,1,0.509325
4133,3.0,29,0,3,0.5092062500000001
4134,1.0,21,1,1,0.5090874999999999
4135,1.0,35,1,1,0.50896875
4136,2.0,37,1,2,0.50885
4137,3.0,42,0,3,0.5087312500000001
4138,2.0,42,1,2,0.5086125
4139,0.0,7,1,0,0.50849375
4140,1.0,17,1,1,0.508375
4141,3.0,32,0,3,0.5082562500000001
4142,3.0,66,0,3,0.5081374999999999
4143,3.0,49,0,3,0.5080187500000001
4144,1.0,27,1,1,0.5079
4145,1.0,27,1,1,0.5077812500000001
4146,1.0,22,1,1,0.5076625
4147,3.0,44,0,3,0.50754375
4148,1.0,20,1,1,0.507425
4149,1.0,61,1,1,0.5073062500000001
4150,3.0,27,0,3,0.5071874999999999
4151,3.0,29,0,3,0.5070687500000001
4152,3.0,35,0,3,0.50695
4153,1.0,23,1,1,0.5068312500000001
4154,3.0,45,0,3,0.5067125
4155,1.0,24,1,1,0.50659375
4156,1.0,29,1,1,0.506475
4157,0.0,9,1,0,0.5063562500000001
4158,3.0,36,0,3,0.5062375
4159,1.0,16,1,1,0.5061187500000001
4160,1.0,23,1,1,0.506
4161,2.0,35,1,2,0.5058812500000001
4162,3.0,35,0,3,0.5057625000000001
4163,3.0,51,0,3,0.50564375
4164,3.0,32,0,3,0.505525
4165,3.0,53,0,3,0.5054062500000001
4166,2.0,36,1,2,0.5052875
4167,3.0,57,0,3,0.50516875
4168,1.0,20,1,1,0.50505
4169,3.0,34,0,3,0.50493125
4170,2.0,27,1,2,0.5048125000000001
4171,1.0,23,1,1,0.5046937499999999
4172,1.0,39,1,1,0.504575
4173,1.0,22,1,1,0.50445625
4174,3.0,32,0,3,0.5043375
4175,3.0,40,0,3,0.50421875
4176,3.0,37,0,3,0.5041
4177,3.0,32,0,3,0.50398125
4178,3.0,51,0,3,0.5038625000000001
4179,1.0,26,1,1,0.5037437499999999
4180,3.0,33,0,3,0.503625
4181,3.0,28,0,3,0.50350625
4182,3.0,46,0,3,0.5033875
4183,3.0,59,0,3,0.50326875
4184,3.0,41,0,3,0.50315
4185,0.0,7,1,0,0.50303125
4186,2.0,39,1,2,0.5029125000000001
4187,1.0,31,1,1,0.5027937499999999
4188,3.0,34,0,3,0.502675
4189,3.0,60,0,3,0.50255625
4190,2.0,44,1,2,0.5024375
4191,3.0,34,0,3,0.50231875
4192,2.0,31,1,2,0.5022
4193,1.0,17,1,1,0.50208125
4194,3.0,50,0,3,0.5019625000000001
4195,1.0,22,1,1,0.5018437499999999
4196,3.0,36,0,3,0.501725
4197,0.0,6,1,0,0.50160625
4198,3.0,43,0,3,0.5014875
4199,0.0,5,1,0,0.50136875
4200,1.0,12,1,1,0.50125
4201,2.0,49,1,2,0.50113125
4202,1.0,11,1,1,0.5010125000000001
4203,3.0,70,0,3,0.5008937499999999
4204,3.0,37,0,3,0.5007750000000001
4205,2.0,42,1,2,0.50065625
4206,3.0,96,0,3,0.5005375
4207,3.0,69,0,3,0.50041875
4208,3.0,28,0,3,0.5003
4209,1.0,14,1,1,0.50018125
4210,3.0,40,0,3,0.5000625000000001
4211,3.0,48,0,3,0.49994375
4212,3.0,29,0,3,0.4998250000000001
4213,1.0,41,1,1,0.49970625
4214,3.0,32,0,3,0.49958749999999996
4215,3.0,64,0,3,0.49946875
4216,1.0,26,1,1,0.49934999999999996
4217,1.0,10,1,1,0.49923125
4218,3.0,30,0,3,0.49911250000000007
4219,2.0,35,1,2,0.49899375
4220,3.0,29,0,3,0.49887500000000007
4221,3.0,46,0,3,0.49875625
4222,1.0,23,1,1,0.49863749999999996
4223,1.0,16,1,1,0.49851875
4224,1.0,11,1,1,0.49839999999999995
4225,1.0,32,1,1,0.4982812500000001
4226,1.0,38,1,1,0.49816250000000006
4227,3.0,34,0,3,0.49804375
4228,3.0,48,0,3,0.49792500000000006
4229,2.0,40,1,2,0.49780625
4230,1.0,23,1,1,0.49768749999999995
4231,0.0,8,1,0,0.49756875
4232,1.0,43,1,1,0.49744999999999995
4233,1.0,29,1,1,0.4973312500000001
4234,1.0,26,1,1,0.49721250000000006
4235,2.0,37,1,2,0.49709375
4236,1.0,25,1,1,0.49697500000000006
4237,3.0,50,0,3,0.49685625
4238,1.0,9,1,1,0.49673749999999994
4239,1.0,33,1,1,0.49661875
4240,3.0,45,0,3,0.49650000000000005
4241,2.0,52,1,2,0.4963812500000001
4242,3.0,35,0,3,0.49626250000000005
4243,1.0,48,1,1,0.49614375
4244,1.0,24,1,1,0.49602500000000005
4245,3.0,59,0,3,0.49590625
4246,3.0,41,0,3,0.49578749999999994
4247,1.0,18,1,1,0.49566875
4248,1.0,16,1,1,0.49555000000000005
4249,3.0,60,0,3,0.4954312500000001
4250,3.0,50,0,3,0.49531250000000004
4251,3.0,58,0,3,0.49519375
4252,1.0,34,1,1,0.49507500000000004
4253,2.0,38,1,2,0.49495625
4254,1.0,28,1,1,0.49483750000000004
4255,3.0,28,0,3,0.49471875
4256,2.0,46,1,2,0.49460000000000004
4257,3.0,34,0,3,0.4944812500000001
4258,3.0,26,0,3,0.49436250000000004
4259,3.0,39,0,3,0.49424375
4260,3.0,41,0,3,0.49412500000000004
4261,3.0,23,0,3,0.49400625
4262,3.0,40,0,3,0.49388750000000003
4263,3.0,45,0,3,0.4937687500000001
4264,3.0,46,0,3,0.49365000000000003
4265,3.0,41,0,3,0.4935312500000001
4266,1.0,17,1,1,0.49341250000000003
4267,1.0,25,1,1,0.49329375
4268,0.0,8,1,0,0.49317500000000003
4269,3.0,32,0,3,0.49305625
4270,1.0,24,1,1,0.49293750000000003
4271,2.0,43,1,2,0.4928187500000001
4272,3.0,48,0,3,0.4927
4273,1.0,25,1,1,0.4925812500000001
4274,3.0,42,0,3,0.4924625
4275,1.0,18,1,1,0.49234374999999997
4276,1.0,26,1,1,0.492225
4277,1.0,26,1,1,0.49210624999999997
4278,1.0,19,1,1,0.4919875
4279,1.0,41,1,1,0.4918687500000001
4280,1.0,13,1,1,0.49175
4281,3.0,35,0,3,0.4916312500000001
4282,0.0,5,1,0,0.4915125
4283,2.0,41,1,2,0.49139374999999996
4284,3.0,35,0,3,0.491275
4285,3.0,50,0,3,0.49115624999999996
4286,3.0,45,0,3,0.4910375000000001
4287,3.0,37,0,3,0.49091875000000007
4288,3.0,32,0,3,0.4908
4289,1.0,18,1,1,0.49068125000000007
4290,3.0,45,0,3,0.4905625
4291,3.0,33,0,3,0.49044374999999996
4292,1.0,38,1,1,0.490325
4293,3.0,31,0,3,0.49020624999999995
4294,3.0,28,0,3,0.4900875000000001
4295,1.0,36,1,1,0.48996875000000006
4296,3.0,48,0,3,0.48985
4297,1.0,23,1,1,0.48973125000000006
4298,3.0,28,0,3,0.4896125
4299,0.0,4,1,0,0.48949374999999995
4300,3.0,36,0,3,0.489375
4301,3.0,53,0,3,0.48925625000000006
4302,1.0,48,1,1,0.4891375000000001
4303,3.0,50,0,3,0.48901875000000006
4304,3.0,58,0,3,0.4889
4305,1.0,15,1,1,0.48878125000000006
4306,3.0,48,0,3,0.4886625
4307,1.0,27,1,1,0.48854374999999994
4308,2.0,42,1,2,0.488425
4309,3.0,62,0,3,0.48830625000000005
4310,2.0,35,1,2,0.4881875000000001
4311,0.0,16,1,0,0.48806875000000005
4312,2.0,25,1,2,0.48795
4313,3.0,42,0,3,0.48783125000000005
4314,3.0,37,0,3,0.4877125
4315,0.0,11,1,0,0.48759374999999994
4316,1.0,24,1,1,0.487475
4317,3.0,57,0,3,0.48735625000000005
4318,1.0,33,1,1,0.4872375000000001
4319,1.0,46,1,1,0.48711875000000004
4320,1.0,29,1,1,0.487
4321,3.0,54,0,3,0.48688125000000004
4322,2.0,37,1,2,0.4867625
4323,1.0,17,1,1,0.48664374999999993
4324,1.0,9,1,1,0.4865250000000001
4325,3.0,27,0,3,0.48640625000000004
4326,3.0,62,0,3,0.4862875000000001
4327,2.0,36,1,2,0.48616875000000004
4328,3.0,50,0,3,0.48605
4329,1.0,22,1,1,0.48593125000000004
4330,1.0,29,1,1,0.4858125
4331,3.0,49,0,3,0.4856937499999999
4332,1.0,25,1,1,0.4855750000000001
4333,3.0,72,0,3,0.48545625000000003
4334,1.0,27,1,1,0.4853375000000001
4335,1.0,32,1,1,0.48521875000000003
4336,1.0,14,1,1,0.4851
4337,3.0,67,0,3,0.48498125000000003
4338,1.0,18,1,1,0.4848625
4339,3.0,32,0,3,0.48474375000000003
4340,2.0,48,1,2,0.4846250000000001
4341,0.0,16,1,0,0.48450625
4342,1.0,23,1,1,0.4843875000000001
4343,3.0,38,0,3,0.48426875
4344,1.0,28,1,1,0.48414999999999997
4345,3.0,62,0,3,0.48403125
4346,0.0,18,1,0,0.48391249999999997
4347,3.0,49,0,3,0.48379375
4348,3.0,56,0,3,0.4836750000000001
4349,3.0,41,0,3,0.48355625
4350,3.0,69,0,3,0.4834375000000001
4351,3.0,51,0,3,0.48331875
4352,3.0,57,0,3,0.48319999999999996
4353,1.0,24,1,1,0.48308125
4354,0.0,3,1,0,0.48296249999999996
4355,1.0,23,1,1,0.48284375
4356,3.0,57,0,3,0.48272500000000007
4357,2.0,38,1,2,0.48260625
4358,1.0,22,1,1,0.48248750000000007
4359,1.0,28,1,1,0.48236875
4360,1.0,35,1,1,0.48224999999999996
4361,3.0,28,0,3,0.48213125
4362,1.0,28,1,1,0.48201250000000007
4363,0.0,5,1,0,0.48189375
4364,3.0,39,0,3,0.48177500000000006
4365,0.0,8,1,0,0.48165625
4366,3.0,54,0,3,0.48153750000000006
4367,3.0,25,0,3,0.48141875
4368,2.0,41,1,2,0.48129999999999995
4369,0.0,5,1,0,0.48118125
4370,3.0,33,0,3,0.48106250000000006
4371,3.0,46,0,3,0.48094375
4372,0.0,5,1,0,0.48082500000000006
4373,3.0,32,0,3,0.48070625
4374,1.0,26,1,1,0.48058750000000006
4375,1.0,27,1,1,0.48046875
4376,3.0,28,0,3,0.48034999999999994
4377,3.0,51,0,3,0.48023125
4378,0.0,19,1,0,0.48011250000000005
4379,3.0,56,0,3,0.4799937500000001
4380,3.0,45,0,3,0.47987500000000005
4381,3.0,42,0,3,0.47975625
4382,3.0,35,0,3,0.47963750000000005
4383,3.0,43,0,3,0.47951875
4384,1.0,23,1,1,0.47939999999999994
4385,3.0,26,0,3,0.4792812500000001
4386,3.0,70,0,3,0.47916250000000005
4387,3.0,39,0,3,0.4790437500000001
4388,1.0,15,1,1,0.47892500000000005
4389,2.0,47,1,2,0.47880625
4390,3.0,37,0,3,0.47868750000000004
4391,2.0,59,1,2,0.47856875
4392,0.0,3,1,0,0.47844999999999993
4393,1.0,21,1,1,0.4783312500000001
4394,3.0,32,0,3,0.47821250000000004
4395,2.0,52,1,2,0.4780937500000001
4396,3.0,43,0,3,0.47797500000000004
4397,2.0,37,1,2,0.47785625
4398,1.0,23,1,1,0.47773750000000004
4399,3.0,48,0,3,0.47761875
4400,2.0,33,1,2,0.47750000000000004
4401,1.0,12,1,1,0.4773812500000001
4402,1.0,18,1,1,0.47726250000000003
4403,3.0,47,0,3,0.4771437500000001
4404,0.0,12,1,0,0.47702500000000003
4405,3.0,30,0,3,0.47690625
4406,3.0,40,0,3,0.47678750000000003
4407,1.0,19,1,1,0.47666875
4408,3.0,34,0,3,0.47655000000000003
4409,3.0,36,0,3,0.4764312500000001
4410,1.0,17,1,1,0.4763125
4411,3.0,37,0,3,0.4761937500000001
4412,3.0,42,0,3,0.476075
4413,3.0,51,0,3,0.47595624999999997
4414,3.0,34,0,3,0.4758375
4415,2.0,34,1,2,0.47571874999999997
4416,1.0,26,1,1,0.4756
4417,3.0,66,0,3,0.4754812500000001
4418,3.0,59,0,3,0.4753625
4419,3.0,51,0,3,0.4752437500000001
4420,0.0,12,1,0,0.475125
4421,1.0,23,1,1,0.47500624999999996
4422,3.0,52,0,3,0.4748875
4423,3.0,61,0,3,0.4747687500000001
4424,3.0,45,0,3,0.47465
4425,1.0,19,1,1,0.47453125000000007
4426,1.0,9,1,1,0.4744125
4427,0.0,12,1,0,0.47429375000000007
4428,3.0,32,0,3,0.474175
4429,3.0,43,0,3,0.47405624999999996
4430,0.0,8,1,0,0.4739375
4431,3.0,48,0,3,0.47381875000000007
4432,2.0,34,1,2,0.4737
4433,1.0,19,1,1,0.47358125000000006
4434,1.0,20,1,1,0.4734625
4435,3.0,32,0,3,0.47334375000000006
4436,1.0,23,1,1,0.473225
4437,1.0,35,1,1,0.47310624999999995
4438,3.0,51,0,3,0.4729875
4439,3.0,34,0,3,0.47286875000000006
4440,1.0,24,1,1,0.47275
4441,3.0,37,0,3,0.47263125000000006
4442,1.0,20,1,1,0.4725125
4443,3.0,39,0,3,0.47239375000000006
4444,3.0,40,0,3,0.472275
4445,1.0,16,1,1,0.47215624999999994
4446,3.0,56,0,3,0.4720375000000001
4447,3.0,54,0,3,0.47191875000000005
4448,0.0,15,1,0,0.4718
4449,1.0,27,1,1,0.47168125000000005
4450,3.0,40,0,3,0.4715625
4451,0.0,4,1,0,0.47144375000000005
4452,3.0,44,0,3,0.471325
4453,0.0,8,1,0,0.47120624999999994
4454,1.0,45,1,1,0.4710875000000001
4455,3.0,32,0,3,0.47096875000000005
4456,1.0,44,1,1,0.47085
4457,0.0,9,1,0,0.47073125000000005
4458,2.0,45,1,2,0.4706125
4459,0.0,7,1,0,0.47049375000000004
4460,2.0,41,1,2,0.470375
4461,2.0,37,1,2,0.47025625000000004
4462,3.0,45,0,3,0.4701375000000001
4463,3.0,51,0,3,0.47001875000000004
4464,3.0,37,0,3,0.4699
4465,3.0,50,0,3,0.46978125000000004
4466,2.0,28,1,2,0.4696625
4467,3.0,46,0,3,0.46954375000000004
4468,3.0,33,0,3,0.469425
4469,3.0,58,0,3,0.46930625000000004
4470,1.0,51,1,1,0.4691875000000001
4471,2.0,41,1,2,0.46906875000000003
4472,2.0,31,1,2,0.46895
4473,3.0,30,0,3,0.46883125000000003
4474,3.0,35,0,3,0.4687125
4475,1.0,25,1,1,0.46859375000000003
4476,3.0,53,0,3,0.468475
4477,1.0,22,1,1,0.46835625000000003
4478,3.0,60,0,3,0.4682375000000001
4479,1.0,27,1,1,0.46811875000000003
4480,2.0,37,1,2,0.46799999999999997
4481,3.0,35,0,3,0.46788125
4482,2.0,37,1,2,0.46776249999999997
4483,1.0,34,1,1,0.46764375
4484,1.0,40,1,1,0.4675250000000001
4485,3.0,45,0,3,0.46740625
4486,3.0,37,0,3,0.4672875000000001
4487,0.0,6,1,0,0.46716875
4488,2.0,25,1,2,0.46704999999999997
4489,3.0,54,0,3,0.46693125
4490,0.0,7,1,0,0.46681249999999996
4491,3.0,63,0,3,0.46669375
4492,1.0,27,1,1,0.4665750000000001
4493,1.0,22,1,1,0.46645625
4494,1.0,35,1,1,0.46633750000000007
4495,2.0,39,1,2,0.46621875
4496,1.0,18,1,1,0.46609999999999996
4497,3.0,34,0,3,0.46598125
4498,3.0,46,0,3,0.46586249999999996
4499,3.0,41,0,3,0.46574375
4500,3.0,52,0,3,0.46562500000000007
4501,3.0,34,0,3,0.46550625
4502,1.0,19,1,1,0.46538750000000007
4503,3.0,25,0,3,0.46526875
4504,3.0,47,0,3,0.46515000000000006
4505,1.0,10,1,1,0.46503125
4506,0.0,6,1,0,0.46491249999999995
4507,3.0,29,0,3,0.4647937500000001
4508,1.0,18,1,1,0.46467500000000006
4509,3.0,37,0,3,0.46455625
4510,3.0,39,0,3,0.46443750000000006
4511,1.0,20,1,1,0.46431875
4512,0.0,4,1,0,0.46420000000000006
4513,3.0,45,0,3,0.46408125
4514,3.0,45,0,3,0.46396249999999994
4515,3.0,40,0,3,0.4638437500000001
4516,3.0,46,0,3,0.46372500000000005
4517,3.0,34,0,3,0.46360625
4518,1.0,13,1,1,0.46348750000000005
4519,3.0,67,0,3,0.46336875
4520,1.0,21,1,1,0.46325000000000005
4521,1.0,30,1,1,0.46313125
4522,3.0,49,0,3,0.46301250000000005
4523,1.0,14,1,1,0.4628937500000001
4524,1.0,39,1,1,0.46277500000000005
4525,3.0,49,0,3,0.46265625
4526,0.0,4,1,0,0.46253750000000005
4527,1.0,22,1,1,0.46241875
4528,0.0,5,1,0,0.46230000000000004
4529,3.0,33,0,3,0.46218125
4530,3.0,41,0,3,0.46206250000000004
4531,0.0,8,1,0,0.4619437500000001
4532,3.0,32,0,3,0.46182500000000004
4533,3.0,37,0,3,0.46170625
4534,3.0,45,0,3,0.46158750000000004
4535,3.0,29,0,3,0.46146875
4536,1.0,23,1,1,0.46135000000000004
4537,3.0,56,0,3,0.46123125
4538,3.0,56,0,3,0.46111250000000004
4539,3.0,34,0,3,0.4609937500000001
4540,3.0,30,0,3,0.46087500000000003
4541,3.0,40,0,3,0.46075625
4542,3.0,39,0,3,0.46063750000000003
4543,3.0,33,0,3,0.46051875
4544,1.0,16,1,1,0.46040000000000003
4545,3.0,42,0,3,0.4602812500000001
4546,3.0,32,0,3,0.46016250000000003
4547,3.0,50,0,3,0.4600437500000001
4548,3.0,46,0,3,0.45992500000000003
4549,3.0,44,0,3,0.45980624999999997
4550,3.0,42,0,3,0.4596875
4551,1.0,17,1,1,0.45956874999999997
4552,3.0,32,0,3,0.45945
4553,0.0,11,1,0,0.4593312500000001
4554,3.0,41,0,3,0.4592125
4555,3.0,62,0,3,0.4590937500000001
4556,3.0,31,0,3,0.458975
4557,1.0,28,1,1,0.45885624999999997
4558,1.0,41,1,1,0.4587375
4559,2.0,37,1,2,0.45861874999999996
4560,3.0,29,0,3,0.4585
4561,1.0,30,1,1,0.4583812500000001
4562,3.0,49,0,3,0.4582625
4563,3.0,31,0,3,0.45814375000000007
4564,3.0,33,0,3,0.458025
4565,3.0,32,0,3,0.45790624999999996
4566,3.0,41,0,3,0.4577875
4567,3.0,61,0,3,0.45766874999999996
4568,3.0,32,0,3,0.4575500000000001
4569,3.0,55,0,3,0.45743125000000007
4570,3.0,32,0,3,0.4573125
4571,3.0,30,0,3,0.45719375000000007
4572,3.0,38,0,3,0.457075
4573,1.0,20,1,1,0.45695624999999995
4574,3.0,35,0,3,0.4568375
4575,1.0,11,1,1,0.45671874999999995
4576,3.0,46,0,3,0.4566000000000001
4577,1.0,24,1,1,0.45648125000000006
4578,1.0,39,1,1,0.4563625
4579,1.0,18,1,1,0.45624375000000006
4580,1.0,22,1,1,0.456125
4581,3.0,61,0,3,0.45600624999999995
4582,2.0,45,1,2,0.4558875
4583,3.0,46,0,3,0.45576875000000006
4584,3.0,44,0,3,0.4556500000000001
4585,1.0,44,1,1,0.45553125000000005
4586,3.0,45,0,3,0.4554125
4587,1.0,39,1,1,0.45529375000000005
4588,3.0,45,0,3,0.455175
4589,0.0,12,1,0,0.45505624999999994
4590,3.0,52,0,3,0.4549375
4591,3.0,26,0,3,0.45481875000000005
4592,1.0,22,1,1,0.4547000000000001
4593,3.0,35,0,3,0.45458125000000005
4594,3.0,36,0,3,0.4544625
4595,3.0,30,0,3,0.45434375000000005
4596,1.0,29,1,1,0.454225
4597,3.0,35,0,3,0.45410624999999993
4598,3.0,34,0,3,0.4539875
4599,2.0,31,1,2,0.45386875000000004
4600,3.0,28,0,3,0.4537500000000001
4601,3.0,40,0,3,0.45363125000000004
4602,3.0,39,0,3,0.4535125
4603,1.0,23,1,1,0.45339375000000004
4604,3.0,35,0,3,0.453275
4605,1.0,26,1,1,0.4531562499999999
4606,3.0,40,0,3,0.4530375000000001
4607,3.0,29,0,3,0.45291875000000004
4608,3.0,34,0,3,0.4528000000000001
4609,3.0,54,0,3,0.45268125000000003
4610,3.0,44,0,3,0.4525625
4611,3.0,57,0,3,0.45244375000000003
4612,3.0,41,0,3,0.452325
4613,3.0,37,0,3,0.4522062499999999
4614,3.0,46,0,3,0.4520875000000001
4615,3.0,31,0,3,0.45196875000000003
4616,3.0,52,0,3,0.4518500000000001
4617,1.0,23,1,1,0.45173125000000003
4618,3.0,50,0,3,0.4516125
4619,1.0,19,1,1,0.45149375
4620,1.0,25,1,1,0.45137499999999997
4621,1.0,24,1,1,0.45125625
4622,0.0,15,1,0,0.4511375000000001
4623,3.0,44,0,3,0.45101875
4624,3.0,41,0,3,0.4509000000000001
4625,1.0,22,1,1,0.45078125
4626,1.0,16,1,1,0.45066249999999997
4627,1.0,43,1,1,0.45054375
4628,1.0,25,1,1,0.45042499999999996
4629,1.0,20,1,1,0.45030625000000013
4630,2.0,47,1,2,0.4501875000000001
4631,1.0,42,1,1,0.45006875
4632,1.0,24,1,1,0.44995000000000007
4633,3.0,73,0,3,0.44983125
4634,1.0,34,1,1,0.44971249999999996
4635,0.0,7,1,0,0.44959375
4636,1.0,37,1,1,0.44947499999999996
4637,3.0,34,0,3,0.4493562500000001
4638,3.0,58,0,3,0.44923750000000007
4639,3.0,31,0,3,0.44911875
4640,3.0,33,0,3,0.44900000000000007
4641,3.0,40,0,3,0.44888125
4642,1.0,21,1,1,0.44876249999999995
4643,3.0,44,0,3,0.44864375
4644,3.0,33,0,3,0.44852500000000006
4645,1.0,14,1,1,0.4484062500000001
4646,3.0,48,0,3,0.44828750000000006
4647,3.0,32,0,3,0.44816875
4648,3.0,37,0,3,0.44805000000000006
4649,1.0,22,1,1,0.44793125
4650,3.0,48,0,3,0.44781249999999995
4651,1.0,23,1,1,0.44769375
4652,3.0,35,0,3,0.44757500000000006
4653,3.0,32,0,3,0.4474562500000001
4654,3.0,49,0,3,0.44733750000000005
4655,3.0,35,0,3,0.44721875
4656,3.0,32,0,3,0.44710000000000005
4657,1.0,10,1,1,0.44698125
4658,3.0,39,0,3,0.44686249999999994
4659,3.0,43,0,3,0.44674375
4660,3.0,35,0,3,0.44662500000000005
4661,3.0,43,0,3,0.4465062500000001
4662,0.0,8,1,0,0.44638750000000005
4663,1.0,36,1,1,0.44626875
4664,3.0,40,0,3,0.44615000000000005
4665,3.0,31,0,3,0.44603125
4666,0.0,10,1,0,0.44591249999999993
4667,3.0,43,0,3,0.4457937500000001
4668,1.0,17,1,1,0.44567500000000004
4669,1.0,43,1,1,0.4455562500000001
4670,1.0,18,1,1,0.44543750000000004
4671,3.0,43,0,3,0.44531875
4672,3.0,35,0,3,0.44520000000000004
4673,3.0,38,0,3,0.44508125
4674,1.0,25,1,1,0.4449624999999999
4675,3.0,44,0,3,0.4448437500000001
4676,1.0,19,1,1,0.44472500000000004
4677,2.0,29,1,2,0.4446062500000001
4678,3.0,54,0,3,0.44448750000000004
4679,3.0,41,0,3,0.44436875
4680,2.0,37,1,2,0.44425000000000003
4681,3.0,45,0,3,0.44413125
4682,1.0,31,1,1,0.44401250000000003
4683,2.0,34,1,2,0.4438937500000001
4684,3.0,33,0,3,0.44377500000000003
4685,3.0,44,0,3,0.4436562500000001
4686,1.0,27,1,1,0.44353750000000003
4687,3.0,66,0,3,0.44341875
4688,3.0,27,0,3,0.4433
4689,3.0,39,0,3,0.44318124999999997
4690,0.0,3,1,0,0.4430625
4691,3.0,41,0,3,0.4429437500000001
4692,0.0,4,1,0,0.442825
4693,3.0,27,0,3,0.4427062500000001
4694,3.0,45,0,3,0.4425875
4695,3.0,47,0,3,0.44246874999999997
4696,2.0,28,1,2,0.44235
4697,3.0,38,0,3,0.44223124999999996
4698,2.0,33,1,2,0.4421125
4699,3.0,57,0,3,0.4419937500000001
4700,1.0,27,1,1,0.441875
4701,1.0,32,1,1,0.4417562500000001
4702,3.0,34,0,3,0.4416375
4703,1.0,14,1,1,0.44151874999999996
4704,2.0,45,1,2,0.4414
4705,3.0,39,0,3,0.44128125000000007
4706,3.0,36,0,3,0.4411625
4707,3.0,35,0,3,0.44104375000000007
4708,3.0,39,0,3,0.440925
4709,3.0,30,0,3,0.44080625000000007
4710,2.0,43,1,2,0.4406875
4711,3.0,39,0,3,0.44056874999999995
4712,3.0,39,0,3,0.44045
4713,3.0,33,0,3,0.44033125000000006
4714,3.0,39,0,3,0.4402125
4715,3.0,31,0,3,0.44009375000000006
4716,3.0,37,0,3,0.439975
4717,3.0,31,0,3,0.43985625000000006
4718,1.0,12,1,1,0.4397375
4719,2.0,39,1,2,0.43961874999999995
4720,3.0,46,0,3,0.4395
4721,3.0,43,0,3,0.43938125000000006
4722,2.0,26,1,2,0.4392625
4723,1.0,44,1,1,0.43914375000000005
4724,1.0,29,1,1,0.439025
4725,1.0,37,1,1,0.43890625000000005
4726,0.0,5,1,0,0.4387875
4727,2.0,37,1,2,0.43866874999999994
4728,1.0,19,1,1,0.4385500000000001
4729,3.0,71,0,3,0.43843125000000005
4730,3.0,44,0,3,0.4383125
4731,1.0,12,1,1,0.43819375000000005
4732,1.0,19,1,1,0.438075
4733,3.0,31,0,3,0.43795625000000005
4734,3.0,41,0,3,0.4378375
4735,2.0,35,1,2,0.43771874999999993
4736,1.0,23,1,1,0.4376000000000001
4737,3.0,28,0,3,0.43748125000000004
4738,1.0,32,1,1,0.4373625
4739,3.0,53,0,3,0.43724375000000004
4740,3.0,40,0,3,0.437125
4741,3.0,39,0,3,0.43700625000000004
4742,3.0,31,0,3,0.4368875
4743,3.0,26,0,3,0.43676875000000004
4744,1.0,26,1,1,0.4366500000000001
4745,0.0,10,1,0,0.43653125000000004
4746,3.0,42,0,3,0.4364125
4747,1.0,28,1,1,0.43629375000000004
4748,3.0,61,0,3,0.436175
4749,3.0,35,0,3,0.43605625000000003
4750,3.0,32,0,3,0.4359375
4751,1.0,36,1,1,0.43581875000000003
4752,1.0,28,1,1,0.4357000000000001
4753,3.0,27,0,3,0.43558125000000003
4754,3.0,37,0,3,0.4354625000000001
4755,3.0,34,0,3,0.43534375000000003
4756,2.0,38,1,2,0.435225
4757,3.0,35,0,3,0.43510625
4758,3.0,29,0,3,0.43498749999999997
4759,3.0,43,0,3,0.43486875
4760,1.0,38,1,1,0.4347500000000001
4761,3.0,43,0,3,0.43463125
4762,3.0,48,0,3,0.4345125000000001
4763,2.0,37,1,2,0.43439375
4764,3.0,64,0,3,0.43427499999999997
4765,0.0,10,1,0,0.43415625
4766,3.0,42,0,3,0.4340375000000001
4767,3.0,29,0,3,0.43391875
4768,3.0,39,0,3,0.4338000000000001
4769,3.0,42,0,3,0.43368125
4770,1.0,18,1,1,0.4335625000000001
4771,0.0,4,1,0,0.43344375
4772,1.0,12,1,1,0.43332499999999996
4773,3.0,42,0,3,0.43320625
4774,3.0,45,0,3,0.43308750000000007
4775,3.0,38,0,3,0.43296875
4776,3.0,32,0,3,0.43285000000000007
4777,3.0,29,0,3,0.43273125
4778,3.0,49,0,3,0.43261250000000007
4779,1.0,15,1,1,0.43249375
4780,1.0,35,1,1,0.43237499999999995
4781,1.0,31,1,1,0.43225625
4782,3.0,35,0,3,0.43213750000000006
4783,3.0,41,0,3,0.43201875
4784,3.0,29,0,3,0.43190000000000006
4785,3.0,38,0,3,0.43178125
4786,1.0,24,1,1,0.43166250000000006
4787,3.0,37,0,3,0.43154375
4788,1.0,15,1,1,0.43142499999999995
4789,3.0,53,0,3,0.4313062500000001
4790,3.0,45,0,3,0.43118750000000006
4791,3.0,26,0,3,0.43106875
4792,3.0,32,0,3,0.43095000000000006
4793,3.0,42,0,3,0.43083125
4794,0.0,8,1,0,0.43071250000000005
4795,1.0,20,1,1,0.43059375
4796,1.0,16,1,1,0.43047499999999994
4797,3.0,29,0,3,0.4303562500000001
4798,3.0,27,0,3,0.43023750000000005
4799,1.0,32,1,1,0.43011875
4800,3.0,33,0,3,0.43000000000000005
4801,3.0,29,0,3,0.42988125
4802,3.0,26,0,3,0.42976250000000005
4803,2.0,44,1,2,0.42964375
4804,2.0,22,1,2,0.42952500000000005
4805,1.0,23,1,1,0.4294062500000001
4806,3.0,70,0,3,0.42928750000000004
4807,1.0,15,1,1,0.42916875
4808,1.0,29,1,1,0.42905000000000004
4809,3.0,45,0,3,0.42893125
4810,3.0,34,0,3,0.42881250000000004
4811,3.0,34,0,3,0.42869375
4812,2.0,40,1,2,0.42857500000000004
4813,1.0,20,1,1,0.4284562500000001
4814,2.0,46,1,2,0.42833750000000004
4815,1.0,25,1,1,0.42821875
4816,3.0,36,0,3,0.42810000000000004
4817,1.0,27,1,1,0.42798125
4818,1.0,16,1,1,0.42786250000000003
4819,3.0,52,0,3,0.42774375
4820,3.0,28,0,3,0.42762500000000003
4821,0.0,3,1,0,0.4275062500000001
4822,3.0,34,0,3,0.42738750000000003
4823,3.0,28,0,3,0.42726875
4824,3.0,29,0,3,0.42715000000000003
4825,1.0,9,1,1,0.42703125
4826,2.0,27,1,2,0.42691250000000003
4827,3.0,41,0,3,0.4267937500000001
4828,3.0,28,0,3,0.426675
4829,3.0,73,0,3,0.4265562500000001
4830,3.0,30,0,3,0.4264375
4831,3.0,41,0,3,0.42631874999999997
4832,3.0,44,0,3,0.4262
4833,2.0,39,1,2,0.42608124999999997
4834,3.0,31,0,3,0.4259625
4835,1.0,22,1,1,0.4258437500000001
4836,0.0,4,1,0,0.425725
4837,3.0,29,0,3,0.4256062500000001
4838,3.0,25,0,3,0.4254875
4839,2.0,24,1,2,0.42536874999999996
4840,1.0,11,1,1,0.42525
4841,2.0,29,1,2,0.42513124999999996
4842,3.0,33,0,3,0.4250125
4843,3.0,43,0,3,0.42489375000000007
4844,1.0,19,1,1,0.424775
4845,1.0,35,1,1,0.42465625000000007
4846,1.0,18,1,1,0.4245375
4847,3.0,46,0,3,0.42441874999999996
4848,3.0,42,0,3,0.4243
4849,3.0,41,0,3,0.42418124999999995
4850,3.0,46,0,3,0.4240625000000001
4851,3.0,34,0,3,0.42394375000000006
4852,3.0,42,0,3,0.423825
4853,1.0,23,1,1,0.42370625000000006
4854,2.0,44,1,2,0.4235875
4855,3.0,31,0,3,0.42346874999999995
4856,1.0,19,1,1,0.42335
4857,3.0,28,0,3,0.42323124999999995
4858,3.0,24,0,3,0.4231125000000001
4859,1.0,18,1,1,0.42299375000000006
4860,3.0,54,0,3,0.422875
4861,2.0,29,1,2,0.42275625000000006
4862,1.0,22,1,1,0.4226375
4863,3.0,27,0,3,0.42251874999999994
4864,3.0,35,0,3,0.4224
4865,3.0,44,0,3,0.42228125000000005
4866,3.0,25,0,3,0.4221625000000001
4867,3.0,30,0,3,0.42204375000000005
4868,3.0,30,0,3,0.421925
4869,2.0,36,1,2,0.42180625000000005
4870,0.0,4,1,0,0.4216875
4871,1.0,29,1,1,0.42156874999999994
4872,1.0,13,1,1,0.42145
4873,0.0,11,1,0,0.42133125000000005
4874,3.0,55,0,3,0.4212125000000001
4875,0.0,12,1,0,0.42109375000000004
4876,3.0,39,0,3,0.420975
4877,3.0,37,0,3,0.42085625000000004
4878,1.0,15,1,1,0.4207375
4879,1.0,21,1,1,0.42061875000000004
4880,1.0,22,1,1,0.4205
4881,1.0,21,1,1,0.42038125000000004
4882,1.0,14,1,1,0.4202625000000001
4883,3.0,52,0,3,0.42014375000000004
4884,1.0,13,1,1,0.420025
4885,1.0,42,1,1,0.41990625000000004
4886,3.0,36,0,3,0.4197875
4887,1.0,20,1,1,0.41966875000000003
4888,3.0,27,0,3,0.4195500000000001
4889,1.0,27,1,1,0.41943125000000003
4890,3.0,36,0,3,0.4193125000000001
4891,3.0,37,0,3,0.41919375000000003
4892,1.0,22,1,1,0.419075
4893,3.0,24,0,3,0.41895625000000003
4894,3.0,45,0,3,0.4188375
4895,3.0,33,0,3,0.41871875000000003
4896,3.0,47,0,3,0.4186000000000001
4897,3.0,28,0,3,0.41848125
4898,3.0,27,0,3,0.4183625000000001
4899,3.0,33,0,3,0.41824375
4900,3.0,49,0,3,0.41812499999999997
4901,2.0,29,1,2,0.41800625
4902,0.0,9,1,0,0.41788749999999997
4903,3.0,47,0,3,0.41776875
4904,2.0,33,1,2,0.4176500000000001
4905,1.0,24,1,1,0.41753125
4906,3.0,51,0,3,0.4174125000000001
4907,3.0,50,0,3,0.41729375
4908,3.0,38,0,3,0.41717499999999996
4909,2.0,41,1,2,0.41705625
4910,0.0,6,1,0,0.41693749999999996
4911,3.0,51,0,3,0.4168187500000001
4912,2.0,30,1,2,0.41670000000000007
4913,3.0,42,0,3,0.41658125
4914,1.0,28,1,1,0.41646250000000007
4915,3.0,42,0,3,0.41634375
4916,3.0,44,0,3,0.41622499999999996
4917,3.0,33,0,3,0.41610625
4918,1.0,28,1,1,0.41598749999999995
4919,3.0,36,0,3,0.4158687500000001
4920,1.0,22,1,1,0.41575000000000006
4921,1.0,25,1,1,0.41563125
4922,3.0,35,0,3,0.41551250000000006
4923,1.0,12,1,1,0.41539375
4924,2.0,31,1,2,0.41527499999999995
4925,2.0,25,1,2,0.41515625
4926,2.0,25,1,2,0.41503750000000006
4927,3.0,39,0,3,0.4149187500000001
4928,1.0,18,1,1,0.41480000000000006
4929,1.0,23,1,1,0.41468125
4930,2.0,29,1,2,0.41456250000000006
4931,0.0,4,1,0,0.41444375
4932,1.0,21,1,1,0.41432499999999994
4933,3.0,39,0,3,0.41420625
4934,3.0,44,0,3,0.41408750000000005
4935,3.0,47,0,3,0.4139687500000001
4936,3.0,49,0,3,0.41385000000000005
4937,3.0,35,0,3,0.41373125
4938,0.0,6,1,0,0.41361250000000005
4939,1.0,17,1,1,0.41349375
4940,3.0,40,0,3,0.41337499999999994
4941,3.0,33,0,3,0.41325625
4942,3.0,56,0,3,0.41313750000000005
4943,2.0,42,1,2,0.4130187500000001
4944,1.0,14,1,1,0.41290000000000004
4945,3.0,58,0,3,0.41278125
4946,1.0,18,1,1,0.41266250000000004
4947,1.0,22,1,1,0.41254375
4948,3.0,57,0,3,0.41242499999999993
4949,3.0,44,0,3,0.4123062500000001
4950,3.0,44,0,3,0.41218750000000004
4951,1.0,31,1,1,0.4120687500000001
4952,3.0,36,0,3,0.41195000000000004
4953,2.0,24,1,2,0.41183125
4954,3.0,35,0,3,0.41171250000000004
4955,3.0,47,0,3,0.41159375
4956,3.0,29,0,3,0.4114749999999999
4957,0.0,6,1,0,0.4113562500000001
4958,3.0,31,0,3,0.41123750000000003
4959,3.0,40,0,3,0.4111187500000001
4960,1.0,21,1,1,0.41100000000000003
4961,2.0,62,1,2,0.41088125
4962,3.0,46,0,3,0.41076250000000003
4963,3.0,40,0,3,0.41064375
4964,3.0,39,0,3,0.41052500000000003
4965,3.0,53,0,3,0.4104062500000001
4966,3.0,37,0,3,0.4102875
4967,1.0,11,1,1,0.4101687500000001
4968,3.0,26,0,3,0.41005
4969,3.0,31,0,3,0.40993124999999997
4970,1.0,20,1,1,0.4098125
4971,1.0,30,1,1,0.40969374999999997
4972,2.0,61,1,2,0.409575
4973,3.0,40,0,3,0.4094562500000001
4974,3.0,40,0,3,0.4093375
4975,3.0,35,0,3,0.4092187500000001
4976,1.0,30,1,1,0.4091
4977,3.0,43,0,3,0.40898124999999996
4978,3.0,41,0,3,0.4088625
4979,1.0,15,1,1,0.40874374999999996
4980,3.0,32,0,3,0.408625
4981,1.0,27,1,1,0.40850625000000007
4982,1.0,18,1,1,0.4083875
4983,3.0,41,0,3,0.40826875000000007
4984,3.0,58,0,3,0.40815
4985,1.0,17,1,1,0.40803124999999996
4986,1.0,20,1,1,0.4079125
4987,3.0,39,0,3,0.40779375000000007
4988,3.0,38,0,3,0.407675
4989,3.0,41,0,3,0.40755625000000006
4990,3.0,26,0,3,0.4074375
4991,1.0,31,1,1,0.40731875000000006
4992,3.0,39,0,3,0.4072
4993,3.0,42,0,3,0.40708124999999995
4994,3.0,51,0,3,0.4069625
4995,3.0,35,0,3,0.40684375000000006
4996,1.0,31,1,1,0.406725
4997,1.0,38,1,1,0.40660625000000006
4998,3.0,52,0,3,0.4064875
4999,3.0,46,0,3,0.40636875000000006
5000,3.0,52,0,3,0.40625
5001,3.0,36,0,3,0.40613124999999994
5002,3.0,31,0,3,0.4060125000000001
5003,1.0,18,1,1,0.40589375000000005
5004,3.0,41,0,3,0.4057750000000001
5005,3.0,45,0,3,0.40565625000000005
5006,2.0,22,1,2,0.4055375
5007,1.0,18,1,1,0.40541875000000005
5008,3.0,27,0,3,0.4053
5009,3.0,48,0,3,0.40518124999999994
5010,1.0,25,1,1,0.4050625000000001
5011,0.0,7,1,0,0.40494375000000005
5012,3.0,42,0,3,0.4048250000000001
5013,2.0,38,1,2,0.40470625000000005
5014,3.0,60,0,3,0.4045875
5015,3.0,31,0,3,0.40446875000000004
5016,3.0,40,0,3,0.40435
5017,0.0,11,1,0,0.40423125000000004
5018,2.0,46,1,2,0.4041125000000001
5019,0.0,15,1,0,0.40399375000000004
5020,3.0,35,0,3,0.4038750000000001
5021,1.0,16,1,1,0.40375625000000004
5022,3.0,41,0,3,0.4036375
5023,3.0,50,0,3,0.40351875000000004
5024,3.0,26,0,3,0.4034
5025,3.0,51,0,3,0.40328125000000004
5026,3.0,32,0,3,0.4031625000000001
5027,1.0,26,1,1,0.40304375000000003
5028,1.0,45,1,1,0.4029250000000001
5029,3.0,27,0,3,0.40280625000000003
5030,1.0,28,1,1,0.4026875
5031,3.0,36,0,3,0.40256875000000003
5032,3.0,39,0,3,0.40245
5033,3.0,37,0,3,0.40233125000000003
5034,3.0,46,0,3,0.4022125000000001
5035,1.0,31,1,1,0.40209375
5036,3.0,52,0,3,0.4019750000000001
5037,3.0,32,0,3,0.40185625
5038,0.0,6,1,0,0.40173749999999997
5039,3.0,33,0,3,0.40161875
5040,3.0,40,0,3,0.4015000000000001
5041,3.0,27,0,3,0.40138125
5042,2.0,44,1,2,0.4012625000000001
5043,1.0,19,1,1,0.40114375
5044,0.0,4,1,0,0.4010250000000001
5045,3.0,35,0,3,0.40090625
5046,1.0,22,1,1,0.40078749999999996
5047,3.0,30,0,3,0.40066875
5048,1.0,23,1,1,0.4005500000000001
5049,1.0,31,1,1,0.40043125
5050,0.0,22,1,0,0.40031250000000007
5051,3.0,43,0,3,0.40019375
5052,3.0,27,0,3,0.40007500000000007
5053,1.0,19,1,1,0.39995625
5054,1.0,24,1,1,0.39983749999999996
5055,1.0,16,1,1,0.39971875
5056,1.0,23,1,1,0.39960000000000007
5057,3.0,49,0,3,0.39948125
5058,1.0,15,1,1,0.39936250000000006
5059,3.0,34,0,3,0.39924375
5060,1.0,24,1,1,0.39912500000000006
5061,3.0,31,0,3,0.39900625
5062,1.0,14,1,1,0.39888749999999995
5063,3.0,33,0,3,0.3987687500000001
5064,2.0,31,1,2,0.39865000000000006
5065,2.0,38,1,2,0.39853125
5066,1.0,13,1,1,0.39841250000000006
5067,3.0,29,0,3,0.39829375
5068,2.0,44,1,2,0.39817500000000006
5069,3.0,28,0,3,0.39805625
5070,3.0,53,0,3,0.39793749999999994
5071,1.0,22,1,1,0.3978187500000001
5072,3.0,36,0,3,0.39770000000000005
5073,3.0,52,0,3,0.39758125
5074,3.0,30,0,3,0.39746250000000005
5075,3.0,32,0,3,0.39734375
5076,3.0,32,0,3,0.39722500000000005
5077,1.0,17,1,1,0.39710625
5078,3.0,34,0,3,0.39698750000000005
5079,3.0,33,0,3,0.3968687500000001
5080,3.0,46,0,3,0.39675000000000005
5081,1.0,27,1,1,0.39663125
5082,3.0,33,0,3,0.39651250000000005
5083,3.0,32,0,3,0.39639375
5084,3.0,35,0,3,0.39627500000000004
5085,1.0,15,1,1,0.39615625
5086,1.0,29,1,1,0.39603750000000004
5087,2.0,43,1,2,0.3959187500000001
5088,2.0,39,1,2,0.39580000000000004
5089,3.0,32,0,3,0.39568125
5090,3.0,41,0,3,0.39556250000000004
5091,3.0,35,0,3,0.39544375
5092,3.0,28,0,3,0.39532500000000004
5093,3.0,35,0,3,0.39520625
5094,3.0,26,0,3,0.39508750000000004
5095,2.0,31,1,2,0.3949687500000001
5096,3.0,35,0,3,0.39485000000000003
5097,3.0,65,0,3,0.39473125
5098,1.0,22,1,1,0.39461250000000003
5099,3.0,34,0,3,0.39449375
5100,2.0,29,1,2,0.39437500000000003
5101,1.0,22,1,1,0.3942562500000001
5102,3.0,57,0,3,0.39413750000000003
5103,2.0,34,1,2,0.3940187500000001
5104,3.0,44,0,3,0.39390000000000003
5105,3.0,54,0,3,0.39378124999999997
5106,3.0,33,0,3,0.3936625
5107,1.0,13,1,1,0.39354374999999997
5108,3.0,53,0,3,0.393425
5109,3.0,34,0,3,0.3933062500000001
5110,3.0,32,0,3,0.3931875
5111,3.0,43,0,3,0.3930687500000001
5112,3.0,37,0,3,0.39295
5113,1.0,25,1,1,0.39283124999999997
5114,1.0,16,1,1,0.3927125
5115,3.0,49,0,3,0.39259374999999996
5116,1.0,19,1,1,0.392475
5117,3.0,37,0,3,0.3923562500000001
5118,3.0,37,0,3,0.3922375
5119,2.0,26,1,2,0.39211875000000007
5120,2.0,30,1,2,0.392
5121,2.0,30,1,2,0.39188124999999996
5122,0.0,8,1,0,0.3917625
5123,3.0,39,0,3,0.39164374999999996
5124,3.0,37,0,3,0.3915250000000001
5125,3.0,30,0,3,0.39140625000000007
5126,3.0,29,0,3,0.3912875
5127,3.0,39,0,3,0.39116875000000007
5128,3.0,31,0,3,0.39105
5129,1.0,27,1,1,0.39093125000000006
5130,2.0,32,1,2,0.3908125
5131,3.0,33,0,3,0.39069374999999995
5132,3.0,44,0,3,0.3905750000000001
5133,3.0,55,0,3,0.39045625000000006
5134,3.0,35,0,3,0.3903375
5135,3.0,31,0,3,0.39021875000000006
5136,3.0,22,0,3,0.3901
5137,3.0,32,0,3,0.38998125000000006
5138,3.0,33,0,3,0.3898625
5139,3.0,42,0,3,0.38974375000000006
5140,1.0,16,1,1,0.3896250000000001
5141,1.0,18,1,1,0.38950625000000005
5142,1.0,19,1,1,0.3893875
5143,3.0,32,0,3,0.38926875000000005
5144,3.0,46,0,3,0.38915
5145,3.0,25,0,3,0.38903125000000005
5146,3.0,47,0,3,0.3889125
5147,0.0,8,1,0,0.38879375000000005
5148,1.0,20,1,1,0.3886750000000001
5149,3.0,32,0,3,0.38855625000000005
5150,1.0,30,1,1,0.3884375
5151,1.0,21,1,1,0.38831875000000005
5152,2.0,24,1,2,0.3882
5153,2.0,32,1,2,0.38808125000000004
5154,3.0,34,0,3,0.3879625
5155,3.0,28,0,3,0.38784375000000004
5156,3.0,32,0,3,0.3877250000000001
5157,3.0,30,0,3,0.38760625000000004
5158,3.0,28,0,3,0.3874875
5159,1.0,10,1,1,0.38736875000000004
5160,3.0,27,0,3,0.38725
5161,0.0,12,1,0,0.38713125000000004
5162,3.0,30,0,3,0.3870125000000001
5163,1.0,15,1,1,0.38689375000000004
5164,1.0,33,1,1,0.3867750000000001
5165,3.0,36,0,3,0.38665625000000003
5166,2.0,50,1,2,0.3865375
5167,3.0,54,0,3,0.38641875000000003
5168,3.0,38,0,3,0.3863
5169,3.0,39,0,3,0.38618125000000003
5170,3.0,42,0,3,0.3860625000000001
5171,3.0,31,0,3,0.38594375000000003
5172,1.0,24,1,1,0.3858250000000001
5173,3.0,29,0,3,0.38570625000000003
5174,2.0,33,1,2,0.38558749999999997
5175,1.0,42,1,1,0.38546875
5176,3.0,45,0,3,0.38534999999999997
5177,1.0,25,1,1,0.38523125
5178,1.0,18,1,1,0.3851125000000001
5179,3.0,34,0,3,0.38499375
5180,3.0,41,0,3,0.3848750000000001
5181,3.0,42,0,3,0.38475625
5182,3.0,50,0,3,0.38463749999999997
5183,3.0,39,0,3,0.38451875
5184,1.0,14,1,1,0.38439999999999996
5185,3.0,36,0,3,0.38428125000000013
5186,3.0,28,0,3,0.3841625000000001
5187,3.0,31,0,3,0.38404375
5188,0.0,7,1,0,0.38392500000000007
5189,3.0,34,0,3,0.38380625
5190,3.0,32,0,3,0.38368749999999996
5191,1.0,33,1,1,0.38356875
5192,2.0,31,1,2,0.38344999999999996
5193,3.0,28,0,3,0.3833312500000001
5194,1.0,26,1,1,0.38321250000000007
5195,3.0,32,0,3,0.38309375
5196,3.0,28,0,3,0.38297500000000007
5197,3.0,47,0,3,0.38285625
5198,1.0,14,1,1,0.38273749999999995
5199,1.0,20,1,1,0.38261875
5200,3.0,40,0,3,0.38250000000000006
5201,3.0,27,0,3,0.3823812500000001
5202,1.0,11,1,1,0.38226250000000006
5203,3.0,34,0,3,0.38214375
5204,3.0,49,0,3,0.38202500000000006
5205,3.0,28,0,3,0.38190625
5206,1.0,27,1,1,0.38178749999999995
5207,1.0,22,1,1,0.38166875
5208,3.0,34,0,3,0.38155000000000006
5209,3.0,41,0,3,0.3814312500000001
5210,3.0,28,0,3,0.38131250000000005
5211,3.0,36,0,3,0.38119375
5212,1.0,23,1,1,0.38107500000000005
5213,3.0,41,0,3,0.38095625
5214,3.0,41,0,3,0.38083749999999994
5215,3.0,29,0,3,0.38071875
5216,1.0,21,1,1,0.38060000000000005
5217,2.0,33,1,2,0.3804812500000001
5218,1.0,25,1,1,0.38036250000000005
5219,3.0,41,0,3,0.38024375
5220,3.0,25,0,3,0.38012500000000005
5221,3.0,35,0,3,0.38000625
5222,2.0,35,1,2,0.37988749999999993
5223,3.0,30,0,3,0.3797687500000001
5224,3.0,37,0,3,0.37965000000000004
5225,3.0,33,0,3,0.3795312500000001
5226,3.0,36,0,3,0.37941250000000004
5227,1.0,10,1,1,0.37929375
5228,3.0,31,0,3,0.37917500000000004
5229,3.0,43,0,3,0.37905625
5230,3.0,45,0,3,0.3789374999999999
5231,1.0,20,1,1,0.3788187500000001
5232,0.0,8,1,0,0.37870000000000004
5233,1.0,21,1,1,0.3785812500000001
5234,3.0,65,0,3,0.37846250000000003
5235,1.0,14,1,1,0.37834375
5236,3.0,37,0,3,0.37822500000000003
5237,1.0,9,1,1,0.37810625
5238,3.0,38,0,3,0.37798750000000003
5239,3.0,35,0,3,0.3778687500000001
5240,3.0,32,0,3,0.37775000000000003
5241,1.0,15,1,1,0.3776312500000001
5242,2.0,22,1,2,0.37751250000000003
5243,3.0,30,0,3,0.37739375
5244,3.0,31,0,3,0.377275
5245,2.0,42,1,2,0.37715624999999997
5246,3.0,27,0,3,0.3770375
5247,3.0,48,0,3,0.3769187500000001
5248,0.0,8,1,0,0.3768
5249,3.0,34,0,3,0.3766812500000001
5250,1.0,17,1,1,0.3765625
5251,3.0,39,0,3,0.37644374999999997
5252,3.0,24,0,3,0.376325
5253,3.0,34,0,3,0.37620624999999996
5254,2.0,32,1,2,0.37608750000000013
5255,3.0,38,0,3,0.3759687500000001
5256,3.0,38,0,3,0.37585
5257,2.0,33,1,2,0.37573125000000007
5258,1.0,24,1,1,0.3756125
5259,1.0,19,1,1,0.37549374999999996
5260,2.0,37,1,2,0.375375
5261,2.0,38,1,2,0.37525625000000007
5262,3.0,47,0,3,0.3751375000000001
5263,2.0,30,1,2,0.37501875000000007
5264,1.0,24,1,1,0.3749
5265,3.0,42,0,3,0.37478125000000007
5266,1.0,17,1,1,0.3746625
5267,1.0,18,1,1,0.37454374999999995
5268,3.0,37,0,3,0.374425
5269,3.0,28,0,3,0.37430625000000006
5270,3.0,34,0,3,0.3741875000000001
5271,1.0,23,1,1,0.37406875000000006
5272,0.0,12,1,0,0.37395
5273,3.0,33,0,3,0.37383125000000006
5274,0.0,3,1,0,0.3737125
5275,2.0,31,1,2,0.37359374999999995
5276,1.0,16,1,1,0.373475
5277,3.0,75,0,3,0.37335625000000006
5278,0.0,10,1,0,0.3732375000000001
5279,3.0,40,0,3,0.37311875000000005
5280,3.0,28,0,3,0.373
5281,3.0,43,0,3,0.37288125000000005
5282,3.0,38,0,3,0.3727625
5283,2.0,30,1,2,0.37264374999999994
5284,2.0,29,1,2,0.3725250000000001
5285,1.0,23,1,1,0.37240625000000005
5286,3.0,28,0,3,0.3722875000000001
5287,3.0,38,0,3,0.37216875000000005
5288,3.0,45,0,3,0.37205
5289,3.0,37,0,3,0.37193125000000005
5290,1.0,20,1,1,0.3718125
5291,3.0,27,0,3,0.37169374999999993
5292,0.0,7,1,0,0.3715750000000001
5293,3.0,35,0,3,0.37145625000000004
5294,1.0,15,1,1,0.3713375000000001
5295,3.0,37,0,3,0.37121875000000004
5296,3.0,24,0,3,0.3711
5297,0.0,5,1,0,0.37098125000000004
5298,3.0,40,0,3,0.3708625
5299,2.0,33,1,2,0.37074375000000004
5300,2.0,31,1,2,0.3706250000000001
5301,1.0,28,1,1,0.37050625000000004
5302,3.0,32,0,3,0.3703875000000001
5303,3.0,30,0,3,0.37026875000000004
5304,3.0,25,0,3,0.37015
5305,3.0,29,0,3,0.37003125000000003
5306,1.0,9,1,1,0.3699125
5307,1.0,22,1,1,0.36979375000000003
5308,0.0,9,1,0,0.3696750000000001
5309,1.0,18,1,1,0.36955625000000003
5310,0.0,8,1,0,0.3694375000000001
5311,1.0,45,1,1,0.36931875000000003
5312,0.0,16,1,0,0.3692
5313,3.0,36,0,3,0.36908125
5314,3.0,37,0,3,0.36896249999999997
5315,1.0,17,1,1,0.36884375
5316,0.0,5,1,0,0.3687250000000001
5317,3.0,32,0,3,0.36860625
5318,3.0,36,0,3,0.3684875000000001
5319,3.0,38,0,3,0.36836875
5320,3.0,29,0,3,0.36824999999999997
5321,1.0,17,1,1,0.36813125
5322,3.0,42,0,3,0.3680125000000001
5323,2.0,32,1,2,0.36789375
5324,3.0,37,0,3,0.3677750000000001
5325,3.0,33,0,3,0.36765625
5326,3.0,43,0,3,0.3675375000000001
5327,1.0,9,1,1,0.36741875
5328,3.0,28,0,3,0.36729999999999996
5329,3.0,37,0,3,0.36718125
5330,3.0,33,0,3,0.36706250000000007
5331,3.0,40,0,3,0.36694375
5332,1.0,30,1,1,0.36682500000000007
5333,3.0,27,0,3,0.36670625
5334,0.0,6,1,0,0.36658750000000007
5335,3.0,26,0,3,0.36646875
5336,1.0,21,1,1,0.36634999999999995
5337,1.0,19,1,1,0.36623125
5338,1.0,27,1,1,0.36611250000000006
5339,3.0,30,0,3,0.36599375
5340,3.0,47,0,3,0.36587500000000006
5341,1.0,28,1,1,0.36575625
5342,1.0,27,1,1,0.36563750000000006
5343,3.0,58,0,3,0.36551875
5344,3.0,43,0,3,0.36539999999999995
5345,2.0,38,1,2,0.3652812500000001
5346,3.0,35,0,3,0.36516250000000006
5347,3.0,35,0,3,0.36504375
5348,2.0,20,1,2,0.36492500000000005
5349,3.0,35,0,3,0.36480625
5350,3.0,41,0,3,0.36468750000000005
5351,1.0,13,1,1,0.36456875
5352,3.0,40,0,3,0.36444999999999994
5353,0.0,8,1,0,0.3643312500000001
5354,3.0,42,0,3,0.36421250000000005
5355,3.0,26,0,3,0.36409375
5356,3.0,33,0,3,0.36397500000000005
5357,3.0,26,0,3,0.36385625
5358,3.0,27,0,3,0.36373750000000005
5359,2.0,23,1,2,0.36361875
5360,3.0,37,0,3,0.36350000000000005
5361,3.0,26,0,3,0.3633812500000001
5362,3.0,40,0,3,0.36326250000000004
5363,2.0,21,1,2,0.36314375
5364,3.0,26,0,3,0.36302500000000004
5365,1.0,22,1,1,0.36290625
5366,3.0,32,0,3,0.36278750000000004
5367,0.0,12,1,0,0.36266875
5368,3.0,36,0,3,0.36255000000000004
5369,1.0,19,1,1,0.3624312500000001
5370,1.0,13,1,1,0.36231250000000004
5371,0.0,14,1,0,0.36219375
5372,3.0,32,0,3,0.36207500000000004
5373,3.0,40,0,3,0.36195625
5374,3.0,40,0,3,0.36183750000000003
5375,1.0,29,1,1,0.36171875
5376,3.0,30,0,3,0.36160000000000003
5377,3.0,43,0,3,0.3614812500000001
5378,1.0,18,1,1,0.36136250000000003
5379,3.0,37,0,3,0.3612437500000001
5380,3.0,42,0,3,0.36112500000000003
5381,1.0,25,1,1,0.36100625
5382,2.0,25,1,2,0.3608875
5383,0.0,10,1,0,0.3607687500000001
5384,3.0,31,0,3,0.36065
5385,1.0,15,1,1,0.3605312500000001
5386,3.0,32,0,3,0.3604125
5387,3.0,35,0,3,0.3602937500000001
5388,3.0,54,0,3,0.360175
5389,3.0,33,0,3,0.36005624999999997
5390,3.0,28,0,3,0.3599375
5391,1.0,21,1,1,0.3598187500000001
5392,2.0,49,1,2,0.3597
5393,3.0,36,0,3,0.3595812500000001
5394,1.0,17,1,1,0.3594625
5395,2.0,31,1,2,0.3593437500000001
5396,1.0,10,1,1,0.359225
5397,3.0,42,0,3,0.35910624999999996
5398,3.0,30,0,3,0.3589875
5399,2.0,20,1,2,0.35886875000000007
5400,3.0,28,0,3,0.35875
5401,3.0,30,0,3,0.35863125000000007
5402,2.0,27,1,2,0.3585125
5403,3.0,49,0,3,0.35839375000000007
5404,3.0,43,0,3,0.358275
5405,2.0,38,1,2,0.35815624999999995
5406,1.0,15,1,1,0.3580375000000001
5407,1.0,14,1,1,0.35791875000000006
5408,2.0,24,1,2,0.3578
5409,2.0,54,1,2,0.35768125000000006
5410,1.0,21,1,1,0.3575625
5411,3.0,45,0,3,0.35744375000000006
5412,3.0,40,0,3,0.357325
5413,3.0,28,0,3,0.35720624999999995
5414,1.0,24,1,1,0.3570875000000001
5415,3.0,32,0,3,0.35696875000000006
5416,3.0,31,0,3,0.35685
5417,3.0,44,0,3,0.35673125000000006
5418,1.0,16,1,1,0.3566125
5419,3.0,39,0,3,0.35649375000000005
5420,2.0,30,1,2,0.356375
5421,3.0,32,0,3,0.35625625000000005
5422,3.0,28,0,3,0.3561375000000001
5423,2.0,27,1,2,0.35601875000000005
5424,1.0,18,1,1,0.3559
5425,1.0,12,1,1,0.35578125000000005
5426,3.0,30,0,3,0.3556625
5427,2.0,57,1,2,0.35554375000000005
5428,3.0,38,0,3,0.355425
5429,2.0,23,1,2,0.35530625000000005
5430,3.0,43,0,3,0.3551875000000001
5431,3.0,57,0,3,0.35506875000000004
5432,1.0,10,1,1,0.35495
5433,2.0,26,1,2,0.35483125000000004
5434,3.0,32,0,3,0.3547125
5435,3.0,33,0,3,0.35459375000000004
5436,3.0,22,0,3,0.354475
5437,3.0,27,0,3,0.35435625000000004
5438,2.0,21,1,2,0.3542375000000001
5439,3.0,40,0,3,0.35411875000000004
5440,3.0,33,0,3,0.354
5441,1.0,31,1,1,0.35388125000000004
5442,3.0,25,0,3,0.3537625
5443,3.0,26,0,3,0.35364375000000003
5444,3.0,31,0,3,0.3535250000000001
5445,1.0,20,1,1,0.35340625000000003
5446,3.0,28,0,3,0.3532875000000001
5447,3.0,31,0,3,0.35316875000000003
5448,3.0,32,0,3,0.35305
5449,3.0,39,0,3,0.35293125000000003
5450,1.0,21,1,1,0.3528125
5451,3.0,24,0,3,0.35269375000000003
5452,1.0,14,1,1,0.3525750000000001
5453,2.0,41,1,2,0.35245625
5454,3.0,37,0,3,0.3523375000000001
5455,3.0,43,0,3,0.35221875
5456,3.0,36,0,3,0.35209999999999997
5457,3.0,49,0,3,0.35198125
5458,3.0,33,0,3,0.35186249999999997
5459,3.0,46,0,3,0.35174375
5460,1.0,18,1,1,0.3516250000000001
5461,2.0,34,1,2,0.35150625
5462,3.0,25,0,3,0.3513875000000001
5463,3.0,34,0,3,0.35126875
5464,3.0,41,0,3,0.35114999999999996
5465,1.0,24,1,1,0.35103125
5466,1.0,15,1,1,0.35091249999999996
5467,3.0,43,0,3,0.3507937500000001
5468,1.0,10,1,1,0.35067500000000007
5469,3.0,33,0,3,0.35055625
5470,3.0,32,0,3,0.35043750000000007
5471,0.0,4,1,0,0.35031875
5472,3.0,33,0,3,0.35019999999999996
5473,1.0,14,1,1,0.35008125
5474,1.0,16,1,1,0.34996249999999995
5475,1.0,23,1,1,0.3498437500000001
5476,3.0,34,0,3,0.34972500000000006
5477,3.0,37,0,3,0.34960625
5478,2.0,44,1,2,0.34948750000000006
5479,2.0,24,1,2,0.34936875
5480,3.0,42,0,3,0.34924999999999995
5481,0.0,7,1,0,0.34913125
5482,3.0,29,0,3,0.34901250000000006
5483,3.0,30,0,3,0.3488937500000001
5484,3.0,36,0,3,0.34877500000000006
5485,3.0,29,0,3,0.34865625
5486,0.0,3,1,0,0.34853750000000006
5487,3.0,37,0,3,0.34841875
5488,3.0,30,0,3,0.34829999999999994
5489,1.0,22,1,1,0.34818125
5490,2.0,29,1,2,0.34806250000000005
5491,3.0,31,0,3,0.3479437500000001
5492,3.0,34,0,3,0.34782500000000005
5493,3.0,31,0,3,0.34770625
5494,0.0,4,1,0,0.34758750000000005
5495,3.0,29,0,3,0.34746875
5496,2.0,26,1,2,0.34734999999999994
5497,1.0,11,1,1,0.34723125
5498,3.0,33,0,3,0.34711250000000005
5499,1.0,12,1,1,0.3469937500000001
5500,3.0,44,0,3,0.34687500000000004
5501,3.0,38,0,3,0.34675625
5502,1.0,12,1,1,0.34663750000000004
5503,2.0,28,1,2,0.34651875
5504,3.0,28,0,3,0.34640000000000004
5505,1.0,35,1,1,0.3462812500000001
5506,3.0,55,0,3,0.34616250000000004
5507,2.0,25,1,2,0.3460437500000001
5508,3.0,39,0,3,0.34592500000000004
5509,3.0,31,0,3,0.34580625
5510,2.0,26,1,2,0.34568750000000004
5511,3.0,27,0,3,0.34556875
5512,3.0,28,0,3,0.34545000000000003
5513,3.0,29,0,3,0.3453312500000001
5514,3.0,30,0,3,0.34521250000000003
5515,3.0,26,0,3,0.3450937500000001
5516,3.0,36,0,3,0.34497500000000003
5517,1.0,22,1,1,0.34485625
5518,0.0,3,1,0,0.34473750000000003
5519,3.0,29,0,3,0.34461875
5520,1.0,14,1,1,0.34450000000000003
5521,1.0,25,1,1,0.3443812500000001
5522,2.0,20,1,2,0.3442625
5523,3.0,23,0,3,0.3441437500000001
5524,1.0,13,1,1,0.344025
5525,1.0,22,1,1,0.34390624999999997
5526,3.0,41,0,3,0.3437875
5527,2.0,34,1,2,0.34366874999999997
5528,1.0,19,1,1,0.34355000000000013
5529,1.0,13,1,1,0.3434312500000001
5530,3.0,35,0,3,0.3433125
5531,3.0,30,0,3,0.3431937500000001
5532,2.0,22,1,2,0.343075
5533,3.0,33,0,3,0.34295624999999996
5534,3.0,39,0,3,0.3428375
5535,3.0,46,0,3,0.34271874999999996
5536,0.0,12,1,0,0.3426000000000001
5537,3.0,32,0,3,0.34248125000000007
5538,1.0,14,1,1,0.3423625
5539,3.0,32,0,3,0.34224375000000007
5540,3.0,31,0,3,0.342125
5541,3.0,34,0,3,0.34200624999999996
5542,3.0,46,0,3,0.3418875
5543,2.0,38,1,2,0.34176875000000007
5544,1.0,16,1,1,0.3416500000000001
5545,3.0,39,0,3,0.34153125000000006
5546,1.0,23,1,1,0.3414125
5547,3.0,36,0,3,0.34129375000000006
5548,2.0,30,1,2,0.341175
5549,2.0,21,1,2,0.34105624999999995
5550,1.0,16,1,1,0.3409375
5551,3.0,46,0,3,0.34081875000000006
5552,3.0,33,0,3,0.3407000000000001
5553,2.0,22,1,2,0.34058125000000006
5554,3.0,36,0,3,0.3404625
5555,2.0,27,1,2,0.34034375000000006
5556,2.0,29,1,2,0.340225
5557,3.0,42,0,3,0.34010624999999994
5558,3.0,42,0,3,0.3399875
5559,1.0,14,1,1,0.33986875000000005
5560,3.0,27,0,3,0.3397500000000001
5561,3.0,47,0,3,0.33963125000000005
5562,1.0,22,1,1,0.3395125
5563,3.0,44,0,3,0.33939375000000005
5564,3.0,36,0,3,0.339275
5565,2.0,25,1,2,0.33915624999999994
5566,2.0,32,1,2,0.3390375000000001
5567,2.0,27,1,2,0.33891875000000005
5568,0.0,4,1,0,0.3388000000000001
5569,2.0,24,1,2,0.33868125000000004
5570,3.0,31,0,3,0.3385625
5571,3.0,39,0,3,0.33844375000000004
5572,3.0,36,0,3,0.338325
5573,3.0,28,0,3,0.33820624999999993
5574,3.0,38,0,3,0.3380875000000001
5575,3.0,38,0,3,0.33796875000000004
5576,3.0,42,0,3,0.3378500000000001
5577,3.0,30,0,3,0.33773125000000004
5578,1.0,8,1,1,0.3376125
5579,3.0,36,0,3,0.33749375000000004
5580,3.0,27,0,3,0.337375
5581,1.0,32,1,1,0.33725625000000004
5582,2.0,22,1,2,0.3371375000000001
5583,1.0,19,1,1,0.33701875000000003
5584,3.0,30,0,3,0.3369000000000001
5585,3.0,32,0,3,0.33678125000000003
5586,1.0,25,1,1,0.3366625
5587,3.0,31,0,3,0.33654375000000003
5588,1.0,21,1,1,0.336425
5589,3.0,36,0,3,0.33630625000000003
5590,1.0,12,1,1,0.3361875000000001
5591,3.0,48,0,3,0.33606875
5592,3.0,27,0,3,0.3359500000000001
5593,0.0,20,1,0,0.33583125
5594,3.0,29,0,3,0.33571249999999997
5595,1.0,12,1,1,0.33559375
5596,1.0,10,1,1,0.33547499999999997
5597,1.0,17,1,1,0.33535625
5598,3.0,40,0,3,0.3352375000000001
5599,2.0,31,1,2,0.33511875
5600,3.0,39,0,3,0.3350000000000001
5601,3.0,36,0,3,0.33488125
5602,3.0,52,0,3,0.33476249999999996
5603,1.0,16,1,1,0.33464375
5604,1.0,18,1,1,0.3345250000000001
5605,1.0,15,1,1,0.33440625
5606,3.0,33,0,3,0.33428750000000007
5607,3.0,39,0,3,0.33416875
5608,2.0,33,1,2,0.33405000000000007
5609,1.0,19,1,1,0.33393125
5610,3.0,31,0,3,0.33381249999999996
5611,1.0,20,1,1,0.33369375
5612,3.0,41,0,3,0.33357500000000007
5613,1.0,32,1,1,0.33345625
5614,3.0,40,0,3,0.33333750000000006
5615,2.0,34,1,2,0.33321875
5616,1.0,25,1,1,0.33310000000000006
5617,3.0,27,0,3,0.33298125
5618,3.0,39,0,3,0.33286249999999995
5619,1.0,29,1,1,0.33274375
5620,0.0,8,1,0,0.33262500000000006
5621,3.0,25,0,3,0.33250625
5622,3.0,35,0,3,0.33238750000000006
5623,2.0,34,1,2,0.33226875
5624,3.0,33,0,3,0.33215000000000006
5625,3.0,29,0,3,0.33203125
5626,1.0,16,1,1,0.33191249999999994
5627,3.0,30,0,3,0.3317937500000001
5628,3.0,40,0,3,0.33167500000000005
5629,3.0,34,0,3,0.3315562500000001
5630,2.0,48,1,2,0.33143750000000005
5631,3.0,47,0,3,0.33131875
5632,3.0,34,0,3,0.33120000000000005
5633,1.0,12,1,1,0.33108125
5634,3.0,30,0,3,0.33096249999999994
5635,3.0,28,0,3,0.3308437500000001
5636,3.0,43,0,3,0.33072500000000005
5637,3.0,36,0,3,0.3306062500000001
5638,0.0,5,1,0,0.33048750000000005
5639,3.0,36,0,3,0.33036875
5640,3.0,40,0,3,0.33025000000000004
5641,3.0,35,0,3,0.33013125
5642,3.0,41,0,3,0.33001250000000004
5643,3.0,26,0,3,0.3298937500000001
5644,2.0,35,1,2,0.32977500000000004
5645,1.0,25,1,1,0.3296562500000001
5646,1.0,19,1,1,0.32953750000000004
5647,1.0,25,1,1,0.32941875
5648,3.0,27,0,3,0.32930000000000004
5649,1.0,21,1,1,0.32918125
5650,3.0,38,0,3,0.32906250000000004
5651,3.0,28,0,3,0.3289437500000001
5652,1.0,19,1,1,0.32882500000000003
5653,1.0,33,1,1,0.3287062500000001
5654,1.0,15,1,1,0.32858750000000003
5655,3.0,33,0,3,0.32846875
5656,1.0,19,1,1,0.32835000000000003
5657,3.0,29,0,3,0.32823125
5658,3.0,32,0,3,0.32811250000000003
5659,1.0,31,1,1,0.3279937500000001
5660,1.0,13,1,1,0.327875
5661,1.0,17,1,1,0.3277562500000001
5662,3.0,54,0,3,0.3276375
5663,3.0,64,0,3,0.32751874999999997
5664,3.0,41,0,3,0.3274
5665,1.0,19,1,1,0.3272812500000001
5666,0.0,8,1,0,0.3271625
5667,1.0,21,1,1,0.3270437500000001
5668,3.0,28,0,3,0.326925
5669,2.0,27,1,2,0.3268062500000001
5670,2.0,25,1,2,0.3266875
5671,1.0,11,1,1,0.32656874999999996
5672,3.0,36,0,3,0.32645
5673,3.0,29,0,3,0.3263312500000001
5674,1.0,16,1,1,0.3262125
5675,3.0,34,0,3,0.32609375000000007
5676,0.0,11,1,0,0.325975
5677,3.0,40,0,3,0.32585625000000007
5678,2.0,28,1,2,0.3257375
5679,3.0,30,0,3,0.32561874999999996
5680,3.0,30,0,3,0.3255
5681,0.0,4,1,0,0.32538125000000007
5682,2.0,33,1,2,0.3252625
5683,3.0,36,0,3,0.32514375000000006
5684,1.0,15,1,1,0.325025
5685,3.0,44,0,3,0.32490625000000006
5686,3.0,30,0,3,0.3247875
5687,3.0,39,0,3,0.32466874999999995
5688,3.0,31,0,3,0.3245500000000001
5689,1.0,15,1,1,0.32443125000000006
5690,3.0,46,0,3,0.3243125
5691,2.0,26,1,2,0.32419375000000006
5692,3.0,36,0,3,0.324075
5693,3.0,36,0,3,0.32395625000000006
5694,1.0,15,1,1,0.3238375
5695,3.0,29,0,3,0.32371874999999994
5696,3.0,24,0,3,0.3236000000000001
5697,3.0,44,0,3,0.32348125000000005
5698,3.0,23,0,3,0.3233625
5699,3.0,25,0,3,0.32324375000000005
5700,3.0,37,0,3,0.323125
5701,0.0,7,1,0,0.32300625000000005
5702,3.0,28,0,3,0.3228875
5703,3.0,47,0,3,0.32276875000000005
5704,2.0,24,1,2,0.3226500000000001
5705,3.0,33,0,3,0.32253125000000005
5706,3.0,32,0,3,0.3224125
5707,1.0,20,1,1,0.32229375000000005
5708,3.0,34,0,3,0.322175
5709,1.0,16,1,1,0.32205625000000004
5710,1.0,16,1,1,0.3219375
5711,1.0,22,1,1,0.32181875000000004
5712,1.0,15,1,1,0.3217000000000001
5713,3.0,37,0,3,0.32158125000000004
5714,1.0,20,1,1,0.3214625
5715,1.0,23,1,1,0.32134375000000004
5716,3.0,53,0,3,0.321225
5717,1.0,21,1,1,0.32110625000000004
5718,3.0,31,0,3,0.3209875
5719,3.0,33,0,3,0.32086875000000004
5720,3.0,37,0,3,0.3207500000000001
5721,2.0,18,1,2,0.32063125000000003
5722,1.0,19,1,1,0.3205125
5723,3.0,32,0,3,0.32039375000000003
5724,3.0,25,0,3,0.320275
5725,3.0,32,0,3,0.32015625000000003
5726,2.0,35,1,2,0.3200375000000001
5727,3.0,30,0,3,0.31991875000000003
5728,1.0,11,1,1,0.3198000000000001
5729,0.0,4,1,0,0.31968125000000003
5730,3.0,29,0,3,0.31956249999999997
5731,1.0,32,1,1,0.31944375
5732,3.0,31,0,3,0.31932499999999997
5733,3.0,29,0,3,0.31920625
5734,3.0,30,0,3,0.3190875000000001
5735,3.0,33,0,3,0.31896875
5736,3.0,28,0,3,0.3188500000000001
5737,3.0,22,0,3,0.31873125
5738,0.0,8,1,0,0.31861249999999997
5739,3.0,32,0,3,0.31849375
5740,0.0,5,1,0,0.31837499999999996
5741,3.0,31,0,3,0.31825625
5742,3.0,29,0,3,0.3181375000000001
5743,3.0,26,0,3,0.31801875
5744,1.0,17,1,1,0.31790000000000007
5745,3.0,28,0,3,0.31778125
5746,1.0,18,1,1,0.31766249999999996
5747,0.0,14,1,0,0.31754375
5748,3.0,32,0,3,0.31742499999999996
5749,3.0,32,0,3,0.3173062500000001
5750,2.0,29,1,2,0.31718750000000007
5751,3.0,38,0,3,0.31706875
5752,1.0,25,1,1,0.31695000000000007
5753,3.0,31,0,3,0.31683125
5754,2.0,25,1,2,0.31671250000000006
5755,0.0,5,1,0,0.31659375
5756,0.0,8,1,0,0.31647499999999995
5757,3.0,53,0,3,0.3163562500000001
5758,2.0,28,1,2,0.31623750000000006
5759,3.0,24,0,3,0.31611875
5760,0.0,8,1,0,0.31600000000000006
5761,3.0,30,0,3,0.31588125
5762,3.0,28,0,3,0.31576250000000006
5763,1.0,9,1,1,0.31564375
5764,3.0,24,0,3,0.31552500000000006
5765,3.0,32,0,3,0.3154062500000001
5766,3.0,38,0,3,0.31528750000000005
5767,3.0,32,0,3,0.31516875
5768,1.0,18,1,1,0.31505000000000005
5769,1.0,17,1,1,0.31493125
5770,3.0,32,0,3,0.31481250000000005
5771,1.0,21,1,1,0.31469375
5772,3.0,48,0,3,0.31457500000000005
5773,3.0,22,0,3,0.3144562500000001
5774,3.0,45,0,3,0.31433750000000005
5775,3.0,24,0,3,0.31421875
5776,3.0,56,0,3,0.31410000000000005
5777,0.0,6,1,0,0.31398125
5778,3.0,29,0,3,0.31386250000000004
5779,3.0,40,0,3,0.31374375
5780,3.0,29,0,3,0.31362500000000004
5781,1.0,16,1,1,0.3135062500000001
5782,0.0,11,1,0,0.31338750000000004
5783,1.0,18,1,1,0.31326875
5784,3.0,52,0,3,0.31315000000000004
5785,3.0,41,0,3,0.31303125
5786,3.0,26,0,3,0.31291250000000004
5787,3.0,28,0,3,0.3127937500000001
5788,3.0,29,0,3,0.31267500000000004
5789,1.0,14,1,1,0.3125562500000001
5790,3.0,42,0,3,0.31243750000000003
5791,2.0,29,1,2,0.31231875
5792,3.0,34,0,3,0.31220000000000003
5793,3.0,30,0,3,0.31208125
5794,3.0,33,0,3,0.31196250000000003
5795,3.0,32,0,3,0.3118437500000001
5796,3.0,36,0,3,0.31172500000000003
5797,2.0,37,1,2,0.3116062500000001
5798,2.0,31,1,2,0.31148750000000003
5799,1.0,18,1,1,0.31136874999999997
5800,3.0,28,0,3,0.31125
5801,3.0,30,0,3,0.31113124999999997
5802,2.0,28,1,2,0.3110125
5803,1.0,18,1,1,0.3108937500000001
5804,1.0,20,1,1,0.310775
5805,1.0,15,1,1,0.3106562500000001
5806,1.0,16,1,1,0.3105375
5807,0.0,8,1,0,0.31041874999999997
5808,1.0,19,1,1,0.3103
5809,0.0,8,1,0,0.31018124999999996
5810,3.0,46,0,3,0.31006250000000013
5811,3.0,36,0,3,0.3099437500000001
5812,3.0,35,0,3,0.309825
5813,3.0,42,0,3,0.30970625000000007
5814,3.0,37,0,3,0.3095875
5815,3.0,25,0,3,0.30946874999999996
5816,3.0,36,0,3,0.30935
5817,1.0,21,1,1,0.30923124999999996
5818,3.0,29,0,3,0.3091125000000001
5819,2.0,30,1,2,0.30899375000000007
5820,3.0,32,0,3,0.308875
5821,3.0,24,0,3,0.30875625000000007
5822,1.0,14,1,1,0.3086375
5823,3.0,30,0,3,0.30851874999999995
5824,1.0,25,1,1,0.3084
5825,3.0,41,0,3,0.30828125000000006
5826,3.0,38,0,3,0.3081625000000001
5827,3.0,25,0,3,0.30804375000000006
5828,1.0,18,1,1,0.307925
5829,0.0,11,1,0,0.30780625000000006
5830,3.0,31,0,3,0.3076875
5831,3.0,33,0,3,0.30756874999999995
5832,3.0,39,0,3,0.30745
5833,3.0,26,0,3,0.30733125000000006
5834,0.0,7,1,0,0.3072125000000001
5835,3.0,38,0,3,0.30709375000000005
5836,3.0,22,0,3,0.306975
5837,3.0,28,0,3,0.30685625000000005
5838,3.0,32,0,3,0.3067375
5839,3.0,25,0,3,0.30661874999999994
5840,1.0,22,1,1,0.3065
5841,3.0,23,0,3,0.30638125000000005
5842,3.0,35,0,3,0.3062625000000001
5843,3.0,38,0,3,0.30614375000000005
5844,3.0,22,0,3,0.306025
5845,1.0,14,1,1,0.30590625000000005
5846,3.0,27,0,3,0.3057875
5847,3.0,35,0,3,0.30566874999999993
5848,3.0,26,0,3,0.3055500000000001
5849,3.0,32,0,3,0.30543125000000004
5850,2.0,27,1,2,0.3053125000000001
5851,3.0,29,0,3,0.30519375000000004
5852,3.0,34,0,3,0.305075
5853,3.0,34,0,3,0.30495625000000004
5854,3.0,23,0,3,0.3048375
5855,3.0,32,0,3,0.3047187499999999
5856,3.0,23,0,3,0.3046000000000001
5857,3.0,31,0,3,0.30448125000000004
5858,1.0,21,1,1,0.3043625000000001
5859,2.0,27,1,2,0.30424375000000003
5860,3.0,34,0,3,0.304125
5861,2.0,34,1,2,0.30400625000000003
5862,3.0,22,0,3,0.3038875
5863,3.0,38,0,3,0.30376875000000003
5864,3.0,29,0,3,0.3036500000000001
5865,3.0,31,0,3,0.30353125000000003
5866,3.0,27,0,3,0.3034125000000001
5867,1.0,18,1,1,0.30329375000000003
5868,3.0,35,0,3,0.303175
5869,1.0,27,1,1,0.30305625
5870,3.0,33,0,3,0.30293749999999997
5871,3.0,27,0,3,0.30281875
5872,1.0,21,1,1,0.3027000000000001
5873,3.0,56,0,3,0.30258125
5874,3.0,32,0,3,0.3024625000000001
5875,1.0,17,1,1,0.30234375
5876,3.0,30,0,3,0.30222499999999997
5877,2.0,38,1,2,0.30210625
5878,3.0,29,0,3,0.30198749999999996
5879,0.0,8,1,0,0.30186875000000013
5880,1.0,27,1,1,0.3017500000000001
5881,3.0,36,0,3,0.30163125
5882,3.0,34,0,3,0.30151250000000007
5883,3.0,26,0,3,0.30139375
5884,3.0,28,0,3,0.30127499999999996
5885,3.0,29,0,3,0.30115625
5886,3.0,32,0,3,0.30103750000000007
5887,3.0,41,0,3,0.3009187500000001
5888,0.0,16,1,0,0.30080000000000007
5889,1.0,23,1,1,0.30068125
5890,3.0,40,0,3,0.30056250000000007
5891,1.0,22,1,1,0.30044375
5892,3.0,27,0,3,0.30032499999999995
5893,3.0,29,0,3,0.30020625
5894,3.0,30,0,3,0.30008750000000006
5895,1.0,17,1,1,0.2999687500000001
5896,3.0,42,0,3,0.29985000000000006
5897,1.0,19,1,1,0.29973125
5898,1.0,12,1,1,0.29961250000000006
5899,3.0,26,0,3,0.29949375
5900,1.0,13,1,1,0.29937499999999995
5901,3.0,26,0,3,0.29925625
5902,3.0,28,0,3,0.29913750000000006
5903,3.0,53,0,3,0.2990187500000001
5904,3.0,31,0,3,0.29890000000000005
5905,3.0,47,0,3,0.29878125
5906,0.0,4,1,0,0.29866250000000005
5907,1.0,17,1,1,0.29854375
5908,3.0,35,0,3,0.29842499999999994
5909,3.0,39,0,3,0.2983062500000001
5910,3.0,37,0,3,0.29818750000000005
5911,3.0,31,0,3,0.2980687500000001
5912,3.0,36,0,3,0.29795000000000005
5913,3.0,31,0,3,0.29783125
5914,3.0,22,0,3,0.29771250000000005
5915,3.0,28,0,3,0.29759375
5916,3.0,32,0,3,0.29747499999999993
5917,3.0,39,0,3,0.2973562500000001
5918,1.0,22,1,1,0.29723750000000004
5919,2.0,35,1,2,0.2971187500000001
5920,3.0,40,0,3,0.29700000000000004
5921,3.0,28,0,3,0.29688125
5922,0.0,9,1,0,0.29676250000000004
5923,3.0,26,0,3,0.29664375
5924,3.0,23,0,3,0.29652500000000004
5925,3.0,36,0,3,0.2964062500000001
5926,3.0,25,0,3,0.29628750000000004
5927,3.0,34,0,3,0.2961687500000001
5928,3.0,39,0,3,0.29605000000000004
5929,2.0,38,1,2,0.29593125
5930,1.0,16,1,1,0.29581250000000003
5931,1.0,14,1,1,0.29569375
5932,3.0,32,0,3,0.29557500000000003
5933,2.0,35,1,2,0.2954562500000001
5934,3.0,38,0,3,0.29533750000000003
5935,2.0,39,1,2,0.2952187500000001
5936,1.0,28,1,1,0.29510000000000003
5937,2.0,31,1,2,0.29498125
5938,0.0,4,1,0,0.2948625
5939,2.0,31,1,2,0.29474374999999997
5940,3.0,32,0,3,0.294625
5941,2.0,27,1,2,0.2945062500000001
5942,3.0,57,0,3,0.2943875
5943,3.0,29,0,3,0.2942687500000001
5944,3.0,27,0,3,0.29415
5945,3.0,28,0,3,0.29403124999999997
5946,3.0,25,0,3,0.2939125
5947,3.0,28,0,3,0.2937937500000001
5948,3.0,27,0,3,0.293675
5949,2.0,25,1,2,0.2935562500000001
5950,1.0,22,1,1,0.2934375
5951,3.0,36,0,3,0.2933187500000001
5952,3.0,24,0,3,0.2932
5953,1.0,15,1,1,0.29308124999999996
5954,3.0,36,0,3,0.2929625
5955,3.0,28,0,3,0.29284375000000007
5956,3.0,34,0,3,0.292725
5957,1.0,33,1,1,0.29260625000000007
5958,3.0,31,0,3,0.2924875
5959,1.0,26,1,1,0.29236875000000007
5960,1.0,19,1,1,0.29225
5961,3.0,30,0,3,0.29213124999999995
5962,3.0,42,0,3,0.2920125
5963,1.0,14,1,1,0.29189375000000006
5964,3.0,34,0,3,0.291775
5965,3.0,31,0,3,0.29165625000000006
5966,3.0,29,0,3,0.2915375
5967,2.0,30,1,2,0.29141875000000006
5968,3.0,30,0,3,0.2913
5969,3.0,28,0,3,0.29118124999999995
5970,1.0,26,1,1,0.2910625000000001
5971,3.0,27,0,3,0.29094375000000006
5972,3.0,23,0,3,0.290825
5973,3.0,28,0,3,0.29070625000000005
5974,3.0,35,0,3,0.2905875
5975,3.0,25,0,3,0.29046875000000005
5976,2.0,22,1,2,0.29035
5977,3.0,29,0,3,0.29023124999999994
5978,1.0,16,1,1,0.2901125000000001
5979,2.0,23,1,2,0.28999375000000005
5980,0.0,7,1,0,0.289875
5981,1.0,19,1,1,0.28975625000000005
5982,1.0,12,1,1,0.2896375
5983,2.0,34,1,2,0.28951875000000005
5984,3.0,37,0,3,0.2894
5985,1.0,31,1,1,0.28928125000000005
5986,3.0,44,0,3,0.2891625000000001
5987,3.0,36,0,3,0.28904375000000004
5988,1.0,25,1,1,0.288925
5989,3.0,31,0,3,0.28880625000000004
5990,2.0,42,1,2,0.2886875
5991,1.0,12,1,1,0.28856875000000004
5992,2.0,26,1,2,0.28845
5993,3.0,27,0,3,0.28833125000000004
5994,3.0,31,0,3,0.2882125000000001
5995,3.0,45,0,3,0.28809375000000004
5996,3.0,33,0,3,0.287975
5997,3.0,40,0,3,0.28785625000000004
5998,1.0,14,1,1,0.2877375
5999,3.0,36,0,3,0.28761875000000003
6000,3.0,26,0,3,0.2875000000000001
6001,3.0,48,0,3,0.28738125000000003
6002,3.0,25,0,3,0.2872625000000001
6003,3.0,32,0,3,0.28714375000000003
6004,3.0,34,0,3,0.2870250000000001
6005,3.0,36,0,3,0.28690625000000003
6006,1.0,19,1,1,0.2867875
6007,3.0,36,0,3,0.28666875
6008,1.0,23,1,1,0.2865500000000001
6009,1.0,19,1,1,0.28643125
6010,3.0,36,0,3,0.2863125000000001
6011,3.0,32,0,3,0.28619375
6012,1.0,19,1,1,0.2860750000000001
6013,1.0,22,1,1,0.28595625
6014,1.0,12,1,1,0.28583749999999997
6015,3.0,35,0,3,0.28571875
6016,3.0,28,0,3,0.2856000000000001
6017,3.0,24,0,3,0.28548125
6018,1.0,13,1,1,0.2853625000000001
6019,2.0,26,1,2,0.28524375
6020,2.0,31,1,2,0.2851250000000001
6021,3.0,32,0,3,0.28500625
6022,3.0,28,0,3,0.28488749999999996
6023,1.0,26,1,1,0.2847687500000001
6024,3.0,29,0,3,0.28465000000000007
6025,1.0,24,1,1,0.28453125
6026,3.0,25,0,3,0.28441250000000007
6027,2.0,44,1,2,0.28429375
6028,3.0,34,0,3,0.28417500000000007
6029,3.0,32,0,3,0.28405625
6030,3.0,30,0,3,0.28393749999999995
6031,3.0,32,0,3,0.2838187500000001
6032,3.0,31,0,3,0.28370000000000006
6033,2.0,27,1,2,0.28358125
6034,3.0,31,0,3,0.28346250000000006
6035,3.0,33,0,3,0.28334375
6036,3.0,26,0,3,0.28322500000000006
6037,3.0,26,0,3,0.28310625
6038,1.0,18,1,1,0.28298750000000006
6039,3.0,28,0,3,0.2828687500000001
6040,1.0,21,1,1,0.28275000000000006
6041,1.0,27,1,1,0.28263125
6042,1.0,14,1,1,0.28251250000000006
6043,3.0,27,0,3,0.28239375
6044,3.0,34,0,3,0.28227500000000005
6045,2.0,21,1,2,0.28215625
6046,3.0,28,0,3,0.28203750000000005
6047,3.0,35,0,3,0.2819187500000001
6048,3.0,30,0,3,0.28180000000000005
6049,1.0,10,1,1,0.28168125
6050,3.0,27,0,3,0.28156250000000005
6051,3.0,42,0,3,0.28144375
6052,3.0,42,0,3,0.28132500000000005
6053,2.0,25,1,2,0.28120625
6054,3.0,44,0,3,0.28108750000000005
6055,2.0,30,1,2,0.2809687500000001
6056,3.0,31,0,3,0.28085000000000004
6057,3.0,32,0,3,0.28073125
6058,3.0,34,0,3,0.28061250000000004
6059,3.0,33,0,3,0.28049375
6060,3.0,37,0,3,0.28037500000000004
6061,3.0,41,0,3,0.2802562500000001
6062,1.0,25,1,1,0.28013750000000004
6063,1.0,16,1,1,0.2800187500000001
6064,3.0,32,0,3,0.27990000000000004
6065,3.0,28,0,3,0.27978125
6066,1.0,20,1,1,0.27966250000000004
6067,1.0,23,1,1,0.27954375
6068,3.0,29,0,3,0.27942500000000003
6069,3.0,30,0,3,0.2793062500000001
6070,1.0,13,1,1,0.27918750000000003
6071,3.0,29,0,3,0.2790687500000001
6072,1.0,20,1,1,0.27895000000000003
6073,3.0,40,0,3,0.27883125
6074,3.0,35,0,3,0.27871250000000003
6075,3.0,38,0,3,0.27859375
6076,1.0,15,1,1,0.27847500000000003
6077,3.0,32,0,3,0.2783562500000001
6078,3.0,24,0,3,0.2782375
6079,3.0,38,0,3,0.2781187500000001
6080,3.0,31,0,3,0.278
6081,3.0,31,0,3,0.27788124999999997
6082,1.0,17,1,1,0.2777625
6083,3.0,26,0,3,0.27764374999999997
6084,3.0,37,0,3,0.27752500000000013
6085,3.0,32,0,3,0.2774062500000001
6086,2.0,28,1,2,0.2772875
6087,0.0,3,1,0,0.2771687500000001
6088,1.0,13,1,1,0.27705
6089,2.0,31,1,2,0.27693124999999996
6090,2.0,24,1,2,0.2768125
6091,3.0,30,0,3,0.27669374999999996
6092,2.0,24,1,2,0.2765750000000001
6093,3.0,37,0,3,0.27645625000000007
6094,1.0,22,1,1,0.2763375
6095,2.0,30,1,2,0.27621875000000007
6096,1.0,19,1,1,0.2761
6097,3.0,38,0,3,0.27598124999999996
6098,1.0,16,1,1,0.2758625
6099,2.0,26,1,2,0.27574375000000007
6100,1.0,16,1,1,0.2756250000000001
6101,3.0,26,0,3,0.27550625000000006
6102,1.0,18,1,1,0.2753875
6103,3.0,29,0,3,0.27526875000000006
6104,3.0,39,0,3,0.27515
6105,3.0,38,0,3,0.27503124999999995
6106,1.0,18,1,1,0.2749125
6107,2.0,30,1,2,0.27479375000000006
6108,3.0,26,0,3,0.2746750000000001
6109,3.0,24,0,3,0.27455625000000006
6110,2.0,22,1,2,0.2744375
6111,3.0,26,0,3,0.27431875000000006
6112,2.0,26,1,2,0.2742
6113,3.0,34,0,3,0.27408124999999994
6114,3.0,36,0,3,0.2739625
6115,3.0,32,0,3,0.27384375000000005
6116,2.0,38,1,2,0.2737250000000001
6117,3.0,41,0,3,0.27360625000000005
6118,3.0,33,0,3,0.2734875
6119,3.0,29,0,3,0.27336875000000005
6120,1.0,12,1,1,0.27325
6121,1.0,15,1,1,0.27313124999999994
6122,3.0,43,0,3,0.2730125000000001
6123,3.0,28,0,3,0.27289375000000005
6124,3.0,29,0,3,0.2727750000000001
6125,3.0,25,0,3,0.27265625000000004
6126,2.0,17,1,2,0.2725375
6127,1.0,15,1,1,0.27241875000000004
6128,1.0,11,1,1,0.2723
6129,3.0,40,0,3,0.27218125000000004
6130,2.0,35,1,2,0.2720625000000001
6131,1.0,20,1,1,0.27194375000000004
6132,3.0,33,0,3,0.2718250000000001
6133,3.0,30,0,3,0.27170625000000004
6134,3.0,25,0,3,0.2715875
6135,3.0,27,0,3,0.27146875000000004
6136,1.0,19,1,1,0.27135
6137,1.0,28,1,1,0.27123125000000003
6138,3.0,32,0,3,0.2711125000000001
6139,1.0,16,1,1,0.27099375000000003
6140,3.0,29,0,3,0.2708750000000001
6141,3.0,28,0,3,0.27075625000000003
6142,3.0,26,0,3,0.2706375
6143,3.0,29,0,3,0.27051875000000003
6144,3.0,38,0,3,0.2704
6145,3.0,27,0,3,0.27028125000000014
6146,3.0,29,0,3,0.2701625000000001
6147,3.0,31,0,3,0.27004375
6148,1.0,18,1,1,0.2699250000000001
6149,3.0,34,0,3,0.26980625
6150,3.0,26,0,3,0.26968749999999997
6151,1.0,22,1,1,0.26956875
6152,2.0,25,1,2,0.26944999999999997
6153,2.0,32,1,2,0.26933125000000013
6154,3.0,34,0,3,0.2692125000000001
6155,1.0,22,1,1,0.26909375
6156,1.0,22,1,1,0.2689750000000001
6157,1.0,29,1,1,0.26885625
6158,1.0,24,1,1,0.26873749999999996
6159,3.0,27,0,3,0.26861875
6160,3.0,26,0,3,0.26850000000000007
6161,1.0,22,1,1,0.2683812500000001
6162,1.0,23,1,1,0.26826250000000007
6163,3.0,30,0,3,0.26814375
6164,3.0,34,0,3,0.26802500000000007
6165,3.0,27,0,3,0.26790625
6166,3.0,24,0,3,0.26778749999999996
6167,3.0,37,0,3,0.26766875
6168,3.0,25,0,3,0.26755000000000007
6169,1.0,19,1,1,0.2674312500000001
6170,3.0,34,0,3,0.26731250000000006
6171,3.0,27,0,3,0.26719375
6172,2.0,36,1,2,0.26707500000000006
6173,1.0,18,1,1,0.26695625
6174,3.0,30,0,3,0.26683749999999995
6175,2.0,30,1,2,0.26671875
6176,3.0,30,0,3,0.26660000000000006
6177,2.0,33,1,2,0.2664812500000001
6178,3.0,40,0,3,0.26636250000000006
6179,3.0,26,0,3,0.26624375
6180,2.0,31,1,2,0.26612500000000006
6181,3.0,29,0,3,0.26600625
6182,3.0,30,0,3,0.26588749999999994
6183,3.0,34,0,3,0.2657687500000001
6184,2.0,39,1,2,0.26565000000000005
6185,3.0,24,0,3,0.2655312500000001
6186,3.0,40,0,3,0.26541250000000005
6187,3.0,35,0,3,0.26529375
6188,3.0,28,0,3,0.26517500000000005
6189,3.0,27,0,3,0.26505625
6190,3.0,33,0,3,0.26493749999999994
6191,3.0,27,0,3,0.2648187500000001
6192,1.0,22,1,1,0.26470000000000005
6193,1.0,17,1,1,0.2645812500000001
6194,2.0,19,1,2,0.26446250000000004
6195,3.0,27,0,3,0.26434375
6196,3.0,38,0,3,0.26422500000000004
6197,3.0,36,0,3,0.26410625
6198,3.0,26,0,3,0.26398750000000004
6199,3.0,46,0,3,0.2638687500000001
6200,3.0,31,0,3,0.26375000000000004
6201,3.0,27,0,3,0.2636312500000001
6202,3.0,27,0,3,0.26351250000000004
6203,3.0,32,0,3,0.26339375
6204,3.0,43,0,3,0.26327500000000004
6205,1.0,20,1,1,0.26315625
6206,3.0,31,0,3,0.26303750000000004
6207,1.0,16,1,1,0.2629187500000001
6208,3.0,33,0,3,0.26280000000000003
6209,3.0,27,0,3,0.2626812500000001
6210,3.0,35,0,3,0.26256250000000003
6211,1.0,21,1,1,0.26244375
6212,3.0,27,0,3,0.26232500000000003
6213,1.0,17,1,1,0.26220625
6214,3.0,27,0,3,0.26208750000000003
6215,1.0,25,1,1,0.2619687500000001
6216,1.0,24,1,1,0.26185
6217,1.0,20,1,1,0.2617312500000001
6218,3.0,39,0,3,0.2616125
6219,2.0,36,1,2,0.26149374999999997
6220,0.0,4,1,0,0.261375
6221,3.0,37,0,3,0.2612562500000001
6222,3.0,35,0,3,0.2611375
6223,3.0,37,0,3,0.2610187500000001
6224,3.0,28,0,3,0.2609
6225,3.0,40,0,3,0.2607812500000001
6226,1.0,22,1,1,0.2606625
6227,2.0,25,1,2,0.26054374999999996
6228,3.0,31,0,3,0.260425
6229,1.0,20,1,1,0.2603062500000001
6230,3.0,25,0,3,0.2601875
6231,1.0,13,1,1,0.26006875000000007
6232,1.0,13,1,1,0.25995
6233,3.0,28,0,3,0.25983125000000007
6234,1.0,21,1,1,0.2597125
6235,3.0,36,0,3,0.25959374999999996
6236,3.0,30,0,3,0.259475
6237,1.0,18,1,1,0.25935625000000007
6238,1.0,20,1,1,0.2592375
6239,3.0,25,0,3,0.25911875000000006
6240,1.0,15,1,1,0.259
6241,3.0,30,0,3,0.25888125000000006
6242,3.0,32,0,3,0.2587625
6243,3.0,30,0,3,0.25864374999999995
6244,3.0,32,0,3,0.2585250000000001
6245,3.0,28,0,3,0.25840625000000006
6246,3.0,34,0,3,0.2582875
6247,2.0,23,1,2,0.25816875000000006
6248,2.0,38,1,2,0.25805
6249,3.0,31,0,3,0.25793125000000006
6250,3.0,25,0,3,0.2578125
6251,1.0,21,1,1,0.25769374999999994
6252,1.0,13,1,1,0.2575750000000001
6253,3.0,26,0,3,0.25745625000000005
6254,1.0,9,1,1,0.2573375000000001
6255,3.0,27,0,3,0.25721875000000005
6256,3.0,25,0,3,0.2571
6257,3.0,25,0,3,0.25698125000000005
6258,1.0,18,1,1,0.2568625
6259,3.0,27,0,3,0.25674375000000005
6260,1.0,17,1,1,0.2566250000000001
6261,1.0,17,1,1,0.25650625000000005
6262,2.0,23,1,2,0.2563875000000001
6263,3.0,28,0,3,0.25626875000000005
6264,3.0,30,0,3,0.25615
6265,2.0,32,1,2,0.25603125000000004
6266,2.0,24,1,2,0.2559125
6267,3.0,30,0,3,0.25579375000000004
6268,3.0,32,0,3,0.2556750000000001
6269,3.0,32,0,3,0.25555625000000004
6270,3.0,35,0,3,0.2554375000000001
6271,3.0,34,0,3,0.25531875000000004
6272,3.0,31,0,3,0.2552
6273,3.0,28,0,3,0.25508125000000004
6274,3.0,32,0,3,0.2549625
6275,3.0,30,0,3,0.25484375000000004
6276,3.0,24,0,3,0.2547250000000001
6277,3.0,31,0,3,0.25460625000000003
6278,3.0,28,0,3,0.2544875000000001
6279,3.0,30,0,3,0.25436875000000003
6280,3.0,30,0,3,0.25425
6281,3.0,38,0,3,0.25413125000000003
6282,1.0,19,1,1,0.2540125000000001
6283,3.0,29,0,3,0.25389375000000003
6284,3.0,28,0,3,0.2537750000000001
6285,3.0,29,0,3,0.25365625
6286,3.0,29,0,3,0.2535375000000001
6287,3.0,33,0,3,0.25341875
6288,3.0,24,0,3,0.25329999999999997
6289,3.0,37,0,3,0.25318125
6290,3.0,24,0,3,0.2530625000000001
6291,1.0,10,1,1,0.25294375
6292,0.0,7,1,0,0.2528250000000001
6293,3.0,30,0,3,0.25270625
6294,3.0,23,0,3,0.2525875000000001
6295,0.0,9,1,0,0.25246875
6296,3.0,29,0,3,0.25234999999999996
6297,3.0,34,0,3,0.25223125
6298,2.0,25,1,2,0.2521125000000001
6299,3.0,35,0,3,0.25199375
6300,1.0,17,1,1,0.25187500000000007
6301,3.0,30,0,3,0.25175625
6302,3.0,39,0,3,0.25163750000000007
6303,1.0,17,1,1,0.25151875
6304,3.0,27,0,3,0.25139999999999996
6305,3.0,29,0,3,0.2512812500000001
6306,3.0,38,0,3,0.25116250000000007
6307,3.0,28,0,3,0.25104375
6308,1.0,20,1,1,0.25092500000000006
6309,3.0,39,0,3,0.25080625
6310,3.0,27,0,3,0.25068750000000006
6311,1.0,26,1,1,0.25056875
6312,3.0,25,0,3,0.25044999999999995
6313,2.0,21,1,2,0.2503312500000001
6314,3.0,33,0,3,0.25021250000000006
6315,1.0,9,1,1,0.25009375
6316,3.0,27,0,3,0.24997500000000006
6317,3.0,28,0,3,0.24985625
6318,3.0,30,0,3,0.24973750000000006
6319,3.0,32,0,3,0.24961875
6320,2.0,28,1,2,0.24950000000000006
6321,3.0,31,0,3,0.2493812500000001
6322,2.0,27,1,2,0.24926250000000005
6323,0.0,12,1,0,0.24914375
6324,1.0,18,1,1,0.24902500000000005
6325,2.0,23,1,2,0.24890625
6326,3.0,37,0,3,0.24878750000000005
6327,1.0,18,1,1,0.24866875
6328,3.0,32,0,3,0.24855000000000005
6329,3.0,26,0,3,0.2484312500000001
6330,3.0,30,0,3,0.24831250000000005
6331,3.0,27,0,3,0.24819375
6332,3.0,47,0,3,0.24807500000000005
6333,0.0,4,1,0,0.24795625
6334,3.0,25,0,3,0.24783750000000004
6335,1.0,11,1,1,0.24771875
6336,3.0,27,0,3,0.24760000000000004
6337,3.0,41,0,3,0.2474812500000001
6338,3.0,25,0,3,0.24736250000000004
6339,1.0,8,1,1,0.24724374999999998
6340,3.0,37,0,3,0.24712500000000004
6341,1.0,24,1,1,0.24700624999999998
6342,1.0,25,1,1,0.24688750000000004
6343,3.0,24,0,3,0.2467687500000001
6344,3.0,36,0,3,0.24665000000000004
6345,2.0,31,1,2,0.2465312500000001
6346,3.0,29,0,3,0.24641250000000003
6347,3.0,27,0,3,0.24629374999999998
6348,3.0,26,0,3,0.24617500000000003
6349,3.0,40,0,3,0.24605624999999998
6350,3.0,35,0,3,0.24593750000000003
6351,3.0,24,0,3,0.24581875000000009
6352,3.0,30,0,3,0.24570000000000003
6353,1.0,17,1,1,0.24558125000000008
6354,1.0,18,1,1,0.24546250000000003
6355,3.0,25,0,3,0.24534374999999997
6356,2.0,26,1,2,0.24522500000000003
6357,3.0,29,0,3,0.24510624999999997
6358,3.0,28,0,3,0.24498750000000002
6359,3.0,25,0,3,0.24486875000000008
6360,3.0,25,0,3,0.24475000000000002
6361,1.0,23,1,1,0.24463125000000008
6362,3.0,25,0,3,0.24451250000000002
6363,1.0,19,1,1,0.24439374999999997
6364,3.0,31,0,3,0.24427500000000002
6365,3.0,24,0,3,0.24415624999999996
6366,3.0,30,0,3,0.24403750000000013
6367,1.0,11,1,1,0.24391875000000007
6368,3.0,28,0,3,0.24380000000000002
6369,3.0,29,0,3,0.24368125000000007
6370,3.0,28,0,3,0.24356250000000002
6371,3.0,29,0,3,0.24344374999999996
6372,3.0,26,0,3,0.243325
6373,3.0,30,0,3,0.24320624999999996
6374,3.0,32,0,3,0.24308750000000012
6375,3.0,33,0,3,0.24296875000000007
6376,1.0,23,1,1,0.24285
6377,1.0,14,1,1,0.24273125000000007
6378,3.0,36,0,3,0.2426125
6379,2.0,22,1,2,0.24249375000000006
6380,3.0,39,0,3,0.242375
6381,1.0,11,1,1,0.24225625000000006
6382,3.0,24,0,3,0.24213750000000012
6383,2.0,34,1,2,0.24201875000000006
6384,3.0,35,0,3,0.2419
6385,2.0,23,1,2,0.24178125000000006
6386,3.0,30,0,3,0.2416625
6387,3.0,41,0,3,0.24154375000000006
6388,3.0,22,0,3,0.241425
6389,3.0,25,0,3,0.24130625000000006
6390,3.0,28,0,3,0.2411875000000001
6391,3.0,29,0,3,0.24106875000000005
6392,1.0,17,1,1,0.24095
6393,3.0,34,0,3,0.24083125000000005
6394,3.0,42,0,3,0.2407125
6395,2.0,37,1,2,0.24059375000000005
6396,3.0,34,0,3,0.240475
6397,1.0,19,1,1,0.24035625000000005
6398,1.0,20,1,1,0.2402375000000001
6399,3.0,34,0,3,0.24011875000000005
6400,3.0,25,0,3,0.24
6401,3.0,37,0,3,0.23988125000000005
6402,3.0,36,0,3,0.2397625
6403,3.0,30,0,3,0.23964375000000004
6404,3.0,24,0,3,0.2395250000000001
6405,3.0,29,0,3,0.23940625000000004
6406,3.0,26,0,3,0.2392875000000001
6407,1.0,17,1,1,0.23916875000000004
6408,1.0,20,1,1,0.23904999999999998
6409,1.0,24,1,1,0.23893125000000004
6410,1.0,22,1,1,0.23881249999999998
6411,2.0,26,1,2,0.23869375000000004
6412,3.0,39,0,3,0.2385750000000001
6413,2.0,26,1,2,0.23845625000000004
6414,3.0,34,0,3,0.2383375000000001
6415,3.0,25,0,3,0.23821875000000003
6416,2.0,22,1,2,0.23809999999999998
6417,1.0,19,1,1,0.23798125000000003
6418,2.0,35,1,2,0.23786249999999998
6419,3.0,36,0,3,0.23774375000000003
6420,1.0,19,1,1,0.2376250000000001
6421,3.0,33,0,3,0.23750625000000003
6422,3.0,30,0,3,0.23738750000000008
6423,2.0,24,1,2,0.23726875000000003
6424,3.0,33,0,3,0.23714999999999997
6425,3.0,30,0,3,0.23703125000000003
6426,3.0,41,0,3,0.23691249999999997
6427,3.0,24,0,3,0.23679375000000014
6428,3.0,23,0,3,0.23667500000000008
6429,3.0,22,0,3,0.23655625000000002
6430,3.0,35,0,3,0.23643750000000008
6431,2.0,25,1,2,0.23631875000000002
6432,1.0,17,1,1,0.23619999999999997
6433,3.0,32,0,3,0.23608125000000002
6434,3.0,27,0,3,0.23596249999999996
6435,1.0,25,1,1,0.23584375000000013
6436,1.0,15,1,1,0.23572500000000007
6437,3.0,40,0,3,0.23560625000000002
6438,3.0,46,0,3,0.23548750000000007
6439,3.0,33,0,3,0.23536875000000002
6440,3.0,34,0,3,0.23524999999999996
6441,3.0,27,0,3,0.23513125
6442,1.0,9,1,1,0.23501250000000007
6443,3.0,28,0,3,0.23489375000000012
6444,2.0,25,1,2,0.23477500000000007
6445,3.0,29,0,3,0.23465625
6446,3.0,30,0,3,0.23453750000000007
6447,3.0,26,0,3,0.23441875
6448,3.0,37,0,3,0.23429999999999995
6449,2.0,38,1,2,0.23418125
6450,3.0,26,0,3,0.23406250000000006
6451,3.0,32,0,3,0.23394375000000012
6452,3.0,24,0,3,0.23382500000000006
6453,3.0,28,0,3,0.23370625
6454,1.0,16,1,1,0.23358750000000006
6455,3.0,31,0,3,0.23346875
6456,3.0,31,0,3,0.23334999999999995
6457,3.0,27,0,3,0.23323125
6458,3.0,27,0,3,0.23311250000000006
6459,3.0,30,0,3,0.2329937500000001
6460,1.0,23,1,1,0.23287500000000005
6461,3.0,28,0,3,0.23275625
6462,3.0,30,0,3,0.23263750000000005
6463,2.0,19,1,2,0.23251875
6464,1.0,20,1,1,0.23239999999999994
6465,3.0,25,0,3,0.2322812500000001
6466,1.0,9,1,1,0.23216250000000005
6467,3.0,33,0,3,0.2320437500000001
6468,0.0,8,1,0,0.23192500000000005
6469,3.0,24,0,3,0.23180625
6470,3.0,33,0,3,0.23168750000000005
6471,3.0,25,0,3,0.23156875
6472,2.0,36,1,2,0.23144999999999993
6473,3.0,24,0,3,0.2313312500000001
6474,3.0,29,0,3,0.23121250000000004
6475,3.0,30,0,3,0.2310937500000001
6476,1.0,14,1,1,0.23097500000000004
6477,3.0,36,0,3,0.23085624999999999
6478,1.0,16,1,1,0.23073750000000004
6479,3.0,26,0,3,0.23061874999999998
6480,3.0,34,0,3,0.23050000000000004
6481,3.0,26,0,3,0.2303812500000001
6482,3.0,26,0,3,0.23026250000000004
6483,3.0,29,0,3,0.2301437500000001
6484,3.0,32,0,3,0.23002500000000003
6485,3.0,33,0,3,0.22990624999999998
6486,1.0,14,1,1,0.22978750000000003
6487,1.0,30,1,1,0.22966874999999998
6488,1.0,14,1,1,0.22955000000000003
6489,3.0,23,0,3,0.2294312500000001
6490,3.0,33,0,3,0.22931250000000003
6491,3.0,26,0,3,0.22919375000000008
6492,3.0,25,0,3,0.22907500000000003
6493,3.0,30,0,3,0.22895624999999997
6494,3.0,29,0,3,0.22883750000000003
6495,3.0,32,0,3,0.22871874999999997
6496,1.0,17,1,1,0.22860000000000003
6497,3.0,23,0,3,0.22848125000000008
6498,2.0,28,1,2,0.22836250000000002
6499,3.0,35,0,3,0.22824375000000008
6500,1.0,16,1,1,0.22812500000000002
6501,3.0,27,0,3,0.22800624999999997
6502,3.0,25,0,3,0.22788750000000002
6503,2.0,25,1,2,0.22776875000000008
6504,3.0,32,0,3,0.22765000000000013
6505,1.0,18,1,1,0.22753125000000007
6506,2.0,26,1,2,0.22741250000000002
6507,3.0,25,0,3,0.22729375000000007
6508,3.0,24,0,3,0.22717500000000002
6509,3.0,33,0,3,0.22705624999999996
6510,3.0,28,0,3,0.22693750000000001
6511,3.0,29,0,3,0.22681875000000007
6512,1.0,26,1,1,0.22670000000000012
6513,3.0,24,0,3,0.22658125000000007
6514,3.0,34,0,3,0.2264625
6515,0.0,13,1,0,0.22634375000000007
6516,3.0,26,0,3,0.226225
6517,3.0,23,0,3,0.22610624999999995
6518,3.0,22,0,3,0.2259875
6519,2.0,23,1,2,0.22586875000000006
6520,3.0,30,0,3,0.22575000000000012
6521,2.0,29,1,2,0.22563125000000006
6522,3.0,29,0,3,0.2255125
6523,3.0,32,0,3,0.22539375000000006
6524,1.0,10,1,1,0.225275
6525,3.0,31,0,3,0.22515624999999995
6526,2.0,24,1,2,0.2250375000000001
6527,3.0,26,0,3,0.22491875000000006
6528,3.0,25,0,3,0.2248000000000001
6529,3.0,22,0,3,0.22468125000000005
6530,3.0,24,0,3,0.2245625
6531,3.0,36,0,3,0.22444375000000005
6532,3.0,28,0,3,0.224325
6533,0.0,8,1,0,0.22420624999999994
6534,2.0,26,1,2,0.2240875000000001
6535,3.0,26,0,3,0.22396875000000005
6536,3.0,26,0,3,0.2238500000000001
6537,3.0,30,0,3,0.22373125000000005
6538,1.0,19,1,1,0.2236125
6539,1.0,19,1,1,0.22349375000000005
6540,3.0,30,0,3,0.223375
6541,3.0,27,0,3,0.22325625000000004
6542,1.0,19,1,1,0.2231375000000001
6543,1.0,19,1,1,0.22301875000000004
6544,1.0,17,1,1,0.2229000000000001
6545,1.0,16,1,1,0.22278125000000004
6546,1.0,22,1,1,0.22266249999999999
6547,3.0,28,0,3,0.22254375000000004
6548,3.0,27,0,3,0.22242499999999998
6549,2.0,33,1,2,0.22230625000000004
6550,1.0,18,1,1,0.2221875000000001
6551,1.0,26,1,1,0.22206875000000004
6552,3.0,42,0,3,0.2219500000000001
6553,3.0,32,0,3,0.22183125000000004
6554,3.0,31,0,3,0.22171249999999998
6555,3.0,27,0,3,0.22159375000000003
6556,0.0,7,1,0,0.22147499999999998
6557,3.0,26,0,3,0.22135625000000003
6558,3.0,29,0,3,0.2212375000000001
6559,1.0,22,1,1,0.22111875000000003
6560,3.0,31,0,3,0.22100000000000009
6561,3.0,26,0,3,0.22088125000000003
6562,3.0,29,0,3,0.22076249999999997
6563,3.0,30,0,3,0.22064375000000003
6564,3.0,28,0,3,0.22052500000000008
6565,3.0,30,0,3,0.22040625000000003
6566,1.0,18,1,1,0.22028750000000008
6567,3.0,31,0,3,0.22016875000000002
6568,3.0,25,0,3,0.22005000000000008
6569,3.0,34,0,3,0.21993125000000002
6570,1.0,17,1,1,0.21981249999999997
6571,3.0,23,0,3,0.21969375000000002
6572,3.0,31,0,3,0.21957500000000008
6573,3.0,26,0,3,0.21945625000000002
6574,3.0,28,0,3,0.21933750000000007
6575,3.0,28,0,3,0.21921875000000002
6576,3.0,28,0,3,0.21910000000000007
6577,3.0,24,0,3,0.21898125000000002
6578,3.0,30,0,3,0.21886249999999996
6579,3.0,28,0,3,0.21874375000000001
6580,3.0,30,0,3,0.21862500000000007
6581,1.0,14,1,1,0.21850625
6582,3.0,37,0,3,0.21838750000000007
6583,3.0,30,0,3,0.21826875
6584,3.0,31,0,3,0.21815000000000007
6585,3.0,38,0,3,0.21803125
6586,1.0,15,1,1,0.21791249999999995
6587,2.0,30,1,2,0.21779375000000012
6588,3.0,41,0,3,0.21767500000000006
6589,3.0,34,0,3,0.21755625
6590,2.0,22,1,2,0.21743750000000006
6591,2.0,28,1,2,0.21731875
6592,1.0,19,1,1,0.21720000000000006
6593,1.0,17,1,1,0.21708125
6594,3.0,36,0,3,0.21696249999999995
6595,3.0,46,0,3,0.2168437500000001
6596,3.0,27,0,3,0.21672500000000006
6597,1.0,12,1,1,0.21660625
6598,3.0,27,0,3,0.21648750000000005
6599,3.0,32,0,3,0.21636875
6600,3.0,25,0,3,0.21625000000000005
6601,3.0,26,0,3,0.21613125
6602,3.0,26,0,3,0.21601250000000005
6603,3.0,28,0,3,0.2158937500000001
6604,3.0,22,0,3,0.21577500000000005
6605,0.0,13,1,0,0.21565625
6606,3.0,27,0,3,0.21553750000000005
6607,3.0,30,0,3,0.21541875
6608,1.0,16,1,1,0.21530000000000005
6609,3.0,24,0,3,0.21518125
6610,3.0,23,0,3,0.21506250000000005
6611,1.0,11,1,1,0.2149437500000001
6612,1.0,19,1,1,0.21482500000000004
6613,3.0,30,0,3,0.21470625
6614,3.0,33,0,3,0.21458750000000004
6615,1.0,14,1,1,0.21446874999999999
6616,3.0,33,0,3,0.21435000000000004
6617,3.0,26,0,3,0.21423124999999998
6618,0.0,10,1,0,0.21411250000000004
6619,3.0,36,0,3,0.2139937500000001
6620,0.0,5,1,0,0.21387500000000004
6621,3.0,28,0,3,0.21375624999999998
6622,3.0,32,0,3,0.21363750000000004
6623,1.0,12,1,1,0.21351874999999998
6624,3.0,28,0,3,0.21340000000000003
6625,1.0,17,1,1,0.2132812500000001
6626,3.0,28,0,3,0.21316250000000003
6627,3.0,27,0,3,0.2130437500000001
6628,3.0,26,0,3,0.21292500000000003
6629,3.0,23,0,3,0.21280625000000009
6630,1.0,14,1,1,0.21268750000000003
6631,3.0,28,0,3,0.21256874999999997
6632,3.0,24,0,3,0.21245000000000003
6633,3.0,24,0,3,0.21233125000000008
6634,3.0,27,0,3,0.21221250000000003
6635,1.0,21,1,1,0.21209375000000008
6636,3.0,26,0,3,0.21197500000000002
6637,1.0,20,1,1,0.21185625000000008
6638,3.0,24,0,3,0.21173750000000002
6639,2.0,22,1,2,0.21161874999999997
6640,3.0,26,0,3,0.21150000000000002
6641,0.0,6,1,0,0.21138125000000008
6642,1.0,27,1,1,0.21126250000000002
6643,2.0,25,1,2,0.21114375000000007
6644,3.0,31,0,3,0.21102500000000002
6645,3.0,28,0,3,0.21090625000000007
6646,3.0,24,0,3,0.21078750000000002
6647,3.0,26,0,3,0.21066874999999996
6648,1.0,19,1,1,0.21055000000000013
6649,3.0,32,0,3,0.21043125000000007
6650,3.0,32,0,3,0.2103125
6651,3.0,26,0,3,0.21019375000000007
6652,3.0,30,0,3,0.210075
6653,3.0,31,0,3,0.20995625000000007
6654,3.0,29,0,3,0.2098375
6655,2.0,27,1,2,0.20971874999999995
6656,3.0,29,0,3,0.20960000000000012
6657,2.0,23,1,2,0.20948125000000006
6658,3.0,33,0,3,0.2093625
6659,1.0,15,1,1,0.20924375000000006
6660,3.0,30,0,3,0.209125
6661,1.0,22,1,1,0.20900625000000006
6662,3.0,24,0,3,0.2088875
6663,3.0,31,0,3,0.20876875000000006
6664,3.0,28,0,3,0.2086500000000001
6665,3.0,22,0,3,0.20853125000000006
6666,3.0,24,0,3,0.2084125
6667,3.0,33,0,3,0.20829375000000006
6668,3.0,26,0,3,0.208175
6669,1.0,20,1,1,0.20805625000000005
6670,1.0,16,1,1,0.2079375
6671,3.0,31,0,3,0.20781875000000005
6672,2.0,32,1,2,0.2077000000000001
6673,3.0,32,0,3,0.20758125000000005
6674,3.0,30,0,3,0.2074625
6675,3.0,29,0,3,0.20734375000000005
6676,3.0,37,0,3,0.207225
6677,3.0,24,0,3,0.20710625000000005
6678,3.0,29,0,3,0.2069875
6679,1.0,12,1,1,0.20686875000000005
6680,3.0,25,0,3,0.2067500000000001
6681,3.0,29,0,3,0.20663125000000004
6682,3.0,24,0,3,0.2065125
6683,3.0,25,0,3,0.20639375000000004
6684,3.0,24,0,3,0.206275
6685,1.0,17,1,1,0.20615625000000004
6686,3.0,27,0,3,0.2060375000000001
6687,3.0,34,0,3,0.20591875000000004
6688,1.0,17,1,1,0.2058000000000001
6689,1.0,10,1,1,0.20568125000000004
6690,3.0,26,0,3,0.20556249999999998
6691,3.0,39,0,3,0.20544375000000004
6692,3.0,30,0,3,0.20532499999999998
6693,1.0,19,1,1,0.20520625000000003
6694,1.0,20,1,1,0.2050875000000001
6695,3.0,25,0,3,0.20496875000000003
6696,3.0,29,0,3,0.2048500000000001
6697,3.0,27,0,3,0.20473125000000003
6698,1.0,22,1,1,0.20461249999999997
6699,1.0,15,1,1,0.20449375000000003
6700,3.0,31,0,3,0.20437499999999997
6701,3.0,35,0,3,0.20425625000000003
6702,1.0,18,1,1,0.20413750000000008
6703,2.0,24,1,2,0.20401875000000003
6704,1.0,19,1,1,0.20390000000000008
6705,3.0,27,0,3,0.20378125000000002
6706,3.0,28,0,3,0.20366249999999997
6707,3.0,26,0,3,0.20354375000000002
6708,3.0,27,0,3,0.20342499999999997
6709,2.0,29,1,2,0.20330625000000013
6710,3.0,36,0,3,0.20318750000000008
6711,3.0,26,0,3,0.20306875000000002
6712,3.0,42,0,3,0.20295000000000007
6713,3.0,31,0,3,0.20283125000000002
6714,3.0,26,0,3,0.20271249999999996
6715,3.0,29,0,3,0.20259375000000002
6716,3.0,25,0,3,0.20247499999999996
6717,3.0,23,0,3,0.20235625000000013
6718,3.0,24,0,3,0.20223750000000007
6719,3.0,28,0,3,0.20211875
6720,3.0,27,0,3,0.20200000000000007
6721,3.0,31,0,3,0.20188125
6722,3.0,27,0,3,0.20176249999999996
6723,3.0,35,0,3,0.20164375
6724,2.0,28,1,2,0.20152500000000007
6725,3.0,26,0,3,0.20140625000000012
6726,2.0,21,1,2,0.20128750000000006
6727,3.0,29,0,3,0.20116875
6728,3.0,28,0,3,0.20105000000000006
6729,3.0,24,0,3,0.20093125
6730,3.0,34,0,3,0.20081249999999995
6731,3.0,22,0,3,0.20069375
6732,2.0,24,1,2,0.20057500000000006
6733,1.0,13,1,1,0.2004562500000001
6734,1.0,22,1,1,0.20033750000000006
6735,3.0,30,0,3,0.20021875
6736,1.0,17,1,1,0.20010000000000006
6737,2.0,22,1,2,0.19998125
6738,3.0,28,0,3,0.19986249999999994
6739,3.0,25,0,3,0.19974375
6740,3.0,26,0,3,0.19962500000000005
6741,1.0,11,1,1,0.1995062500000001
6742,1.0,17,1,1,0.19938750000000005
6743,1.0,20,1,1,0.19926875
6744,3.0,42,0,3,0.19915000000000005
6745,3.0,27,0,3,0.19903125
6746,3.0,25,0,3,0.19891249999999994
6747,3.0,28,0,3,0.1987937500000001
6748,3.0,26,0,3,0.19867500000000005
6749,1.0,22,1,1,0.1985562500000001
6750,1.0,19,1,1,0.19843750000000004
6751,3.0,27,0,3,0.19831875
6752,1.0,19,1,1,0.19820000000000004
6753,3.0,31,0,3,0.19808125
6754,3.0,26,0,3,0.19796250000000004
6755,3.0,29,0,3,0.1978437500000001
6756,0.0,3,1,0,0.19772500000000004
6757,1.0,14,1,1,0.1976062500000001
6758,3.0,32,0,3,0.19748750000000004
6759,1.0,17,1,1,0.19736874999999998
6760,1.0,19,1,1,0.19725000000000004
6761,3.0,23,0,3,0.19713124999999998
6762,1.0,17,1,1,0.19701250000000003
6763,3.0,30,0,3,0.1968937500000001
6764,3.0,27,0,3,0.19677500000000003
6765,3.0,26,0,3,0.1966562500000001
6766,1.0,21,1,1,0.19653750000000003
6767,2.0,20,1,2,0.19641874999999998
6768,3.0,31,0,3,0.19630000000000003
6769,2.0,32,1,2,0.19618124999999997
6770,3.0,30,0,3,0.19606250000000014
6771,3.0,25,0,3,0.19594375000000008
6772,1.0,17,1,1,0.19582500000000003
6773,1.0,17,1,1,0.19570625000000008
6774,3.0,34,0,3,0.19558750000000003
6775,1.0,20,1,1,0.19546874999999997
6776,1.0,29,1,1,0.19535000000000002
6777,3.0,69,0,3,0.19523124999999997
6778,3.0,22,0,3,0.19511250000000013
6779,3.0,25,0,3,0.19499375000000008
6780,3.0,28,0,3,0.19487500000000002
6781,3.0,34,0,3,0.19475625000000008
6782,0.0,3,1,0,0.19463750000000002
6783,3.0,27,0,3,0.19451874999999996
6784,3.0,24,0,3,0.19440000000000002
6785,3.0,34,0,3,0.19428125000000007
6786,3.0,23,0,3,0.19416250000000013
6787,1.0,17,1,1,0.19404375000000007
6788,3.0,28,0,3,0.19392500000000001
6789,2.0,27,1,2,0.19380625000000007
6790,1.0,20,1,1,0.1936875
6791,3.0,24,0,3,0.19356874999999996
6792,3.0,24,0,3,0.19345
6793,3.0,24,0,3,0.19333125000000007
6794,3.0,25,0,3,0.19321250000000012
6795,1.0,13,1,1,0.19309375000000006
6796,3.0,22,0,3,0.192975
6797,3.0,29,0,3,0.19285625000000006
6798,3.0,27,0,3,0.1927375
6799,3.0,30,0,3,0.19261874999999995
6800,3.0,22,0,3,0.1925
6801,3.0,35,0,3,0.19238125000000006
6802,3.0,28,0,3,0.1922625000000001
6803,3.0,35,0,3,0.19214375000000006
6804,3.0,22,0,3,0.192025
6805,1.0,14,1,1,0.19190625000000006
6806,0.0,7,1,0,0.1917875
6807,3.0,42,0,3,0.19166874999999994
6808,3.0,40,0,3,0.1915500000000001
6809,3.0,24,0,3,0.19143125000000005
6810,3.0,23,0,3,0.1913125000000001
6811,3.0,24,0,3,0.19119375000000005
6812,2.0,27,1,2,0.191075
6813,1.0,16,1,1,0.19095625000000005
6814,2.0,27,1,2,0.1908375
6815,3.0,26,0,3,0.19071874999999994
6816,3.0,24,0,3,0.1906000000000001
6817,3.0,23,0,3,0.19048125000000005
6818,3.0,28,0,3,0.1903625000000001
6819,3.0,28,0,3,0.19024375000000004
6820,3.0,33,0,3,0.190125
6821,2.0,26,1,2,0.19000625000000004
6822,3.0,32,0,3,0.1898875
6823,3.0,26,0,3,0.18976875000000004
6824,3.0,26,0,3,0.1896500000000001
6825,3.0,29,0,3,0.18953125000000004
6826,3.0,24,0,3,0.1894125000000001
6827,3.0,26,0,3,0.18929375000000004
6828,3.0,26,0,3,0.18917499999999998
6829,3.0,31,0,3,0.18905625000000004
6830,3.0,25,0,3,0.18893749999999998
6831,1.0,14,1,1,0.18881875000000004
6832,3.0,28,0,3,0.1887000000000001
6833,1.0,21,1,1,0.18858125000000003
6834,1.0,23,1,1,0.1884625000000001
6835,3.0,27,0,3,0.18834375000000003
6836,3.0,27,0,3,0.18822499999999998
6837,3.0,25,0,3,0.18810625000000003
6838,1.0,18,1,1,0.18798749999999997
6839,3.0,28,0,3,0.18786875000000003
6840,3.0,28,0,3,0.18775000000000008
6841,3.0,28,0,3,0.18763125000000003
6842,1.0,15,1,1,0.18751250000000008
6843,3.0,25,0,3,0.18739375000000003
6844,1.0,16,1,1,0.18727499999999997
6845,3.0,29,0,3,0.18715625000000002
6846,3.0,28,0,3,0.18703750000000008
6847,3.0,28,0,3,0.18691875000000002
6848,3.0,26,0,3,0.18680000000000008
6849,3.0,25,0,3,0.18668125000000002
6850,1.0,16,1,1,0.18656250000000008
6851,3.0,30,0,3,0.18644375000000002
6852,1.0,15,1,1,0.18632499999999996
6853,1.0,21,1,1,0.18620625000000002
6854,1.0,11,1,1,0.18608750000000007
6855,2.0,22,1,2,0.18596875000000002
6856,1.0,15,1,1,0.18585000000000007
6857,1.0,19,1,1,0.18573125000000001
6858,3.0,26,0,3,0.18561250000000007
6859,3.0,24,0,3,0.18549375
6860,3.0,28,0,3,0.18537499999999996
6861,3.0,27,0,3,0.18525625
6862,3.0,22,0,3,0.18513750000000007
6863,3.0,26,0,3,0.18501875
6864,3.0,26,0,3,0.18490000000000006
6865,3.0,33,0,3,0.18478125
6866,3.0,38,0,3,0.18466250000000006
6867,3.0,35,0,3,0.18454375
6868,3.0,26,0,3,0.18442499999999995
6869,3.0,22,0,3,0.18430625000000012
6870,3.0,28,0,3,0.18418750000000006
6871,3.0,26,0,3,0.18406875
6872,3.0,26,0,3,0.18395000000000006
6873,3.0,22,0,3,0.18383125
6874,3.0,33,0,3,0.18371250000000006
6875,3.0,28,0,3,0.18359375
6876,3.0,31,0,3,0.18347499999999994
6877,2.0,25,1,2,0.1833562500000001
6878,1.0,8,1,1,0.18323750000000005
6879,1.0,17,1,1,0.1831187500000001
6880,3.0,28,0,3,0.18300000000000005
6881,3.0,28,0,3,0.18288125
6882,1.0,19,1,1,0.18276250000000005
6883,1.0,15,1,1,0.18264375
6884,3.0,28,0,3,0.18252500000000005
6885,1.0,14,1,1,0.1824062500000001
6886,3.0,25,0,3,0.18228750000000005
6887,3.0,22,0,3,0.1821687500000001
6888,1.0,16,1,1,0.18205000000000005
6889,3.0,26,0,3,0.18193125
6890,1.0,15,1,1,0.18181250000000004
6891,3.0,34,0,3,0.18169375
6892,1.0,20,1,1,0.18157500000000004
6893,1.0,17,1,1,0.1814562500000001
6894,3.0,40,0,3,0.18133750000000004
6895,3.0,25,0,3,0.1812187500000001
6896,3.0,24,0,3,0.18110000000000004
6897,3.0,27,0,3,0.18098124999999998
6898,3.0,23,0,3,0.18086250000000004
6899,3.0,29,0,3,0.18074374999999998
6900,3.0,28,0,3,0.18062500000000004
6901,3.0,26,0,3,0.1805062500000001
6902,3.0,26,0,3,0.18038750000000003
6903,1.0,21,1,1,0.1802687500000001
6904,1.0,15,1,1,0.18015000000000003
6905,3.0,27,0,3,0.18003124999999998
6906,3.0,27,0,3,0.17991250000000003
6907,2.0,21,1,2,0.17979375000000009
6908,3.0,26,0,3,0.17967500000000003
6909,3.0,28,0,3,0.17955625000000008
6910,1.0,18,1,1,0.17943750000000003
6911,2.0,31,1,2,0.17931875000000008
6912,3.0,26,0,3,0.17920000000000003
6913,3.0,23,0,3,0.17908124999999997
6914,3.0,23,0,3,0.17896250000000002
6915,3.0,30,0,3,0.17884375000000008
6916,2.0,27,1,2,0.17872500000000002
6917,1.0,21,1,1,0.17860625000000008
6918,3.0,29,0,3,0.17848750000000002
6919,3.0,25,0,3,0.17836875000000008
6920,3.0,27,0,3,0.17825000000000002
6921,3.0,29,0,3,0.17813124999999996
6922,3.0,31,0,3,0.17801250000000002
6923,3.0,34,0,3,0.17789375000000007
6924,3.0,34,0,3,0.17777500000000002
6925,3.0,28,0,3,0.17765625000000007
6926,3.0,24,0,3,0.17753750000000001
6927,3.0,24,0,3,0.17741875000000007
6928,3.0,22,0,3,0.1773
6929,3.0,24,0,3,0.17718124999999996
6930,3.0,25,0,3,0.17706250000000012
6931,3.0,26,0,3,0.17694375000000007
6932,3.0,23,0,3,0.176825
6933,1.0,18,1,1,0.17670625000000006
6934,3.0,24,0,3,0.1765875
6935,3.0,28,0,3,0.17646875000000006
6936,3.0,30,0,3,0.17635
6937,1.0,19,1,1,0.17623124999999995
6938,3.0,25,0,3,0.17611250000000012
6939,3.0,24,0,3,0.17599375000000006
6940,2.0,22,1,2,0.175875
6941,1.0,17,1,1,0.17575625000000006
6942,2.0,23,1,2,0.1756375
6943,1.0,12,1,1,0.17551875000000006
6944,3.0,29,0,3,0.1754
6945,2.0,21,1,2,0.17528125000000006
6946,1.0,16,1,1,0.1751625000000001
6947,3.0,36,0,3,0.17504375000000005
6948,3.0,28,0,3,0.174925
6949,2.0,24,1,2,0.17480625000000005
6950,1.0,12,1,1,0.1746875
6951,3.0,29,0,3,0.17456875000000005
6952,3.0,26,0,3,0.17445
6953,3.0,28,0,3,0.17433125000000005
6954,3.0,41,0,3,0.1742125000000001
6955,3.0,23,0,3,0.17409375000000005
6956,3.0,22,0,3,0.173975
6957,3.0,27,0,3,0.17385625000000005
6958,3.0,28,0,3,0.1737375
6959,1.0,15,1,1,0.17361875000000004
6960,3.0,27,0,3,0.1735
6961,3.0,28,0,3,0.17338125000000004
6962,3.0,22,0,3,0.1732625000000001
6963,3.0,27,0,3,0.17314375000000004
6964,3.0,27,0,3,0.17302499999999998
6965,1.0,15,1,1,0.17290625000000004
6966,3.0,24,0,3,0.17278749999999998
6967,3.0,22,0,3,0.17266875000000004
6968,3.0,26,0,3,0.1725500000000001
6969,3.0,30,0,3,0.17243125000000004
6970,1.0,10,1,1,0.1723125000000001
6971,3.0,26,0,3,0.17219375000000003
6972,1.0,16,1,1,0.17207499999999998
6973,1.0,18,1,1,0.17195625000000003
6974,0.0,6,1,0,0.17183749999999998
6975,3.0,35,0,3,0.17171875000000003
6976,3.0,26,0,3,0.17160000000000009
6977,3.0,22,0,3,0.17148125000000003
6978,3.0,25,0,3,0.17136250000000008
6979,3.0,27,0,3,0.17124375000000003
6980,3.0,28,0,3,0.17112499999999997
6981,3.0,24,0,3,0.17100625000000003
6982,3.0,27,0,3,0.17088749999999997
6983,0.0,6,1,0,0.17076875000000002
6984,1.0,23,1,1,0.17065000000000008
6985,3.0,29,0,3,0.17053125000000002
6986,3.0,27,0,3,0.17041250000000008
6987,3.0,25,0,3,0.17029375000000002
6988,3.0,24,0,3,0.17017499999999997
6989,3.0,26,0,3,0.17005625000000002
6990,3.0,24,0,3,0.16993749999999996
6991,3.0,24,0,3,0.16981875000000013
6992,3.0,24,0,3,0.16970000000000007
6993,3.0,27,0,3,0.16958125000000002
6994,3.0,26,0,3,0.16946250000000007
6995,3.0,26,0,3,0.16934375000000002
6996,3.0,30,0,3,0.16922499999999996
6997,3.0,28,0,3,0.16910625
6998,3.0,24,0,3,0.16898749999999996
6999,2.0,26,1,2,0.16886875000000012
7000,1.0,12,1,1,0.16875000000000007
7001,3.0,23,0,3,0.16863125
7002,3.0,24,0,3,0.16851250000000007
7003,3.0,27,0,3,0.16839375
7004,3.0,34,0,3,0.16827500000000006
7005,1.0,17,1,1,0.16815625
7006,3.0,22,0,3,0.16803750000000006
7007,3.0,28,0,3,0.16791875000000012
7008,3.0,32,0,3,0.16780000000000006
7009,1.0,15,1,1,0.16768125
7010,2.0,22,1,2,0.16756250000000006
7011,3.0,28,0,3,0.16744375
7012,3.0,32,0,3,0.16732500000000006
7013,3.0,33,0,3,0.16720625
7014,2.0,22,1,2,0.16708750000000006
7015,3.0,22,0,3,0.1669687500000001
7016,3.0,27,0,3,0.16685000000000005
7017,3.0,22,0,3,0.16673125
7018,3.0,28,0,3,0.16661250000000005
7019,3.0,32,0,3,0.16649375
7020,1.0,21,1,1,0.16637500000000005
7021,3.0,23,0,3,0.1662562500000001
7022,3.0,25,0,3,0.16613750000000005
7023,3.0,28,0,3,0.1660187500000001
7024,3.0,33,0,3,0.16590000000000005
7025,2.0,21,1,2,0.16578125
7026,3.0,31,0,3,0.16566250000000005
7027,3.0,32,0,3,0.16554375
7028,3.0,24,0,3,0.16542500000000004
7029,3.0,28,0,3,0.1653062500000001
7030,3.0,31,0,3,0.16518750000000004
7031,3.0,35,0,3,0.1650687500000001
7032,3.0,25,0,3,0.16495000000000004
7033,1.0,20,1,1,0.16483124999999998
7034,3.0,26,0,3,0.16471250000000004
7035,3.0,24,0,3,0.16459374999999998
7036,3.0,29,0,3,0.16447500000000004
7037,3.0,28,0,3,0.1643562500000001
7038,3.0,28,0,3,0.16423750000000004
7039,3.0,25,0,3,0.1641187500000001
7040,3.0,24,0,3,0.16400000000000003
7041,1.0,17,1,1,0.16388124999999998
7042,3.0,32,0,3,0.16376250000000003
7043,3.0,24,0,3,0.16364374999999998
7044,3.0,27,0,3,0.16352500000000014
7045,1.0,16,1,1,0.1634062500000001
7046,3.0,26,0,3,0.16328750000000003
7047,3.0,24,0,3,0.16316875000000008
7048,3.0,26,0,3,0.16305000000000003
7049,3.0,24,0,3,0.16293124999999997
7050,2.0,23,1,2,0.16281250000000003
7051,3.0,24,0,3,0.16269374999999997
7052,3.0,24,0,3,0.16257500000000014
7053,3.0,29,0,3,0.16245625000000008
7054,3.0,26,0,3,0.16233750000000002
7055,3.0,23,0,3,0.16221875000000008
7056,3.0,22,0,3,0.16210000000000002
7057,3.0,24,0,3,0.16198124999999997
7058,3.0,30,0,3,0.16186250000000002
7059,3.0,22,0,3,0.16174375000000007
7060,3.0,24,0,3,0.16162500000000013
7061,3.0,25,0,3,0.16150625000000007
7062,1.0,10,1,1,0.16138750000000002
7063,3.0,26,0,3,0.16126875000000007
7064,1.0,20,1,1,0.16115000000000002
7065,3.0,24,0,3,0.16103124999999996
7066,3.0,24,0,3,0.1609125
7067,3.0,24,0,3,0.16079375000000007
7068,3.0,35,0,3,0.16067500000000012
7069,3.0,24,0,3,0.16055625000000007
7070,3.0,31,0,3,0.1604375
7071,3.0,24,0,3,0.16031875000000007
7072,3.0,30,0,3,0.1602
7073,1.0,22,1,1,0.16008124999999995
7074,1.0,22,1,1,0.1599625
7075,1.0,20,1,1,0.15984375000000006
7076,3.0,24,0,3,0.15972500000000012
7077,3.0,24,0,3,0.15960625000000006
7078,3.0,22,0,3,0.1594875
7079,3.0,22,0,3,0.15936875000000006
7080,3.0,22,0,3,0.15925
7081,3.0,23,0,3,0.15913124999999995
7082,2.0,28,1,2,0.1590125000000001
7083,3.0,22,0,3,0.15889375000000006
7084,3.0,24,0,3,0.1587750000000001
7085,3.0,29,0,3,0.15865625000000005
7086,2.0,20,1,2,0.1585375
7087,3.0,25,0,3,0.15841875000000005
7088,3.0,24,0,3,0.1583
7089,1.0,18,1,1,0.15818124999999994
7090,3.0,23,0,3,0.1580625000000001
7091,2.0,21,1,2,0.15794375000000005
7092,3.0,26,0,3,0.1578250000000001
7093,1.0,22,1,1,0.15770625000000005
7094,3.0,27,0,3,0.1575875
7095,3.0,28,0,3,0.15746875000000005
7096,2.0,30,1,2,0.15735
7097,2.0,27,1,2,0.15723125000000004
7098,3.0,26,0,3,0.1571125000000001
7099,3.0,27,0,3,0.15699375000000004
7100,2.0,29,1,2,0.1568750000000001
7101,1.0,20,1,1,0.15675625000000004
7102,3.0,26,0,3,0.15663749999999999
7103,3.0,25,0,3,0.15651875000000004
7104,3.0,24,0,3,0.15639999999999998
7105,3.0,29,0,3,0.15628125000000004
7106,3.0,26,0,3,0.1561625000000001
7107,1.0,13,1,1,0.15604375000000004
7108,3.0,24,0,3,0.1559250000000001
7109,3.0,27,0,3,0.15580625000000003
7110,2.0,22,1,2,0.15568749999999998
7111,3.0,53,0,3,0.15556875000000003
7112,3.0,29,0,3,0.15544999999999998
7113,2.0,33,1,2,0.15533125000000003
7114,3.0,24,0,3,0.1552125000000001
7115,3.0,27,0,3,0.15509375000000003
7116,3.0,23,0,3,0.15497500000000008
7117,3.0,26,0,3,0.15485625000000003
7118,3.0,24,0,3,0.15473749999999997
7119,3.0,27,0,3,0.15461875000000003
7120,3.0,26,0,3,0.15450000000000008
7121,3.0,22,0,3,0.15438125000000003
7122,3.0,24,0,3,0.15426250000000008
7123,3.0,27,0,3,0.15414375000000002
7124,2.0,32,1,2,0.15402500000000008
7125,3.0,32,0,3,0.15390625000000002
7126,3.0,26,0,3,0.15378749999999997
7127,1.0,18,1,1,0.15366875000000002
7128,3.0,26,0,3,0.15355000000000008
7129,3.0,24,0,3,0.15343125000000013
7130,1.0,16,1,1,0.15331250000000007
7131,3.0,34,0,3,0.15319375000000002
7132,3.0,28,0,3,0.15307500000000007
7133,3.0,22,0,3,0.15295625000000002
7134,3.0,22,0,3,0.15283749999999996
7135,3.0,23,0,3,0.15271875000000001
7136,0.0,7,1,0,0.15260000000000007
7137,3.0,22,0,3,0.15248125000000012
7138,3.0,26,0,3,0.15236250000000007
7139,2.0,18,1,2,0.15224375
7140,3.0,31,0,3,0.15212500000000007
7141,3.0,26,0,3,0.15200625
7142,3.0,30,0,3,0.15188749999999995
7143,1.0,14,1,1,0.15176875000000012
7144,3.0,23,0,3,0.15165000000000006
7145,2.0,29,1,2,0.15153125000000012
7146,3.0,33,0,3,0.15141250000000006
7147,3.0,27,0,3,0.15129375
7148,2.0,25,1,2,0.15117500000000006
7149,2.0,18,1,2,0.15105625
7150,3.0,30,0,3,0.15093749999999995
7151,3.0,22,0,3,0.1508187500000001
7152,1.0,20,1,1,0.15070000000000006
7153,3.0,24,0,3,0.1505812500000001
7154,3.0,28,0,3,0.15046250000000005
7155,3.0,24,0,3,0.15034375
7156,3.0,25,0,3,0.15022500000000005
7157,3.0,24,0,3,0.15010625
7158,2.0,24,1,2,0.14998750000000005
7159,3.0,23,0,3,0.1498687500000001
7160,3.0,30,0,3,0.14975000000000005
7161,3.0,22,0,3,0.1496312500000001
7162,3.0,24,0,3,0.14951250000000005
7163,3.0,23,0,3,0.14939375
7164,3.0,26,0,3,0.14927500000000005
7165,3.0,24,0,3,0.14915625
7166,3.0,24,0,3,0.14903750000000004
7167,2.0,25,1,2,0.1489187500000001
7168,3.0,31,0,3,0.14880000000000004
7169,3.0,29,0,3,0.1486812500000001
7170,0.0,7,1,0,0.14856250000000004
7171,3.0,34,0,3,0.14844374999999999
7172,3.0,22,0,3,0.14832500000000004
7173,3.0,24,0,3,0.14820624999999998
7174,3.0,28,0,3,0.14808750000000004
7175,0.0,9,1,0,0.1479687500000001
7176,3.0,24,0,3,0.14785000000000004
7177,1.0,22,1,1,0.1477312500000001
7178,1.0,15,1,1,0.14761250000000004
7179,3.0,31,0,3,0.14749374999999998
7180,3.0,27,0,3,0.14737500000000003
7181,3.0,25,0,3,0.1472562500000001
7182,1.0,13,1,1,0.14713750000000003
7183,3.0,24,0,3,0.1470187500000001
7184,3.0,23,0,3,0.14690000000000003
7185,3.0,28,0,3,0.14678125000000009
7186,1.0,20,1,1,0.14666250000000003
7187,1.0,21,1,1,0.14654374999999997
7188,3.0,22,0,3,0.14642500000000003
7189,2.0,28,1,2,0.14630625000000008
7190,3.0,22,0,3,0.14618750000000003
7191,1.0,16,1,1,0.14606875000000008
7192,3.0,22,0,3,0.14595000000000002
7193,3.0,24,0,3,0.14583125000000008
7194,1.0,7,1,1,0.14571250000000002
7195,3.0,24,0,3,0.14559374999999997
7196,1.0,14,1,1,0.14547500000000002
7197,3.0,33,0,3,0.14535625000000008
7198,3.0,29,0,3,0.14523750000000002
7199,3.0,24,0,3,0.14511875000000007
7200,2.0,18,1,2,0.14500000000000002
7201,3.0,23,0,3,0.14488125000000007
7202,2.0,23,1,2,0.14476250000000002
7203,3.0,28,0,3,0.14464374999999996
7204,1.0,17,1,1,0.14452500000000013
7205,3.0,25,0,3,0.14440625000000007
7206,3.0,24,0,3,0.1442875
7207,2.0,23,1,2,0.14416875000000007
7208,3.0,30,0,3,0.14405
7209,2.0,24,1,2,0.14393125000000007
7210,1.0,18,1,1,0.1438125
7211,2.0,31,1,2,0.14369374999999995
7212,3.0,30,0,3,0.14357500000000012
7213,3.0,22,0,3,0.14345625000000006
7214,3.0,30,0,3,0.1433375
7215,3.0,23,0,3,0.14321875000000006
7216,3.0,24,0,3,0.1431
7217,3.0,27,0,3,0.14298125000000006
7218,3.0,22,0,3,0.1428625
7219,3.0,27,0,3,0.14274375000000006
7220,3.0,30,0,3,0.1426250000000001
7221,3.0,28,0,3,0.14250625000000006
7222,1.0,9,1,1,0.1423875
7223,3.0,24,0,3,0.14226875000000005
7224,2.0,24,1,2,0.14215
7225,3.0,27,0,3,0.14203125000000005
7226,3.0,29,0,3,0.1419125
7227,1.0,14,1,1,0.14179375000000005
7228,3.0,26,0,3,0.1416750000000001
7229,3.0,27,0,3,0.14155625000000005
7230,3.0,27,0,3,0.1414375
7231,3.0,27,0,3,0.14131875000000005
7232,3.0,30,0,3,0.1412
7233,2.0,27,1,2,0.14108125000000005
7234,1.0,16,1,1,0.1409625
7235,3.0,25,0,3,0.14084375000000005
7236,3.0,24,0,3,0.1407250000000001
7237,3.0,22,0,3,0.14060625000000004
7238,3.0,24,0,3,0.1404875
7239,3.0,25,0,3,0.14036875000000004
7240,0.0,3,1,0,0.14024999999999999
7241,3.0,22,0,3,0.14013125000000004
7242,3.0,25,0,3,0.1400125000000001
7243,3.0,23,0,3,0.13989375000000004
7244,3.0,24,0,3,0.1397750000000001
7245,1.0,15,1,1,0.13965625000000004
7246,1.0,14,1,1,0.13953749999999998
7247,3.0,26,0,3,0.13941875000000004
7248,3.0,27,0,3,0.13929999999999998
7249,3.0,24,0,3,0.13918125000000003
7250,3.0,22,0,3,0.1390625000000001
7251,3.0,24,0,3,0.13894375000000003
7252,3.0,26,0,3,0.1388250000000001
7253,3.0,22,0,3,0.13870625000000003
7254,3.0,26,0,3,0.13858750000000009
7255,1.0,21,1,1,0.13846875000000003
7256,3.0,24,0,3,0.13834999999999997
7257,1.0,13,1,1,0.13823125000000003
7258,2.0,18,1,2,0.13811250000000008
7259,3.0,23,0,3,0.13799375000000003
7260,3.0,22,0,3,0.13787500000000008
7261,3.0,26,0,3,0.13775625000000002
7262,3.0,29,0,3,0.13763750000000008
7263,3.0,27,0,3,0.13751875000000002
7264,1.0,14,1,1,0.13739999999999997
7265,3.0,24,0,3,0.13728125000000013
7266,1.0,17,1,1,0.13716250000000008
7267,3.0,27,0,3,0.13704375000000002
7268,3.0,23,0,3,0.13692500000000007
7269,1.0,12,1,1,0.13680625000000002
7270,3.0,25,0,3,0.13668750000000007
7271,3.0,23,0,3,0.13656875000000002
7272,3.0,26,0,3,0.13644999999999996
7273,3.0,26,0,3,0.13633125000000013
7274,3.0,22,0,3,0.13621250000000007
7275,1.0,16,1,1,0.13609375
7276,3.0,30,0,3,0.13597500000000007
7277,3.0,25,0,3,0.13585625
7278,3.0,30,0,3,0.13573750000000007
7279,1.0,12,1,1,0.13561875
7280,2.0,21,1,2,0.13550000000000006
7281,3.0,29,0,3,0.13538125000000012
7282,3.0,22,0,3,0.13526250000000006
7283,3.0,25,0,3,0.13514375
7284,3.0,22,0,3,0.13502500000000006
7285,3.0,24,0,3,0.13490625
7286,2.0,18,1,2,0.13478750000000006
7287,3.0,26,0,3,0.13466875
7288,3.0,28,0,3,0.13455000000000006
7289,3.0,30,0,3,0.1344312500000001
7290,3.0,26,0,3,0.13431250000000006
7291,2.0,21,1,2,0.13419375
7292,2.0,20,1,2,0.13407500000000006
7293,3.0,24,0,3,0.13395625
7294,3.0,23,0,3,0.13383750000000005
7295,3.0,22,0,3,0.13371875
7296,3.0,29,0,3,0.13360000000000005
7297,3.0,27,0,3,0.1334812500000001
7298,3.0,25,0,3,0.13336250000000005
7299,3.0,26,0,3,0.13324375
7300,3.0,30,0,3,0.13312500000000005
7301,3.0,28,0,3,0.13300625
7302,3.0,24,0,3,0.13288750000000005
7303,3.0,22,0,3,0.1327687500000001
7304,2.0,24,1,2,0.13265000000000005
7305,1.0,18,1,1,0.1325312500000001
7306,2.0,27,1,2,0.13241250000000004
7307,3.0,29,0,3,0.13229375
7308,1.0,16,1,1,0.13217500000000004
7309,3.0,26,0,3,0.13205625
7310,3.0,23,0,3,0.13193750000000004
7311,1.0,14,1,1,0.1318187500000001
7312,2.0,19,1,2,0.13170000000000004
7313,3.0,25,0,3,0.1315812500000001
7314,3.0,23,0,3,0.13146250000000004
7315,3.0,22,0,3,0.13134374999999998
7316,3.0,25,0,3,0.13122500000000004
7317,1.0,16,1,1,0.13110624999999998
7318,2.0,24,1,2,0.13098750000000003
7319,1.0,20,1,1,0.1308687500000001
7320,3.0,23,0,3,0.13075000000000003
7321,1.0,13,1,1,0.1306312500000001
7322,1.0,9,1,1,0.13051250000000003
7323,1.0,22,1,1,0.13039374999999997
7324,3.0,23,0,3,0.13027500000000003
7325,3.0,22,0,3,0.13015624999999997
7326,3.0,22,0,3,0.13003750000000014
7327,3.0,25,0,3,0.12991875000000008
7328,1.0,19,1,1,0.12980000000000003
7329,3.0,25,0,3,0.12968125000000008
7330,3.0,35,0,3,0.12956250000000002
7331,3.0,29,0,3,0.12944374999999997
7332,1.0,17,1,1,0.12932500000000002
7333,3.0,25,0,3,0.12920624999999997
7334,1.0,8,1,1,0.12908750000000013
7335,3.0,32,0,3,0.12896875000000008
7336,0.0,7,1,0,0.12885000000000002
7337,0.0,4,1,0,0.12873125000000007
7338,3.0,28,0,3,0.12861250000000002
7339,3.0,25,0,3,0.12849374999999996
7340,1.0,15,1,1,0.12837500000000002
7341,3.0,32,0,3,0.12825625000000007
7342,3.0,22,0,3,0.12813750000000013
7343,3.0,27,0,3,0.12801875000000007
7344,3.0,24,0,3,0.1279
7345,1.0,14,1,1,0.12778125000000007
7346,3.0,25,0,3,0.1276625
7347,3.0,22,0,3,0.12754374999999996
7348,3.0,24,0,3,0.127425
7349,3.0,22,0,3,0.12730625000000007
7350,3.0,24,0,3,0.12718750000000012
7351,3.0,25,0,3,0.12706875000000006
7352,3.0,24,0,3,0.12695
7353,1.0,14,1,1,0.12683125000000006
7354,3.0,30,0,3,0.1267125
7355,2.0,25,1,2,0.12659374999999995
7356,2.0,23,1,2,0.126475
7357,3.0,28,0,3,0.12635625000000006
7358,3.0,26,0,3,0.1262375000000001
7359,3.0,22,0,3,0.12611875000000006
7360,2.0,24,1,2,0.126
7361,3.0,29,0,3,0.12588125000000006
7362,3.0,25,0,3,0.1257625
7363,3.0,22,0,3,0.12564374999999994
7364,1.0,20,1,1,0.1255250000000001
7365,3.0,25,0,3,0.12540625000000005
7366,3.0,24,0,3,0.1252875000000001
7367,2.0,20,1,2,0.12516875000000005
7368,3.0,26,0,3,0.12505
7369,2.0,20,1,2,0.12493125000000005
7370,1.0,16,1,1,0.12481249999999999
7371,1.0,17,1,1,0.12469374999999994
7372,3.0,32,0,3,0.1245750000000001
7373,3.0,27,0,3,0.12445625000000005
7374,2.0,22,1,2,0.1243375000000001
7375,1.0,23,1,1,0.12421875000000004
7376,3.0,26,0,3,0.12409999999999999
7377,3.0,28,0,3,0.12398125000000004
7378,3.0,22,0,3,0.12386249999999999
7379,3.0,25,0,3,0.12374375000000004
7380,2.0,23,1,2,0.1236250000000001
7381,3.0,22,0,3,0.12350625000000004
7382,2.0,26,1,2,0.1233875000000001
7383,3.0,50,0,3,0.12326875000000004
7384,3.0,26,0,3,0.12314999999999998
7385,3.0,24,0,3,0.12303125000000004
7386,3.0,23,0,3,0.12291249999999998
7387,3.0,29,0,3,0.12279375000000015
7388,3.0,26,0,3,0.12267500000000009
7389,3.0,28,0,3,0.12255625000000003
7390,3.0,24,0,3,0.12243750000000009
7391,3.0,26,0,3,0.12231875000000003
7392,2.0,22,1,2,0.12219999999999998
7393,3.0,24,0,3,0.12208125000000003
7394,3.0,29,0,3,0.12196249999999997
7395,3.0,22,0,3,0.12184375000000014
7396,3.0,34,0,3,0.12172500000000008
7397,3.0,26,0,3,0.12160625000000003
7398,3.0,26,0,3,0.12148750000000008
7399,1.0,18,1,1,0.12136875000000003
7400,1.0,24,1,1,0.12124999999999997
7401,2.0,25,1,2,0.12113125000000002
7402,1.0,20,1,1,0.12101250000000008
7403,1.0,29,1,1,0.12089375000000013
7404,3.0,32,0,3,0.12077500000000008
7405,3.0,22,0,3,0.12065625000000002
7406,1.0,17,1,1,0.12053750000000008
7407,3.0,52,0,3,0.12041875000000002
7408,1.0,35,1,1,0.12029999999999996
7409,3.0,25,0,3,0.12018125000000002
7410,3.0,27,0,3,0.12006250000000007
7411,1.0,22,1,1,0.11994375000000013
7412,3.0,26,0,3,0.11982500000000007
7413,2.0,25,1,2,0.11970625000000001
7414,3.0,25,0,3,0.11958750000000007
7415,3.0,26,0,3,0.11946875000000001
7416,3.0,24,0,3,0.11934999999999996
7417,3.0,26,0,3,0.11923125000000001
7418,1.0,15,1,1,0.11911250000000007
7419,3.0,41,0,3,0.11899375000000012
7420,3.0,24,0,3,0.11887500000000006
7421,3.0,30,0,3,0.11875625000000001
7422,3.0,22,0,3,0.11863750000000006
7423,3.0,24,0,3,0.11851875
7424,1.0,13,1,1,0.11839999999999995
7425,3.0,42,0,3,0.11828125000000012
7426,3.0,27,0,3,0.11816250000000006
7427,3.0,22,0,3,0.11804375000000011
7428,3.0,22,0,3,0.11792500000000006
7429,3.0,27,0,3,0.11780625
7430,1.0,16,1,1,0.11768750000000006
7431,3.0,25,0,3,0.11756875
7432,1.0,9,1,1,0.11744999999999994
7433,1.0,16,1,1,0.11733125000000011
7434,3.0,36,0,3,0.11721250000000005
7435,3.0,29,0,3,0.11709375000000011
7436,3.0,22,0,3,0.11697500000000005
7437,3.0,26,0,3,0.11685625
7438,2.0,18,1,2,0.11673750000000005
7439,3.0,26,0,3,0.11661875
7440,3.0,23,0,3,0.11650000000000005
7441,3.0,28,0,3,0.1163812500000001
7442,3.0,22,0,3,0.11626250000000005
7443,3.0,22,0,3,0.1161437500000001
7444,3.0,31,0,3,0.11602500000000004
7445,3.0,25,0,3,0.11590624999999999
7446,3.0,30,0,3,0.11578750000000004
7447,3.0,24,0,3,0.11566874999999999
7448,3.0,26,0,3,0.11555000000000004
7449,3.0,22,0,3,0.1154312500000001
7450,3.0,24,0,3,0.11531250000000004
7451,3.0,23,0,3,0.1151937500000001
7452,3.0,22,0,3,0.11507500000000004
7453,1.0,16,1,1,0.11495624999999998
7454,3.0,24,0,3,0.11483750000000004
7455,2.0,27,1,2,0.11471874999999998
7456,3.0,24,0,3,0.11460000000000004
7457,3.0,24,0,3,0.11448125000000009
7458,3.0,22,0,3,0.11436250000000003
7459,3.0,26,0,3,0.11424375000000009
7460,3.0,23,0,3,0.11412500000000003
7461,1.0,16,1,1,0.11400624999999998
7462,3.0,29,0,3,0.11388750000000003
7463,3.0,22,0,3,0.11376875000000009
7464,3.0,27,0,3,0.11365000000000003
7465,1.0,17,1,1,0.11353125000000008
7466,3.0,23,0,3,0.11341250000000003
7467,2.0,25,1,2,0.11329375000000008
7468,2.0,21,1,2,0.11317500000000003
7469,3.0,23,0,3,0.11305624999999997
7470,1.0,15,1,1,0.11293750000000002
7471,3.0,24,0,3,0.11281875000000008
7472,3.0,24,0,3,0.11270000000000002
7473,1.0,16,1,1,0.11258125000000008
7474,1.0,14,1,1,0.11246250000000002
7475,1.0,73,1,1,0.11234375000000008
7476,3.0,26,0,3,0.11222500000000002
7477,3.0,22,0,3,0.11210624999999996
7478,1.0,18,1,1,0.11198750000000002
7479,2.0,23,1,2,0.11186875000000007
7480,3.0,24,0,3,0.11175000000000002
7481,3.0,30,0,3,0.11163125000000007
7482,3.0,28,0,3,0.11151250000000001
7483,3.0,26,0,3,0.11139375000000007
7484,3.0,30,0,3,0.11127500000000001
7485,3.0,23,0,3,0.11115624999999996
7486,2.0,23,1,2,0.11103750000000012
7487,3.0,26,0,3,0.11091875000000007
7488,1.0,19,1,1,0.11080000000000001
7489,1.0,12,1,1,0.11068125000000006
7490,3.0,46,0,3,0.11056250000000001
7491,3.0,33,0,3,0.11044375000000006
7492,3.0,32,0,3,0.110325
7493,1.0,16,1,1,0.11020624999999995
7494,3.0,24,0,3,0.11008750000000012
7495,3.0,34,0,3,0.10996875000000006
7496,2.0,21,1,2,0.10985
7497,3.0,28,0,3,0.10973125000000006
7498,3.0,25,0,3,0.1096125
7499,3.0,24,0,3,0.10949375000000006
7500,3.0,24,0,3,0.109375
7501,3.0,25,0,3,0.10925625000000005
7502,3.0,26,0,3,0.10913750000000011
7503,3.0,34,0,3,0.10901875000000005
7504,3.0,23,0,3,0.10890000000000011
7505,3.0,25,0,3,0.10878125000000005
7506,2.0,21,1,2,0.1086625
7507,1.0,15,1,1,0.10854375000000005
7508,1.0,17,1,1,0.108425
7509,1.0,22,1,1,0.10830625000000005
7510,3.0,27,0,3,0.1081875000000001
7511,1.0,14,1,1,0.10806875000000005
7512,3.0,30,0,3,0.1079500000000001
7513,3.0,26,0,3,0.10783125000000005
7514,3.0,28,0,3,0.10771249999999999
7515,3.0,22,0,3,0.10759375000000004
7516,1.0,19,1,1,0.10747499999999999
7517,2.0,22,1,2,0.10735625000000004
7518,1.0,20,1,1,0.1072375000000001
7519,1.0,14,1,1,0.10711875000000004
7520,3.0,28,0,3,0.1070000000000001
7521,3.0,24,0,3,0.10688125000000004
7522,3.0,31,0,3,0.10676249999999998
7523,3.0,24,0,3,0.10664375000000004
7524,3.0,24,0,3,0.10652500000000009
7525,3.0,22,0,3,0.10640625000000004
7526,3.0,26,0,3,0.10628750000000009
7527,3.0,24,0,3,0.10616875000000003
7528,2.0,24,1,2,0.10605000000000009
7529,3.0,28,0,3,0.10593125000000003
7530,1.0,14,1,1,0.10581249999999998
7531,3.0,25,0,3,0.10569375000000003
7532,3.0,25,0,3,0.10557500000000009
7533,1.0,14,1,1,0.10545625000000003
7534,3.0,27,0,3,0.10533750000000008
7535,2.0,24,1,2,0.10521875000000003
7536,3.0,37,0,3,0.10510000000000008
7537,1.0,17,1,1,0.10498125000000003
7538,1.0,14,1,1,0.10486249999999997
7539,3.0,51,0,3,0.10474375000000002
7540,3.0,28,0,3,0.10462500000000008
7541,3.0,26,0,3,0.10450625000000002
7542,3.0,22,0,3,0.10438750000000008
7543,3.0,24,0,3,0.10426875000000002
7544,1.0,11,1,1,0.10415000000000008
7545,3.0,22,0,3,0.10403125000000002
7546,3.0,24,0,3,0.10391249999999996
7547,2.0,22,1,2,0.10379375000000013
7548,3.0,22,0,3,0.10367500000000007
7549,3.0,24,0,3,0.10355625000000002
7550,3.0,24,0,3,0.10343750000000007
7551,1.0,17,1,1,0.10331875000000001
7552,1.0,14,1,1,0.10320000000000007
7553,2.0,21,1,2,0.10308125000000001
7554,1.0,15,1,1,0.10296249999999996
7555,1.0,20,1,1,0.10284375000000012
7556,1.0,16,1,1,0.10272500000000007
7557,1.0,16,1,1,0.10260625000000001
7558,3.0,90,0,3,0.10248750000000006
7559,3.0,27,0,3,0.10236875000000001
7560,3.0,23,0,3,0.10225000000000006
7561,3.0,24,0,3,0.10213125
7562,3.0,26,0,3,0.10201250000000006
7563,3.0,22,0,3,0.10189375000000012
7564,3.0,26,0,3,0.10177500000000006
7565,3.0,24,0,3,0.10165625
7566,1.0,14,1,1,0.10153750000000006
7567,3.0,25,0,3,0.10141875
7568,1.0,12,1,1,0.10130000000000006
7569,3.0,29,0,3,0.10118125
7570,3.0,24,0,3,0.10106250000000006
7571,2.0,28,1,2,0.10094375000000011
7572,3.0,30,0,3,0.10082500000000005
7573,3.0,24,0,3,0.10070625
7574,1.0,17,1,1,0.10058750000000005
7575,3.0,22,0,3,0.10046875
7576,3.0,25,0,3,0.10035000000000005
7577,3.0,27,0,3,0.10023125
7578,2.0,20,1,2,0.10011250000000005
7579,3.0,25,0,3,0.0999937500000001
7580,1.0,19,1,1,0.09987500000000005
7581,1.0,12,1,1,0.09975624999999999
7582,3.0,24,0,3,0.09963750000000005
7583,1.0,15,1,1,0.09951874999999999
7584,3.0,27,0,3,0.09940000000000004
7585,3.0,26,0,3,0.0992812500000001
7586,3.0,26,0,3,0.09916250000000004
7587,3.0,22,0,3,0.0990437500000001
7588,3.0,25,0,3,0.09892500000000004
7589,1.0,11,1,1,0.09880624999999998
7590,3.0,24,0,3,0.09868750000000004
7591,3.0,25,0,3,0.09856874999999998
7592,3.0,25,0,3,0.09845000000000004
7593,1.0,15,1,1,0.09833125000000009
7594,1.0,21,1,1,0.09821250000000004
7595,3.0,26,0,3,0.09809375000000009
7596,3.0,36,0,3,0.09797500000000003
7597,3.0,30,0,3,0.09785624999999998
7598,2.0,21,1,2,0.09773750000000003
7599,3.0,22,0,3,0.09761874999999998
7600,1.0,20,1,1,0.09750000000000003
7601,1.0,19,1,1,0.09738125000000009
7602,3.0,24,0,3,0.09726250000000003
7603,3.0,22,0,3,0.09714375000000008
7604,0.0,3,1,0,0.09702500000000003
7605,1.0,14,1,1,0.09690624999999997
7606,3.0,24,0,3,0.09678750000000003
7607,1.0,19,1,1,0.09666874999999997
7608,3.0,24,0,3,0.09655000000000014
7609,2.0,18,1,2,0.09643125000000008
7610,3.0,22,0,3,0.09631250000000002
7611,3.0,24,0,3,0.09619375000000008
7612,3.0,24,0,3,0.09607500000000002
7613,3.0,22,0,3,0.09595624999999997
7614,2.0,22,1,2,0.09583750000000002
7615,3.0,22,0,3,0.09571874999999996
7616,1.0,12,1,1,0.09560000000000013
7617,1.0,19,1,1,0.09548125000000007
7618,3.0,24,0,3,0.09536250000000002
7619,3.0,28,0,3,0.09524375000000007
7620,3.0,24,0,3,0.09512500000000002
7621,1.0,9,1,1,0.09500624999999996
7622,3.0,24,0,3,0.09488750000000001
7623,3.0,24,0,3,0.09476875000000007
7624,3.0,32,0,3,0.09465000000000012
7625,3.0,25,0,3,0.09453125000000007
7626,3.0,29,0,3,0.09441250000000001
7627,1.0,13,1,1,0.09429375000000007
7628,1.0,18,1,1,0.09417500000000001
7629,2.0,22,1,2,0.09405625000000006
7630,3.0,22,0,3,0.09393750000000001
7631,1.0,14,1,1,0.09381875000000006
7632,3.0,24,0,3,0.09370000000000012
7633,3.0,24,0,3,0.09358125000000006
7634,1.0,10,1,1,0.0934625
7635,3.0,47,0,3,0.09334375000000006
7636,3.0,28,0,3,0.093225
7637,3.0,24,0,3,0.09310625000000006
7638,3.0,24,0,3,0.0929875
7639,3.0,24,0,3,0.09286875000000006
7640,1.0,16,1,1,0.09275000000000011
7641,3.0,24,0,3,0.09263125000000005
7642,1.0,13,1,1,0.0925125
7643,3.0,24,0,3,0.09239375000000005
7644,1.0,18,1,1,0.092275
7645,1.0,17,1,1,0.09215625000000005
7646,3.0,23,0,3,0.0920375000000001
7647,3.0,26,0,3,0.09191875000000005
7648,3.0,22,0,3,0.0918000000000001
7649,3.0,22,0,3,0.09168125000000005
7650,1.0,11,1,1,0.09156249999999999
7651,1.0,10,1,1,0.09144375000000005
7652,3.0,22,0,3,0.09132499999999999
7653,3.0,32,0,3,0.09120625000000004
7654,1.0,16,1,1,0.0910875000000001
7655,3.0,24,0,3,0.09096875000000004
7656,1.0,12,1,1,0.0908500000000001
7657,1.0,17,1,1,0.09073125000000004
7658,3.0,24,0,3,0.09061249999999998
7659,3.0,27,0,3,0.09049375000000004
7660,3.0,22,0,3,0.09037499999999998
7661,3.0,22,0,3,0.09025625000000004
7662,3.0,22,0,3,0.09013750000000009
7663,3.0,27,0,3,0.09001875000000004
7664,3.0,22,0,3,0.08990000000000009
7665,3.0,24,0,3,0.08978125000000003
7666,3.0,26,0,3,0.08966249999999998
7667,3.0,22,0,3,0.08954375000000003
7668,3.0,22,0,3,0.08942499999999998
7669,1.0,14,1,1,0.08930625000000014
7670,3.0,22,0,3,0.08918750000000009
7671,3.0,22,0,3,0.08906875000000003
7672,3.0,22,0,3,0.08895000000000008
7673,3.0,24,0,3,0.08883125000000003
7674,3.0,22,0,3,0.08871249999999997
7675,3.0,26,0,3,0.08859375000000003
7676,3.0,24,0,3,0.08847499999999997
7677,3.0,26,0,3,0.08835625000000014
7678,1.0,19,1,1,0.08823750000000008
7679,1.0,11,1,1,0.08811875000000002
7680,1.0,11,1,1,0.08800000000000008
7681,3.0,24,0,3,0.08788125000000002
7682,3.0,23,0,3,0.08776249999999997
7683,3.0,24,0,3,0.08764375000000002
7684,3.0,24,0,3,0.08752500000000007
7685,3.0,22,0,3,0.08740625000000013
7686,1.0,14,1,1,0.08728750000000007
7687,1.0,14,1,1,0.08716875000000002
7688,3.0,24,0,3,0.08705000000000007
7689,3.0,24,0,3,0.08693125000000002
7690,2.0,20,1,2,0.08681249999999996
7691,2.0,24,1,2,0.08669375000000001
7692,3.0,27,0,3,0.08657500000000007
7693,1.0,15,1,1,0.08645625000000012
7694,3.0,25,0,3,0.08633750000000007
7695,1.0,14,1,1,0.08621875000000001
7696,3.0,26,0,3,0.08610000000000007
7697,3.0,26,0,3,0.08598125000000001
7698,2.0,19,1,2,0.08586249999999995
7699,3.0,24,0,3,0.08574375000000001
7700,3.0,22,0,3,0.08562500000000006
7701,3.0,26,0,3,0.08550625000000012
7702,2.0,20,1,2,0.08538750000000006
7703,3.0,37,0,3,0.08526875
7704,3.0,22,0,3,0.08515000000000006
7705,3.0,26,0,3,0.08503125
7706,3.0,26,0,3,0.08491249999999995
7707,1.0,21,1,1,0.08479375000000011
7708,3.0,22,0,3,0.08467500000000006
7709,3.0,22,0,3,0.08455625000000011
7710,1.0,12,1,1,0.08443750000000005
7711,3.0,22,0,3,0.08431875
7712,1.0,18,1,1,0.08420000000000005
7713,3.0,26,0,3,0.08408125
7714,3.0,28,0,3,0.08396249999999994
7715,3.0,24,0,3,0.0838437500000001
7716,3.0,23,0,3,0.08372500000000005
7717,1.0,20,1,1,0.0836062500000001
7718,1.0,12,1,1,0.08348750000000005
7719,3.0,24,0,3,0.08336874999999999
7720,1.0,19,1,1,0.08325000000000005
7721,1.0,15,1,1,0.08313124999999999
7722,3.0,49,0,3,0.08301250000000004
7723,3.0,24,0,3,0.0828937500000001
7724,3.0,27,0,3,0.08277500000000004
7725,1.0,17,1,1,0.0826562500000001
7726,3.0,22,0,3,0.08253750000000004
7727,3.0,23,0,3,0.08241874999999999
7728,3.0,24,0,3,0.08230000000000004
7729,2.0,26,1,2,0.08218124999999998
7730,3.0,23,0,3,0.08206250000000004
7731,3.0,26,0,3,0.08194375000000009
7732,3.0,22,0,3,0.08182500000000004
7733,1.0,19,1,1,0.08170625000000009
7734,1.0,12,1,1,0.08158750000000003
7735,3.0,23,0,3,0.08146874999999998
7736,3.0,22,0,3,0.08135000000000003
7737,2.0,24,1,2,0.08123124999999998
7738,1.0,13,1,1,0.08111250000000003
7739,2.0,22,1,2,0.08099375000000009
7740,3.0,54,0,3,0.08087500000000003
7741,3.0,24,0,3,0.08075625000000008
7742,3.0,22,0,3,0.08063750000000003
7743,3.0,27,0,3,0.08051874999999997
7744,3.0,24,0,3,0.08040000000000003
7745,3.0,26,0,3,0.08028125000000008
7746,3.0,22,0,3,0.08016250000000003
7747,3.0,29,0,3,0.08004375000000008
7748,3.0,24,0,3,0.07992500000000002
7749,3.0,24,0,3,0.07980625000000008
7750,3.0,25,0,3,0.07968750000000002
7751,1.0,15,1,1,0.07956874999999997
7752,1.0,16,1,1,0.07945000000000002
7753,1.0,14,1,1,0.07933125000000008
7754,3.0,25,0,3,0.07921250000000013
7755,2.0,25,1,2,0.07909375000000007
7756,3.0,22,0,3,0.07897500000000002
7757,2.0,17,1,2,0.07885625000000007
7758,2.0,19,1,2,0.07873750000000002
7759,3.0,25,0,3,0.07861874999999996
7760,3.0,24,0,3,0.07850000000000001
7761,3.0,24,0,3,0.07838125000000007
7762,3.0,22,0,3,0.07826250000000012
7763,3.0,24,0,3,0.07814375000000007
7764,3.0,25,0,3,0.07802500000000001
7765,3.0,24,0,3,0.07790625000000007
7766,3.0,24,0,3,0.07778750000000001
7767,3.0,22,0,3,0.07766874999999995
7768,2.0,21,1,2,0.07755000000000012
7769,3.0,24,0,3,0.07743125000000006
7770,3.0,26,0,3,0.07731250000000012
7771,3.0,24,0,3,0.07719375000000006
7772,3.0,22,0,3,0.077075
7773,3.0,23,0,3,0.07695625000000006
7774,2.0,22,1,2,0.0768375
7775,0.0,3,1,0,0.07671874999999995
7776,3.0,26,0,3,0.07660000000000011
7777,1.0,12,1,1,0.07648125000000006
7778,3.0,22,0,3,0.07636250000000011
7779,3.0,22,0,3,0.07624375000000005
7780,3.0,22,0,3,0.076125
7781,3.0,22,0,3,0.07600625000000005
7782,3.0,26,0,3,0.0758875
7783,1.0,16,1,1,0.07576875000000005
7784,1.0,14,1,1,0.0756500000000001
7785,3.0,22,0,3,0.07553125000000005
7786,3.0,24,0,3,0.0754125000000001
7787,3.0,22,0,3,0.07529375000000005
7788,1.0,14,1,1,0.07517499999999999
7789,3.0,25,0,3,0.07505625000000005
7790,3.0,24,0,3,0.07493749999999999
7791,2.0,22,1,2,0.07481875000000004
7792,3.0,24,0,3,0.0747000000000001
7793,3.0,29,0,3,0.07458125000000004
7794,3.0,24,0,3,0.0744625000000001
7795,3.0,24,0,3,0.07434375000000004
7796,3.0,24,0,3,0.07422499999999999
7797,2.0,21,1,2,0.07410625000000004
7798,3.0,22,0,3,0.07398749999999998
7799,3.0,23,0,3,0.07386875000000004
7800,3.0,22,0,3,0.0737500000000001
7801,2.0,25,1,2,0.07363125000000004
7802,3.0,25,0,3,0.07351250000000009
7803,3.0,23,0,3,0.07339375000000004
7804,3.0,24,0,3,0.07327499999999998
7805,3.0,30,0,3,0.07315625000000003
7806,3.0,25,0,3,0.07303750000000009
7807,1.0,13,1,1,0.07291875000000003
7808,3.0,22,0,3,0.07280000000000009
7809,3.0,29,0,3,0.07268125000000003
7810,3.0,26,0,3,0.07256250000000009
7811,1.0,16,1,1,0.07244375000000003
7812,2.0,22,1,2,0.07232499999999997
7813,3.0,27,0,3,0.07220625000000003
7814,3.0,22,0,3,0.07208750000000008
7815,3.0,22,0,3,0.07196875000000003
7816,1.0,15,1,1,0.07185000000000008
7817,1.0,18,1,1,0.07173125000000002
7818,3.0,26,0,3,0.07161250000000008
7819,3.0,24,0,3,0.07149375000000002
7820,3.0,26,0,3,0.07137499999999997
7821,3.0,22,0,3,0.07125625000000002
7822,3.0,28,0,3,0.07113750000000008
7823,3.0,23,0,3,0.07101875000000002
7824,3.0,24,0,3,0.07090000000000007
7825,2.0,19,1,2,0.07078125000000002
7826,1.0,9,1,1,0.07066250000000007
7827,1.0,17,1,1,0.07054375000000002
7828,3.0,24,0,3,0.07042499999999996
7829,1.0,12,1,1,0.07030625000000013
7830,3.0,24,0,3,0.07018750000000007
7831,3.0,23,0,3,0.07006875000000001
7832,1.0,17,1,1,0.06995000000000007
7833,3.0,26,0,3,0.06983125000000001
7834,3.0,22,0,3,0.06971250000000007
7835,3.0,25,0,3,0.06959375000000001
7836,3.0,22,0,3,0.06947499999999995
7837,3.0,22,0,3,0.06935625000000012
7838,3.0,25,0,3,0.06923750000000006
7839,2.0,19,1,2,0.06911875
7840,1.0,19,1,1,0.06900000000000006
7841,3.0,24,0,3,0.06888125
7842,3.0,34,0,3,0.06876250000000006
7843,3.0,24,0,3,0.06864375
7844,3.0,24,0,3,0.06852500000000006
7845,1.0,24,1,1,0.06840625000000011
7846,3.0,27,0,3,0.06828750000000006
7847,3.0,26,0,3,0.06816875
7848,3.0,22,0,3,0.06805000000000005
7849,3.0,22,0,3,0.06793125
7850,1.0,12,1,1,0.06781250000000005
7851,1.0,15,1,1,0.06769375
7852,3.0,24,0,3,0.06757500000000005
7853,3.0,24,0,3,0.0674562500000001
7854,3.0,22,0,3,0.06733750000000005
7855,3.0,22,0,3,0.06721875
7856,1.0,18,1,1,0.06710000000000005
7857,1.0,12,1,1,0.06698124999999999
7858,3.0,22,0,3,0.06686250000000005
7859,3.0,22,0,3,0.06674374999999999
7860,1.0,19,1,1,0.06662500000000005
7861,1.0,21,1,1,0.0665062500000001
7862,3.0,24,0,3,0.06638750000000004
7863,1.0,15,1,1,0.06626874999999999
7864,3.0,28,0,3,0.06615000000000004
7865,3.0,24,0,3,0.06603124999999999
7866,3.0,22,0,3,0.06591250000000004
7867,3.0,22,0,3,0.0657937500000001
7868,2.0,22,1,2,0.06567500000000004
7869,3.0,26,0,3,0.0655562500000001
7870,3.0,24,0,3,0.06543750000000004
7871,3.0,24,0,3,0.06531874999999998
7872,3.0,22,0,3,0.06520000000000004
7873,1.0,14,1,1,0.06508124999999998
7874,3.0,22,0,3,0.06496250000000003
7875,1.0,15,1,1,0.06484375000000009
7876,1.0,14,1,1,0.06472500000000003
7877,3.0,22,0,3,0.06460625000000009
7878,3.0,22,0,3,0.06448750000000003
7879,3.0,22,0,3,0.06436875000000009
7880,3.0,24,0,3,0.06425000000000003
7881,3.0,24,0,3,0.06413124999999997
7882,1.0,14,1,1,0.06401250000000003
7883,3.0,35,0,3,0.06389375000000008
7884,3.0,30,0,3,0.06377500000000003
7885,3.0,24,0,3,0.06365625000000008
7886,1.0,15,1,1,0.06353750000000002
7887,3.0,24,0,3,0.06341875000000008
7888,3.0,26,0,3,0.06330000000000002
7889,3.0,24,0,3,0.06318124999999997
7890,3.0,25,0,3,0.06306250000000013
7891,3.0,24,0,3,0.06294375000000008
7892,3.0,23,0,3,0.06282500000000002
7893,3.0,23,0,3,0.06270625000000007
7894,3.0,22,0,3,0.06258750000000002
7895,3.0,22,0,3,0.06246875000000007
7896,3.0,22,0,3,0.062350000000000017
7897,3.0,26,0,3,0.06223124999999996
7898,3.0,22,0,3,0.062112500000000126
7899,3.0,22,0,3,0.06199375000000007
7900,3.0,22,0,3,0.06187500000000001
7901,1.0,17,1,1,0.06175625000000007
7902,1.0,12,1,1,0.06163750000000001
7903,1.0,17,1,1,0.061518750000000066
7904,1.0,17,1,1,0.06140000000000001
7905,3.0,22,0,3,0.061281250000000065
7906,3.0,24,0,3,0.06116250000000012
7907,3.0,22,0,3,0.06104375000000006
7908,3.0,22,0,3,0.06092500000000001
7909,3.0,25,0,3,0.06080625000000006
7910,3.0,23,0,3,0.060687500000000005
7911,1.0,11,1,1,0.06056875000000006
7912,2.0,18,1,2,0.060450000000000004
7913,3.0,24,0,3,0.06033125000000006
7914,2.0,22,1,2,0.06021250000000011
7915,1.0,16,1,1,0.06009375000000006
7916,3.0,24,0,3,0.059975
7917,3.0,28,0,3,0.059856250000000055
7918,3.0,22,0,3,0.0597375
7919,3.0,27,0,3,0.059618750000000054
7920,3.0,23,0,3,0.0595
7921,3.0,24,0,3,0.05938125000000005
7922,3.0,24,0,3,0.05926250000000011
7923,3.0,26,0,3,0.05914375000000005
7924,1.0,16,1,1,0.059024999999999994
7925,3.0,25,0,3,0.05890625000000005
7926,3.0,22,0,3,0.05878749999999999
7927,3.0,22,0,3,0.05866875000000005
7928,1.0,14,1,1,0.0585500000000001
7929,3.0,24,0,3,0.058431250000000046
7930,3.0,25,0,3,0.0583125000000001
7931,3.0,22,0,3,0.058193750000000044
7932,3.0,24,0,3,0.05807499999999999
7933,3.0,22,0,3,0.05795625000000004
7934,3.0,25,0,3,0.057837499999999986
7935,3.0,22,0,3,0.05771875000000004
7936,3.0,22,0,3,0.057600000000000096
7937,3.0,22,0,3,0.05748125000000004
7938,3.0,25,0,3,0.057362500000000094
7939,3.0,22,0,3,0.05724375000000004
7940,3.0,23,0,3,0.05712499999999998
7941,1.0,14,1,1,0.057006250000000036
7942,2.0,22,1,2,0.05688749999999998
7943,3.0,23,0,3,0.056768750000000034
7944,3.0,25,0,3,0.05665000000000009
7945,3.0,22,0,3,0.05653125000000003
7946,3.0,26,0,3,0.05641250000000009
7947,2.0,18,1,2,0.05629375000000003
7948,1.0,17,1,1,0.056174999999999975
7949,3.0,23,0,3,0.05605625000000003
7950,3.0,25,0,3,0.05593749999999997
7951,3.0,22,0,3,0.05581875000000014
7952,3.0,25,0,3,0.05570000000000008
7953,3.0,22,0,3,0.055581250000000026
7954,3.0,22,0,3,0.05546250000000008
7955,1.0,16,1,1,0.055343750000000025
7956,1.0,15,1,1,0.05522499999999997
7957,3.0,22,0,3,0.05510625000000002
7958,3.0,23,0,3,0.05498749999999997
7959,3.0,22,0,3,0.05486875000000013
7960,3.0,23,0,3,0.054750000000000076
7961,3.0,22,0,3,0.05463125000000002
7962,3.0,25,0,3,0.054512500000000075
7963,3.0,26,0,3,0.05439375000000002
7964,3.0,22,0,3,0.05427499999999996
7965,3.0,24,0,3,0.05415625000000002
7966,1.0,14,1,1,0.05403750000000007
7967,3.0,22,0,3,0.053918750000000126
7968,3.0,22,0,3,0.05380000000000007
7969,3.0,24,0,3,0.053681250000000014
7970,3.0,22,0,3,0.05356250000000007
7971,3.0,24,0,3,0.05344375000000001
7972,3.0,22,0,3,0.053324999999999956
7973,3.0,22,0,3,0.05320625000000001
7974,3.0,24,0,3,0.053087500000000065
7975,3.0,22,0,3,0.05296875000000012
7976,3.0,22,0,3,0.052850000000000064
7977,1.0,14,1,1,0.05273125000000001
7978,3.0,24,0,3,0.05261250000000006
7979,3.0,22,0,3,0.052493750000000006
7980,3.0,24,0,3,0.05237499999999995
7981,3.0,22,0,3,0.052256250000000004
7982,3.0,22,0,3,0.05213750000000006
7983,3.0,23,0,3,0.052018750000000114
7984,3.0,22,0,3,0.05190000000000006
7985,3.0,23,0,3,0.05178125
7986,1.0,18,1,1,0.051662500000000056
7987,3.0,24,0,3,0.05154375
7988,3.0,26,0,3,0.05142499999999994
7989,3.0,22,0,3,0.05130625000000011
7990,3.0,24,0,3,0.05118750000000005
7991,3.0,24,0,3,0.05106875000000011
7992,3.0,22,0,3,0.05095000000000005
7993,3.0,24,0,3,0.050831249999999994
7994,1.0,14,1,1,0.05071250000000005
7995,3.0,22,0,3,0.05059374999999999
7996,1.0,16,1,1,0.05047499999999994
7997,1.0,21,1,1,0.0503562500000001
7998,1.0,18,1,1,0.050237500000000046
7999,3.0,22,0,3,0.0501187500000001
8000,3.0,22,0,3,0.05
8001,3.0,26,0,3,0.05
8002,3.0,22,0,3,0.05
8003,2.0,19,1,2,0.05
8004,1.0,16,1,1,0.05
8005,3.0,22,0,3,0.05
8006,3.0,22,0,3,0.05
8007,1.0,16,1,1,0.05
8008,1.0,16,1,1,0.05
8009,1.0,13,1,1,0.05
8010,1.0,14,1,1,0.05
8011,3.0,29,0,3,0.05
8012,3.0,22,0,3,0.05
8013,3.0,22,0,3,0.05
8014,2.0,20,1,2,0.05
8015,3.0,22,0,3,0.05
8016,3.0,22,0,3,0.05
8017,3.0,22,0,3,0.05
8018,2.0,19,1,2,0.05
8019,1.0,16,1,1,0.05
8020,3.0,22,0,3,0.05
8021,3.0,23,0,3,0.05
8022,3.0,24,0,3,0.05
8023,3.0,22,0,3,0.05
8024,3.0,22,0,3,0.05
8025,3.0,26,0,3,0.05
8026,3.0,24,0,3,0.05
8027,3.0,24,0,3,0.05
8028,3.0,22,0,3,0.05
8029,3.0,22,0,3,0.05
8030,3.0,24,0,3,0.05
8031,1.0,16,1,1,0.05
8032,3.0,23,0,3,0.05
8033,3.0,26,0,3,0.05
8034,3.0,22,0,3,0.05
8035,3.0,22,0,3,0.05
8036,1.0,13,1,1,0.05
8037,3.0,22,0,3,0.05
8038,3.0,23,0,3,0.05
8039,3.0,22,0,3,0.05
8040,2.0,22,1,2,0.05
8041,1.0,16,1,1,0.05
8042,3.0,23,0,3,0.05
8043,2.0,22,1,2,0.05
8044,1.0,19,1,1,0.05
8045,1.0,14,1,1,0.05
8046,1.0,15,1,1,0.05
8047,3.0,26,0,3,0.05
8048,1.0,19,1,1,0.05
8049,3.0,22,0,3,0.05
8050,3.0,22,0,3,0.05
8051,3.0,24,0,3,0.05
8052,3.0,24,0,3,0.05
8053,3.0,24,0,3,0.05
8054,3.0,23,0,3,0.05
8055,2.0,19,1,2,0.05
8056,1.0,21,1,1,0.05
8057,2.0,20,1,2,0.05
8058,2.0,20,1,2,0.05
8059,3.0,60,0,3,0.05
8060,3.0,23,0,3,0.05
8061,3.0,23,0,3,0.05
8062,3.0,22,0,3,0.05
8063,3.0,22,0,3,0.05
8064,3.0,27,0,3,0.05
8065,3.0,24,0,3,0.05
8066,1.0,15,1,1,0.05
8067,3.0,24,0,3,0.05
8068,1.0,15,1,1,0.05
8069,1.0,16,1,1,0.05
8070,3.0,22,0,3,0.05
8071,1.0,16,1,1,0.05
8072,3.0,26,0,3,0.05
8073,3.0,22,0,3,0.05
8074,2.0,23,1,2,0.05
8075,3.0,25,0,3,0.05
8076,3.0,25,0,3,0.05
8077,3.0,22,0,3,0.05
8078,3.0,24,0,3,0.05
8079,3.0,24,0,3,0.05
8080,3.0,24,0,3,0.05
8081,3.0,22,0,3,0.05
8082,1.0,16,1,1,0.05
8083,2.0,19,1,2,0.05
8084,3.0,22,0,3,0.05
8085,1.0,18,1,1,0.05
8086,3.0,22,0,3,0.05
8087,3.0,22,0,3,0.05
8088,3.0,30,0,3,0.05
8089,3.0,22,0,3,0.05
8090,3.0,22,0,3,0.05
8091,2.0,22,1,2,0.05
8092,2.0,17,1,2,0.05
8093,3.0,23,0,3,0.05
8094,3.0,22,0,3,0.05
8095,3.0,25,0,3,0.05
8096,3.0,22,0,3,0.05
8097,3.0,26,0,3,0.05
8098,1.0,14,1,1,0.05
8099,3.0,25,0,3,0.05
8100,3.0,23,0,3,0.05
8101,3.0,24,0,3,0.05
8102,1.0,11,1,1,0.05
8103,2.0,20,1,2,0.05
8104,3.0,26,0,3,0.05
8105,3.0,22,0,3,0.05
8106,3.0,24,0,3,0.05
8107,3.0,22,0,3,0.05
8108,3.0,22,0,3,0.05
8109,1.0,17,1,1,0.05
8110,3.0,23,0,3,0.05
8111,3.0,24,0,3,0.05
8112,2.0,25,1,2,0.05
8113,3.0,22,0,3,0.05
8114,3.0,23,0,3,0.05
8115,3.0,24,0,3,0.05
8116,3.0,23,0,3,0.05
8117,3.0,22,0,3,0.05
8118,3.0,22,0,3,0.05
8119,3.0,22,0,3,0.05
8120,1.0,15,1,1,0.05
8121,3.0,23,0,3,0.05
8122,2.0,21,1,2,0.05
8123,3.0,24,0,3,0.05
8124,3.0,22,0,3,0.05
8125,1.0,16,1,1,0.05
8126,3.0,29,0,3,0.05
8127,3.0,22,0,3,0.05
8128,3.0,24,0,3,0.05
8129,1.0,15,1,1,0.05
8130,3.0,29,0,3,0.05
8131,3.0,28,0,3,0.05
8132,3.0,23,0,3,0.05
8133,3.0,22,0,3,0.05
8134,1.0,19,1,1,0.05
8135,3.0,22,0,3,0.05
8136,3.0,24,0,3,0.05
8137,1.0,18,1,1,0.05
8138,3.0,22,0,3,0.05
8139,3.0,22,0,3,0.05
8140,3.0,22,0,3,0.05
8141,3.0,22,0,3,0.05
8142,3.0,25,0,3,0.05
8143,3.0,22,0,3,0.05
8144,1.0,18,1,1,0.05
8145,1.0,15,1,1,0.05
8146,3.0,22,0,3,0.05
8147,3.0,22,0,3,0.05
8148,3.0,22,0,3,0.05
8149,3.0,22,0,3,0.05
8150,3.0,24,0,3,0.05
8151,1.0,18,1,1,0.05
8152,3.0,22,0,3,0.05
8153,3.0,24,0,3,0.05
8154,3.0,22,0,3,0.05
8155,2.0,22,1,2,0.05
8156,3.0,22,0,3,0.05
8157,3.0,26,0,3,0.05
8158,1.0,14,1,1,0.05
8159,3.0,22,0,3,0.05
8160,1.0,16,1,1,0.05
8161,1.0,11,1,1,0.05
8162,3.0,31,0,3,0.05
8163,3.0,24,0,3,0.05
8164,3.0,22,0,3,0.05
8165,1.0,16,1,1,0.05
8166,1.0,14,1,1,0.05
8167,3.0,28,0,3,0.05
8168,3.0,23,0,3,0.05
8169,3.0,24,0,3,0.05
8170,1.0,13,1,1,0.05
8171,2.0,52,1,2,0.05
8172,3.0,24,0,3,0.05
8173,3.0,22,0,3,0.05
8174,3.0,22,0,3,0.05
8175,3.0,24,0,3,0.05
8176,3.0,22,0,3,0.05
8177,3.0,24,0,3,0.05
8178,3.0,22,0,3,0.05
8179,1.0,8,1,1,0.05
8180,1.0,15,1,1,0.05
8181,3.0,26,0,3,0.05
8182,3.0,22,0,3,0.05
8183,3.0,22,0,3,0.05
8184,3.0,22,0,3,0.05
8185,3.0,24,0,3,0.05
8186,3.0,26,0,3,0.05
8187,3.0,24,0,3,0.05
8188,3.0,24,0,3,0.05
8189,3.0,24,0,3,0.05
8190,3.0,23,0,3,0.05
8191,3.0,26,0,3,0.05
8192,3.0,26,0,3,0.05
8193,3.0,23,0,3,0.05
8194,2.0,19,1,2,0.05
8195,3.0,24,0,3,0.05
8196,1.0,14,1,1,0.05
8197,3.0,23,0,3,0.05
8198,2.0,21,1,2,0.05
8199,1.0,16,1,1,0.05
8200,3.0,27,0,3,0.05
8201,3.0,23,0,3,0.05
8202,3.0,22,0,3,0.05
8203,3.0,23,0,3,0.05
8204,3.0,23,0,3,0.05
8205,3.0,24,0,3,0.05
8206,1.0,16,1,1,0.05
8207,3.0,23,0,3,0.05
8208,3.0,24,0,3,0.05
8209,3.0,24,0,3,0.05
8210,3.0,24,0,3,0.05
8211,3.0,22,0,3,0.05
8212,1.0,15,1,1,0.05
8213,3.0,26,0,3,0.05
8214,3.0,24,0,3,0.05
8215,3.0,24,0,3,0.05
8216,3.0,22,0,3,0.05
8217,1.0,14,1,1,0.05
8218,3.0,22,0,3,0.05
8219,3.0,22,0,3,0.05
8220,3.0,27,0,3,0.05
8221,3.0,26,0,3,0.05
8222,3.0,22,0,3,0.05
8223,2.0,19,1,2,0.05
8224,3.0,22,0,3,0.05
8225,3.0,22,0,3,0.05
8226,1.0,16,1,1,0.05
8227,1.0,15,1,1,0.05
8228,1.0,13,1,1,0.05
8229,3.0,22,0,3,0.05
8230,3.0,22,0,3,0.05
8231,2.0,21,1,2,0.05
8232,1.0,15,1,1,0.05
8233,1.0,16,1,1,0.05
8234,3.0,23,0,3,0.05
8235,3.0,22,0,3,0.05
8236,3.0,28,0,3,0.05
8237,3.0,24,0,3,0.05
8238,3.0,23,0,3,0.05
8239,3.0,22,0,3,0.05
8240,3.0,24,0,3,0.05
8241,3.0,22,0,3,0.05
8242,2.0,18,1,2,0.05
8243,3.0,25,0,3,0.05
8244,3.0,22,0,3,0.05
8245,3.0,22,0,3,0.05
8246,3.0,22,0,3,0.05
8247,3.0,22,0,3,0.05
8248,3.0,22,0,3,0.05
8249,3.0,22,0,3,0.05
8250,3.0,23,0,3,0.05
8251,3.0,23,0,3,0.05
8252,3.0,24,0,3,0.05
8253,3.0,23,0,3,0.05
8254,3.0,22,0,3,0.05
8255,1.0,16,1,1,0.05
8256,3.0,22,0,3,0.05
8257,1.0,13,1,1,0.05
8258,1.0,13,1,1,0.05
8259,3.0,26,0,3,0.05
8260,3.0,22,0,3,0.05
8261,2.0,21,1,2,0.05
8262,3.0,22,0,3,0.05
8263,3.0,22,0,3,0.05
8264,3.0,24,0,3,0.05
8265,1.0,14,1,1,0.05
8266,2.0,21,1,2,0.05
8267,3.0,22,0,3,0.05
8268,3.0,22,0,3,0.05
8269,3.0,28,0,3,0.05
8270,3.0,23,0,3,0.05
8271,3.0,22,0,3,0.05
8272,3.0,22,0,3,0.05
8273,2.0,24,1,2,0.05
8274,3.0,24,0,3,0.05
8275,3.0,22,0,3,0.05
8276,3.0,22,0,3,0.05
8277,3.0,22,0,3,0.05
8278,3.0,22,0,3,0.05
8279,3.0,28,0,3,0.05
8280,3.0,24,0,3,0.05
8281,3.0,22,0,3,0.05
8282,3.0,25,0,3,0.05
8283,1.0,15,1,1,0.05
8284,1.0,13,1,1,0.05
8285,3.0,22,0,3,0.05
8286,2.0,23,1,2,0.05
8287,3.0,24,0,3,0.05
8288,2.0,18,1,2,0.05
8289,3.0,22,0,3,0.05
8290,3.0,22,0,3,0.05
8291,3.0,24,0,3,0.05
8292,2.0,22,1,2,0.05
8293,2.0,21,1,2,0.05
8294,3.0,37,0,3,0.05
8295,2.0,20,1,2,0.05
8296,3.0,22,0,3,0.05
8297,3.0,24,0,3,0.05
8298,2.0,20,1,2,0.05
8299,1.0,16,1,1,0.05
8300,3.0,27,0,3,0.05
8301,1.0,13,1,1,0.05
8302,3.0,24,0,3,0.05
8303,3.0,28,0,3,0.05
8304,3.0,22,0,3,0.05
8305,1.0,18,1,1,0.05
8306,1.0,14,1,1,0.05
8307,2.0,19,1,2,0.05
8308,2.0,26,1,2,0.05
8309,2.0,34,1,2,0.05
8310,3.0,46,0,3,0.05
8311,3.0,24,0,3,0.05
8312,1.0,14,1,1,0.05
8313,3.0,22,0,3,0.05
8314,3.0,23,0,3,0.05
8315,3.0,25,0,3,0.05
8316,3.0,22,0,3,0.05
8317,3.0,24,0,3,0.05
8318,3.0,22,0,3,0.05
8319,1.0,12,1,1,0.05
8320,2.0,21,1,2,0.05
8321,3.0,22,0,3,0.05
8322,3.0,25,0,3,0.05
8323,3.0,25,0,3,0.05
8324,3.0,22,0,3,0.05
8325,3.0,22,0,3,0.05
8326,3.0,22,0,3,0.05
8327,3.0,22,0,3,0.05
8328,3.0,26,0,3,0.05
8329,3.0,22,0,3,0.05
8330,3.0,22,0,3,0.05
8331,3.0,24,0,3,0.05
8332,3.0,22,0,3,0.05
8333,3.0,22,0,3,0.05
8334,3.0,24,0,3,0.05
8335,1.0,14,1,1,0.05
8336,3.0,22,0,3,0.05
8337,3.0,23,0,3,0.05
8338,3.0,23,0,3,0.05
8339,1.0,18,1,1,0.05
8340,3.0,24,0,3,0.05
8341,3.0,25,0,3,0.05
8342,3.0,22,0,3,0.05
8343,3.0,22,0,3,0.05
8344,3.0,22,0,3,0.05
8345,3.0,22,0,3,0.05
8346,3.0,24,0,3,0.05
8347,3.0,24,0,3,0.05
8348,3.0,22,0,3,0.05
8349,3.0,23,0,3,0.05
8350,3.0,24,0,3,0.05
8351,1.0,15,1,1,0.05
8352,3.0,22,0,3,0.05
8353,3.0,23,0,3,0.05
8354,3.0,24,0,3,0.05
8355,3.0,22,0,3,0.05
8356,3.0,22,0,3,0.05
8357,3.0,22,0,3,0.05
8358,3.0,22,0,3,0.05
8359,2.0,20,1,2,0.05
8360,3.0,24,0,3,0.05
8361,3.0,22,0,3,0.05
8362,1.0,11,1,1,0.05
8363,3.0,22,0,3,0.05
8364,3.0,23,0,3,0.05
8365,3.0,22,0,3,0.05
8366,3.0,22,0,3,0.05
8367,3.0,25,0,3,0.05
8368,1.0,15,1,1,0.05
8369,3.0,22,0,3,0.05
8370,3.0,22,0,3,0.05
8371,3.0,22,0,3,0.05
8372,2.0,23,1,2,0.05
8373,3.0,23,0,3,0.05
8374,3.0,22,0,3,0.05
8375,2.0,20,1,2,0.05
8376,1.0,16,1,1,0.05
8377,1.0,14,1,1,0.05
8378,3.0,27,0,3,0.05
8379,3.0,22,0,3,0.05
8380,3.0,22,0,3,0.05
8381,1.0,12,1,1,0.05
8382,2.0,25,1,2,0.05
8383,3.0,22,0,3,0.05
8384,3.0,24,0,3,0.05
8385,3.0,26,0,3,0.05
8386,1.0,15,1,1,0.05
8387,3.0,31,0,3,0.05
8388,3.0,22,0,3,0.05
8389,3.0,26,0,3,0.05
8390,3.0,24,0,3,0.05
8391,2.0,20,1,2,0.05
8392,3.0,22,0,3,0.05
8393,3.0,22,0,3,0.05
8394,2.0,20,1,2,0.05
8395,3.0,22,0,3,0.05
8396,3.0,23,0,3,0.05
8397,2.0,19,1,2,0.05
8398,3.0,22,0,3,0.05
8399,1.0,16,1,1,0.05
8400,1.0,14,1,1,0.05
8401,1.0,17,1,1,0.05
8402,1.0,63,1,1,0.05
8403,3.0,149,0,3,0.05
8404,3.0,24,0,3,0.05
8405,3.0,22,0,3,0.05
8406,3.0,24,0,3,0.05
8407,3.0,22,0,3,0.05
8408,3.0,22,0,3,0.05
8409,1.0,11,1,1,0.05
8410,2.0,19,1,2,0.05
8411,3.0,24,0,3,0.05
8412,3.0,23,0,3,0.05
8413,3.0,22,0,3,0.05
8414,3.0,22,0,3,0.05
8415,3.0,22,0,3,0.05
8416,3.0,22,0,3,0.05
8417,3.0,22,0,3,0.05
8418,2.0,18,1,2,0.05
8419,3.0,32,0,3,0.05
8420,3.0,22,0,3,0.05
8421,3.0,22,0,3,0.05
8422,3.0,22,0,3,0.05
8423,1.0,13,1,1,0.05
8424,3.0,24,0,3,0.05
8425,1.0,13,1,1,0.05
8426,3.0,22,0,3,0.05
8427,2.0,20,1,2,0.05
8428,3.0,22,0,3,0.05
8429,3.0,22,0,3,0.05
8430,3.0,22,0,3,0.05
8431,3.0,24,0,3,0.05
8432,3.0,25,0,3,0.05
8433,3.0,24,0,3,0.05
8434,2.0,17,1,2,0.05
8435,1.0,14,1,1,0.05
8436,3.0,24,0,3,0.05
8437,2.0,19,1,2,0.05
8438,3.0,24,0,3,0.05
8439,3.0,23,0,3,0.05
8440,1.0,16,1,1,0.05
8441,1.0,13,1,1,0.05
8442,3.0,22,0,3,0.05
8443,3.0,25,0,3,0.05
8444,3.0,22,0,3,0.05
8445,3.0,23,0,3,0.05
8446,3.0,23,0,3,0.05
8447,3.0,22,0,3,0.05
8448,1.0,15,1,1,0.05
8449,3.0,24,0,3,0.05
8450,3.0,23,0,3,0.05
8451,1.0,15,1,1,0.05
8452,3.0,22,0,3,0.05
8453,3.0,22,0,3,0.05
8454,3.0,22,0,3,0.05
8455,3.0,22,0,3,0.05
8456,3.0,22,0,3,0.05
8457,1.0,14,1,1,0.05
8458,3.0,22,0,3,0.05
8459,3.0,27,0,3,0.05
8460,3.0,25,0,3,0.05
8461,3.0,25,0,3,0.05
8462,1.0,13,1,1,0.05
8463,1.0,15,1,1,0.05
8464,1.0,16,1,1,0.05
8465,2.0,22,1,2,0.05
8466,3.0,22,0,3,0.05
8467,3.0,23,0,3,0.05
8468,2.0,21,1,2,0.05
8469,3.0,22,0,3,0.05
8470,1.0,14,1,1,0.05
8471,3.0,24,0,3,0.05
8472,3.0,26,0,3,0.05
8473,1.0,17,1,1,0.05
8474,3.0,24,0,3,0.05
8475,2.0,21,1,2,0.05
8476,3.0,24,0,3,0.05
8477,3.0,22,0,3,0.05
8478,3.0,22,0,3,0.05
8479,3.0,22,0,3,0.05
8480,3.0,23,0,3,0.05
8481,3.0,22,0,3,0.05
8482,2.0,18,1,2,0.05
8483,1.0,17,1,1,0.05
8484,1.0,16,1,1,0.05
8485,1.0,14,1,1,0.05
8486,2.0,18,1,2,0.05
8487,2.0,22,1,2,0.05
8488,1.0,7,1,1,0.05
8489,3.0,22,0,3,0.05
8490,3.0,24,0,3,0.05
8491,3.0,22,0,3,0.05
8492,3.0,24,0,3,0.05
8493,2.0,20,1,2,0.05
8494,3.0,27,0,3,0.05
8495,1.0,11,1,1,0.05
8496,3.0,22,0,3,0.05
8497,3.0,23,0,3,0.05
8498,1.0,13,1,1,0.05
8499,3.0,24,0,3,0.05
8500,3.0,23,0,3,0.05
8501,3.0,24,0,3,0.05
8502,3.0,22,0,3,0.05
8503,3.0,24,0,3,0.05
8504,3.0,22,0,3,0.05
8505,3.0,26,0,3,0.05
8506,3.0,22,0,3,0.05
8507,3.0,24,0,3,0.05
8508,2.0,20,1,2,0.05
8509,3.0,22,0,3,0.05
8510,3.0,23,0,3,0.05
8511,2.0,18,1,2,0.05
8512,3.0,22,0,3,0.05
8513,1.0,17,1,1,0.05
8514,3.0,27,0,3,0.05
8515,3.0,26,0,3,0.05
8516,3.0,22,0,3,0.05
8517,1.0,14,1,1,0.05
8518,3.0,26,0,3,0.05
8519,1.0,16,1,1,0.05
8520,3.0,24,0,3,0.05
8521,3.0,22,0,3,0.05
8522,1.0,16,1,1,0.05
8523,3.0,22,0,3,0.05
8524,1.0,15,1,1,0.05
8525,3.0,25,0,3,0.05
8526,3.0,22,0,3,0.05
8527,1.0,14,1,1,0.05
8528,1.0,13,1,1,0.05
8529,3.0,22,0,3,0.05
8530,3.0,24,0,3,0.05
8531,3.0,22,0,3,0.05
8532,1.0,16,1,1,0.05
8533,3.0,23,0,3,0.05
8534,3.0,26,0,3,0.05
8535,1.0,19,1,1,0.05
8536,3.0,29,0,3,0.05
8537,3.0,23,0,3,0.05
8538,2.0,23,1,2,0.05
8539,1.0,17,1,1,0.05
8540,2.0,22,1,2,0.05
8541,3.0,26,0,3,0.05
8542,3.0,24,0,3,0.05
8543,3.0,22,0,3,0.05
8544,3.0,22,0,3,0.05
8545,3.0,22,0,3,0.05
8546,3.0,22,0,3,0.05
8547,3.0,22,0,3,0.05
8548,3.0,26,0,3,0.05
8549,3.0,22,0,3,0.05
8550,3.0,24,0,3,0.05
8551,1.0,16,1,1,0.05
8552,3.0,22,0,3,0.05
8553,3.0,27,0,3,0.05
8554,3.0,22,0,3,0.05
8555,2.0,20,1,2,0.05
8556,2.0,24,1,2,0.05
8557,3.0,28,0,3,0.05
8558,3.0,26,0,3,0.05
8559,3.0,23,0,3,0.05
8560,3.0,22,0,3,0.05
8561,1.0,17,1,1,0.05
8562,3.0,31,0,3,0.05
8563,1.0,15,1,1,0.05
8564,3.0,53,0,3,0.05
8565,3.0,24,0,3,0.05
8566,3.0,22,0,3,0.05
8567,3.0,22,0,3,0.05
8568,3.0,22,0,3,0.05
8569,3.0,22,0,3,0.05
8570,3.0,23,0,3,0.05
8571,3.0,25,0,3,0.05
8572,0.0,7,1,0,0.05
8573,3.0,22,0,3,0.05
8574,3.0,27,0,3,0.05
8575,1.0,13,1,1,0.05
8576,3.0,22,0,3,0.05
8577,3.0,23,0,3,0.05
8578,3.0,22,0,3,0.05
8579,3.0,22,0,3,0.05
8580,3.0,23,0,3,0.05
8581,3.0,22,0,3,0.05
8582,1.0,16,1,1,0.05
8583,3.0,22,0,3,0.05
8584,3.0,24,0,3,0.05
8585,3.0,24,0,3,0.05
8586,2.0,19,1,2,0.05
8587,3.0,22,0,3,0.05
8588,3.0,24,0,3,0.05
8589,3.0,22,0,3,0.05
8590,2.0,20,1,2,0.05
8591,1.0,8,1,1,0.05
8592,3.0,22,0,3,0.05
8593,3.0,26,0,3,0.05
8594,3.0,22,0,3,0.05
8595,3.0,22,0,3,0.05
8596,3.0,23,0,3,0.05
8597,3.0,25,0,3,0.05
8598,1.0,16,1,1,0.05
8599,3.0,24,0,3,0.05
8600,3.0,24,0,3,0.05
8601,0.0,6,1,0,0.05
8602,3.0,33,0,3,0.05
8603,3.0,22,0,3,0.05
8604,3.0,25,0,3,0.05
8605,3.0,22,0,3,0.05
8606,1.0,14,1,1,0.05
8607,3.0,25,0,3,0.05
8608,3.0,22,0,3,0.05
8609,3.0,22,0,3,0.05
8610,3.0,22,0,3,0.05
8611,1.0,15,1,1,0.05
8612,3.0,22,0,3,0.05
8613,1.0,20,1,1,0.05
8614,3.0,29,0,3,0.05
8615,3.0,22,0,3,0.05
8616,1.0,15,1,1,0.05
8617,1.0,13,1,1,0.05
8618,3.0,24,0,3,0.05
8619,3.0,22,0,3,0.05
8620,3.0,22,0,3,0.05
8621,2.0,18,1,2,0.05
8622,2.0,19,1,2,0.05
8623,3.0,30,0,3,0.05
8624,3.0,28,0,3,0.05
8625,3.0,22,0,3,0.05
8626,3.0,22,0,3,0.05
8627,1.0,22,1,1,0.05
8628,1.0,17,1,1,0.05
8629,2.0,19,1,2,0.05
8630,3.0,34,0,3,0.05
8631,2.0,21,1,2,0.05
8632,3.0,23,0,3,0.05
8633,3.0,22,0,3,0.05
8634,3.0,24,0,3,0.05
8635,3.0,23,0,3,0.05
8636,3.0,22,0,3,0.05
8637,3.0,22,0,3,0.05
8638,3.0,24,0,3,0.05
8639,3.0,24,0,3,0.05
8640,3.0,26,0,3,0.05
8641,3.0,22,0,3,0.05
8642,3.0,22,0,3,0.05
8643,3.0,22,0,3,0.05
8644,3.0,22,0,3,0.05
8645,3.0,26,0,3,0.05
8646,1.0,16,1,1,0.05
8647,3.0,27,0,3,0.05
8648,3.0,23,0,3,0.05
8649,3.0,24,0,3,0.05
8650,3.0,23,0,3,0.05
8651,3.0,24,0,3,0.05
8652,3.0,24,0,3,0.05
8653,3.0,23,0,3,0.05
8654,3.0,24,0,3,0.05
8655,3.0,22,0,3,0.05
8656,1.0,17,1,1,0.05
8657,3.0,22,0,3,0.05
8658,3.0,22,0,3,0.05
8659,2.0,22,1,2,0.05
8660,3.0,23,0,3,0.05
8661,3.0,30,0,3,0.05
8662,3.0,22,0,3,0.05
8663,3.0,22,0,3,0.05
8664,3.0,27,0,3,0.05
8665,1.0,15,1,1,0.05
8666,3.0,22,0,3,0.05
8667,3.0,22,0,3,0.05
8668,3.0,23,0,3,0.05
8669,3.0,22,0,3,0.05
8670,3.0,23,0,3,0.05
8671,3.0,24,0,3,0.05
8672,3.0,22,0,3,0.05
8673,3.0,22,0,3,0.05
8674,1.0,15,1,1,0.05
8675,1.0,14,1,1,0.05
8676,2.0,22,1,2,0.05
8677,3.0,26,0,3,0.05
8678,3.0,22,0,3,0.05
8679,3.0,22,0,3,0.05
8680,1.0,17,1,1,0.05
8681,1.0,15,1,1,0.05
8682,3.0,26,0,3,0.05
8683,1.0,16,1,1,0.05
8684,3.0,22,0,3,0.05
8685,3.0,22,0,3,0.05
8686,3.0,22,0,3,0.05
8687,3.0,22,0,3,0.05
8688,3.0,22,0,3,0.05
8689,3.0,24,0,3,0.05
8690,3.0,26,0,3,0.05
8691,3.0,24,0,3,0.05
8692,1.0,16,1,1,0.05
8693,3.0,24,0,3,0.05
8694,3.0,24,0,3,0.05
8695,3.0,22,0,3,0.05
8696,1.0,18,1,1,0.05
8697,3.0,22,0,3,0.05
8698,3.0,22,0,3,0.05
8699,2.0,23,1,2,0.05
8700,3.0,22,0,3,0.05
8701,3.0,22,0,3,0.05
8702,3.0,22,0,3,0.05
8703,1.0,14,1,1,0.05
8704,3.0,22,0,3,0.05
8705,3.0,22,0,3,0.05
8706,3.0,24,0,3,0.05
8707,3.0,22,0,3,0.05
8708,3.0,22,0,3,0.05
8709,3.0,23,0,3,0.05
8710,3.0,24,0,3,0.05
8711,3.0,24,0,3,0.05
8712,3.0,24,0,3,0.05
8713,3.0,24,0,3,0.05
8714,3.0,26,0,3,0.05
8715,3.0,24,0,3,0.05
8716,3.0,22,0,3,0.05
8717,1.0,17,1,1,0.05
8718,3.0,22,0,3,0.05
8719,0.0,5,1,0,0.05
8720,3.0,22,0,3,0.05
8721,3.0,26,0,3,0.05
8722,3.0,24,0,3,0.05
8723,3.0,22,0,3,0.05
8724,3.0,24,0,3,0.05
8725,3.0,22,0,3,0.05
8726,3.0,22,0,3,0.05
8727,3.0,22,0,3,0.05
8728,3.0,23,0,3,0.05
8729,3.0,24,0,3,0.05
8730,3.0,22,0,3,0.05
8731,1.0,14,1,1,0.05
8732,3.0,24,0,3,0.05
8733,3.0,26,0,3,0.05
8734,3.0,22,0,3,0.05
8735,3.0,22,0,3,0.05
8736,3.0,26,0,3,0.05
8737,3.0,22,0,3,0.05
8738,3.0,22,0,3,0.05
8739,3.0,24,0,3,0.05
8740,2.0,21,1,2,0.05
8741,2.0,20,1,2,0.05
8742,0.0,5,1,0,0.05
8743,3.0,22,0,3,0.05
8744,1.0,16,1,1,0.05
8745,1.0,16,1,1,0.05
8746,1.0,14,1,1,0.05
8747,3.0,24,0,3,0.05
8748,1.0,21,1,1,0.05
8749,1.0,14,1,1,0.05
8750,2.0,23,1,2,0.05
8751,3.0,22,0,3,0.05
8752,1.0,16,1,1,0.05
8753,3.0,26,0,3,0.05
8754,3.0,22,0,3,0.05
8755,3.0,25,0,3,0.05
8756,3.0,26,0,3,0.05
8757,3.0,22,0,3,0.05
8758,3.0,25,0,3,0.05
8759,2.0,24,1,2,0.05
8760,2.0,18,1,2,0.05
8761,3.0,22,0,3,0.05
8762,3.0,22,0,3,0.05
8763,1.0,19,1,1,0.05
8764,1.0,18,1,1,0.05
8765,3.0,22,0,3,0.05
8766,3.0,22,0,3,0.05
8767,3.0,22,0,3,0.05
8768,3.0,23,0,3,0.05
8769,3.0,23,0,3,0.05
8770,3.0,22,0,3,0.05
8771,2.0,19,1,2,0.05
8772,3.0,24,0,3,0.05
8773,3.0,23,0,3,0.05
8774,3.0,22,0,3,0.05
8775,3.0,22,0,3,0.05
8776,3.0,26,0,3,0.05
8777,3.0,24,0,3,0.05
8778,3.0,24,0,3,0.05
8779,3.0,22,0,3,0.05
8780,3.0,22,0,3,0.05
8781,3.0,25,0,3,0.05
8782,2.0,26,1,2,0.05
8783,3.0,22,0,3,0.05
8784,3.0,24,0,3,0.05
8785,1.0,18,1,1,0.05
8786,1.0,9,1,1,0.05
8787,3.0,26,0,3,0.05
8788,3.0,22,0,3,0.05
8789,3.0,22,0,3,0.05
8790,3.0,28,0,3,0.05
8791,3.0,23,0,3,0.05
8792,3.0,24,0,3,0.05
8793,3.0,22,0,3,0.05
8794,1.0,7,1,1,0.05
8795,3.0,22,0,3,0.05
8796,1.0,17,1,1,0.05
8797,1.0,17,1,1,0.05
8798,1.0,16,1,1,0.05
8799,1.0,9,1,1,0.05
8800,3.0,41,0,3,0.05
8801,1.0,16,1,1,0.05
8802,3.0,28,0,3,0.05
8803,3.0,22,0,3,0.05
8804,1.0,17,1,1,0.05
8805,3.0,35,0,3,0.05
8806,3.0,22,0,3,0.05
8807,1.0,17,1,1,0.05
8808,3.0,26,0,3,0.05
8809,3.0,22,0,3,0.05
8810,3.0,24,0,3,0.05
8811,1.0,8,1,1,0.05
8812,2.0,20,1,2,0.05
8813,3.0,24,0,3,0.05
8814,3.0,22,0,3,0.05
8815,1.0,20,1,1,0.05
8816,3.0,24,0,3,0.05
8817,1.0,15,1,1,0.05
8818,3.0,58,0,3,0.05
8819,2.0,19,1,2,0.05
8820,3.0,23,0,3,0.05
8821,3.0,22,0,3,0.05
8822,3.0,22,0,3,0.05
8823,3.0,24,0,3,0.05
8824,3.0,22,0,3,0.05
8825,1.0,15,1,1,0.05
8826,3.0,48,0,3,0.05
8827,3.0,23,0,3,0.05
8828,3.0,23,0,3,0.05
8829,3.0,22,0,3,0.05
8830,3.0,26,0,3,0.05
8831,3.0,22,0,3,0.05
8832,3.0,22,0,3,0.05
8833,3.0,22,0,3,0.05
8834,2.0,17,1,2,0.05
8835,3.0,22,0,3,0.05
8836,3.0,22,0,3,0.05
8837,2.0,19,1,2,0.05
8838,3.0,26,0,3,0.05
8839,2.0,19,1,2,0.05
8840,3.0,23,0,3,0.05
8841,3.0,32,0,3,0.05
8842,2.0,19,1,2,0.05
8843,3.0,25,0,3,0.05
8844,3.0,24,0,3,0.05
8845,3.0,24,0,3,0.05
8846,3.0,23,0,3,0.05
8847,2.0,21,1,2,0.05
8848,3.0,28,0,3,0.05
8849,1.0,14,1,1,0.05
8850,3.0,22,0,3,0.05
8851,3.0,22,0,3,0.05
8852,1.0,20,1,1,0.05
8853,3.0,23,0,3,0.05
8854,3.0,22,0,3,0.05
8855,3.0,24,0,3,0.05
8856,3.0,22,0,3,0.05
8857,3.0,22,0,3,0.05
8858,1.0,19,1,1,0.05
8859,1.0,20,1,1,0.05
8860,3.0,22,0,3,0.05
8861,1.0,14,1,1,0.05
8862,3.0,22,0,3,0.05
8863,3.0,22,0,3,0.05
8864,3.0,22,0,3,0.05
8865,3.0,22,0,3,0.05
8866,3.0,24,0,3,0.05
8867,1.0,7,1,1,0.05
8868,3.0,26,0,3,0.05
8869,3.0,24,0,3,0.05
8870,3.0,27,0,3,0.05
8871,3.0,22,0,3,0.05
8872,3.0,23,0,3,0.05
8873,2.0,22,1,2,0.05
8874,3.0,24,0,3,0.05
8875,1.0,19,1,1,0.05
8876,3.0,22,0,3,0.05
8877,3.0,24,0,3,0.05
8878,3.0,23,0,3,0.05
8879,3.0,23,0,3,0.05
8880,3.0,24,0,3,0.05
8881,3.0,22,0,3,0.05
8882,3.0,24,0,3,0.05
8883,3.0,23,0,3,0.05
8884,1.0,15,1,1,0.05
8885,1.0,15,1,1,0.05
8886,3.0,22,0,3,0.05
8887,3.0,24,0,3,0.05
8888,1.0,18,1,1,0.05
8889,1.0,30,1,1,0.05
8890,3.0,25,0,3,0.05
8891,3.0,22,0,3,0.05
8892,1.0,11,1,1,0.05
8893,3.0,22,0,3,0.05
8894,1.0,13,1,1,0.05
8895,3.0,81,0,3,0.05
8896,3.0,27,0,3,0.05
8897,1.0,16,1,1,0.05
8898,1.0,13,1,1,0.05
8899,3.0,117,0,3,0.05
8900,3.0,25,0,3,0.05
8901,3.0,28,0,3,0.05
8902,3.0,22,0,3,0.05
8903,2.0,23,1,2,0.05
8904,3.0,24,0,3,0.05
8905,1.0,18,1,1,0.05
8906,1.0,25,1,1,0.05
8907,0.0,6,1,0,0.05
8908,3.0,34,0,3,0.05
8909,3.0,30,0,3,0.05
8910,3.0,28,0,3,0.05
8911,3.0,22,0,3,0.05
8912,3.0,42,0,3,0.05
8913,3.0,24,0,3,0.05
8914,3.0,24,0,3,0.05
8915,2.0,24,1,2,0.05
8916,1.0,15,1,1,0.05
8917,3.0,22,0,3,0.05
8918,3.0,28,0,3,0.05
8919,3.0,28,0,3,0.05
8920,3.0,24,0,3,0.05
8921,3.0,22,0,3,0.05
8922,3.0,22,0,3,0.05
8923,3.0,22,0,3,0.05
8924,3.0,28,0,3,0.05
8925,3.0,22,0,3,0.05
8926,3.0,22,0,3,0.05
8927,3.0,27,0,3,0.05
8928,3.0,22,0,3,0.05
8929,3.0,22,0,3,0.05
8930,3.0,26,0,3,0.05
8931,3.0,22,0,3,0.05
8932,3.0,23,0,3,0.05
8933,3.0,22,0,3,0.05
8934,3.0,22,0,3,0.05
8935,3.0,24,0,3,0.05
8936,3.0,22,0,3,0.05
8937,3.0,22,0,3,0.05
8938,1.0,20,1,1,0.05
8939,2.0,20,1,2,0.05
8940,3.0,24,0,3,0.05
8941,2.0,21,1,2,0.05
8942,1.0,25,1,1,0.05
8943,3.0,23,0,3,0.05
8944,3.0,24,0,3,0.05
8945,3.0,24,0,3,0.05
8946,3.0,24,0,3,0.05
8947,3.0,25,0,3,0.05
8948,3.0,23,0,3,0.05
8949,2.0,21,1,2,0.05
8950,2.0,24,1,2,0.05
8951,3.0,25,0,3,0.05
8952,3.0,23,0,3,0.05
8953,3.0,22,0,3,0.05
8954,3.0,22,0,3,0.05
8955,3.0,22,0,3,0.05
8956,3.0,24,0,3,0.05
8957,3.0,26,0,3,0.05
8958,3.0,24,0,3,0.05
8959,3.0,22,0,3,0.05
8960,3.0,24,0,3,0.05
8961,3.0,23,0,3,0.05
8962,3.0,24,0,3,0.05
8963,3.0,22,0,3,0.05
8964,2.0,22,1,2,0.05
8965,3.0,22,0,3,0.05
8966,2.0,19,1,2,0.05
8967,3.0,23,0,3,0.05
8968,1.0,16,1,1,0.05
8969,1.0,13,1,1,0.05
8970,3.0,22,0,3,0.05
8971,3.0,24,0,3,0.05
8972,3.0,22,0,3,0.05
8973,3.0,22,0,3,0.05
8974,3.0,25,0,3,0.05
8975,3.0,25,0,3,0.05
8976,3.0,22,0,3,0.05
8977,3.0,22,0,3,0.05
8978,2.0,24,1,2,0.05
8979,3.0,24,0,3,0.05
8980,3.0,24,0,3,0.05
8981,3.0,22,0,3,0.05
8982,1.0,16,1,1,0.05
8983,3.0,24,0,3,0.05
8984,3.0,23,0,3,0.05
8985,3.0,22,0,3,0.05
8986,3.0,24,0,3,0.05
8987,3.0,23,0,3,0.05
8988,3.0,22,0,3,0.05
8989,3.0,22,0,3,0.05
8990,3.0,22,0,3,0.05
8991,2.0,19,1,2,0.05
8992,3.0,22,0,3,0.05
8993,3.0,22,0,3,0.05
8994,3.0,24,0,3,0.05
8995,3.0,22,0,3,0.05
8996,3.0,24,0,3,0.05
8997,1.0,17,1,1,0.05
8998,3.0,26,0,3,0.05
8999,3.0,25,0,3,0.05
9000,1.0,15,1,1,0.05
9001,3.0,22,0,3,0.05
9002,3.0,23,0,3,0.05
9003,3.0,22,0,3,0.05
9004,1.0,16,1,1,0.05
9005,3.0,26,0,3,0.05
9006,3.0,22,0,3,0.05
9007,3.0,23,0,3,0.05
9008,3.0,22,0,3,0.05
9009,3.0,22,0,3,0.05
9010,3.0,22,0,3,0.05
9011,3.0,23,0,3,0.05
9012,1.0,13,1,1,0.05
9013,3.0,24,0,3,0.05
9014,3.0,24,0,3,0.05
9015,3.0,23,0,3,0.05
9016,3.0,22,0,3,0.05
9017,2.0,22,1,2,0.05
9018,3.0,24,0,3,0.05
9019,1.0,18,1,1,0.05
9020,1.0,16,1,1,0.05
9021,1.0,29,1,1,0.05
9022,3.0,40,0,3,0.05
9023,2.0,45,1,2,0.05
9024,3.0,24,0,3,0.05
9025,3.0,22,0,3,0.05
9026,3.0,22,0,3,0.05
9027,3.0,24,0,3,0.05
9028,3.0,26,0,3,0.05
9029,3.0,24,0,3,0.05
9030,3.0,22,0,3,0.05
9031,1.0,17,1,1,0.05
9032,1.0,16,1,1,0.05
9033,3.0,29,0,3,0.05
9034,3.0,22,0,3,0.05
9035,3.0,26,0,3,0.05
9036,3.0,24,0,3,0.05
9037,1.0,16,1,1,0.05
9038,3.0,24,0,3,0.05
9039,1.0,12,1,1,0.05
9040,3.0,24,0,3,0.05
9041,3.0,23,0,3,0.05
9042,3.0,22,0,3,0.05
9043,3.0,24,0,3,0.05
9044,3.0,24,0,3,0.05
9045,3.0,23,0,3,0.05
9046,1.0,15,1,1,0.05
9047,3.0,22,0,3,0.05
9048,3.0,24,0,3,0.05
9049,3.0,24,0,3,0.05
9050,3.0,22,0,3,0.05
9051,3.0,25,0,3,0.05
9052,3.0,22,0,3,0.05
9053,3.0,26,0,3,0.05
9054,3.0,24,0,3,0.05
9055,3.0,22,0,3,0.05
9056,3.0,24,0,3,0.05
9057,3.0,25,0,3,0.05
9058,3.0,22,0,3,0.05
9059,3.0,22,0,3,0.05
9060,3.0,22,0,3,0.05
9061,3.0,22,0,3,0.05
9062,3.0,27,0,3,0.05
9063,3.0,23,0,3,0.05
9064,3.0,24,0,3,0.05
9065,3.0,23,0,3,0.05
9066,2.0,19,1,2,0.05
9067,3.0,22,0,3,0.05
9068,3.0,24,0,3,0.05
9069,3.0,24,0,3,0.05
9070,3.0,24,0,3,0.05
9071,2.0,20,1,2,0.05
9072,3.0,24,0,3,0.05
9073,1.0,17,1,1,0.05
9074,3.0,22,0,3,0.05
9075,3.0,22,0,3,0.05
9076,3.0,22,0,3,0.05
9077,3.0,24,0,3,0.05
9078,3.0,22,0,3,0.05
9079,3.0,23,0,3,0.05
9080,3.0,22,0,3,0.05
9081,3.0,23,0,3,0.05
9082,3.0,22,0,3,0.05
9083,2.0,19,1,2,0.05
9084,3.0,24,0,3,0.05
9085,1.0,16,1,1,0.05
9086,3.0,23,0,3,0.05
9087,3.0,25,0,3,0.05
9088,3.0,22,0,3,0.05
9089,2.0,23,1,2,0.05
9090,3.0,26,0,3,0.05
9091,3.0,22,0,3,0.05
9092,3.0,24,0,3,0.05
9093,2.0,22,1,2,0.05
9094,3.0,55,0,3,0.05
9095,3.0,24,0,3,0.05
9096,3.0,26,0,3,0.05
9097,3.0,27,0,3,0.05
9098,3.0,24,0,3,0.05
9099,3.0,23,0,3,0.05
9100,3.0,22,0,3,0.05
9101,3.0,25,0,3,0.05
9102,3.0,23,0,3,0.05
9103,3.0,22,0,3,0.05
9104,3.0,23,0,3,0.05
9105,3.0,22,0,3,0.05
9106,3.0,22,0,3,0.05
9107,3.0,25,0,3,0.05
9108,3.0,22,0,3,0.05
9109,2.0,22,1,2,0.05
9110,3.0,30,0,3,0.05
9111,2.0,19,1,2,0.05
9112,1.0,15,1,1,0.05
9113,1.0,15,1,1,0.05
9114,3.0,25,0,3,0.05
9115,3.0,22,0,3,0.05
9116,3.0,22,0,3,0.05
9117,3.0,23,0,3,0.05
9118,3.0,22,0,3,0.05
9119,3.0,22,0,3,0.05
9120,3.0,22,0,3,0.05
9121,3.0,23,0,3,0.05
9122,3.0,24,0,3,0.05
9123,3.0,26,0,3,0.05
9124,1.0,20,1,1,0.05
9125,3.0,22,0,3,0.05
9126,3.0,22,0,3,0.05
9127,3.0,22,0,3,0.05
9128,1.0,16,1,1,0.05
9129,3.0,22,0,3,0.05
9130,3.0,22,0,3,0.05
9131,3.0,24,0,3,0.05
9132,3.0,22,0,3,0.05
9133,3.0,22,0,3,0.05
9134,3.0,25,0,3,0.05
9135,3.0,22,0,3,0.05
9136,3.0,24,0,3,0.05
9137,3.0,27,0,3,0.05
9138,2.0,21,1,2,0.05
9139,3.0,26,0,3,0.05
9140,3.0,22,0,3,0.05
9141,3.0,22,0,3,0.05
9142,0.0,3,1,0,0.05
9143,3.0,23,0,3,0.05
9144,3.0,23,0,3,0.05
9145,1.0,12,1,1,0.05
9146,1.0,16,1,1,0.05
9147,3.0,22,0,3,0.05
9148,3.0,22,0,3,0.05
9149,3.0,22,0,3,0.05
9150,3.0,22,0,3,0.05
9151,3.0,22,0,3,0.05
9152,3.0,24,0,3,0.05
9153,3.0,23,0,3,0.05
9154,3.0,22,0,3,0.05
9155,3.0,22,0,3,0.05
9156,1.0,16,1,1,0.05
9157,3.0,25,0,3,0.05
9158,3.0,23,0,3,0.05
9159,2.0,21,1,2,0.05
9160,0.0,4,1,0,0.05
9161,2.0,17,1,2,0.05
9162,3.0,22,0,3,0.05
9163,3.0,25,0,3,0.05
9164,3.0,24,0,3,0.05
9165,3.0,22,0,3,0.05
9166,3.0,25,0,3,0.05
9167,3.0,24,0,3,0.05
9168,3.0,22,0,3,0.05
9169,3.0,22,0,3,0.05
9170,3.0,22,0,3,0.05
9171,3.0,24,0,3,0.05
9172,1.0,13,1,1,0.05
9173,1.0,17,1,1,0.05
9174,3.0,24,0,3,0.05
9175,3.0,25,0,3,0.05
9176,3.0,27,0,3,0.05
9177,3.0,24,0,3,0.05
9178,3.0,29,0,3,0.05
9179,3.0,22,0,3,0.05
9180,1.0,14,1,1,0.05
9181,3.0,23,0,3,0.05
9182,2.0,22,1,2,0.05
9183,3.0,23,0,3,0.05
9184,3.0,23,0,3,0.05
9185,3.0,24,0,3,0.05
9186,3.0,23,0,3,0.05
9187,3.0,22,0,3,0.05
9188,2.0,23,1,2,0.05
9189,3.0,22,0,3,0.05
9190,3.0,23,0,3,0.05
9191,3.0,22,0,3,0.05
9192,3.0,22,0,3,0.05
9193,3.0,22,0,3,0.05
9194,1.0,13,1,1,0.05
9195,3.0,22,0,3,0.05
9196,2.0,18,1,2,0.05
9197,1.0,11,1,1,0.05
9198,2.0,21,1,2,0.05
9199,3.0,27,0,3,0.05
9200,3.0,22,0,3,0.05
9201,3.0,24,0,3,0.05
9202,3.0,22,0,3,0.05
9203,2.0,22,1,2,0.05
9204,3.0,22,0,3,0.05
9205,3.0,26,0,3,0.05
9206,3.0,24,0,3,0.05
9207,2.0,22,1,2,0.05
9208,3.0,24,0,3,0.05
9209,3.0,24,0,3,0.05
9210,3.0,22,0,3,0.05
9211,1.0,17,1,1,0.05
9212,3.0,23,0,3,0.05
9213,1.0,14,1,1,0.05
9214,1.0,15,1,1,0.05
9215,3.0,22,0,3,0.05
9216,3.0,23,0,3,0.05
9217,3.0,24,0,3,0.05
9218,3.0,22,0,3,0.05
9219,3.0,22,0,3,0.05
9220,3.0,24,0,3,0.05
9221,3.0,25,0,3,0.05
9222,1.0,16,1,1,0.05
9223,3.0,22,0,3,0.05
9224,2.0,19,1,2,0.05
9225,3.0,25,0,3,0.05
9226,3.0,22,0,3,0.05
9227,3.0,22,0,3,0.05
9228,3.0,24,0,3,0.05
9229,2.0,24,1,2,0.05
9230,3.0,22,0,3,0.05
9231,3.0,24,0,3,0.05
9232,3.0,22,0,3,0.05
9233,1.0,19,1,1,0.05
9234,2.0,20,1,2,0.05
9235,3.0,22,0,3,0.05
9236,3.0,24,0,3,0.05
9237,3.0,26,0,3,0.05
9238,3.0,24,0,3,0.05
9239,3.0,22,0,3,0.05
9240,1.0,17,1,1,0.05
9241,2.0,24,1,2,0.05
9242,3.0,22,0,3,0.05
9243,3.0,24,0,3,0.05
9244,3.0,24,0,3,0.05
9245,3.0,24,0,3,0.05
9246,3.0,22,0,3,0.05
9247,1.0,12,1,1,0.05
9248,3.0,24,0,3,0.05
9249,3.0,24,0,3,0.05
9250,3.0,22,0,3,0.05
9251,3.0,23,0,3,0.05
9252,3.0,22,0,3,0.05
9253,3.0,25,0,3,0.05
9254,3.0,23,0,3,0.05
9255,1.0,14,1,1,0.05
9256,3.0,22,0,3,0.05
9257,3.0,22,0,3,0.05
9258,3.0,22,0,3,0.05
9259,3.0,22,0,3,0.05
9260,3.0,24,0,3,0.05
9261,3.0,22,0,3,0.05
9262,3.0,22,0,3,0.05
9263,3.0,23,0,3,0.05
9264,3.0,23,0,3,0.05
9265,3.0,22,0,3,0.05
9266,3.0,22,0,3,0.05
9267,3.0,22,0,3,0.05
9268,3.0,23,0,3,0.05
9269,1.0,15,1,1,0.05
9270,3.0,22,0,3,0.05
9271,2.0,22,1,2,0.05
9272,2.0,18,1,2,0.05
9273,3.0,24,0,3,0.05
9274,3.0,25,0,3,0.05
9275,1.0,9,1,1,0.05
9276,3.0,22,0,3,0.05
9277,2.0,22,1,2,0.05
9278,2.0,22,1,2,0.05
9279,1.0,15,1,1,0.05
9280,3.0,22,0,3,0.05
9281,3.0,24,0,3,0.05
9282,3.0,22,0,3,0.05
9283,3.0,24,0,3,0.05
9284,1.0,13,1,1,0.05
9285,3.0,22,0,3,0.05
9286,3.0,24,0,3,0.05
9287,3.0,22,0,3,0.05
9288,3.0,24,0,3,0.05
9289,3.0,22,0,3,0.05
9290,3.0,22,0,3,0.05
9291,1.0,9,1,1,0.05
9292,3.0,24,0,3,0.05
9293,1.0,14,1,1,0.05
9294,3.0,22,0,3,0.05
9295,3.0,23,0,3,0.05
9296,1.0,15,1,1,0.05
9297,3.0,22,0,3,0.05
9298,1.0,16,1,1,0.05
9299,2.0,18,1,2,0.05
9300,3.0,25,0,3,0.05
9301,3.0,26,0,3,0.05
9302,3.0,22,0,3,0.05
9303,3.0,22,0,3,0.05
9304,3.0,24,0,3,0.05
9305,2.0,18,1,2,0.05
9306,3.0,26,0,3,0.05
9307,1.0,21,1,1,0.05
9308,3.0,22,0,3,0.05
9309,3.0,22,0,3,0.05
9310,3.0,24,0,3,0.05
9311,3.0,24,0,3,0.05
9312,3.0,24,0,3,0.05
9313,1.0,13,1,1,0.05
9314,3.0,25,0,3,0.05
9315,3.0,24,0,3,0.05
9316,3.0,24,0,3,0.05
9317,3.0,22,0,3,0.05
9318,3.0,22,0,3,0.05
9319,3.0,22,0,3,0.05
9320,3.0,23,0,3,0.05
9321,1.0,7,1,1,0.05
9322,3.0,28,0,3,0.05
9323,1.0,12,1,1,0.05
9324,3.0,24,0,3,0.05
9325,3.0,22,0,3,0.05
9326,1.0,17,1,1,0.05
9327,3.0,23,0,3,0.05
9328,3.0,22,0,3,0.05
9329,3.0,23,0,3,0.05
9330,3.0,26,0,3,0.05
9331,3.0,26,0,3,0.05
9332,3.0,23,0,3,0.05
9333,1.0,17,1,1,0.05
9334,1.0,13,1,1,0.05
9335,3.0,22,0,3,0.05
9336,3.0,22,0,3,0.05
9337,3.0,22,0,3,0.05
9338,2.0,19,1,2,0.05
9339,3.0,22,0,3,0.05
9340,3.0,24,0,3,0.05
9341,3.0,25,0,3,0.05
9342,3.0,22,0,3,0.05
9343,3.0,22,0,3,0.05
9344,3.0,26,0,3,0.05
9345,3.0,25,0,3,0.05
9346,1.0,16,1,1,0.05
9347,3.0,28,0,3,0.05
9348,1.0,14,1,1,0.05
9349,3.0,22,0,3,0.05
9350,3.0,24,0,3,0.05
9351,3.0,24,0,3,0.05
9352,1.0,20,1,1,0.05
9353,3.0,22,0,3,0.05
9354,3.0,23,0,3,0.05
9355,3.0,22,0,3,0.05
9356,3.0,24,0,3,0.05
9357,3.0,23,0,3,0.05
9358,3.0,30,0,3,0.05
9359,1.0,13,1,1,0.05
9360,3.0,24,0,3,0.05
9361,3.0,23,0,3,0.05
9362,3.0,22,0,3,0.05
9363,3.0,22,0,3,0.05
9364,1.0,17,1,1,0.05
9365,3.0,22,0,3,0.05
9366,3.0,22,0,3,0.05
9367,3.0,22,0,3,0.05
9368,3.0,24,0,3,0.05
9369,3.0,24,0,3,0.05
9370,3.0,23,0,3,0.05
9371,2.0,20,1,2,0.05
9372,1.0,16,1,1,0.05
9373,3.0,25,0,3,0.05
9374,3.0,22,0,3,0.05
9375,3.0,23,0,3,0.05
9376,1.0,16,1,1,0.05
9377,3.0,22,0,3,0.05
9378,3.0,23,0,3,0.05
9379,3.0,24,0,3,0.05
9380,3.0,22,0,3,0.05
9381,3.0,22,0,3,0.05
9382,1.0,17,1,1,0.05
9383,3.0,22,0,3,0.05
9384,2.0,18,1,2,0.05
9385,3.0,22,0,3,0.05
9386,3.0,22,0,3,0.05
9387,3.0,23,0,3,0.05
9388,3.0,22,0,3,0.05
9389,2.0,23,1,2,0.05
9390,3.0,22,0,3,0.05
9391,1.0,16,1,1,0.05
9392,3.0,24,0,3,0.05
9393,3.0,23,0,3,0.05
9394,3.0,22,0,3,0.05
9395,2.0,22,1,2,0.05
9396,3.0,22,0,3,0.05
9397,3.0,22,0,3,0.05
9398,3.0,22,0,3,0.05
9399,3.0,23,0,3,0.05
9400,2.0,22,1,2,0.05
9401,2.0,23,1,2,0.05
9402,3.0,42,0,3,0.05
9403,3.0,29,0,3,0.05
9404,3.0,24,0,3,0.05
9405,3.0,24,0,3,0.05
9406,3.0,24,0,3,0.05
9407,3.0,30,0,3,0.05
9408,3.0,22,0,3,0.05
9409,3.0,24,0,3,0.05
9410,3.0,22,0,3,0.05
9411,3.0,25,0,3,0.05
9412,3.0,22,0,3,0.05
9413,1.0,19,1,1,0.05
9414,3.0,27,0,3,0.05
9415,1.0,11,1,1,0.05
9416,3.0,22,0,3,0.05
9417,1.0,14,1,1,0.05
9418,3.0,24,0,3,0.05
9419,2.0,24,1,2,0.05
9420,3.0,22,0,3,0.05
9421,3.0,25,0,3,0.05
9422,2.0,21,1,2,0.05
9423,3.0,24,0,3,0.05
9424,1.0,15,1,1,0.05
9425,2.0,18,1,2,0.05
9426,1.0,15,1,1,0.05
9427,3.0,38,0,3,0.05
9428,3.0,24,0,3,0.05
9429,2.0,20,1,2,0.05
9430,3.0,26,0,3,0.05
9431,3.0,24,0,3,0.05
9432,1.0,14,1,1,0.05
9433,3.0,22,0,3,0.05
9434,3.0,22,0,3,0.05
9435,3.0,23,0,3,0.05
9436,3.0,25,0,3,0.05
9437,3.0,22,0,3,0.05
9438,3.0,22,0,3,0.05
9439,1.0,18,1,1,0.05
9440,3.0,22,0,3,0.05
9441,1.0,19,1,1,0.05
9442,1.0,16,1,1,0.05
9443,2.0,23,1,2,0.05
9444,1.0,16,1,1,0.05
9445,3.0,28,0,3,0.05
9446,1.0,16,1,1,0.05
9447,3.0,51,0,3,0.05
9448,3.0,24,0,3,0.05
9449,3.0,28,0,3,0.05
9450,3.0,23,0,3,0.05
9451,3.0,24,0,3,0.05
9452,1.0,17,1,1,0.05
9453,3.0,25,0,3,0.05
9454,1.0,14,1,1,0.05
9455,3.0,67,0,3,0.05
9456,1.0,15,1,1,0.05
9457,3.0,37,0,3,0.05
9458,3.0,24,0,3,0.05
9459,3.0,26,0,3,0.05
9460,3.0,22,0,3,0.05
9461,1.0,16,1,1,0.05
9462,3.0,22,0,3,0.05
9463,3.0,22,0,3,0.05
9464,3.0,22,0,3,0.05
9465,1.0,16,1,1,0.05
9466,1.0,27,1,1,0.05
9467,3.0,23,0,3,0.05
9468,3.0,24,0,3,0.05
9469,3.0,25,0,3,0.05
9470,2.0,19,1,2,0.05
9471,3.0,25,0,3,0.05
9472,3.0,24,0,3,0.05
9473,3.0,22,0,3,0.05
9474,3.0,24,0,3,0.05
9475,3.0,30,0,3,0.05
9476,3.0,24,0,3,0.05
9477,3.0,22,0,3,0.05
9478,3.0,22,0,3,0.05
9479,1.0,15,1,1,0.05
9480,1.0,14,1,1,0.05
9481,1.0,17,1,1,0.05
9482,3.0,82,0,3,0.05
9483,3.0,25,0,3,0.05
9484,3.0,28,0,3,0.05
9485,3.0,22,0,3,0.05
9486,3.0,24,0,3,0.05
9487,3.0,24,0,3,0.05
9488,3.0,22,0,3,0.05
9489,3.0,22,0,3,0.05
9490,1.0,17,1,1,0.05
9491,3.0,22,0,3,0.05
9492,3.0,25,0,3,0.05
9493,1.0,16,1,1,0.05
9494,1.0,16,1,1,0.05
9495,3.0,24,0,3,0.05
9496,3.0,23,0,3,0.05
9497,3.0,24,0,3,0.05
9498,3.0,26,0,3,0.05
9499,1.0,18,1,1,0.05
9500,3.0,24,0,3,0.05
9501,3.0,22,0,3,0.05
9502,3.0,24,0,3,0.05
9503,3.0,24,0,3,0.05
9504,1.0,15,1,1,0.05
9505,3.0,25,0,3,0.05
9506,1.0,14,1,1,0.05
9507,3.0,57,0,3,0.05
9508,1.0,11,1,1,0.05
9509,1.0,19,1,1,0.05
9510,3.0,24,0,3,0.05
9511,3.0,22,0,3,0.05
9512,3.0,24,0,3,0.05
9513,3.0,23,0,3,0.05
9514,3.0,26,0,3,0.05
9515,3.0,26,0,3,0.05
9516,3.0,24,0,3,0.05
9517,3.0,22,0,3,0.05
9518,3.0,24,0,3,0.05
9519,3.0,25,0,3,0.05
9520,3.0,22,0,3,0.05
9521,3.0,23,0,3,0.05
9522,3.0,22,0,3,0.05
9523,1.0,15,1,1,0.05
9524,3.0,24,0,3,0.05
9525,3.0,24,0,3,0.05
9526,3.0,24,0,3,0.05
9527,1.0,14,1,1,0.05
9528,3.0,24,0,3,0.05
9529,3.0,24,0,3,0.05
9530,2.0,19,1,2,0.05
9531,3.0,26,0,3,0.05
9532,1.0,14,1,1,0.05
9533,3.0,26,0,3,0.05
9534,3.0,22,0,3,0.05
9535,3.0,22,0,3,0.05
9536,1.0,13,1,1,0.05
9537,3.0,22,0,3,0.05
9538,3.0,22,0,3,0.05
9539,3.0,23,0,3,0.05
9540,3.0,22,0,3,0.05
9541,3.0,24,0,3,0.05
9542,3.0,22,0,3,0.05
9543,3.0,22,0,3,0.05
9544,3.0,26,0,3,0.05
9545,3.0,22,0,3,0.05
9546,3.0,32,0,3,0.05
9547,3.0,22,0,3,0.05
9548,3.0,22,0,3,0.05
9549,3.0,24,0,3,0.05
9550,3.0,23,0,3,0.05
9551,3.0,27,0,3,0.05
9552,1.0,15,1,1,0.05
9553,3.0,24,0,3,0.05
9554,3.0,22,0,3,0.05
9555,3.0,22,0,3,0.05
9556,3.0,22,0,3,0.05
9557,2.0,22,1,2,0.05
9558,3.0,24,0,3,0.05
9559,2.0,21,1,2,0.05
9560,3.0,24,0,3,0.05
9561,1.0,17,1,1,0.05
9562,3.0,24,0,3,0.05
9563,1.0,15,1,1,0.05
9564,1.0,14,1,1,0.05
9565,1.0,19,1,1,0.05
9566,3.0,26,0,3,0.05
9567,3.0,22,0,3,0.05
9568,3.0,22,0,3,0.05
9569,3.0,24,0,3,0.05
9570,3.0,22,0,3,0.05
9571,3.0,22,0,3,0.05
9572,3.0,23,0,3,0.05
9573,1.0,15,1,1,0.05
9574,3.0,23,0,3,0.05
9575,3.0,22,0,3,0.05
9576,3.0,26,0,3,0.05
9577,3.0,22,0,3,0.05
9578,3.0,24,0,3,0.05
9579,3.0,22,0,3,0.05
9580,3.0,22,0,3,0.05
9581,3.0,24,0,3,0.05
9582,1.0,12,1,1,0.05
9583,3.0,24,0,3,0.05
9584,3.0,26,0,3,0.05
9585,3.0,22,0,3,0.05
9586,2.0,22,1,2,0.05
9587,1.0,16,1,1,0.05
9588,3.0,22,0,3,0.05
9589,1.0,15,1,1,0.05
9590,2.0,21,1,2,0.05
9591,2.0,20,1,2,0.05
9592,2.0,22,1,2,0.05
9593,3.0,32,0,3,0.05
9594,3.0,24,0,3,0.05
9595,3.0,22,0,3,0.05
9596,3.0,22,0,3,0.05
9597,3.0,24,0,3,0.05
9598,3.0,22,0,3,0.05
9599,3.0,22,0,3,0.05
9600,1.0,17,1,1,0.05
9601,3.0,22,0,3,0.05
9602,1.0,16,1,1,0.05
9603,3.0,24,0,3,0.05
9604,3.0,22,0,3,0.05
9605,3.0,24,0,3,0.05
9606,3.0,24,0,3,0.05
9607,1.0,14,1,1,0.05
9608,3.0,22,0,3,0.05
9609,3.0,22,0,3,0.05
9610,3.0,31,0,3,0.05
9611,3.0,22,0,3,0.05
9612,3.0,26,0,3,0.05
9613,3.0,22,0,3,0.05
9614,1.0,15,1,1,0.05
9615,3.0,26,0,3,0.05
9616,3.0,22,0,3,0.05
9617,3.0,22,0,3,0.05
9618,1.0,15,1,1,0.05
9619,3.0,22,0,3,0.05
9620,2.0,22,1,2,0.05
9621,3.0,24,0,3,0.05
9622,3.0,27,0,3,0.05
9623,1.0,15,1,1,0.05
9624,2.0,20,1,2,0.05
9625,3.0,24,0,3,0.05
9626,3.0,27,0,3,0.05
9627,1.0,16,1,1,0.05
9628,1.0,20,1,1,0.05
9629,1.0,16,1,1,0.05
9630,2.0,47,1,2,0.05
9631,3.0,105,0,3,0.05
9632,3.0,28,0,3,0.05
9633,1.0,16,1,1,0.05
9634,1.0,17,1,1,0.05
9635,1.0,16,1,1,0.05
9636,2.0,67,1,2,0.05
9637,3.0,28,0,3,0.05
9638,1.0,16,1,1,0.05
9639,2.0,26,1,2,0.05
9640,3.0,26,0,3,0.05
9641,3.0,24,0,3,0.05
9642,3.0,26,0,3,0.05
9643,2.0,23,1,2,0.05
9644,2.0,84,1,2,0.05
9645,2.0,21,1,2,0.05
9646,3.0,49,0,3,0.05
9647,1.0,16,1,1,0.05
9648,3.0,44,0,3,0.05
9649,3.0,34,0,3,0.05
9650,3.0,31,0,3,0.05
9651,3.0,22,0,3,0.05
9652,3.0,22,0,3,0.05
9653,3.0,25,0,3,0.05
9654,3.0,22,0,3,0.05
9655,2.0,22,1,2,0.05
9656,3.0,22,0,3,0.05
9657,3.0,22,0,3,0.05
9658,3.0,24,0,3,0.05
9659,0.0,5,1,0,0.05
9660,1.0,15,1,1,0.05
9661,3.0,24,0,3,0.05
9662,3.0,23,0,3,0.05
9663,3.0,24,0,3,0.05
9664,3.0,26,0,3,0.05
9665,1.0,17,1,1,0.05
9666,1.0,17,1,1,0.05
9667,3.0,24,0,3,0.05
9668,3.0,22,0,3,0.05
9669,3.0,23,0,3,0.05
9670,3.0,22,0,3,0.05
9671,3.0,24,0,3,0.05
9672,3.0,27,0,3,0.05
9673,3.0,23,0,3,0.05
9674,3.0,30,0,3,0.05
9675,1.0,12,1,1,0.05
9676,2.0,21,1,2,0.05
9677,3.0,22,0,3,0.05
9678,3.0,22,0,3,0.05
9679,1.0,15,1,1,0.05
9680,3.0,22,0,3,0.05
9681,3.0,22,0,3,0.05
9682,2.0,19,1,2,0.05
9683,1.0,14,1,1,0.05
9684,3.0,24,0,3,0.05
9685,3.0,22,0,3,0.05
9686,3.0,27,0,3,0.05
9687,3.0,26,0,3,0.05
9688,3.0,22,0,3,0.05
9689,3.0,22,0,3,0.05
9690,3.0,22,0,3,0.05
9691,3.0,24,0,3,0.05
9692,3.0,22,0,3,0.05
9693,3.0,26,0,3,0.05
9694,3.0,23,0,3,0.05
9695,3.0,22,0,3,0.05
9696,2.0,19,1,2,0.05
9697,3.0,22,0,3,0.05
9698,3.0,23,0,3,0.05
9699,1.0,16,1,1,0.05
9700,3.0,22,0,3,0.05
9701,3.0,23,0,3,0.05
9702,3.0,24,0,3,0.05
9703,3.0,26,0,3,0.05
9704,3.0,23,0,3,0.05
9705,1.0,16,1,1,0.05
9706,3.0,26,0,3,0.05
9707,3.0,24,0,3,0.05
9708,3.0,24,0,3,0.05
9709,3.0,25,0,3,0.05
9710,3.0,23,0,3,0.05
9711,3.0,23,0,3,0.05
9712,3.0,24,0,3,0.05
9713,3.0,24,0,3,0.05
9714,3.0,22,0,3,0.05
9715,3.0,26,0,3,0.05
9716,3.0,22,0,3,0.05
9717,3.0,24,0,3,0.05
9718,3.0,26,0,3,0.05
9719,3.0,24,0,3,0.05
9720,1.0,16,1,1,0.05
9721,2.0,22,1,2,0.05
9722,1.0,15,1,1,0.05
9723,3.0,22,0,3,0.05
9724,1.0,14,1,1,0.05
9725,2.0,18,1,2,0.05
9726,1.0,13,1,1,0.05
9727,1.0,14,1,1,0.05
9728,3.0,22,0,3,0.05
9729,3.0,22,0,3,0.05
9730,1.0,19,1,1,0.05
9731,3.0,22,0,3,0.05
9732,3.0,22,0,3,0.05
9733,1.0,16,1,1,0.05
9734,2.0,21,1,2,0.05
9735,3.0,24,0,3,0.05
9736,3.0,26,0,3,0.05
9737,2.0,24,1,2,0.05
9738,3.0,24,0,3,0.05
9739,3.0,22,0,3,0.05
9740,3.0,22,0,3,0.05
9741,3.0,22,0,3,0.05
9742,3.0,26,0,3,0.05
9743,1.0,14,1,1,0.05
9744,1.0,9,1,1,0.05
9745,1.0,20,1,1,0.05
9746,3.0,25,0,3,0.05
9747,3.0,24,0,3,0.05
9748,3.0,27,0,3,0.05
9749,2.0,21,1,2,0.05
9750,3.0,22,0,3,0.05
9751,3.0,22,0,3,0.05
9752,3.0,27,0,3,0.05
9753,3.0,22,0,3,0.05
9754,3.0,22,0,3,0.05
9755,2.0,18,1,2,0.05
9756,1.0,16,1,1,0.05
9757,3.0,24,0,3,0.05
9758,2.0,19,1,2,0.05
9759,3.0,22,0,3,0.05
9760,3.0,22,0,3,0.05
9761,2.0,20,1,2,0.05
9762,3.0,22,0,3,0.05
9763,1.0,18,1,1,0.05
9764,1.0,15,1,1,0.05
9765,3.0,22,0,3,0.05
9766,3.0,24,0,3,0.05
9767,3.0,22,0,3,0.05
9768,3.0,23,0,3,0.05
9769,3.0,24,0,3,0.05
9770,1.0,13,1,1,0.05
9771,3.0,22,0,3,0.05
9772,3.0,26,0,3,0.05
9773,3.0,26,0,3,0.05
9774,3.0,26,0,3,0.05
9775,3.0,22,0,3,0.05
9776,3.0,22,0,3,0.05
9777,3.0,26,0,3,0.05
9778,3.0,22,0,3,0.05
9779,3.0,22,0,3,0.05
9780,3.0,22,0,3,0.05
9781,3.0,29,0,3,0.05
9782,3.0,24,0,3,0.05
9783,3.0,24,0,3,0.05
9784,3.0,26,0,3,0.05
9785,3.0,25,0,3,0.05
9786,3.0,22,0,3,0.05
9787,3.0,22,0,3,0.05
9788,3.0,22,0,3,0.05
9789,1.0,17,1,1,0.05
9790,2.0,22,1,2,0.05
9791,3.0,31,0,3,0.05
9792,3.0,24,0,3,0.05
9793,3.0,24,0,3,0.05
9794,3.0,23,0,3,0.05
9795,1.0,15,1,1,0.05
9796,2.0,23,1,2,0.05
9797,3.0,24,0,3,0.05
9798,1.0,15,1,1,0.05
9799,3.0,22,0,3,0.05
9800,3.0,24,0,3,0.05
9801,3.0,22,0,3,0.05
9802,3.0,24,0,3,0.05
9803,3.0,22,0,3,0.05
9804,3.0,22,0,3,0.05
9805,1.0,16,1,1,0.05
9806,3.0,26,0,3,0.05
9807,1.0,19,1,1,0.05
9808,3.0,22,0,3,0.05
9809,3.0,23,0,3,0.05
9810,3.0,22,0,3,0.05
9811,3.0,22,0,3,0.05
9812,3.0,23,0,3,0.05
9813,3.0,22,0,3,0.05
9814,3.0,23,0,3,0.05
9815,3.0,22,0,3,0.05
9816,3.0,22,0,3,0.05
9817,2.0,20,1,2,0.05
9818,2.0,17,1,2,0.05
9819,3.0,22,0,3,0.05
9820,3.0,26,0,3,0.05
9821,1.0,18,1,1,0.05
9822,3.0,26,0,3,0.05
9823,3.0,24,0,3,0.05
9824,3.0,26,0,3,0.05
9825,1.0,12,1,1,0.05
9826,3.0,22,0,3,0.05
9827,3.0,27,0,3,0.05
9828,3.0,27,0,3,0.05
9829,2.0,25,1,2,0.05
9830,3.0,23,0,3,0.05
9831,3.0,23,0,3,0.05
9832,2.0,24,1,2,0.05
9833,3.0,24,0,3,0.05
9834,1.0,16,1,1,0.05
9835,3.0,22,0,3,0.05
9836,3.0,24,0,3,0.05
9837,3.0,25,0,3,0.05
9838,2.0,22,1,2,0.05
9839,3.0,36,0,3,0.05
9840,3.0,24,0,3,0.05
9841,2.0,21,1,2,0.05
9842,2.0,20,1,2,0.05
9843,3.0,29,0,3,0.05
9844,3.0,32,0,3,0.05
9845,0.0,7,1,0,0.05
9846,3.0,28,0,3,0.05
9847,3.0,24,0,3,0.05
9848,2.0,21,1,2,0.05
9849,3.0,28,0,3,0.05
9850,2.0,19,1,2,0.05
9851,3.0,22,0,3,0.05
9852,3.0,22,0,3,0.05
9853,3.0,24,0,3,0.05
9854,3.0,22,0,3,0.05
9855,3.0,22,0,3,0.05
9856,3.0,29,0,3,0.05
9857,3.0,24,0,3,0.05
9858,3.0,24,0,3,0.05
9859,3.0,24,0,3,0.05
9860,3.0,22,0,3,0.05
9861,3.0,24,0,3,0.05
9862,3.0,22,0,3,0.05
9863,3.0,24,0,3,0.05
9864,1.0,15,1,1,0.05
9865,3.0,26,0,3,0.05
9866,3.0,22,0,3,0.05
9867,3.0,22,0,3,0.05
9868,3.0,24,0,3,0.05
9869,3.0,22,0,3,0.05
9870,3.0,24,0,3,0.05
9871,3.0,22,0,3,0.05
9872,3.0,22,0,3,0.05
9873,1.0,17,1,1,0.05
9874,2.0,21,1,2,0.05
9875,3.0,29,0,3,0.05
9876,3.0,24,0,3,0.05
9877,1.0,16,1,1,0.05
9878,1.0,17,1,1,0.05
9879,3.0,22,0,3,0.05
9880,1.0,13,1,1,0.05
9881,3.0,22,0,3,0.05
9882,3.0,22,0,3,0.05
9883,2.0,23,1,2,0.05
9884,3.0,22,0,3,0.05
9885,3.0,26,0,3,0.05
9886,3.0,24,0,3,0.05
9887,3.0,22,0,3,0.05
9888,3.0,22,0,3,0.05
9889,1.0,15,1,1,0.05
9890,3.0,22,0,3,0.05
9891,3.0,22,0,3,0.05
9892,3.0,22,0,3,0.05
9893,1.0,14,1,1,0.05
9894,3.0,22,0,3,0.05
9895,3.0,22,0,3,0.05
9896,3.0,24,0,3,0.05
9897,1.0,16,1,1,0.05
9898,3.0,22,0,3,0.05
9899,3.0,23,0,3,0.05
9900,3.0,22,0,3,0.05
9901,3.0,22,0,3,0.05
9902,3.0,22,0,3,0.05
9903,2.0,21,1,2,0.05
9904,3.0,22,0,3,0.05
9905,1.0,14,1,1,0.05
9906,3.0,22,0,3,0.05
9907,3.0,25,0,3,0.05
9908,3.0,25,0,3,0.05
9909,3.0,22,0,3,0.05
9910,1.0,14,1,1,0.05
9911,3.0,23,0,3,0.05
9912,3.0,26,0,3,0.05
9913,3.0,26,0,3,0.05
9914,3.0,24,0,3,0.05
9915,3.0,22,0,3,0.05
9916,2.0,23,1,2,0.05
9917,1.0,13,1,1,0.05
9918,3.0,22,0,3,0.05
9919,1.0,17,1,1,0.05
9920,3.0,24,0,3,0.05
9921,3.0,22,0,3,0.05
9922,3.0,22,0,3,0.05
9923,3.0,22,0,3,0.05
9924,1.0,17,1,1,0.05
9925,1.0,18,1,1,0.05
9926,3.0,25,0,3,0.05
9927,3.0,24,0,3,0.05
9928,3.0,24,0,3,0.05
9929,3.0,22,0,3,0.05
9930,3.0,24,0,3,0.05
9931,3.0,25,0,3,0.05
9932,3.0,22,0,3,0.05
9933,3.0,24,0,3,0.05
9934,2.0,24,1,2,0.05
9935,3.0,22,0,3,0.05
9936,3.0,22,0,3,0.05
9937,3.0,24,0,3,0.05
9938,3.0,27,0,3,0.05
9939,3.0,26,0,3,0.05
9940,1.0,15,1,1,0.05
9941,3.0,22,0,3,0.05
9942,2.0,21,1,2,0.05
9943,3.0,22,0,3,0.05
9944,3.0,26,0,3,0.05
9945,3.0,22,0,3,0.05
9946,3.0,22,0,3,0.05
9947,3.0,22,0,3,0.05
9948,3.0,22,0,3,0.05
9949,3.0,24,0,3,0.05
9950,3.0,22,0,3,0.05
9951,3.0,25,0,3,0.05
9952,0.0,3,1,0,0.05
9953,3.0,28,0,3,0.05
9954,3.0,22,0,3,0.05
9955,3.0,25,0,3,0.05
9956,3.0,22,0,3,0.05
9957,2.0,17,1,2,0.05
9958,3.0,23,0,3,0.05
9959,3.0,23,0,3,0.05
9960,3.0,24,0,3,0.05
9961,3.0,26,0,3,0.05
9962,3.0,24,0,3,0.05
9963,3.0,27,0,3,0.05
9964,1.0,18,1,1,0.05
9965,3.0,22,0,3,0.05
9966,3.0,23,0,3,0.05
9967,3.0,22,0,3,0.05
9968,2.0,20,1,2,0.05
9969,3.0,22,0,3,0.05
9970,3.0,22,0,3,0.05
9971,3.0,23,0,3,0.05
9972,3.0,24,0,3,0.05
9973,3.0,22,0,3,0.05
9974,1.0,18,1,1,0.05
9975,3.0,22,0,3,0.05
9976,3.0,25,0,3,0.05
9977,3.0,22,0,3,0.05
9978,3.0,25,0,3,0.05
9979,3.0,22,0,3,0.05
9980,3.0,22,0,3,0.05
9981,3.0,23,0,3,0.05
9982,3.0,24,0,3,0.05
9983,3.0,26,0,3,0.05
9984,2.0,23,1,2,0.05
9985,3.0,24,0,3,0.05
9986,3.0,26,0,3,0.05
9987,3.0,24,0,3,0.05
9988,1.0,17,1,1,0.05
9989,3.0,23,0,3,0.05
9990,3.0,24,0,3,0.05
9991,1.0,16,1,1,0.05
9992,1.0,12,1,1,0.05
9993,3.0,23,0,3,0.05
9994,3.0,24,0,3,0.05
9995,3.0,22,0,3,0.05
9996,3.0,24,0,3,0.05
9997,3.0,22,0,3,0.05
9998,3.0,24,0,3,0.05
9999,3.0,22,0,3,0.05
10000,3.0,24,0,3,0.05
10001,3.0,22,0,3,0.05
10002,1.0,10,1,1,0.05
10003,1.0,14,1,1,0.05
10004,3.0,25,0,3,0.05
10005,3.0,22,0,3,0.05
10006,3.0,25,0,3,0.05
10007,3.0,22,0,3,0.05
10008,3.0,22,0,3,0.05
10009,3.0,23,0,3,0.05
10010,1.0,16,1,1,0.05
10011,3.0,22,0,3,0.05
10012,3.0,22,0,3,0.05
10013,3.0,23,0,3,0.05
10014,3.0,25,0,3,0.05
10015,3.0,25,0,3,0.05
10016,3.0,23,0,3,0.05
10017,3.0,23,0,3,0.05
10018,3.0,24,0,3,0.05
10019,3.0,24,0,3,0.05
10020,3.0,22,0,3,0.05
10021,3.0,22,0,3,0.05
10022,3.0,24,0,3,0.05
10023,3.0,23,0,3,0.05
10024,3.0,22,0,3,0.05
10025,3.0,22,0,3,0.05
10026,1.0,13,1,1,0.05
10027,1.0,14,1,1,0.05
10028,3.0,24,0,3,0.05
10029,3.0,24,0,3,0.05
10030,3.0,24,0,3,0.05
10031,1.0,17,1,1,0.05
10032,3.0,30,0,3,0.05
10033,3.0,22,0,3,0.05
10034,3.0,22,0,3,0.05
10035,1.0,7,1,1,0.05
10036,3.0,27,0,3,0.05
10037,3.0,22,0,3,0.05
10038,3.0,24,0,3,0.05
10039,3.0,23,0,3,0.05
10040,3.0,22,0,3,0.05
10041,1.0,17,1,1,0.05
10042,1.0,14,1,1,0.05
10043,3.0,24,0,3,0.05
10044,1.0,17,1,1,0.05
10045,1.0,15,1,1,0.05
10046,3.0,24,0,3,0.05
10047,3.0,24,0,3,0.05
10048,1.0,14,1,1,0.05
10049,3.0,22,0,3,0.05
10050,3.0,24,0,3,0.05
10051,3.0,24,0,3,0.05
10052,3.0,22,0,3,0.05
10053,3.0,24,0,3,0.05
10054,3.0,25,0,3,0.05
10055,3.0,22,0,3,0.05
10056,3.0,22,0,3,0.05
10057,3.0,24,0,3,0.05
10058,1.0,16,1,1,0.05
10059,1.0,17,1,1,0.05
10060,3.0,36,0,3,0.05
10061,3.0,26,0,3,0.05
10062,3.0,28,0,3,0.05
10063,3.0,24,0,3,0.05
10064,3.0,24,0,3,0.05
10065,3.0,25,0,3,0.05
10066,3.0,24,0,3,0.05
10067,3.0,28,0,3,0.05
10068,3.0,26,0,3,0.05
10069,1.0,14,1,1,0.05
10070,2.0,23,1,2,0.05
10071,3.0,24,0,3,0.05
10072,1.0,15,1,1,0.05
10073,3.0,24,0,3,0.05
10074,1.0,15,1,1,0.05
10075,3.0,22,0,3,0.05
10076,0.0,3,1,0,0.05
10077,3.0,22,0,3,0.05
10078,3.0,22,0,3,0.05
10079,3.0,24,0,3,0.05
10080,3.0,24,0,3,0.05
10081,3.0,22,0,3,0.05
10082,3.0,24,0,3,0.05
10083,1.0,14,1,1,0.05
10084,1.0,14,1,1,0.05
10085,1.0,14,1,1,0.05
10086,3.0,27,0,3,0.05
10087,3.0,35,0,3,0.05
10088,3.0,23,0,3,0.05
10089,1.0,15,1,1,0.05
10090,3.0,22,0,3,0.05
10091,3.0,22,0,3,0.05
10092,3.0,22,0,3,0.05
10093,3.0,22,0,3,0.05
10094,3.0,22,0,3,0.05
10095,3.0,22,0,3,0.05
10096,3.0,23,0,3,0.05
10097,3.0,22,0,3,0.05
10098,3.0,22,0,3,0.05
10099,3.0,23,0,3,0.05
10100,3.0,23,0,3,0.05
10101,3.0,22,0,3,0.05
10102,3.0,24,0,3,0.05
10103,3.0,26,0,3,0.05
10104,2.0,19,1,2,0.05
10105,3.0,24,0,3,0.05
10106,3.0,22,0,3,0.05
10107,1.0,13,1,1,0.05
10108,3.0,29,0,3,0.05
10109,3.0,24,0,3,0.05
10110,3.0,22,0,3,0.05
10111,3.0,25,0,3,0.05
10112,2.0,22,1,2,0.05
10113,3.0,28,0,3,0.05
10114,3.0,24,0,3,0.05
10115,3.0,24,0,3,0.05
10116,3.0,22,0,3,0.05
10117,3.0,24,0,3,0.05
10118,3.0,23,0,3,0.05
10119,2.0,17,1,2,0.05
10120,3.0,22,0,3,0.05
10121,3.0,22,0,3,0.05
10122,3.0,25,0,3,0.05
10123,3.0,24,0,3,0.05
10124,1.0,15,1,1,0.05
10125,1.0,20,1,1,0.05
10126,3.0,22,0,3,0.05
10127,3.0,24,0,3,0.05
10128,3.0,24,0,3,0.05
10129,2.0,22,1,2,0.05
10130,3.0,22,0,3,0.05
10131,3.0,24,0,3,0.05
10132,3.0,22,0,3,0.05
10133,3.0,23,0,3,0.05
10134,0.0,3,1,0,0.05
10135,3.0,22,0,3,0.05
10136,3.0,27,0,3,0.05
10137,3.0,24,0,3,0.05
10138,1.0,16,1,1,0.05
10139,3.0,24,0,3,0.05
10140,2.0,20,1,2,0.05
10141,1.0,10,1,1,0.05
10142,2.0,20,1,2,0.05
10143,2.0,20,1,2,0.05
10144,3.0,37,0,3,0.05
10145,3.0,22,0,3,0.05
10146,3.0,22,0,3,0.05
10147,3.0,24,0,3,0.05
10148,2.0,21,1,2,0.05
10149,3.0,24,0,3,0.05
10150,1.0,21,1,1,0.05
10151,2.0,22,1,2,0.05
10152,2.0,57,1,2,0.05
10153,3.0,34,0,3,0.05
10154,3.0,22,0,3,0.05
10155,3.0,22,0,3,0.05
10156,1.0,13,1,1,0.05
10157,1.0,16,1,1,0.05
10158,3.0,22,0,3,0.05
10159,3.0,22,0,3,0.05
10160,1.0,14,1,1,0.05
10161,3.0,27,0,3,0.05
10162,3.0,26,0,3,0.05
10163,3.0,22,0,3,0.05
10164,3.0,28,0,3,0.05
10165,3.0,23,0,3,0.05
10166,3.0,22,0,3,0.05
10167,3.0,22,0,3,0.05
10168,3.0,22,0,3,0.05
10169,3.0,22,0,3,0.05
10170,3.0,24,0,3,0.05
10171,3.0,22,0,3,0.05
10172,3.0,22,0,3,0.05
10173,3.0,25,0,3,0.05
10174,3.0,23,0,3,0.05
10175,3.0,23,0,3,0.05
10176,3.0,22,0,3,0.05
10177,3.0,24,0,3,0.05
10178,3.0,28,0,3,0.05
10179,3.0,26,0,3,0.05
10180,2.0,21,1,2,0.05
10181,1.0,17,1,1,0.05
10182,3.0,23,0,3,0.05
10183,3.0,28,0,3,0.05
10184,3.0,26,0,3,0.05
10185,3.0,22,0,3,0.05
10186,3.0,25,0,3,0.05
10187,3.0,22,0,3,0.05
10188,3.0,22,0,3,0.05
10189,3.0,22,0,3,0.05
10190,3.0,22,0,3,0.05
10191,1.0,16,1,1,0.05
10192,3.0,22,0,3,0.05
10193,1.0,17,1,1,0.05
10194,3.0,22,0,3,0.05
10195,3.0,23,0,3,0.05
10196,1.0,13,1,1,0.05
10197,3.0,22,0,3,0.05
10198,3.0,24,0,3,0.05
10199,3.0,27,0,3,0.05
10200,3.0,22,0,3,0.05
10201,3.0,23,0,3,0.05
10202,3.0,27,0,3,0.05
10203,3.0,25,0,3,0.05
10204,3.0,24,0,3,0.05
10205,3.0,25,0,3,0.05
10206,3.0,23,0,3,0.05
10207,3.0,28,0,3,0.05
10208,3.0,23,0,3,0.05
10209,3.0,22,0,3,0.05
10210,3.0,24,0,3,0.05
10211,3.0,26,0,3,0.05
10212,3.0,24,0,3,0.05
10213,3.0,24,0,3,0.05
10214,1.0,22,1,1,0.05
10215,3.0,29,0,3,0.05
10216,1.0,15,1,1,0.05
10217,3.0,24,0,3,0.05
10218,3.0,24,0,3,0.05
10219,3.0,22,0,3,0.05
10220,3.0,22,0,3,0.05
10221,3.0,22,0,3,0.05
10222,3.0,24,0,3,0.05
10223,1.0,15,1,1,0.05
10224,1.0,17,1,1,0.05
10225,3.0,22,0,3,0.05
10226,3.0,24,0,3,0.05
10227,3.0,24,0,3,0.05
10228,2.0,23,1,2,0.05
10229,1.0,16,1,1,0.05
10230,3.0,23,0,3,0.05
10231,3.0,22,0,3,0.05
10232,1.0,14,1,1,0.05
10233,3.0,30,0,3,0.05
10234,3.0,22,0,3,0.05
10235,3.0,30,0,3,0.05
10236,3.0,24,0,3,0.05
10237,3.0,22,0,3,0.05
10238,3.0,22,0,3,0.05
10239,3.0,24,0,3,0.05
10240,3.0,22,0,3,0.05
10241,3.0,22,0,3,0.05
10242,2.0,20,1,2,0.05
10243,3.0,24,0,3,0.05
10244,3.0,22,0,3,0.05
10245,3.0,22,0,3,0.05
10246,3.0,22,0,3,0.05
10247,3.0,24,0,3,0.05
10248,3.0,23,0,3,0.05
10249,1.0,15,1,1,0.05
10250,3.0,22,0,3,0.05
10251,3.0,24,0,3,0.05
10252,1.0,17,1,1,0.05
10253,2.0,19,1,2,0.05
10254,3.0,22,0,3,0.05
10255,3.0,24,0,3,0.05
10256,2.0,24,1,2,0.05
10257,3.0,24,0,3,0.05
10258,3.0,22,0,3,0.05
10259,3.0,24,0,3,0.05
10260,2.0,23,1,2,0.05
10261,3.0,22,0,3,0.05
10262,3.0,27,0,3,0.05
10263,3.0,26,0,3,0.05
10264,3.0,24,0,3,0.05
10265,3.0,26,0,3,0.05
10266,3.0,22,0,3,0.05
10267,3.0,22,0,3,0.05
10268,3.0,24,0,3,0.05
10269,3.0,25,0,3,0.05
10270,3.0,22,0,3,0.05
10271,2.0,22,1,2,0.05
10272,3.0,24,0,3,0.05
10273,1.0,17,1,1,0.05
10274,3.0,22,0,3,0.05
10275,3.0,22,0,3,0.05
10276,3.0,24,0,3,0.05
10277,3.0,22,0,3,0.05
10278,3.0,26,0,3,0.05
10279,3.0,22,0,3,0.05
10280,3.0,22,0,3,0.05
10281,3.0,22,0,3,0.05
10282,3.0,24,0,3,0.05
10283,2.0,22,1,2,0.05
10284,1.0,15,1,1,0.05
10285,1.0,14,1,1,0.05
10286,3.0,22,0,3,0.05
10287,2.0,23,1,2,0.05
10288,3.0,22,0,3,0.05
10289,3.0,22,0,3,0.05
10290,1.0,14,1,1,0.05
10291,3.0,22,0,3,0.05
10292,3.0,22,0,3,0.05
10293,3.0,24,0,3,0.05
10294,3.0,24,0,3,0.05
10295,3.0,24,0,3,0.05
10296,1.0,16,1,1,0.05
10297,3.0,22,0,3,0.05
10298,3.0,24,0,3,0.05
10299,3.0,22,0,3,0.05
10300,3.0,24,0,3,0.05
10301,1.0,15,1,1,0.05
10302,3.0,26,0,3,0.05
10303,3.0,23,0,3,0.05
10304,3.0,26,0,3,0.05
10305,3.0,22,0,3,0.05
10306,3.0,22,0,3,0.05
10307,3.0,24,0,3,0.05
10308,3.0,24,0,3,0.05
10309,3.0,23,0,3,0.05
10310,3.0,22,0,3,0.05
10311,3.0,31,0,3,0.05
10312,3.0,26,0,3,0.05
10313,3.0,22,0,3,0.05
10314,3.0,22,0,3,0.05
10315,1.0,16,1,1,0.05
10316,3.0,22,0,3,0.05
10317,3.0,25,0,3,0.05
10318,3.0,22,0,3,0.05
10319,2.0,18,1,2,0.05
10320,3.0,22,0,3,0.05
10321,3.0,24,0,3,0.05
10322,3.0,26,0,3,0.05
10323,3.0,25,0,3,0.05
10324,3.0,22,0,3,0.05
10325,3.0,24,0,3,0.05
10326,3.0,26,0,3,0.05
10327,1.0,15,1,1,0.05
10328,3.0,22,0,3,0.05
10329,3.0,24,0,3,0.05
10330,3.0,22,0,3,0.05
10331,3.0,24,0,3,0.05
10332,3.0,24,0,3,0.05
10333,3.0,22,0,3,0.05
10334,3.0,22,0,3,0.05
10335,1.0,14,1,1,0.05
10336,3.0,27,0,3,0.05
10337,3.0,22,0,3,0.05
10338,3.0,25,0,3,0.05
10339,3.0,22,0,3,0.05
10340,3.0,22,0,3,0.05
10341,1.0,14,1,1,0.05
10342,3.0,22,0,3,0.05
10343,2.0,24,1,2,0.05
10344,3.0,24,0,3,0.05
10345,3.0,22,0,3,0.05
10346,3.0,24,0,3,0.05
10347,3.0,22,0,3,0.05
10348,2.0,19,1,2,0.05
10349,1.0,17,1,1,0.05
10350,3.0,23,0,3,0.05
10351,2.0,18,1,2,0.05
10352,2.0,20,1,2,0.05
10353,1.0,16,1,1,0.05
10354,3.0,24,0,3,0.05
10355,3.0,26,0,3,0.05
10356,3.0,30,0,3,0.05
10357,3.0,22,0,3,0.05
10358,3.0,26,0,3,0.05
10359,3.0,22,0,3,0.05
10360,3.0,24,0,3,0.05
10361,3.0,22,0,3,0.05
10362,3.0,22,0,3,0.05
10363,3.0,22,0,3,0.05
10364,3.0,24,0,3,0.05
10365,3.0,24,0,3,0.05
10366,3.0,25,0,3,0.05
10367,3.0,24,0,3,0.05
10368,1.0,16,1,1,0.05
10369,1.0,15,1,1,0.05
10370,3.0,22,0,3,0.05
10371,1.0,15,1,1,0.05
10372,3.0,22,0,3,0.05
10373,3.0,22,0,3,0.05
10374,3.0,24,0,3,0.05
10375,2.0,21,1,2,0.05
10376,3.0,24,0,3,0.05
10377,1.0,16,1,1,0.05
10378,1.0,15,1,1,0.05
10379,3.0,22,0,3,0.05
10380,3.0,22,0,3,0.05
10381,3.0,23,0,3,0.05
10382,3.0,22,0,3,0.05
10383,3.0,25,0,3,0.05
10384,1.0,12,1,1,0.05
10385,3.0,27,0,3,0.05
10386,3.0,23,0,3,0.05
10387,3.0,25,0,3,0.05
10388,1.0,14,1,1,0.05
10389,3.0,22,0,3,0.05
10390,3.0,22,0,3,0.05
10391,3.0,26,0,3,0.05
10392,3.0,22,0,3,0.05
10393,3.0,22,0,3,0.05
10394,3.0,26,0,3,0.05
10395,3.0,22,0,3,0.05
10396,1.0,14,1,1,0.05
10397,3.0,22,0,3,0.05
10398,1.0,15,1,1,0.05
10399,3.0,28,0,3,0.05
10400,1.0,14,1,1,0.05
10401,3.0,22,0,3,0.05
10402,3.0,22,0,3,0.05
10403,3.0,22,0,3,0.05
10404,3.0,24,0,3,0.05
10405,1.0,17,1,1,0.05
10406,3.0,24,0,3,0.05
10407,3.0,22,0,3,0.05
10408,1.0,13,1,1,0.05
10409,1.0,21,1,1,0.05
10410,1.0,14,1,1,0.05
10411,3.0,63,0,3,0.05
10412,3.0,28,0,3,0.05
10413,1.0,16,1,1,0.05
10414,2.0,20,1,2,0.05
10415,3.0,27,0,3,0.05
10416,3.0,24,0,3,0.05
10417,1.0,15,1,1,0.05
10418,1.0,19,1,1,0.05
10419,3.0,24,0,3,0.05
10420,3.0,22,0,3,0.05
10421,3.0,23,0,3,0.05
10422,3.0,22,0,3,0.05
10423,3.0,23,0,3,0.05
10424,3.0,24,0,3,0.05
10425,3.0,25,0,3,0.05
10426,1.0,17,1,1,0.05
10427,1.0,14,1,1,0.05
10428,3.0,26,0,3,0.05
10429,3.0,22,0,3,0.05
10430,3.0,23,0,3,0.05
10431,3.0,24,0,3,0.05
10432,3.0,22,0,3,0.05
10433,3.0,24,0,3,0.05
10434,3.0,26,0,3,0.05
10435,1.0,19,1,1,0.05
10436,3.0,24,0,3,0.05
10437,1.0,15,1,1,0.05
10438,3.0,22,0,3,0.05
10439,3.0,22,0,3,0.05
10440,3.0,22,0,3,0.05
10441,3.0,22,0,3,0.05
10442,3.0,22,0,3,0.05
10443,1.0,15,1,1,0.05
10444,3.0,32,0,3,0.05
10445,0.0,7,1,0,0.05
10446,1.0,18,1,1,0.05
10447,3.0,23,0,3,0.05
10448,3.0,22,0,3,0.05
10449,3.0,22,0,3,0.05
10450,3.0,22,0,3,0.05
10451,3.0,22,0,3,0.05
10452,3.0,25,0,3,0.05
10453,3.0,26,0,3,0.05
10454,2.0,28,1,2,0.05
10455,3.0,22,0,3,0.05
10456,3.0,22,0,3,0.05
10457,2.0,20,1,2,0.05
10458,3.0,22,0,3,0.05
10459,3.0,22,0,3,0.05
10460,1.0,15,1,1,0.05
10461,2.0,21,1,2,0.05
10462,3.0,22,0,3,0.05
10463,1.0,17,1,1,0.05
10464,3.0,22,0,3,0.05
10465,3.0,22,0,3,0.05
10466,3.0,29,0,3,0.05
10467,3.0,24,0,3,0.05
10468,3.0,25,0,3,0.05
10469,3.0,23,0,3,0.05
10470,3.0,22,0,3,0.05
10471,3.0,22,0,3,0.05
10472,3.0,24,0,3,0.05
10473,3.0,22,0,3,0.05
10474,3.0,22,0,3,0.05
10475,3.0,22,0,3,0.05
10476,3.0,24,0,3,0.05
10477,3.0,22,0,3,0.05
10478,3.0,22,0,3,0.05
10479,3.0,26,0,3,0.05
10480,3.0,25,0,3,0.05
10481,3.0,24,0,3,0.05
10482,1.0,17,1,1,0.05
10483,3.0,22,0,3,0.05
10484,3.0,23,0,3,0.05
10485,3.0,22,0,3,0.05
10486,1.0,19,1,1,0.05
10487,3.0,22,0,3,0.05
10488,2.0,21,1,2,0.05
10489,3.0,22,0,3,0.05
10490,3.0,22,0,3,0.05
10491,3.0,22,0,3,0.05
10492,3.0,26,0,3,0.05
10493,3.0,22,0,3,0.05
10494,1.0,16,1,1,0.05
10495,3.0,24,0,3,0.05
10496,3.0,23,0,3,0.05
10497,3.0,26,0,3,0.05
10498,3.0,22,0,3,0.05
10499,3.0,24,0,3,0.05
10500,3.0,26,0,3,0.05
10501,3.0,24,0,3,0.05
10502,1.0,15,1,1,0.05
10503,3.0,24,0,3,0.05
10504,3.0,24,0,3,0.05
10505,3.0,22,0,3,0.05
10506,3.0,24,0,3,0.05
10507,2.0,21,1,2,0.05
10508,3.0,22,0,3,0.05
10509,3.0,22,0,3,0.05
10510,1.0,12,1,1,0.05
10511,1.0,16,1,1,0.05
10512,1.0,14,1,1,0.05
10513,3.0,22,0,3,0.05
10514,3.0,27,0,3,0.05
10515,3.0,22,0,3,0.05
10516,1.0,16,1,1,0.05
10517,3.0,28,0,3,0.05
10518,3.0,22,0,3,0.05
10519,3.0,23,0,3,0.05
10520,3.0,24,0,3,0.05
10521,3.0,22,0,3,0.05
10522,2.0,23,1,2,0.05
10523,3.0,23,0,3,0.05
10524,2.0,26,1,2,0.05
10525,1.0,16,1,1,0.05
10526,3.0,23,0,3,0.05
10527,3.0,23,0,3,0.05
10528,3.0,22,0,3,0.05
10529,3.0,24,0,3,0.05
10530,1.0,18,1,1,0.05
10531,3.0,23,0,3,0.05
10532,3.0,23,0,3,0.05
10533,3.0,22,0,3,0.05
10534,2.0,19,1,2,0.05
10535,3.0,24,0,3,0.05
10536,3.0,24,0,3,0.05
10537,3.0,24,0,3,0.05
10538,2.0,20,1,2,0.05
10539,1.0,15,1,1,0.05
10540,3.0,26,0,3,0.05
10541,1.0,14,1,1,0.05
10542,1.0,14,1,1,0.05
10543,3.0,59,0,3,0.05
10544,3.0,25,0,3,0.05
10545,3.0,24,0,3,0.05
10546,3.0,24,0,3,0.05
10547,2.0,30,1,2,0.05
10548,1.0,15,1,1,0.05
10549,0.0,4,1,0,0.05
10550,1.0,37,1,1,0.05
10551,2.0,162,1,2,0.05
10552,3.0,28,0,3,0.05
10553,3.0,28,0,3,0.05
10554,1.0,21,1,1,0.05
10555,1.0,19,1,1,0.05
10556,3.0,30,0,3,0.05
10557,2.0,23,1,2,0.05
10558,3.0,28,0,3,0.05
10559,3.0,24,0,3,0.05
10560,3.0,24,0,3,0.05
10561,3.0,26,0,3,0.05
10562,3.0,22,0,3,0.05
10563,1.0,18,1,1,0.05
10564,3.0,24,0,3,0.05
10565,3.0,24,0,3,0.05
10566,3.0,24,0,3,0.05
10567,3.0,22,0,3,0.05
10568,3.0,22,0,3,0.05
10569,3.0,25,0,3,0.05
10570,2.0,25,1,2,0.05
10571,3.0,29,0,3,0.05
10572,3.0,24,0,3,0.05
10573,3.0,24,0,3,0.05
10574,3.0,22,0,3,0.05
10575,3.0,22,0,3,0.05
10576,3.0,24,0,3,0.05
10577,1.0,19,1,1,0.05
10578,2.0,17,1,2,0.05
10579,3.0,22,0,3,0.05
10580,3.0,24,0,3,0.05
10581,3.0,22,0,3,0.05
10582,3.0,25,0,3,0.05
10583,3.0,25,0,3,0.05
10584,3.0,24,0,3,0.05
10585,3.0,24,0,3,0.05
10586,3.0,22,0,3,0.05
10587,3.0,23,0,3,0.05
10588,0.0,5,1,0,0.05
10589,3.0,25,0,3,0.05
10590,3.0,24,0,3,0.05
10591,3.0,22,0,3,0.05
10592,1.0,18,1,1,0.05
10593,3.0,22,0,3,0.05
10594,3.0,22,0,3,0.05
10595,3.0,22,0,3,0.05
10596,3.0,25,0,3,0.05
10597,3.0,24,0,3,0.05
10598,3.0,26,0,3,0.05
10599,3.0,22,0,3,0.05
10600,3.0,26,0,3,0.05
10601,2.0,20,1,2,0.05
10602,2.0,25,1,2,0.05
10603,3.0,22,0,3,0.05
10604,3.0,23,0,3,0.05
10605,1.0,15,1,1,0.05
10606,3.0,22,0,3,0.05
10607,3.0,23,0,3,0.05
10608,3.0,22,0,3,0.05
10609,3.0,22,0,3,0.05
10610,3.0,24,0,3,0.05
10611,3.0,22,0,3,0.05
10612,3.0,22,0,3,0.05
10613,1.0,17,1,1,0.05
10614,1.0,15,1,1,0.05
10615,3.0,24,0,3,0.05
10616,3.0,22,0,3,0.05
10617,3.0,24,0,3,0.05
10618,3.0,24,0,3,0.05
10619,3.0,22,0,3,0.05
10620,3.0,22,0,3,0.05
10621,3.0,22,0,3,0.05
10622,3.0,24,0,3,0.05
10623,2.0,19,1,2,0.05
10624,3.0,22,0,3,0.05
10625,2.0,19,1,2,0.05
10626,3.0,24,0,3,0.05
10627,3.0,23,0,3,0.05
10628,3.0,22,0,3,0.05
10629,3.0,22,0,3,0.05
10630,3.0,22,0,3,0.05
10631,3.0,22,0,3,0.05
10632,3.0,22,0,3,0.05
10633,1.0,16,1,1,0.05
10634,3.0,24,0,3,0.05
10635,3.0,22,0,3,0.05
10636,3.0,23,0,3,0.05
10637,2.0,18,1,2,0.05
10638,3.0,22,0,3,0.05
10639,3.0,24,0,3,0.05
10640,3.0,24,0,3,0.05
10641,3.0,26,0,3,0.05
10642,3.0,25,0,3,0.05
10643,3.0,24,0,3,0.05
10644,3.0,24,0,3,0.05
10645,1.0,19,1,1,0.05
10646,3.0,24,0,3,0.05
10647,3.0,25,0,3,0.05
10648,1.0,16,1,1,0.05
10649,3.0,24,0,3,0.05
10650,3.0,26,0,3,0.05
10651,3.0,22,0,3,0.05
10652,2.0,24,1,2,0.05
10653,3.0,23,0,3,0.05
10654,3.0,22,0,3,0.05
10655,3.0,22,0,3,0.05
10656,1.0,17,1,1,0.05
10657,2.0,21,1,2,0.05
10658,3.0,22,0,3,0.05
10659,1.0,12,1,1,0.05
10660,3.0,22,0,3,0.05
10661,3.0,28,0,3,0.05
10662,3.0,24,0,3,0.05
10663,3.0,24,0,3,0.05
10664,3.0,22,0,3,0.05
10665,2.0,21,1,2,0.05
10666,1.0,8,1,1,0.05
10667,3.0,22,0,3,0.05
10668,3.0,26,0,3,0.05
10669,3.0,22,0,3,0.05
10670,3.0,26,0,3,0.05
10671,3.0,22,0,3,0.05
10672,2.0,22,1,2,0.05
10673,3.0,22,0,3,0.05
10674,3.0,22,0,3,0.05
10675,3.0,24,0,3,0.05
10676,3.0,22,0,3,0.05
10677,3.0,22,0,3,0.05
10678,3.0,23,0,3,0.05
10679,1.0,16,1,1,0.05
10680,3.0,33,0,3,0.05
10681,3.0,23,0,3,0.05
10682,3.0,24,0,3,0.05
10683,1.0,18,1,1,0.05
10684,3.0,22,0,3,0.05
10685,3.0,28,0,3,0.05
10686,3.0,28,0,3,0.05
10687,2.0,17,1,2,0.05
10688,2.0,21,1,2,0.05
10689,3.0,28,0,3,0.05
10690,3.0,22,0,3,0.05
10691,3.0,22,0,3,0.05
10692,2.0,19,1,2,0.05
10693,3.0,24,0,3,0.05
10694,3.0,22,0,3,0.05
10695,3.0,26,0,3,0.05
10696,1.0,7,1,1,0.05
10697,1.0,15,1,1,0.05
10698,3.0,24,0,3,0.05
10699,3.0,22,0,3,0.05
10700,3.0,24,0,3,0.05
10701,3.0,22,0,3,0.05
10702,0.0,9,1,0,0.05
10703,2.0,22,1,2,0.05
10704,0.0,7,1,0,0.05
10705,3.0,35,0,3,0.05
10706,3.0,22,0,3,0.05
10707,3.0,24,0,3,0.05
10708,2.0,20,1,2,0.05
10709,3.0,24,0,3,0.05
10710,2.0,20,1,2,0.05
10711,3.0,22,0,3,0.05
10712,2.0,22,1,2,0.05
10713,3.0,25,0,3,0.05
10714,3.0,24,0,3,0.05
10715,3.0,22,0,3,0.05
10716,3.0,26,0,3,0.05
10717,1.0,16,1,1,0.05
10718,3.0,24,0,3,0.05
10719,1.0,15,1,1,0.05
10720,0.0,7,1,0,0.05
10721,1.0,9,1,1,0.05
10722,3.0,53,0,3,0.05
10723,1.0,20,1,1,0.05
10724,3.0,25,0,3,0.05
10725,3.0,22,0,3,0.05
10726,3.0,22,0,3,0.05
10727,3.0,22,0,3,0.05
10728,3.0,26,0,3,0.05
10729,2.0,19,1,2,0.05
10730,1.0,16,1,1,0.05
10731,3.0,27,0,3,0.05
10732,3.0,22,0,3,0.05
10733,2.0,22,1,2,0.05
10734,3.0,24,0,3,0.05
10735,1.0,16,1,1,0.05
10736,3.0,22,0,3,0.05
10737,3.0,24,0,3,0.05
10738,3.0,22,0,3,0.05
10739,3.0,24,0,3,0.05
10740,3.0,24,0,3,0.05
10741,3.0,26,0,3,0.05
10742,3.0,24,0,3,0.05
10743,3.0,24,0,3,0.05
10744,3.0,23,0,3,0.05
10745,3.0,22,0,3,0.05
10746,3.0,24,0,3,0.05
10747,0.0,4,1,0,0.05
10748,1.0,15,1,1,0.05
10749,3.0,27,0,3,0.05
10750,1.0,17,1,1,0.05
10751,1.0,16,1,1,0.05
10752,3.0,56,0,3,0.05
10753,3.0,22,0,3,0.05
10754,3.0,22,0,3,0.05
10755,3.0,27,0,3,0.05
10756,3.0,25,0,3,0.05
10757,1.0,12,1,1,0.05
10758,3.0,24,0,3,0.05
10759,3.0,22,0,3,0.05
10760,1.0,17,1,1,0.05
10761,3.0,26,0,3,0.05
10762,3.0,22,0,3,0.05
10763,3.0,26,0,3,0.05
10764,3.0,24,0,3,0.05
10765,3.0,24,0,3,0.05
10766,3.0,23,0,3,0.05
10767,1.0,14,1,1,0.05
10768,3.0,24,0,3,0.05
10769,3.0,23,0,3,0.05
10770,3.0,22,0,3,0.05
10771,3.0,22,0,3,0.05
10772,3.0,27,0,3,0.05
10773,3.0,24,0,3,0.05
10774,3.0,22,0,3,0.05
10775,1.0,16,1,1,0.05
10776,3.0,22,0,3,0.05
10777,3.0,23,0,3,0.05
10778,3.0,22,0,3,0.05
10779,3.0,22,0,3,0.05
10780,3.0,22,0,3,0.05
10781,3.0,22,0,3,0.05
10782,1.0,16,1,1,0.05
10783,3.0,24,0,3,0.05
10784,2.0,20,1,2,0.05
10785,1.0,16,1,1,0.05
10786,3.0,28,0,3,0.05
10787,3.0,22,0,3,0.05
10788,3.0,22,0,3,0.05
10789,3.0,22,0,3,0.05
10790,3.0,24,0,3,0.05
10791,3.0,22,0,3,0.05
10792,3.0,22,0,3,0.05
10793,1.0,15,1,1,0.05
10794,3.0,22,0,3,0.05
10795,3.0,22,0,3,0.05
10796,3.0,22,0,3,0.05
10797,3.0,22,0,3,0.05
10798,3.0,26,0,3,0.05
10799,3.0,23,0,3,0.05
10800,3.0,22,0,3,0.05
10801,3.0,24,0,3,0.05
10802,3.0,24,0,3,0.05
10803,2.0,18,1,2,0.05
10804,1.0,18,1,1,0.05
10805,3.0,22,0,3,0.05
10806,2.0,19,1,2,0.05
10807,1.0,15,1,1,0.05
10808,3.0,22,0,3,0.05
10809,2.0,19,1,2,0.05
10810,3.0,26,0,3,0.05
10811,3.0,22,0,3,0.05
10812,3.0,22,0,3,0.05
10813,2.0,21,1,2,0.05
10814,1.0,16,1,1,0.05
10815,3.0,29,0,3,0.05
10816,3.0,22,0,3,0.05
10817,3.0,22,0,3,0.05
10818,3.0,22,0,3,0.05
10819,1.0,15,1,1,0.05
10820,2.0,20,1,2,0.05
10821,3.0,22,0,3,0.05
10822,3.0,23,0,3,0.05
10823,3.0,22,0,3,0.05
10824,2.0,20,1,2,0.05
10825,3.0,29,0,3,0.05
10826,3.0,24,0,3,0.05
10827,3.0,28,0,3,0.05
10828,3.0,29,0,3,0.05
10829,3.0,24,0,3,0.05
10830,3.0,23,0,3,0.05
10831,3.0,24,0,3,0.05
10832,3.0,22,0,3,0.05
10833,2.0,20,1,2,0.05
10834,3.0,26,0,3,0.05
10835,3.0,24,0,3,0.05
10836,3.0,26,0,3,0.05
10837,3.0,24,0,3,0.05
10838,3.0,23,0,3,0.05
10839,3.0,22,0,3,0.05
10840,3.0,22,0,3,0.05
10841,3.0,22,0,3,0.05
10842,3.0,23,0,3,0.05
10843,3.0,23,0,3,0.05
10844,3.0,22,0,3,0.05
10845,3.0,22,0,3,0.05
10846,3.0,26,0,3,0.05
10847,3.0,26,0,3,0.05
10848,3.0,22,0,3,0.05
10849,1.0,16,1,1,0.05
10850,3.0,22,0,3,0.05
10851,3.0,22,0,3,0.05
10852,3.0,22,0,3,0.05
10853,2.0,20,1,2,0.05
10854,3.0,27,0,3,0.05
10855,3.0,22,0,3,0.05
10856,3.0,22,0,3,0.05
10857,3.0,22,0,3,0.05
10858,3.0,23,0,3,0.05
10859,3.0,22,0,3,0.05
10860,3.0,26,0,3,0.05
10861,3.0,22,0,3,0.05
10862,3.0,26,0,3,0.05
10863,3.0,22,0,3,0.05
10864,3.0,22,0,3,0.05
10865,3.0,22,0,3,0.05
10866,3.0,26,0,3,0.05
10867,3.0,24,0,3,0.05
10868,3.0,24,0,3,0.05
10869,3.0,27,0,3,0.05
10870,2.0,22,1,2,0.05
10871,3.0,24,0,3,0.05
10872,3.0,22,0,3,0.05
10873,3.0,23,0,3,0.05
10874,3.0,23,0,3,0.05
10875,3.0,22,0,3,0.05
10876,3.0,24,0,3,0.05
10877,3.0,22,0,3,0.05
10878,1.0,19,1,1,0.05
10879,3.0,23,0,3,0.05
10880,3.0,24,0,3,0.05
10881,3.0,24,0,3,0.05
10882,3.0,24,0,3,0.05
10883,1.0,16,1,1,0.05
10884,2.0,25,1,2,0.05
10885,1.0,17,1,1,0.05
10886,3.0,24,0,3,0.05
10887,3.0,24,0,3,0.05
10888,2.0,18,1,2,0.05
10889,1.0,15,1,1,0.05
10890,1.0,13,1,1,0.05
10891,3.0,28,0,3,0.05
10892,3.0,22,0,3,0.05
10893,1.0,12,1,1,0.05
10894,3.0,22,0,3,0.05
10895,3.0,22,0,3,0.05
10896,3.0,24,0,3,0.05
10897,3.0,24,0,3,0.05
10898,2.0,18,1,2,0.05
10899,1.0,19,1,1,0.05
10900,3.0,24,0,3,0.05
10901,3.0,24,0,3,0.05
10902,3.0,24,0,3,0.05
10903,3.0,22,0,3,0.05
10904,2.0,22,1,2,0.05
10905,3.0,24,0,3,0.05
10906,3.0,22,0,3,0.05
10907,3.0,23,0,3,0.05
10908,3.0,22,0,3,0.05
10909,3.0,22,0,3,0.05
10910,3.0,22,0,3,0.05
10911,3.0,22,0,3,0.05
10912,1.0,10,1,1,0.05
10913,3.0,24,0,3,0.05
10914,3.0,27,0,3,0.05
10915,3.0,22,0,3,0.05
10916,3.0,23,0,3,0.05
10917,1.0,13,1,1,0.05
10918,1.0,15,1,1,0.05
10919,3.0,24,0,3,0.05
10920,3.0,28,0,3,0.05
10921,3.0,22,0,3,0.05
10922,3.0,22,0,3,0.05
10923,3.0,23,0,3,0.05
10924,3.0,23,0,3,0.05
10925,3.0,22,0,3,0.05
10926,3.0,22,0,3,0.05
10927,3.0,23,0,3,0.05
10928,1.0,15,1,1,0.05
10929,3.0,22,0,3,0.05
10930,3.0,26,0,3,0.05
10931,2.0,26,1,2,0.05
10932,3.0,22,0,3,0.05
10933,3.0,22,0,3,0.05
10934,3.0,22,0,3,0.05
10935,1.0,16,1,1,0.05
10936,3.0,22,0,3,0.05
10937,2.0,19,1,2,0.05
10938,2.0,18,1,2,0.05
10939,3.0,22,0,3,0.05
10940,3.0,25,0,3,0.05
10941,3.0,24,0,3,0.05
10942,2.0,19,1,2,0.05
10943,3.0,22,0,3,0.05
10944,3.0,22,0,3,0.05
10945,1.0,17,1,1,0.05
10946,1.0,16,1,1,0.05
10947,3.0,22,0,3,0.05
10948,3.0,22,0,3,0.05
10949,3.0,22,0,3,0.05
10950,1.0,15,1,1,0.05
10951,3.0,24,0,3,0.05
10952,3.0,25,0,3,0.05
10953,3.0,26,0,3,0.05
10954,3.0,22,0,3,0.05
10955,3.0,22,0,3,0.05
10956,3.0,25,0,3,0.05
10957,3.0,22,0,3,0.05
10958,3.0,24,0,3,0.05
10959,3.0,23,0,3,0.05
10960,1.0,16,1,1,0.05
10961,1.0,16,1,1,0.05
10962,1.0,35,1,1,0.05
10963,3.0,28,0,3,0.05
10964,3.0,23,0,3,0.05
10965,3.0,24,0,3,0.05
10966,3.0,22,0,3,0.05
10967,3.0,23,0,3,0.05
10968,2.0,17,1,2,0.05
10969,3.0,22,0,3,0.05
10970,3.0,22,0,3,0.05
10971,2.0,20,1,2,0.05
10972,3.0,22,0,3,0.05
10973,1.0,12,1,1,0.05
10974,1.0,9,1,1,0.05
10975,3.0,22,0,3,0.05
10976,3.0,26,0,3,0.05
10977,1.0,19,1,1,0.05
10978,3.0,22,0,3,0.05
10979,3.0,23,0,3,0.05
10980,2.0,21,1,2,0.05
10981,3.0,22,0,3,0.05
10982,3.0,23,0,3,0.05
10983,3.0,24,0,3,0.05
10984,3.0,22,0,3,0.05
10985,3.0,23,0,3,0.05
10986,1.0,19,1,1,0.05
10987,3.0,26,0,3,0.05
10988,1.0,12,1,1,0.05
10989,3.0,22,0,3,0.05
10990,3.0,24,0,3,0.05
10991,3.0,22,0,3,0.05
10992,1.0,16,1,1,0.05
10993,2.0,19,1,2,0.05
10994,1.0,17,1,1,0.05
10995,3.0,30,0,3,0.05
10996,3.0,22,0,3,0.05
10997,3.0,24,0,3,0.05
10998,3.0,24,0,3,0.05
10999,3.0,22,0,3,0.05
11000,1.0,16,1,1,0.05
11001,3.0,22,0,3,0.05
11002,1.0,16,1,1,0.05
11003,3.0,23,0,3,0.05
11004,3.0,24,0,3,0.05
11005,3.0,26,0,3,0.05
11006,3.0,22,0,3,0.05
11007,1.0,16,1,1,0.05
11008,1.0,14,1,1,0.05
11009,3.0,38,0,3,0.05
11010,2.0,19,1,2,0.05
11011,2.0,19,1,2,0.05
11012,3.0,40,0,3,0.05
11013,3.0,24,0,3,0.05
11014,3.0,22,0,3,0.05
11015,3.0,22,0,3,0.05
11016,3.0,28,0,3,0.05
11017,3.0,24,0,3,0.05
11018,1.0,17,1,1,0.05
11019,3.0,26,0,3,0.05
11020,3.0,24,0,3,0.05
11021,3.0,22,0,3,0.05
11022,1.0,18,1,1,0.05
11023,3.0,48,0,3,0.05
11024,3.0,26,0,3,0.05
11025,2.0,23,1,2,0.05
11026,3.0,25,0,3,0.05
11027,3.0,23,0,3,0.05
11028,3.0,22,0,3,0.05
11029,3.0,22,0,3,0.05
11030,3.0,23,0,3,0.05
11031,3.0,24,0,3,0.05
11032,3.0,22,0,3,0.05
11033,3.0,27,0,3,0.05
11034,3.0,22,0,3,0.05
11035,3.0,26,0,3,0.05
11036,3.0,23,0,3,0.05
11037,3.0,23,0,3,0.05
11038,2.0,19,1,2,0.05
11039,3.0,27,0,3,0.05
11040,3.0,23,0,3,0.05
11041,1.0,15,1,1,0.05
11042,3.0,46,0,3,0.05
11043,3.0,24,0,3,0.05
11044,3.0,24,0,3,0.05
11045,1.0,15,1,1,0.05
11046,3.0,24,0,3,0.05
11047,3.0,24,0,3,0.05
11048,3.0,26,0,3,0.05
11049,3.0,22,0,3,0.05
11050,3.0,22,0,3,0.05
11051,1.0,17,1,1,0.05
11052,3.0,22,0,3,0.05
11053,3.0,22,0,3,0.05
11054,1.0,17,1,1,0.05
11055,3.0,26,0,3,0.05
11056,3.0,25,0,3,0.05
11057,3.0,26,0,3,0.05
11058,3.0,22,0,3,0.05
11059,3.0,22,0,3,0.05
11060,3.0,22,0,3,0.05
11061,3.0,26,0,3,0.05
11062,3.0,22,0,3,0.05
11063,1.0,17,1,1,0.05
11064,3.0,24,0,3,0.05
11065,3.0,24,0,3,0.05
11066,3.0,23,0,3,0.05
11067,3.0,22,0,3,0.05
11068,2.0,26,1,2,0.05
11069,3.0,22,0,3,0.05
11070,3.0,23,0,3,0.05
11071,3.0,26,0,3,0.05
11072,3.0,22,0,3,0.05
11073,3.0,27,0,3,0.05
11074,3.0,25,0,3,0.05
11075,1.0,15,1,1,0.05
11076,3.0,22,0,3,0.05
11077,3.0,22,0,3,0.05
11078,3.0,22,0,3,0.05
11079,3.0,25,0,3,0.05
11080,3.0,22,0,3,0.05
11081,3.0,22,0,3,0.05
11082,3.0,22,0,3,0.05
11083,3.0,22,0,3,0.05
11084,3.0,24,0,3,0.05
11085,3.0,22,0,3,0.05
11086,3.0,26,0,3,0.05
11087,3.0,23,0,3,0.05
11088,3.0,23,0,3,0.05
11089,3.0,26,0,3,0.05
11090,1.0,17,1,1,0.05
11091,1.0,12,1,1,0.05
11092,3.0,27,0,3,0.05
11093,1.0,19,1,1,0.05
11094,3.0,24,0,3,0.05
11095,3.0,22,0,3,0.05
11096,3.0,24,0,3,0.05
11097,3.0,24,0,3,0.05
11098,1.0,16,1,1,0.05
11099,1.0,7,1,1,0.05
11100,3.0,22,0,3,0.05
11101,3.0,22,0,3,0.05
11102,3.0,23,0,3,0.05
11103,1.0,18,1,1,0.05
11104,3.0,22,0,3,0.05
11105,3.0,23,0,3,0.05
11106,3.0,22,0,3,0.05
11107,3.0,22,0,3,0.05
11108,3.0,24,0,3,0.05
11109,3.0,23,0,3,0.05
11110,3.0,22,0,3,0.05
11111,3.0,26,0,3,0.05
11112,3.0,25,0,3,0.05
11113,3.0,23,0,3,0.05
11114,1.0,17,1,1,0.05
11115,3.0,24,0,3,0.05
11116,3.0,23,0,3,0.05
11117,3.0,27,0,3,0.05
11118,1.0,13,1,1,0.05
11119,3.0,32,0,3,0.05
11120,1.0,18,1,1,0.05
11121,3.0,24,0,3,0.05
11122,3.0,22,0,3,0.05
11123,3.0,22,0,3,0.05
11124,3.0,25,0,3,0.05
11125,2.0,18,1,2,0.05
11126,3.0,24,0,3,0.05
11127,2.0,23,1,2,0.05
11128,3.0,24,0,3,0.05
11129,3.0,22,0,3,0.05
11130,1.0,16,1,1,0.05
11131,1.0,17,1,1,0.05
11132,3.0,22,0,3,0.05
11133,3.0,22,0,3,0.05
11134,2.0,26,1,2,0.05
11135,3.0,27,0,3,0.05
11136,3.0,27,0,3,0.05
11137,3.0,22,0,3,0.05
11138,3.0,24,0,3,0.05
11139,2.0,18,1,2,0.05
11140,3.0,22,0,3,0.05
11141,3.0,28,0,3,0.05
11142,3.0,22,0,3,0.05
11143,3.0,24,0,3,0.05
11144,3.0,22,0,3,0.05
11145,1.0,16,1,1,0.05
11146,1.0,15,1,1,0.05
11147,3.0,24,0,3,0.05
11148,1.0,12,1,1,0.05
11149,1.0,22,1,1,0.05
11150,3.0,38,0,3,0.05
11151,1.0,22,1,1,0.05
11152,1.0,13,1,1,0.05
11153,3.0,60,0,3,0.05
11154,2.0,21,1,2,0.05
11155,3.0,27,0,3,0.05
11156,3.0,22,0,3,0.05
11157,3.0,30,0,3,0.05
11158,1.0,21,1,1,0.05
11159,1.0,21,1,1,0.05
11160,3.0,25,0,3,0.05
11161,3.0,22,0,3,0.05
11162,3.0,24,0,3,0.05
11163,1.0,16,1,1,0.05
11164,3.0,24,0,3,0.05
11165,3.0,22,0,3,0.05
11166,3.0,22,0,3,0.05
11167,3.0,22,0,3,0.05
11168,3.0,22,0,3,0.05
11169,1.0,12,1,1,0.05
11170,3.0,22,0,3,0.05
11171,3.0,68,0,3,0.05
11172,3.0,22,0,3,0.05
11173,3.0,22,0,3,0.05
11174,1.0,14,1,1,0.05
11175,3.0,22,0,3,0.05
11176,0.0,5,1,0,0.05
11177,3.0,22,0,3,0.05
11178,1.0,26,1,1,0.05
11179,3.0,22,0,3,0.05
11180,1.0,14,1,1,0.05
11181,3.0,26,0,3,0.05
11182,3.0,24,0,3,0.05
11183,3.0,22,0,3,0.05
11184,3.0,22,0,3,0.05
11185,1.0,14,1,1,0.05
11186,1.0,12,1,1,0.05
11187,2.0,49,1,2,0.05
11188,3.0,31,0,3,0.05
11189,3.0,28,0,3,0.05
11190,1.0,16,1,1,0.05
11191,1.0,20,1,1,0.05
11192,3.0,48,0,3,0.05
11193,3.0,38,0,3,0.05
11194,3.0,24,0,3,0.05
11195,1.0,15,1,1,0.05
11196,3.0,24,0,3,0.05
11197,1.0,17,1,1,0.05
11198,1.0,19,1,1,0.05
11199,3.0,29,0,3,0.05
11200,1.0,11,1,1,0.05
11201,3.0,22,0,3,0.05
11202,3.0,22,0,3,0.05
11203,3.0,22,0,3,0.05
11204,1.0,17,1,1,0.05
11205,3.0,38,0,3,0.05
11206,1.0,8,1,1,0.05
11207,3.0,29,0,3,0.05
11208,3.0,22,0,3,0.05
11209,3.0,24,0,3,0.05
11210,2.0,24,1,2,0.05
11211,3.0,24,0,3,0.05
11212,3.0,26,0,3,0.05
11213,2.0,17,1,2,0.05
11214,1.0,13,1,1,0.05
11215,3.0,26,0,3,0.05
11216,1.0,16,1,1,0.05
11217,3.0,24,0,3,0.05
11218,1.0,19,1,1,0.05
11219,1.0,17,1,1,0.05
11220,1.0,13,1,1,0.05
11221,3.0,46,0,3,0.05
11222,3.0,24,0,3,0.05
11223,3.0,26,0,3,0.05
11224,3.0,26,0,3,0.05
11225,1.0,15,1,1,0.05
11226,2.0,22,1,2,0.05
11227,1.0,14,1,1,0.05
11228,3.0,24,0,3,0.05
11229,2.0,18,1,2,0.05
11230,3.0,53,0,3,0.05
11231,3.0,22,0,3,0.05
11232,3.0,22,0,3,0.05
11233,3.0,22,0,3,0.05
11234,1.0,13,1,1,0.05
11235,3.0,69,0,3,0.05
11236,3.0,26,0,3,0.05
11237,3.0,22,0,3,0.05
11238,3.0,22,0,3,0.05
11239,3.0,22,0,3,0.05
11240,1.0,16,1,1,0.05
11241,3.0,22,0,3,0.05
11242,2.0,20,1,2,0.05
11243,3.0,24,0,3,0.05
11244,3.0,26,0,3,0.05
11245,3.0,25,0,3,0.05
11246,3.0,24,0,3,0.05
11247,1.0,8,1,1,0.05
11248,1.0,26,1,1,0.05
11249,3.0,25,0,3,0.05
11250,3.0,24,0,3,0.05
11251,3.0,22,0,3,0.05
11252,3.0,24,0,3,0.05
11253,3.0,24,0,3,0.05
11254,2.0,21,1,2,0.05
11255,3.0,24,0,3,0.05
11256,2.0,18,1,2,0.05
11257,3.0,25,0,3,0.05
11258,3.0,23,0,3,0.05
11259,3.0,22,0,3,0.05
11260,3.0,22,0,3,0.05
11261,1.0,17,1,1,0.05
11262,3.0,22,0,3,0.05
11263,1.0,15,1,1,0.05
11264,3.0,22,0,3,0.05
11265,3.0,24,0,3,0.05
11266,3.0,23,0,3,0.05
11267,1.0,13,1,1,0.05
11268,1.0,14,1,1,0.05
11269,1.0,16,1,1,0.05
11270,3.0,22,0,3,0.05
11271,3.0,22,0,3,0.05
11272,3.0,27,0,3,0.05
11273,3.0,23,0,3,0.05
11274,2.0,20,1,2,0.05
11275,3.0,22,0,3,0.05
11276,1.0,18,1,1,0.05
11277,3.0,37,0,3,0.05
11278,3.0,22,0,3,0.05
11279,1.0,16,1,1,0.05
11280,3.0,24,0,3,0.05
11281,3.0,22,0,3,0.05
11282,3.0,22,0,3,0.05
11283,3.0,24,0,3,0.05
11284,3.0,22,0,3,0.05
11285,3.0,25,0,3,0.05
11286,3.0,22,0,3,0.05
11287,3.0,22,0,3,0.05
11288,3.0,22,0,3,0.05
11289,1.0,17,1,1,0.05
11290,1.0,17,1,1,0.05
11291,3.0,24,0,3,0.05
11292,2.0,21,1,2,0.05
11293,3.0,22,0,3,0.05
11294,3.0,24,0,3,0.05
11295,1.0,16,1,1,0.05
11296,1.0,18,1,1,0.05
11297,1.0,19,1,1,0.05
11298,3.0,22,0,3,0.05
11299,3.0,24,0,3,0.05
11300,3.0,24,0,3,0.05
11301,1.0,16,1,1,0.05
11302,3.0,27,0,3,0.05
11303,2.0,20,1,2,0.05
11304,3.0,24,0,3,0.05
11305,2.0,18,1,2,0.05
11306,0.0,5,1,0,0.05
11307,3.0,22,0,3,0.05
11308,3.0,22,0,3,0.05
11309,3.0,22,0,3,0.05
11310,3.0,26,0,3,0.05
11311,3.0,26,0,3,0.05
11312,2.0,18,1,2,0.05
11313,3.0,27,0,3,0.05
11314,3.0,26,0,3,0.05
11315,1.0,14,1,1,0.05
11316,1.0,14,1,1,0.05
11317,3.0,44,0,3,0.05
11318,1.0,26,1,1,0.05
11319,1.0,16,1,1,0.05
11320,3.0,34,0,3,0.05
11321,3.0,22,0,3,0.05
11322,3.0,22,0,3,0.05
11323,3.0,22,0,3,0.05
11324,3.0,23,0,3,0.05
11325,1.0,15,1,1,0.05
11326,3.0,39,0,3,0.05
11327,3.0,22,0,3,0.05
11328,3.0,24,0,3,0.05
11329,1.0,20,1,1,0.05
11330,3.0,22,0,3,0.05
11331,3.0,22,0,3,0.05
11332,3.0,22,0,3,0.05
11333,3.0,24,0,3,0.05
11334,3.0,24,0,3,0.05
11335,3.0,22,0,3,0.05
11336,3.0,24,0,3,0.05
11337,3.0,22,0,3,0.05
11338,3.0,22,0,3,0.05
11339,3.0,23,0,3,0.05
11340,3.0,26,0,3,0.05
11341,3.0,24,0,3,0.05
11342,1.0,15,1,1,0.05
11343,3.0,27,0,3,0.05
11344,1.0,15,1,1,0.05
11345,3.0,24,0,3,0.05
11346,3.0,22,0,3,0.05
11347,3.0,22,0,3,0.05
11348,3.0,22,0,3,0.05
11349,3.0,22,0,3,0.05
11350,3.0,24,0,3,0.05
11351,2.0,22,1,2,0.05
11352,3.0,22,0,3,0.05
11353,1.0,18,1,1,0.05
11354,3.0,24,0,3,0.05
11355,2.0,21,1,2,0.05
11356,1.0,13,1,1,0.05
11357,3.0,35,0,3,0.05
11358,3.0,22,0,3,0.05
11359,1.0,16,1,1,0.05
11360,3.0,24,0,3,0.05
11361,1.0,14,1,1,0.05
11362,2.0,19,1,2,0.05
11363,2.0,22,1,2,0.05
11364,3.0,22,0,3,0.05
11365,3.0,22,0,3,0.05
11366,3.0,24,0,3,0.05
11367,1.0,16,1,1,0.05
11368,3.0,25,0,3,0.05
11369,3.0,22,0,3,0.05
11370,3.0,22,0,3,0.05
11371,3.0,22,0,3,0.05
11372,3.0,22,0,3,0.05
11373,3.0,24,0,3,0.05
11374,3.0,22,0,3,0.05
11375,3.0,24,0,3,0.05
11376,3.0,22,0,3,0.05
11377,1.0,17,1,1,0.05
11378,3.0,24,0,3,0.05
11379,3.0,24,0,3,0.05
11380,3.0,22,0,3,0.05
11381,3.0,25,0,3,0.05
11382,3.0,22,0,3,0.05
11383,3.0,22,0,3,0.05
11384,3.0,22,0,3,0.05
11385,3.0,22,0,3,0.05
11386,3.0,24,0,3,0.05
11387,1.0,17,1,1,0.05
11388,3.0,22,0,3,0.05
11389,3.0,22,0,3,0.05
11390,1.0,15,1,1,0.05
11391,1.0,17,1,1,0.05
11392,3.0,22,0,3,0.05
11393,3.0,22,0,3,0.05
11394,3.0,22,0,3,0.05
11395,1.0,15,1,1,0.05
11396,3.0,22,0,3,0.05
11397,3.0,24,0,3,0.05
11398,3.0,23,0,3,0.05
11399,1.0,15,1,1,0.05
11400,2.0,22,1,2,0.05
11401,3.0,22,0,3,0.05
11402,3.0,22,0,3,0.05
11403,3.0,23,0,3,0.05
11404,1.0,16,1,1,0.05
11405,3.0,22,0,3,0.05
11406,3.0,22,0,3,0.05
11407,3.0,22,0,3,0.05
11408,1.0,17,1,1,0.05
11409,2.0,24,1,2,0.05
11410,2.0,20,1,2,0.05
11411,3.0,25,0,3,0.05
11412,3.0,23,0,3,0.05
11413,3.0,22,0,3,0.05
11414,1.0,15,1,1,0.05
11415,3.0,23,0,3,0.05
11416,0.0,7,1,0,0.05
11417,1.0,33,1,1,0.05
11418,3.0,24,0,3,0.05
11419,1.0,11,1,1,0.05
11420,3.0,25,0,3,0.05
11421,3.0,23,0,3,0.05
11422,2.0,17,1,2,0.05
11423,2.0,21,1,2,0.05
11424,2.0,20,1,2,0.05
11425,1.0,14,1,1,0.05
11426,3.0,31,0,3,0.05
11427,3.0,25,0,3,0.05
11428,3.0,29,0,3,0.05
11429,1.0,16,1,1,0.05
11430,1.0,19,1,1,0.05
11431,1.0,13,1,1,0.05
11432,3.0,23,0,3,0.05
11433,3.0,22,0,3,0.05
11434,1.0,14,1,1,0.05
11435,3.0,26,0,3,0.05
11436,3.0,25,0,3,0.05
11437,3.0,26,0,3,0.05
11438,3.0,22,0,3,0.05
11439,1.0,16,1,1,0.05
11440,1.0,17,1,1,0.05
11441,3.0,28,0,3,0.05
11442,1.0,17,1,1,0.05
11443,1.0,15,1,1,0.05
11444,3.0,23,0,3,0.05
11445,3.0,24,0,3,0.05
11446,1.0,11,1,1,0.05
11447,3.0,22,0,3,0.05
11448,3.0,22,0,3,0.05
11449,2.0,20,1,2,0.05
11450,2.0,22,1,2,0.05
11451,1.0,16,1,1,0.05
11452,1.0,15,1,1,0.05
11453,1.0,21,1,1,0.05
11454,1.0,18,1,1,0.05
11455,1.0,19,1,1,0.05
11456,3.0,83,0,3,0.05
11457,3.0,32,0,3,0.05
11458,3.0,23,0,3,0.05
11459,3.0,23,0,3,0.05
11460,1.0,11,1,1,0.05
11461,3.0,24,0,3,0.05
11462,1.0,18,1,1,0.05
11463,3.0,35,0,3,0.05
11464,3.0,24,0,3,0.05
11465,2.0,21,1,2,0.05
11466,3.0,22,0,3,0.05
11467,3.0,23,0,3,0.05
11468,1.0,12,1,1,0.05
11469,3.0,24,0,3,0.05
11470,1.0,12,1,1,0.05
11471,3.0,32,0,3,0.05
11472,3.0,38,0,3,0.05
11473,3.0,24,0,3,0.05
11474,1.0,12,1,1,0.05
11475,1.0,11,1,1,0.05
11476,3.0,22,0,3,0.05
11477,3.0,30,0,3,0.05
11478,3.0,26,0,3,0.05
11479,3.0,25,0,3,0.05
11480,1.0,37,1,1,0.05
11481,3.0,28,0,3,0.05
11482,3.0,22,0,3,0.05
11483,3.0,22,0,3,0.05
11484,2.0,24,1,2,0.05
11485,3.0,25,0,3,0.05
11486,3.0,24,0,3,0.05
11487,3.0,26,0,3,0.05
11488,3.0,24,0,3,0.05
11489,3.0,26,0,3,0.05
11490,1.0,15,1,1,0.05
11491,3.0,28,0,3,0.05
11492,3.0,24,0,3,0.05
11493,3.0,27,0,3,0.05
11494,3.0,24,0,3,0.05
11495,3.0,24,0,3,0.05
11496,2.0,26,1,2,0.05
11497,3.0,22,0,3,0.05
11498,2.0,21,1,2,0.05
11499,3.0,22,0,3,0.05
11500,3.0,22,0,3,0.05
11501,3.0,26,0,3,0.05
11502,1.0,32,1,1,0.05
11503,3.0,24,0,3,0.05
11504,3.0,22,0,3,0.05
11505,3.0,28,0,3,0.05
11506,3.0,28,0,3,0.05
11507,3.0,22,0,3,0.05
11508,3.0,22,0,3,0.05
11509,3.0,22,0,3,0.05
11510,3.0,22,0,3,0.05
11511,3.0,23,0,3,0.05
11512,3.0,24,0,3,0.05
11513,3.0,22,0,3,0.05
11514,1.0,15,1,1,0.05
11515,3.0,22,0,3,0.05
11516,3.0,23,0,3,0.05
11517,3.0,22,0,3,0.05
11518,3.0,23,0,3,0.05
11519,3.0,31,0,3,0.05
11520,3.0,22,0,3,0.05
11521,3.0,26,0,3,0.05
11522,3.0,24,0,3,0.05
11523,1.0,16,1,1,0.05
11524,3.0,22,0,3,0.05
11525,1.0,16,1,1,0.05
11526,3.0,26,0,3,0.05
11527,2.0,21,1,2,0.05
11528,3.0,24,0,3,0.05
11529,3.0,24,0,3,0.05
11530,3.0,22,0,3,0.05
11531,3.0,22,0,3,0.05
11532,3.0,22,0,3,0.05
11533,3.0,24,0,3,0.05
11534,1.0,19,1,1,0.05
11535,3.0,28,0,3,0.05
11536,3.0,22,0,3,0.05
11537,3.0,24,0,3,0.05
11538,3.0,22,0,3,0.05
11539,3.0,24,0,3,0.05
11540,3.0,24,0,3,0.05
11541,3.0,22,0,3,0.05
11542,3.0,24,0,3,0.05
11543,3.0,25,0,3,0.05
11544,3.0,26,0,3,0.05
11545,3.0,24,0,3,0.05
11546,3.0,24,0,3,0.05
11547,3.0,22,0,3,0.05
11548,3.0,22,0,3,0.05
11549,3.0,24,0,3,0.05
11550,3.0,26,0,3,0.05
11551,1.0,16,1,1,0.05
11552,3.0,26,0,3,0.05
11553,1.0,15,1,1,0.05
11554,3.0,22,0,3,0.05
11555,3.0,22,0,3,0.05
11556,3.0,22,0,3,0.05
11557,3.0,23,0,3,0.05
11558,3.0,22,0,3,0.05
11559,1.0,20,1,1,0.05
11560,3.0,24,0,3,0.05
11561,3.0,28,0,3,0.05
11562,3.0,22,0,3,0.05
11563,3.0,23,0,3,0.05
11564,2.0,23,1,2,0.05
11565,1.0,16,1,1,0.05
11566,3.0,22,0,3,0.05
11567,2.0,18,1,2,0.05
11568,3.0,22,0,3,0.05
11569,3.0,24,0,3,0.05
11570,3.0,22,0,3,0.05
11571,3.0,29,0,3,0.05
11572,3.0,22,0,3,0.05
11573,3.0,23,0,3,0.05
11574,3.0,22,0,3,0.05
11575,3.0,22,0,3,0.05
11576,3.0,24,0,3,0.05
11577,3.0,25,0,3,0.05
11578,1.0,19,1,1,0.05
11579,3.0,25,0,3,0.05
11580,1.0,18,1,1,0.05
11581,3.0,22,0,3,0.05
11582,2.0,21,1,2,0.05
11583,3.0,26,0,3,0.05
11584,3.0,22,0,3,0.05
11585,2.0,21,1,2,0.05
11586,3.0,47,0,3,0.05
11587,3.0,23,0,3,0.05
11588,3.0,25,0,3,0.05
11589,2.0,22,1,2,0.05
11590,3.0,67,0,3,0.05
11591,3.0,23,0,3,0.05
11592,3.0,22,0,3,0.05
11593,3.0,23,0,3,0.05
11594,1.0,20,1,1,0.05
11595,3.0,24,0,3,0.05
11596,3.0,22,0,3,0.05
11597,1.0,13,1,1,0.05
11598,3.0,22,0,3,0.05
11599,3.0,22,0,3,0.05
11600,3.0,22,0,3,0.05
11601,1.0,15,1,1,0.05
11602,1.0,21,1,1,0.05
11603,1.0,17,1,1,0.05
11604,3.0,22,0,3,0.05
11605,3.0,24,0,3,0.05
11606,3.0,23,0,3,0.05
11607,3.0,22,0,3,0.05
11608,3.0,22,0,3,0.05
11609,2.0,19,1,2,0.05
11610,3.0,30,0,3,0.05
11611,3.0,22,0,3,0.05
11612,3.0,22,0,3,0.05
11613,3.0,22,0,3,0.05
11614,1.0,17,1,1,0.05
11615,3.0,22,0,3,0.05
11616,3.0,22,0,3,0.05
11617,3.0,22,0,3,0.05
11618,3.0,24,0,3,0.05
11619,1.0,14,1,1,0.05
11620,2.0,23,1,2,0.05
11621,3.0,22,0,3,0.05
11622,3.0,23,0,3,0.05
11623,3.0,24,0,3,0.05
11624,3.0,22,0,3,0.05
11625,3.0,23,0,3,0.05
11626,1.0,13,1,1,0.05
11627,1.0,13,1,1,0.05
11628,3.0,24,0,3,0.05
11629,3.0,22,0,3,0.05
11630,3.0,26,0,3,0.05
11631,3.0,22,0,3,0.05
11632,3.0,24,0,3,0.05
11633,1.0,13,1,1,0.05
11634,2.0,21,1,2,0.05
11635,3.0,22,0,3,0.05
11636,3.0,22,0,3,0.05
11637,3.0,24,0,3,0.05
11638,3.0,22,0,3,0.05
11639,3.0,24,0,3,0.05
11640,3.0,22,0,3,0.05
11641,3.0,22,0,3,0.05
11642,1.0,21,1,1,0.05
11643,3.0,25,0,3,0.05
11644,3.0,22,0,3,0.05
11645,3.0,24,0,3,0.05
11646,1.0,13,1,1,0.05
11647,3.0,26,0,3,0.05
11648,3.0,24,0,3,0.05
11649,3.0,23,0,3,0.05
11650,3.0,22,0,3,0.05
11651,3.0,25,0,3,0.05
11652,3.0,23,0,3,0.05
11653,3.0,24,0,3,0.05
11654,3.0,23,0,3,0.05
11655,3.0,23,0,3,0.05
11656,3.0,22,0,3,0.05
11657,3.0,22,0,3,0.05
11658,3.0,22,0,3,0.05
11659,1.0,18,1,1,0.05
11660,3.0,22,0,3,0.05
11661,3.0,23,0,3,0.05
11662,3.0,24,0,3,0.05
11663,3.0,25,0,3,0.05
11664,3.0,24,0,3,0.05
11665,3.0,24,0,3,0.05
11666,3.0,29,0,3,0.05
11667,3.0,22,0,3,0.05
11668,3.0,22,0,3,0.05
11669,3.0,23,0,3,0.05
11670,3.0,27,0,3,0.05
11671,3.0,22,0,3,0.05
11672,3.0,25,0,3,0.05
11673,1.0,15,1,1,0.05
11674,3.0,24,0,3,0.05
11675,3.0,22,0,3,0.05
11676,3.0,22,0,3,0.05
11677,3.0,27,0,3,0.05
11678,3.0,22,0,3,0.05
11679,3.0,26,0,3,0.05
11680,1.0,12,1,1,0.05
11681,3.0,23,0,3,0.05
11682,1.0,16,1,1,0.05
11683,3.0,22,0,3,0.05
11684,1.0,15,1,1,0.05
11685,3.0,26,0,3,0.05
11686,3.0,22,0,3,0.05
11687,3.0,22,0,3,0.05
11688,3.0,22,0,3,0.05
11689,3.0,24,0,3,0.05
11690,3.0,24,0,3,0.05
11691,3.0,22,0,3,0.05
11692,3.0,23,0,3,0.05
11693,3.0,23,0,3,0.05
11694,3.0,22,0,3,0.05
11695,1.0,16,1,1,0.05
11696,2.0,23,1,2,0.05
11697,3.0,30,0,3,0.05
11698,3.0,22,0,3,0.05
11699,2.0,22,1,2,0.05
11700,3.0,64,0,3,0.05
11701,3.0,22,0,3,0.05
11702,3.0,22,0,3,0.05
11703,3.0,25,0,3,0.05
11704,3.0,22,0,3,0.05
11705,3.0,22,0,3,0.05
11706,3.0,22,0,3,0.05
11707,3.0,22,0,3,0.05
11708,3.0,23,0,3,0.05
11709,3.0,24,0,3,0.05
11710,3.0,26,0,3,0.05
11711,3.0,24,0,3,0.05
11712,3.0,22,0,3,0.05
11713,3.0,22,0,3,0.05
11714,3.0,22,0,3,0.05
11715,3.0,22,0,3,0.05
11716,2.0,24,1,2,0.05
11717,3.0,24,0,3,0.05
11718,3.0,22,0,3,0.05
11719,1.0,15,1,1,0.05
11720,3.0,24,0,3,0.05
11721,3.0,26,0,3,0.05
11722,1.0,16,1,1,0.05
11723,3.0,22,0,3,0.05
11724,3.0,24,0,3,0.05
11725,3.0,23,0,3,0.05
11726,3.0,22,0,3,0.05
11727,3.0,22,0,3,0.05
11728,3.0,24,0,3,0.05
11729,3.0,26,0,3,0.05
11730,3.0,24,0,3,0.05
11731,2.0,20,1,2,0.05
11732,3.0,22,0,3,0.05
11733,3.0,27,0,3,0.05
11734,3.0,28,0,3,0.05
11735,3.0,26,0,3,0.05
11736,3.0,24,0,3,0.05
11737,3.0,24,0,3,0.05
11738,3.0,22,0,3,0.05
11739,1.0,19,1,1,0.05
11740,1.0,14,1,1,0.05
11741,3.0,22,0,3,0.05
11742,3.0,24,0,3,0.05
11743,3.0,26,0,3,0.05
11744,1.0,17,1,1,0.05
11745,3.0,32,0,3,0.05
11746,3.0,22,0,3,0.05
11747,2.0,22,1,2,0.05
11748,3.0,25,0,3,0.05
11749,3.0,25,0,3,0.05
11750,3.0,22,0,3,0.05
11751,3.0,24,0,3,0.05
11752,2.0,21,1,2,0.05
11753,3.0,26,0,3,0.05
11754,1.0,10,1,1,0.05
11755,2.0,26,1,2,0.05
11756,1.0,14,1,1,0.05
11757,3.0,22,0,3,0.05
11758,3.0,22,0,3,0.05
11759,3.0,22,0,3,0.05
11760,3.0,24,0,3,0.05
11761,3.0,24,0,3,0.05
11762,3.0,26,0,3,0.05
11763,1.0,16,1,1,0.05
11764,1.0,16,1,1,0.05
11765,1.0,15,1,1,0.05
11766,3.0,22,0,3,0.05
11767,3.0,22,0,3,0.05
11768,3.0,25,0,3,0.05
11769,3.0,26,0,3,0.05
11770,2.0,20,1,2,0.05
11771,3.0,24,0,3,0.05
11772,1.0,17,1,1,0.05
11773,1.0,19,1,1,0.05
11774,3.0,57,0,3,0.05
11775,3.0,22,0,3,0.05
11776,3.0,22,0,3,0.05
11777,3.0,23,0,3,0.05
11778,3.0,26,0,3,0.05
11779,3.0,22,0,3,0.05
11780,1.0,16,1,1,0.05
11781,3.0,25,0,3,0.05
11782,1.0,14,1,1,0.05
11783,3.0,25,0,3,0.05
11784,3.0,26,0,3,0.05
11785,3.0,24,0,3,0.05
11786,3.0,22,0,3,0.05
11787,1.0,17,1,1,0.05
11788,3.0,25,0,3,0.05
11789,3.0,22,0,3,0.05
11790,3.0,29,0,3,0.05
11791,3.0,25,0,3,0.05
11792,3.0,24,0,3,0.05
11793,3.0,22,0,3,0.05
11794,1.0,13,1,1,0.05
11795,1.0,18,1,1,0.05
11796,2.0,27,1,2,0.05
11797,3.0,24,0,3,0.05
11798,3.0,26,0,3,0.05
11799,3.0,22,0,3,0.05
11800,3.0,24,0,3,0.05
11801,3.0,25,0,3,0.05
11802,3.0,22,0,3,0.05
11803,3.0,24,0,3,0.05
11804,3.0,22,0,3,0.05
11805,3.0,25,0,3,0.05
11806,2.0,21,1,2,0.05
11807,3.0,22,0,3,0.05
11808,3.0,24,0,3,0.05
11809,1.0,16,1,1,0.05
11810,3.0,24,0,3,0.05
11811,1.0,14,1,1,0.05
11812,3.0,44,0,3,0.05
11813,1.0,14,1,1,0.05
11814,1.0,25,1,1,0.05
11815,1.0,79,1,1,0.05
11816,3.0,24,0,3,0.05
11817,3.0,24,0,3,0.05
11818,3.0,24,0,3,0.05
11819,2.0,22,1,2,0.05
11820,3.0,24,0,3,0.05
11821,3.0,26,0,3,0.05
11822,3.0,24,0,3,0.05
11823,3.0,22,0,3,0.05
11824,3.0,22,0,3,0.05
11825,3.0,22,0,3,0.05
11826,3.0,24,0,3,0.05
11827,1.0,18,1,1,0.05
11828,1.0,17,1,1,0.05
11829,3.0,28,0,3,0.05
11830,3.0,22,0,3,0.05
11831,3.0,22,0,3,0.05
11832,1.0,13,1,1,0.05
11833,3.0,22,0,3,0.05
11834,3.0,22,0,3,0.05
11835,3.0,22,0,3,0.05
11836,3.0,22,0,3,0.05
11837,3.0,27,0,3,0.05
11838,1.0,15,1,1,0.05
11839,1.0,19,1,1,0.05
11840,2.0,22,1,2,0.05
11841,1.0,16,1,1,0.05
11842,1.0,13,1,1,0.05
11843,3.0,25,0,3,0.05
11844,3.0,23,0,3,0.05
11845,3.0,22,0,3,0.05
11846,3.0,22,0,3,0.05
11847,3.0,22,0,3,0.05
11848,3.0,22,0,3,0.05
11849,3.0,24,0,3,0.05
11850,3.0,25,0,3,0.05
11851,2.0,21,1,2,0.05
11852,1.0,14,1,1,0.05
11853,3.0,26,0,3,0.05
11854,3.0,22,0,3,0.05
11855,3.0,23,0,3,0.05
11856,3.0,24,0,3,0.05
11857,3.0,24,0,3,0.05
11858,3.0,22,0,3,0.05
11859,1.0,19,1,1,0.05
11860,3.0,22,0,3,0.05
11861,2.0,20,1,2,0.05
11862,3.0,29,0,3,0.05
11863,3.0,23,0,3,0.05
11864,3.0,22,0,3,0.05
11865,3.0,22,0,3,0.05
11866,3.0,22,0,3,0.05
11867,3.0,22,0,3,0.05
11868,3.0,24,0,3,0.05
11869,1.0,15,1,1,0.05
11870,3.0,22,0,3,0.05
11871,3.0,26,0,3,0.05
11872,3.0,22,0,3,0.05
11873,3.0,23,0,3,0.05
11874,2.0,27,1,2,0.05
11875,2.0,22,1,2,0.05
11876,1.0,16,1,1,0.05
11877,3.0,24,0,3,0.05
11878,3.0,22,0,3,0.05
11879,3.0,23,0,3,0.05
11880,3.0,28,0,3,0.05
11881,2.0,19,1,2,0.05
11882,1.0,8,1,1,0.05
11883,3.0,24,0,3,0.05
11884,3.0,22,0,3,0.05
11885,3.0,22,0,3,0.05
11886,3.0,25,0,3,0.05
11887,1.0,17,1,1,0.05
11888,1.0,14,1,1,0.05
11889,3.0,22,0,3,0.05
11890,3.0,24,0,3,0.05
11891,2.0,19,1,2,0.05
11892,2.0,18,1,2,0.05
11893,3.0,22,0,3,0.05
11894,3.0,24,0,3,0.05
11895,3.0,26,0,3,0.05
11896,3.0,23,0,3,0.05
11897,3.0,24,0,3,0.05
11898,3.0,26,0,3,0.05
11899,1.0,15,1,1,0.05
11900,3.0,24,0,3,0.05
11901,3.0,24,0,3,0.05
11902,3.0,28,0,3,0.05
11903,1.0,13,1,1,0.05
11904,3.0,26,0,3,0.05
11905,3.0,24,0,3,0.05
11906,3.0,22,0,3,0.05
11907,3.0,22,0,3,0.05
11908,3.0,27,0,3,0.05
11909,1.0,16,1,1,0.05
11910,3.0,28,0,3,0.05
11911,3.0,25,0,3,0.05
11912,3.0,23,0,3,0.05
11913,2.0,20,1,2,0.05
11914,3.0,22,0,3,0.05
11915,3.0,26,0,3,0.05
11916,2.0,20,1,2,0.05
11917,3.0,28,0,3,0.05
11918,1.0,16,1,1,0.05
11919,3.0,22,0,3,0.05
11920,2.0,21,1,2,0.05
11921,3.0,22,0,3,0.05
11922,1.0,16,1,1,0.05
11923,3.0,22,0,3,0.05
11924,1.0,14,1,1,0.05
11925,3.0,22,0,3,0.05
11926,3.0,22,0,3,0.05
11927,1.0,17,1,1,0.05
11928,3.0,24,0,3,0.05
11929,3.0,24,0,3,0.05
11930,2.0,19,1,2,0.05
11931,3.0,26,0,3,0.05
11932,3.0,24,0,3,0.05
11933,3.0,23,0,3,0.05
11934,3.0,22,0,3,0.05
11935,3.0,26,0,3,0.05
11936,0.0,4,1,0,0.05
11937,3.0,22,0,3,0.05
11938,3.0,22,0,3,0.05
11939,3.0,22,0,3,0.05
11940,3.0,22,0,3,0.05
11941,1.0,16,1,1,0.05
11942,3.0,26,0,3,0.05
11943,3.0,22,0,3,0.05
11944,1.0,12,1,1,0.05
11945,3.0,25,0,3,0.05
11946,1.0,17,1,1,0.05
11947,3.0,22,0,3,0.05
11948,3.0,24,0,3,0.05
11949,3.0,24,0,3,0.05
11950,3.0,22,0,3,0.05
11951,3.0,26,0,3,0.05
11952,3.0,22,0,3,0.05
11953,3.0,22,0,3,0.05
11954,3.0,24,0,3,0.05
11955,3.0,24,0,3,0.05
11956,3.0,24,0,3,0.05
11957,3.0,24,0,3,0.05
11958,3.0,22,0,3,0.05
11959,3.0,22,0,3,0.05
11960,3.0,23,0,3,0.05
11961,3.0,24,0,3,0.05
11962,1.0,8,1,1,0.05
11963,3.0,24,0,3,0.05
11964,3.0,24,0,3,0.05
11965,1.0,7,1,1,0.05
11966,3.0,33,0,3,0.05
11967,1.0,18,1,1,0.05
11968,3.0,22,0,3,0.05
11969,3.0,27,0,3,0.05
11970,3.0,28,0,3,0.05
11971,3.0,26,0,3,0.05
11972,1.0,15,1,1,0.05
11973,3.0,22,0,3,0.05
11974,3.0,22,0,3,0.05
11975,3.0,24,0,3,0.05
11976,3.0,22,0,3,0.05
11977,3.0,26,0,3,0.05
11978,3.0,22,0,3,0.05
11979,3.0,22,0,3,0.05
11980,3.0,22,0,3,0.05
11981,3.0,22,0,3,0.05
11982,3.0,22,0,3,0.05
11983,1.0,14,1,1,0.05
11984,3.0,25,0,3,0.05
11985,3.0,22,0,3,0.05
11986,3.0,26,0,3,0.05
11987,3.0,32,0,3,0.05
11988,1.0,15,1,1,0.05
11989,3.0,24,0,3,0.05
11990,3.0,22,0,3,0.05
11991,1.0,17,1,1,0.05
11992,3.0,24,0,3,0.05
11993,3.0,22,0,3,0.05
11994,2.0,23,1,2,0.05
11995,3.0,24,0,3,0.05
11996,3.0,24,0,3,0.05
11997,1.0,13,1,1,0.05
11998,3.0,26,0,3,0.05
11999,3.0,22,0,3,0.05
