episode,return,steps,died,collected,epsilon
0,0.0,59,1,0,1.0
1,0.0,94,1,0,0.999905
2,0.0,4,1,0,0.99981
3,0.0,2,1,0,0.999715
4,1.0,400,0,2,0.99962
5,0.0,29,1,0,0.999525
6,0.0,27,1,0,0.99943
7,0.0,7,1,0,0.999335
8,0.0,54,1,0,0.99924
9,0.0,25,1,0,0.999145
10,0.0,7,1,0,0.99905
11,0.0,24,1,0,0.998955
12,1.0,210,1,1,0.99886
13,1.0,232,1,2,0.998765
14,0.0,20,1,0,0.99867
15,0.0,8,1,0,0.998575
16,0.0,3,1,0,0.99848
17,1.0,82,1,2,0.998385
18,0.0,21,1,0,0.99829
19,1.0,284,1,2,0.998195
20,0.0,20,1,0,0.9981
21,0.0,5,1,0,0.998005
22,0.0,63,1,0,0.99791
23,0.0,43,1,0,0.997815
24,0.0,10,1,0,0.99772
25,0.0,18,1,0,0.997625
26,0.0,4,1,0,0.99753
27,0.0,13,1,0,0.997435
28,0.0,21,1,0,0.99734
29,0.0,74,1,1,0.997245
30,0.0,25,1,0,0.99715
31,0.0,45,1,0,0.997055
32,0.0,23,1,0,0.99696
33,0.0,22,1,0,0.996865
34,1.0,182,1,2,0.99677
35,0.0,47,1,0,0.996675
36,0.0,18,1,0,0.99658
37,0.0,16,1,0,0.996485
38,1.0,89,1,1,0.99639
39,0.0,61,1,0,0.996295
40,0.0,16,1,0,0.9962
41,0.0,18,1,0,0.996105
42,0.0,27,1,0,0.99601
43,0.0,21,1,0,0.995915
44,0.0,15,1,0,0.99582
45,0.0,7,1,0,0.995725
46,0.0,48,1,0,0.99563
47,0.0,31,1,0,0.995535
48,0.0,43,1,0,0.99544
49,0.0,30,1,0,0.995345
50,0.0,8,1,0,0.99525
51,1.0,228,1,2,0.995155
52,0.0,9,1,0,0.9950600000000001
53,0.0,27,1,0,0.994965
54,0.0,22,1,0,0.99487
55,0.0,20,1,0,0.994775
56,1.0,63,1,2,0.99468
57,0.0,3,1,0,0.994585
58,1.0,400,0,2,0.99449
59,0.0,50,1,0,0.994395
60,0.0,4,1,0,0.9943
61,0.0,22,1,0,0.994205
62,0.0,4,1,0,0.99411
63,0.0,10,1,0,0.994015
64,0.0,33,1,0,0.99392
65,0.0,22,1,0,0.993825
66,0.0,4,1,0,0.99373
67,0.0,24,1,0,0.993635
68,0.0,7,1,0,0.99354
69,0.0,104,1,0,0.993445
70,0.0,4,1,0,0.99335
71,0.0,24,1,0,0.993255
72,2.0,274,1,3,0.99316
73,0.0,28,1,0,0.993065
74,0.0,45,1,0,0.99297
75,0.0,31,1,0,0.992875
76,0.0,14,1,0,0.99278
77,0.0,12,1,0,0.992685
78,0.0,6,1,0,0.99259
79,0.0,18,1,0,0.992495
80,0.0,8,1,0,0.9924
81,0.0,46,1,0,0.992305
82,0.0,22,1,0,0.99221
83,0.0,72,1,1,0.992115
84,0.0,45,1,0,0.99202
85,1.0,113,1,2,0.991925
86,0.0,15,1,0,0.99183
87,0.0,45,1,0,0.991735
88,0.0,29,1,0,0.99164
89,0.0,9,1,0,0.991545
90,0.0,11,1,0,0.99145
91,0.0,11,1,0,0.991355
92,0.0,4,1,0,0.99126
93,0.0,19,1,0,0.991165
94,0.0,6,1,0,0.99107
95,0.0,4,1,0,0.990975
96,0.0,9,1,0,0.99088
97,0.0,11,1,0,0.990785
98,0.0,9,1,0,0.99069
99,0.0,3,1,0,0.990595
100,0.0,29,1,0,0.9905
101,0.0,17,1,0,0.990405
102,0.0,45,1,0,0.99031
103,0.0,60,1,0,0.990215
104,0.0,23,1,0,0.99012
105,0.0,15,1,0,0.990025
106,0.0,38,1,0,0.98993
107,0.0,9,1,0,0.989835
108,2.0,281,1,3,0.98974
109,0.0,55,1,0,0.989645
110,0.0,5,1,0,0.98955
111,0.0,14,1,0,0.989455
112,0.0,7,1,0,0.98936
113,0.0,63,1,1,0.989265
114,0.0,17,1,0,0.98917
115,0.0,313,1,0,0.989075
116,0.0,9,1,0,0.98898
117,0.0,3,1,0,0.988885
118,0.0,12,1,0,0.98879
119,0.0,5,1,0,0.988695
120,0.0,7,1,0,0.9886
121,0.0,6,1,0,0.988505
122,1.0,131,1,2,0.98841
123,0.0,110,1,1,0.988315
124,0.0,56,1,0,0.98822
125,0.0,7,1,0,0.988125
126,0.0,10,1,0,0.98803
127,0.0,4,1,0,0.987935
128,0.0,119,1,0,0.98784
129,0.0,9,1,0,0.987745
130,0.0,24,1,0,0.98765
131,0.0,42,1,0,0.987555
132,1.0,209,1,2,0.98746
133,2.0,254,1,3,0.987365
134,1.0,156,1,2,0.98727
135,0.0,16,1,0,0.987175
136,0.0,25,1,0,0.98708
137,0.0,21,1,0,0.986985
138,0.0,52,1,1,0.98689
139,0.0,21,1,0,0.986795
140,0.0,8,1,0,0.9867
141,0.0,25,1,0,0.986605
142,1.0,90,1,2,0.98651
143,0.0,18,1,0,0.986415
144,0.0,10,1,0,0.98632
145,0.0,16,1,0,0.986225
146,0.0,6,1,0,0.98613
147,0.0,15,1,0,0.986035
148,1.0,80,1,2,0.98594
149,3.0,116,1,3,0.985845
150,0.0,29,1,0,0.98575
151,0.0,3,1,0,0.985655
152,0.0,3,1,0,0.98556
153,1.0,148,1,2,0.985465
154,0.0,29,1,0,0.98537
155,0.0,33,1,0,0.985275
156,0.0,35,1,0,0.9851800000000001
157,0.0,6,1,0,0.985085
158,0.0,40,1,0,0.98499
159,0.0,32,1,0,0.984895
160,0.0,29,1,0,0.9848
161,0.0,36,1,0,0.984705
162,0.0,8,1,0,0.98461
163,0.0,3,1,0,0.984515
164,0.0,37,1,0,0.98442
165,0.0,26,1,0,0.984325
166,0.0,44,1,0,0.98423
167,1.0,93,1,2,0.984135
168,0.0,9,1,0,0.98404
169,0.0,63,1,0,0.983945
170,0.0,6,1,0,0.98385
171,0.0,39,1,0,0.983755
172,0.0,29,1,1,0.98366
173,0.0,28,1,0,0.983565
174,0.0,6,1,0,0.98347
175,2.0,139,1,3,0.983375
176,0.0,16,1,0,0.98328
177,0.0,26,1,0,0.983185
178,0.0,47,1,0,0.98309
179,0.0,14,1,0,0.982995
180,0.0,34,1,0,0.9829
181,0.0,133,1,0,0.982805
182,0.0,43,1,0,0.98271
183,0.0,3,1,0,0.982615
184,0.0,33,1,0,0.98252
185,0.0,13,1,0,0.982425
186,0.0,11,1,0,0.98233
187,0.0,10,1,0,0.982235
188,0.0,17,1,0,0.98214
189,0.0,47,1,0,0.9820450000000001
190,0.0,30,1,0,0.98195
191,0.0,28,1,0,0.981855
192,0.0,24,1,0,0.98176
193,0.0,9,1,0,0.981665
194,0.0,13,1,0,0.98157
195,0.0,8,1,0,0.981475
196,0.0,4,1,0,0.98138
197,0.0,8,1,0,0.981285
198,1.0,145,1,2,0.98119
199,0.0,5,1,0,0.981095
200,0.0,4,1,0,0.981
201,0.0,115,1,1,0.980905
202,0.0,67,1,1,0.98081
203,0.0,27,1,0,0.980715
204,0.0,57,1,0,0.98062
205,0.0,14,1,0,0.980525
206,0.0,14,1,0,0.98043
207,0.0,3,1,0,0.980335
208,0.0,9,1,0,0.98024
209,0.0,67,1,1,0.980145
210,0.0,11,1,0,0.98005
211,0.0,55,1,0,0.979955
212,1.0,267,1,2,0.97986
213,4.0,301,0,4,0.979765
214,0.0,5,1,0,0.97967
215,0.0,32,1,0,0.979575
216,0.0,14,1,0,0.97948
217,1.0,296,1,2,0.979385
218,0.0,6,1,0,0.97929
219,0.0,27,1,0,0.979195
220,0.0,6,1,0,0.9791
221,0.0,35,1,0,0.979005
222,0.0,7,1,0,0.97891
223,0.0,22,1,0,0.978815
224,0.0,10,1,0,0.97872
225,0.0,17,1,0,0.978625
226,0.0,45,1,0,0.97853
227,0.0,17,1,0,0.9784349999999999
228,0.0,11,1,0,0.97834
229,0.0,49,1,0,0.978245
230,0.0,6,1,0,0.97815
231,0.0,46,1,0,0.978055
232,0.0,35,1,0,0.97796
233,0.0,30,1,0,0.977865
234,0.0,3,1,0,0.97777
235,0.0,4,1,0,0.977675
236,0.0,13,1,0,0.97758
237,0.0,41,1,0,0.977485
238,0.0,14,1,0,0.97739
239,0.0,45,1,0,0.977295
240,0.0,7,1,0,0.9772
241,1.0,224,1,2,0.977105
242,0.0,38,1,0,0.97701
243,0.0,28,1,0,0.976915
244,0.0,22,1,0,0.97682
245,0.0,18,1,0,0.976725
246,0.0,27,1,0,0.97663
247,0.0,9,1,0,0.976535
248,0.0,33,1,0,0.97644
249,0.0,22,1,0,0.976345
250,0.0,25,1,0,0.97625
251,0.0,16,1,0,0.976155
252,0.0,7,1,0,0.97606
253,0.0,52,1,1,0.975965
254,0.0,5,1,0,0.97587
255,0.0,25,1,0,0.9757750000000001
256,0.0,23,1,0,0.97568
257,0.0,42,1,0,0.975585
258,0.0,53,1,0,0.97549
259,0.0,132,1,0,0.975395
260,0.0,3,1,0,0.9753000000000001
261,0.0,15,1,0,0.975205
262,0.0,31,1,0,0.97511
263,0.0,13,1,0,0.975015
264,1.0,146,1,1,0.97492
265,0.0,22,1,0,0.974825
266,0.0,10,1,0,0.97473
267,0.0,23,1,0,0.974635
268,0.0,15,1,0,0.97454
269,0.0,46,1,1,0.974445
270,0.0,4,1,0,0.97435
271,0.0,65,1,0,0.974255
272,1.0,84,1,2,0.97416
273,1.0,400,0,2,0.974065
274,0.0,20,1,0,0.97397
275,1.0,222,1,2,0.973875
276,0.0,2,1,0,0.97378
277,0.0,80,1,0,0.973685
278,0.0,9,1,0,0.97359
279,1.0,63,1,1,0.973495
280,0.0,3,1,0,0.9734
281,0.0,31,1,0,0.973305
282,1.0,197,1,2,0.97321
283,0.0,23,1,0,0.973115
284,0.0,79,1,0,0.97302
285,1.0,144,1,2,0.972925
286,0.0,16,1,0,0.97283
287,0.0,8,1,0,0.972735
288,0.0,23,1,0,0.97264
289,0.0,36,1,0,0.972545
290,0.0,13,1,0,0.97245
291,0.0,25,1,0,0.972355
292,0.0,18,1,0,0.97226
293,0.0,4,1,0,0.972165
294,0.0,23,1,0,0.97207
295,0.0,36,1,0,0.971975
296,0.0,8,1,0,0.97188
297,0.0,37,1,0,0.971785
298,0.0,29,1,0,0.97169
299,0.0,9,1,0,0.971595
300,0.0,2,1,0,0.9715
301,0.0,9,1,0,0.971405
302,0.0,11,1,0,0.97131
303,0.0,25,1,0,0.971215
304,0.0,95,1,0,0.97112
305,1.0,126,1,2,0.971025
306,1.0,85,1,2,0.97093
307,0.0,10,1,0,0.970835
308,0.0,23,1,0,0.97074
309,0.0,234,1,1,0.970645
310,0.0,14,1,0,0.97055
311,0.0,16,1,0,0.970455
312,0.0,49,1,0,0.97036
313,0.0,4,1,0,0.970265
314,0.0,3,1,0,0.97017
315,1.0,122,1,2,0.970075
316,0.0,10,1,0,0.96998
317,0.0,5,1,0,0.969885
318,0.0,221,1,0,0.96979
319,1.0,159,1,2,0.969695
320,0.0,5,1,0,0.9696
321,2.0,331,1,3,0.9695050000000001
322,0.0,12,1,0,0.96941
323,0.0,13,1,0,0.969315
324,0.0,17,1,0,0.96922
325,0.0,24,1,0,0.969125
326,0.0,6,1,0,0.9690300000000001
327,0.0,13,1,0,0.968935
328,0.0,2,1,0,0.96884
329,0.0,6,1,0,0.968745
330,0.0,15,1,0,0.96865
331,0.0,4,1,0,0.968555
332,0.0,30,1,0,0.96846
333,0.0,26,1,0,0.968365
334,0.0,4,1,0,0.96827
335,0.0,7,1,0,0.968175
336,0.0,8,1,0,0.96808
337,1.0,248,1,2,0.967985
338,0.0,30,1,0,0.96789
339,1.0,91,1,2,0.967795
340,0.0,97,1,0,0.9677
341,0.0,80,1,1,0.967605
342,0.0,11,1,0,0.96751
343,0.0,400,0,1,0.967415
344,0.0,4,1,0,0.96732
345,1.0,250,1,2,0.967225
346,0.0,19,1,0,0.96713
347,0.0,7,1,0,0.967035
348,0.0,10,1,0,0.96694
349,0.0,4,1,0,0.966845
350,1.0,52,1,2,0.96675
351,0.0,4,1,0,0.966655
352,0.0,5,1,0,0.96656
353,1.0,400,0,2,0.966465
354,0.0,5,1,0,0.96637
355,0.0,14,1,0,0.966275
356,0.0,18,1,0,0.96618
357,0.0,101,1,0,0.966085
358,1.0,114,1,2,0.96599
359,0.0,22,1,0,0.965895
360,0.0,104,1,0,0.9658
361,0.0,4,1,0,0.965705
362,1.0,297,1,2,0.96561
363,0.0,6,1,0,0.965515
364,0.0,50,1,0,0.96542
365,2.0,152,1,3,0.965325
366,0.0,4,1,0,0.96523
367,0.0,34,1,0,0.965135
368,0.0,9,1,0,0.96504
369,0.0,7,1,0,0.9649449999999999
370,0.0,29,1,0,0.96485
371,0.0,4,1,0,0.964755
372,1.0,167,1,2,0.96466
373,0.0,11,1,0,0.964565
374,0.0,41,1,0,0.96447
375,0.0,29,1,0,0.964375
376,0.0,9,1,0,0.96428
377,0.0,75,1,1,0.964185
378,0.0,36,1,0,0.96409
379,0.0,34,1,0,0.963995
380,0.0,3,1,0,0.9639
381,0.0,20,1,0,0.963805
382,0.0,55,1,1,0.96371
383,0.0,10,1,0,0.963615
384,0.0,15,1,0,0.96352
385,0.0,11,1,0,0.963425
386,0.0,27,1,0,0.96333
387,0.0,64,1,0,0.963235
388,0.0,53,1,0,0.96314
389,0.0,12,1,0,0.963045
390,0.0,34,1,0,0.96295
391,0.0,15,1,0,0.962855
392,0.0,53,1,1,0.9627600000000001
393,0.0,57,1,0,0.962665
394,0.0,32,1,0,0.96257
395,0.0,9,1,0,0.962475
396,0.0,14,1,0,0.96238
397,0.0,34,1,0,0.9622850000000001
398,0.0,16,1,0,0.96219
399,1.0,126,1,2,0.962095
400,0.0,9,1,0,0.962
401,0.0,15,1,0,0.961905
402,0.0,70,1,0,0.96181
403,0.0,30,1,0,0.961715
404,0.0,203,1,0,0.96162
405,0.0,43,1,0,0.961525
406,0.0,25,1,0,0.96143
407,0.0,35,1,0,0.961335
408,0.0,21,1,0,0.96124
409,0.0,44,1,0,0.961145
410,0.0,27,1,0,0.96105
411,0.0,100,1,0,0.960955
412,3.0,295,1,3,0.96086
413,0.0,29,1,0,0.960765
414,0.0,3,1,0,0.96067
415,1.0,126,1,1,0.960575
416,0.0,78,1,0,0.96048
417,2.0,190,1,2,0.960385
418,0.0,104,1,1,0.96029
419,0.0,118,1,0,0.960195
420,0.0,63,1,1,0.9601
421,0.0,72,1,1,0.960005
422,1.0,80,1,2,0.95991
423,0.0,18,1,0,0.959815
424,1.0,123,1,1,0.95972
425,0.0,5,1,0,0.959625
426,0.0,31,1,0,0.95953
427,0.0,2,1,0,0.959435
428,4.0,306,0,4,0.95934
429,0.0,15,1,0,0.959245
430,0.0,8,1,0,0.95915
431,0.0,11,1,0,0.959055
432,1.0,138,1,2,0.95896
433,0.0,15,1,0,0.958865
434,1.0,123,1,2,0.95877
435,0.0,44,1,0,0.958675
436,0.0,39,1,0,0.95858
437,0.0,11,1,0,0.958485
438,0.0,33,1,0,0.95839
439,0.0,12,1,0,0.958295
440,0.0,94,1,0,0.9582
441,0.0,4,1,0,0.958105
442,0.0,5,1,0,0.95801
443,0.0,43,1,0,0.957915
444,1.0,102,1,2,0.95782
445,0.0,48,1,0,0.957725
446,0.0,4,1,0,0.95763
447,0.0,6,1,0,0.957535
448,0.0,5,1,0,0.95744
449,0.0,65,1,0,0.957345
450,0.0,64,1,0,0.95725
451,1.0,234,1,2,0.957155
452,0.0,34,1,0,0.95706
453,0.0,80,1,0,0.956965
454,0.0,5,1,0,0.95687
455,0.0,6,1,0,0.956775
456,0.0,24,1,0,0.95668
457,0.0,45,1,0,0.956585
458,0.0,28,1,0,0.95649
459,0.0,43,1,1,0.956395
460,0.0,22,1,0,0.9563
461,0.0,16,1,0,0.956205
462,0.0,23,1,0,0.95611
463,0.0,17,1,0,0.9560150000000001
464,0.0,32,1,0,0.95592
465,0.0,4,1,0,0.955825
466,0.0,10,1,0,0.95573
467,0.0,9,1,0,0.955635
468,0.0,8,1,0,0.9555400000000001
469,0.0,25,1,0,0.955445
470,0.0,118,1,0,0.95535
471,0.0,51,1,1,0.955255
472,1.0,400,0,1,0.95516
473,0.0,22,1,0,0.955065
474,0.0,11,1,0,0.95497
475,0.0,8,1,0,0.954875
476,0.0,86,1,0,0.95478
477,1.0,206,1,2,0.954685
478,1.0,400,0,2,0.95459
479,0.0,8,1,0,0.954495
480,1.0,148,1,2,0.9544
481,0.0,22,1,0,0.954305
482,0.0,17,1,1,0.95421
483,0.0,8,1,0,0.954115
484,0.0,57,1,0,0.95402
485,0.0,48,1,0,0.953925
486,0.0,16,1,0,0.95383
487,0.0,35,1,0,0.953735
488,0.0,3,1,0,0.95364
489,0.0,64,1,0,0.953545
490,0.0,24,1,0,0.95345
491,1.0,327,1,2,0.953355
492,0.0,8,1,0,0.95326
493,0.0,102,1,1,0.953165
494,0.0,23,1,0,0.95307
495,1.0,177,1,2,0.952975
496,0.0,7,1,0,0.95288
497,0.0,9,1,0,0.952785
498,1.0,154,1,2,0.95269
499,0.0,33,1,0,0.952595
500,0.0,26,1,0,0.9525
501,0.0,13,1,0,0.952405
502,1.0,176,1,2,0.95231
503,0.0,47,1,0,0.952215
504,0.0,14,1,0,0.95212
505,0.0,30,1,0,0.952025
506,1.0,162,1,2,0.95193
507,0.0,17,1,0,0.951835
508,0.0,89,1,0,0.95174
509,0.0,11,1,0,0.951645
510,0.0,6,1,0,0.95155
511,0.0,11,1,0,0.951455
512,0.0,9,1,0,0.95136
513,0.0,4,1,0,0.951265
514,0.0,13,1,0,0.95117
515,0.0,12,1,0,0.951075
516,0.0,6,1,0,0.95098
517,1.0,84,1,2,0.950885
518,0.0,88,1,1,0.95079
519,0.0,8,1,0,0.950695
520,0.0,9,1,0,0.9506
521,0.0,14,1,0,0.950505
522,0.0,49,1,0,0.95041
523,0.0,16,1,0,0.950315
524,0.0,14,1,0,0.95022
525,0.0,4,1,0,0.950125
526,0.0,28,1,0,0.95003
527,0.0,14,1,0,0.949935
528,4.0,248,0,4,0.94984
529,0.0,50,1,0,0.949745
530,0.0,3,1,0,0.94965
531,0.0,10,1,0,0.949555
532,0.0,38,1,0,0.94946
533,1.0,96,1,2,0.949365
534,2.0,303,1,3,0.9492700000000001
535,1.0,184,1,2,0.949175
536,1.0,194,1,2,0.94908
537,0.0,8,1,0,0.948985
538,1.0,148,1,2,0.94889
539,3.0,315,1,3,0.948795
540,2.0,168,1,3,0.9487
541,0.0,6,1,0,0.948605
542,0.0,14,1,0,0.94851
543,0.0,6,1,0,0.948415
544,0.0,34,1,0,0.94832
545,0.0,23,1,0,0.948225
546,0.0,4,1,0,0.94813
547,0.0,22,1,0,0.948035
548,0.0,65,1,1,0.94794
549,0.0,3,1,0,0.947845
550,0.0,7,1,0,0.94775
551,4.0,355,0,4,0.947655
552,0.0,35,1,0,0.94756
553,0.0,25,1,0,0.947465
554,0.0,39,1,0,0.94737
555,0.0,3,1,0,0.947275
556,0.0,23,1,0,0.94718
557,0.0,6,1,0,0.947085
558,0.0,7,1,0,0.94699
559,0.0,7,1,0,0.946895
560,0.0,61,1,0,0.9468
561,0.0,4,1,0,0.946705
562,0.0,3,1,0,0.94661
563,1.0,400,0,2,0.946515
564,0.0,8,1,0,0.94642
565,0.0,12,1,0,0.946325
566,0.0,2,1,0,0.94623
567,0.0,40,1,0,0.946135
568,0.0,39,1,0,0.94604
569,0.0,12,1,0,0.945945
570,0.0,16,1,0,0.94585
571,0.0,19,1,0,0.945755
572,0.0,37,1,0,0.94566
573,0.0,29,1,0,0.945565
574,0.0,95,1,0,0.94547
575,0.0,20,1,0,0.945375
576,0.0,14,1,0,0.94528
577,0.0,37,1,0,0.945185
578,0.0,33,1,0,0.94509
579,3.0,180,1,3,0.944995
580,0.0,22,1,0,0.9449
581,0.0,26,1,0,0.944805
582,0.0,27,1,0,0.94471
583,0.0,9,1,0,0.944615
584,0.0,26,1,0,0.94452
585,1.0,149,1,2,0.944425
586,0.0,5,1,0,0.94433
587,0.0,8,1,0,0.944235
588,0.0,37,1,0,0.94414
589,0.0,72,1,0,0.944045
590,0.0,5,1,0,0.94395
591,0.0,9,1,0,0.943855
592,1.0,123,1,2,0.94376
593,0.0,20,1,0,0.943665
594,0.0,13,1,0,0.94357
595,0.0,22,1,0,0.9434750000000001
596,1.0,150,1,2,0.94338
597,0.0,18,1,0,0.943285
598,0.0,5,1,0,0.94319
599,0.0,6,1,0,0.943095
600,1.0,372,1,2,0.9430000000000001
601,0.0,8,1,0,0.942905
602,0.0,47,1,0,0.94281
603,0.0,28,1,0,0.942715
604,0.0,47,1,0,0.94262
605,0.0,14,1,0,0.9425250000000001
606,0.0,10,1,0,0.94243
607,3.0,303,1,3,0.942335
608,0.0,5,1,0,0.94224
609,0.0,18,1,0,0.942145
610,0.0,78,1,1,0.94205
611,0.0,11,1,0,0.941955
612,0.0,123,1,1,0.94186
613,0.0,5,1,0,0.941765
614,3.0,151,1,3,0.94167
615,0.0,29,1,0,0.941575
616,1.0,101,1,2,0.94148
617,0.0,27,1,0,0.941385
618,1.0,42,1,2,0.94129
619,0.0,7,1,0,0.941195
620,0.0,4,1,0,0.9411
621,0.0,13,1,0,0.941005
622,0.0,11,1,0,0.94091
623,0.0,88,1,0,0.940815
624,0.0,21,1,0,0.94072
625,0.0,23,1,0,0.940625
626,0.0,19,1,0,0.94053
627,0.0,15,1,0,0.940435
628,0.0,17,1,0,0.94034
629,1.0,227,1,2,0.940245
630,2.0,161,1,3,0.94015
631,0.0,4,1,0,0.940055
632,0.0,74,1,0,0.93996
633,0.0,35,1,0,0.939865
634,0.0,27,1,0,0.93977
635,1.0,157,1,2,0.939675
636,0.0,13,1,0,0.93958
637,0.0,7,1,0,0.939485
638,0.0,39,1,0,0.9393900000000001
639,1.0,250,1,2,0.939295
640,0.0,21,1,0,0.9392
641,0.0,32,1,0,0.939105
642,0.0,4,1,0,0.93901
643,0.0,110,1,1,0.938915
644,1.0,142,1,2,0.93882
645,0.0,11,1,0,0.938725
646,0.0,20,1,0,0.93863
647,1.0,180,1,2,0.938535
648,0.0,8,1,0,0.93844
649,0.0,14,1,0,0.938345
650,0.0,43,1,0,0.93825
651,0.0,17,1,0,0.938155
652,0.0,30,1,0,0.93806
653,0.0,58,1,1,0.937965
654,0.0,38,1,0,0.93787
655,0.0,21,1,0,0.937775
656,0.0,6,1,0,0.93768
657,0.0,37,1,0,0.937585
658,3.0,119,1,3,0.93749
659,1.0,65,1,2,0.937395
660,0.0,97,1,1,0.9373
661,1.0,164,1,2,0.937205
662,0.0,38,1,0,0.93711
663,0.0,63,1,0,0.937015
664,0.0,10,1,0,0.93692
665,0.0,20,1,0,0.936825
666,2.0,200,1,3,0.93673
667,1.0,152,1,2,0.936635
668,0.0,7,1,0,0.93654
669,0.0,33,1,0,0.936445
670,0.0,10,1,0,0.93635
671,0.0,4,1,0,0.936255
672,0.0,6,1,0,0.93616
673,0.0,37,1,0,0.936065
674,3.0,310,1,3,0.93597
675,0.0,68,1,0,0.935875
676,0.0,14,1,0,0.9357800000000001
677,0.0,37,1,0,0.935685
678,1.0,41,1,2,0.93559
679,0.0,16,1,0,0.935495
680,0.0,9,1,0,0.9354
681,0.0,41,1,0,0.935305
682,0.0,65,1,0,0.93521
683,1.0,98,1,2,0.935115
684,1.0,134,1,2,0.93502
685,0.0,8,1,0,0.934925
686,0.0,14,1,0,0.93483
687,2.0,400,0,3,0.934735
688,1.0,221,1,2,0.93464
689,0.0,4,1,0,0.934545
690,2.0,218,1,3,0.93445
691,0.0,17,1,0,0.934355
692,0.0,4,1,0,0.93426
693,1.0,184,1,2,0.934165
694,0.0,24,1,0,0.93407
695,0.0,8,1,0,0.933975
696,1.0,187,1,2,0.93388
697,0.0,17,1,0,0.933785
698,0.0,17,1,0,0.93369
699,0.0,28,1,1,0.933595
700,4.0,282,0,4,0.9335
701,0.0,38,1,0,0.933405
702,1.0,140,1,2,0.93331
703,1.0,49,1,1,0.933215
704,1.0,163,1,2,0.93312
705,0.0,6,1,0,0.933025
706,0.0,5,1,0,0.93293
707,0.0,10,1,0,0.932835
708,0.0,11,1,0,0.93274
709,4.0,191,0,4,0.932645
710,0.0,6,1,0,0.93255
711,0.0,22,1,0,0.932455
712,0.0,5,1,0,0.93236
713,0.0,19,1,0,0.932265
714,0.0,6,1,0,0.9321699999999999
715,0.0,11,1,0,0.932075
716,0.0,18,1,0,0.93198
717,1.0,278,1,2,0.931885
718,0.0,6,1,0,0.93179
719,1.0,57,1,2,0.9316949999999999
720,3.0,129,1,3,0.9316
721,0.0,5,1,0,0.931505
722,0.0,4,1,0,0.93141
723,1.0,377,1,2,0.931315
724,0.0,12,1,0,0.9312199999999999
725,0.0,8,1,0,0.931125
726,0.0,68,1,1,0.93103
727,0.0,31,1,0,0.930935
728,3.0,103,1,3,0.93084
729,0.0,5,1,0,0.930745
730,1.0,170,1,2,0.93065
731,0.0,30,1,0,0.930555
732,1.0,81,1,2,0.93046
733,0.0,56,1,1,0.930365
734,0.0,3,1,0,0.93027
735,0.0,12,1,0,0.930175
736,0.0,9,1,0,0.93008
737,0.0,63,1,1,0.9299850000000001
738,0.0,7,1,0,0.92989
739,1.0,175,1,2,0.929795
740,0.0,9,1,0,0.9297
741,3.0,374,1,3,0.929605
742,0.0,79,1,0,0.9295100000000001
743,0.0,16,1,0,0.929415
744,0.0,15,1,0,0.92932
745,0.0,3,1,0,0.929225
746,0.0,36,1,0,0.92913
747,1.0,208,1,2,0.929035
748,0.0,18,1,0,0.92894
749,2.0,400,0,3,0.928845
750,0.0,27,1,0,0.92875
751,0.0,24,1,0,0.928655
752,0.0,30,1,0,0.92856
753,0.0,45,1,0,0.928465
754,1.0,323,1,2,0.92837
755,0.0,52,1,1,0.928275
756,0.0,6,1,0,0.92818
757,0.0,11,1,0,0.928085
758,0.0,6,1,0,0.92799
759,1.0,238,1,2,0.927895
760,1.0,257,1,2,0.9278
761,0.0,16,1,0,0.927705
762,0.0,33,1,1,0.92761
763,0.0,4,1,0,0.927515
764,0.0,7,1,0,0.92742
765,0.0,8,1,0,0.927325
766,2.0,400,0,3,0.92723
767,0.0,105,1,0,0.927135
768,0.0,14,1,0,0.92704
769,0.0,119,1,0,0.926945
770,0.0,5,1,0,0.92685
771,0.0,4,1,0,0.926755
772,0.0,31,1,0,0.92666
773,0.0,51,1,0,0.926565
774,0.0,18,1,0,0.92647
775,0.0,3,1,0,0.926375
776,0.0,34,1,0,0.92628
777,0.0,21,1,0,0.926185
778,1.0,163,1,2,0.92609
779,1.0,176,1,2,0.925995
780,1.0,262,1,2,0.9259
781,0.0,6,1,0,0.925805
782,2.0,200,1,3,0.92571
783,0.0,24,1,0,0.925615
784,1.0,361,1,2,0.92552
785,1.0,71,1,2,0.9254249999999999
786,0.0,25,1,0,0.92533
787,4.0,171,0,4,0.925235
788,0.0,30,1,0,0.92514
789,0.0,25,1,0,0.925045
790,0.0,27,1,0,0.92495
791,0.0,19,1,0,0.924855
792,4.0,240,0,4,0.92476
793,0.0,54,1,0,0.9246650000000001
794,0.0,7,1,0,0.92457
795,0.0,8,1,0,0.924475
796,0.0,17,1,0,0.92438
797,0.0,170,1,0,0.924285
798,1.0,76,1,2,0.9241900000000001
799,0.0,13,1,0,0.924095
800,1.0,80,1,2,0.924
801,0.0,5,1,0,0.923905
802,0.0,3,1,0,0.92381
803,0.0,10,1,0,0.9237150000000001
804,0.0,20,1,0,0.92362
805,0.0,12,1,0,0.923525
806,0.0,73,1,0,0.92343
807,0.0,6,1,0,0.923335
808,0.0,19,1,0,0.9232400000000001
809,0.0,11,1,0,0.923145
810,0.0,20,1,0,0.92305
811,0.0,8,1,0,0.922955
812,0.0,5,1,0,0.92286
813,0.0,7,1,0,0.9227650000000001
814,0.0,7,1,0,0.92267
815,0.0,38,1,0,0.922575
816,0.0,104,1,1,0.92248
817,0.0,5,1,0,0.922385
818,0.0,78,1,0,0.92229
819,0.0,21,1,0,0.922195
820,0.0,11,1,0,0.9221
821,0.0,22,1,0,0.922005
822,0.0,26,1,0,0.92191
823,0.0,13,1,0,0.921815
824,0.0,12,1,0,0.92172
825,0.0,10,1,0,0.921625
826,1.0,156,1,2,0.92153
827,0.0,12,1,0,0.921435
828,0.0,34,1,0,0.92134
829,0.0,114,1,1,0.921245
830,1.0,77,1,2,0.92115
831,0.0,40,1,0,0.921055
832,0.0,6,1,0,0.92096
833,0.0,33,1,0,0.920865
834,0.0,10,1,0,0.92077
835,3.0,256,1,3,0.920675
836,1.0,258,1,2,0.92058
837,0.0,11,1,0,0.920485
838,0.0,24,1,0,0.92039
839,1.0,156,1,2,0.920295
840,0.0,40,1,0,0.9202
841,0.0,15,1,0,0.920105
842,0.0,72,1,1,0.92001
843,0.0,6,1,0,0.919915
844,0.0,9,1,0,0.91982
845,1.0,102,1,2,0.919725
846,1.0,174,1,2,0.91963
847,0.0,21,1,0,0.919535
848,0.0,8,1,0,0.91944
849,0.0,12,1,0,0.919345
850,0.0,24,1,0,0.91925
851,0.0,3,1,0,0.919155
852,0.0,2,1,0,0.91906
853,0.0,31,1,0,0.918965
854,3.0,400,0,3,0.91887
855,0.0,9,1,0,0.918775
856,0.0,8,1,0,0.91868
857,1.0,400,0,2,0.918585
858,0.0,16,1,0,0.91849
859,0.0,6,1,0,0.918395
860,1.0,51,1,1,0.9183
861,1.0,60,1,2,0.918205
862,1.0,38,1,2,0.91811
863,0.0,36,1,0,0.918015
864,0.0,36,1,0,0.91792
865,0.0,48,1,0,0.917825
866,0.0,12,1,0,0.91773
867,0.0,34,1,0,0.917635
868,0.0,9,1,0,0.91754
869,1.0,281,1,2,0.917445
870,0.0,60,1,0,0.91735
871,0.0,92,1,1,0.917255
872,0.0,3,1,0,0.91716
873,0.0,44,1,0,0.917065
874,0.0,16,1,0,0.91697
875,0.0,14,1,0,0.916875
876,1.0,310,1,2,0.91678
877,0.0,8,1,0,0.916685
878,4.0,187,0,4,0.91659
879,0.0,61,1,0,0.9164950000000001
880,0.0,24,1,0,0.9164
881,0.0,40,1,0,0.916305
882,0.0,82,1,1,0.91621
883,1.0,76,1,1,0.916115
884,1.0,66,1,2,0.9160200000000001
885,0.0,25,1,0,0.915925
886,0.0,5,1,0,0.91583
887,0.0,43,1,0,0.915735
888,1.0,126,1,2,0.91564
889,0.0,15,1,0,0.915545
890,0.0,14,1,0,0.91545
891,0.0,36,1,0,0.915355
892,0.0,13,1,0,0.91526
893,0.0,4,1,0,0.915165
894,0.0,209,1,1,0.91507
895,0.0,45,1,0,0.914975
896,0.0,16,1,0,0.91488
897,0.0,34,1,0,0.914785
898,0.0,11,1,0,0.91469
899,0.0,7,1,0,0.914595
900,0.0,9,1,0,0.9145
901,0.0,10,1,0,0.914405
902,0.0,9,1,0,0.91431
903,0.0,5,1,0,0.914215
904,1.0,80,1,2,0.91412
905,0.0,7,1,0,0.914025
906,2.0,121,1,3,0.91393
907,0.0,33,1,1,0.913835
908,0.0,65,1,0,0.91374
909,0.0,19,1,0,0.913645
910,0.0,53,1,0,0.91355
911,1.0,90,1,2,0.913455
912,1.0,142,1,2,0.91336
913,1.0,63,1,2,0.913265
914,0.0,13,1,0,0.91317
915,0.0,11,1,0,0.913075
916,0.0,15,1,0,0.91298
917,0.0,17,1,0,0.912885
918,0.0,6,1,0,0.91279
919,0.0,9,1,0,0.912695
920,1.0,118,1,2,0.9126
921,0.0,16,1,0,0.912505
922,0.0,45,1,0,0.9124099999999999
923,0.0,28,1,0,0.912315
924,0.0,25,1,0,0.91222
925,0.0,7,1,0,0.912125
926,0.0,30,1,0,0.91203
927,0.0,27,1,0,0.9119349999999999
928,0.0,136,1,0,0.91184
929,0.0,77,1,1,0.911745
930,0.0,10,1,0,0.91165
931,0.0,129,1,1,0.911555
932,1.0,157,1,2,0.9114599999999999
933,0.0,14,1,0,0.911365
934,0.0,17,1,0,0.91127
935,0.0,10,1,0,0.911175
936,0.0,28,1,0,0.91108
937,0.0,25,1,0,0.910985
938,0.0,21,1,0,0.91089
939,0.0,64,1,0,0.910795
940,1.0,224,1,2,0.9107000000000001
941,0.0,8,1,0,0.910605
942,0.0,10,1,0,0.91051
943,0.0,22,1,0,0.910415
944,0.0,10,1,0,0.91032
945,0.0,20,1,0,0.9102250000000001
946,1.0,34,1,2,0.91013
947,4.0,308,0,4,0.910035
948,0.0,19,1,0,0.90994
949,0.0,79,1,0,0.909845
950,0.0,4,1,0,0.9097500000000001
951,0.0,3,1,0,0.909655
952,1.0,194,1,2,0.90956
953,0.0,52,1,0,0.909465
954,4.0,250,0,4,0.90937
955,0.0,25,1,0,0.909275
956,0.0,8,1,0,0.90918
957,0.0,40,1,0,0.909085
958,0.0,50,1,1,0.90899
959,0.0,33,1,0,0.908895
960,0.0,9,1,0,0.9088
961,0.0,15,1,0,0.908705
962,0.0,74,1,1,0.90861
963,0.0,42,1,1,0.908515
964,0.0,3,1,0,0.90842
965,0.0,129,1,0,0.908325
966,0.0,59,1,1,0.90823
967,0.0,128,1,0,0.908135
968,0.0,17,1,0,0.90804
969,0.0,79,1,1,0.907945
970,0.0,14,1,0,0.90785
971,0.0,5,1,0,0.907755
972,0.0,25,1,0,0.90766
973,0.0,16,1,0,0.907565
974,0.0,9,1,0,0.90747
975,0.0,5,1,0,0.907375
976,0.0,25,1,0,0.90728
977,0.0,63,1,0,0.907185
978,3.0,259,1,3,0.90709
979,1.0,102,1,2,0.906995
980,0.0,5,1,0,0.9069
981,0.0,46,1,0,0.906805
982,0.0,30,1,0,0.90671
983,0.0,24,1,0,0.906615
984,1.0,160,1,2,0.90652
985,0.0,9,1,0,0.906425
986,0.0,23,1,0,0.90633
987,1.0,128,1,2,0.906235
988,1.0,62,1,2,0.90614
989,1.0,272,1,2,0.906045
990,0.0,12,1,0,0.90595
991,1.0,68,1,2,0.905855
992,0.0,15,1,0,0.90576
993,0.0,8,1,0,0.905665
994,0.0,7,1,0,0.90557
995,0.0,13,1,0,0.905475
996,0.0,51,1,1,0.90538
997,0.0,11,1,0,0.905285
998,0.0,39,1,0,0.90519
999,0.0,27,1,0,0.905095
1000,1.0,145,1,2,0.905
1001,0.0,10,1,0,0.9049050000000001
1002,0.0,8,1,0,0.90481
1003,0.0,28,1,0,0.904715
1004,0.0,43,1,0,0.90462
1005,0.0,14,1,0,0.904525
1006,0.0,16,1,0,0.9044300000000001
1007,0.0,15,1,0,0.904335
1008,0.0,6,1,0,0.90424
1009,0.0,27,1,0,0.904145
1010,1.0,109,1,2,0.90405
1011,0.0,17,1,0,0.9039550000000001
1012,3.0,106,1,3,0.90386
1013,2.0,157,1,3,0.903765
1014,0.0,14,1,0,0.90367
1015,0.0,19,1,0,0.903575
1016,0.0,52,1,0,0.9034800000000001
1017,0.0,27,1,0,0.903385
1018,0.0,10,1,0,0.90329
1019,3.0,247,1,3,0.903195
1020,0.0,20,1,0,0.9031
1021,0.0,14,1,0,0.9030050000000001
1022,0.0,17,1,0,0.90291
1023,0.0,24,1,0,0.902815
1024,0.0,11,1,0,0.90272
1025,0.0,7,1,0,0.902625
1026,0.0,4,1,0,0.90253
1027,0.0,27,1,0,0.902435
1028,0.0,15,1,1,0.90234
1029,0.0,19,1,0,0.902245
1030,0.0,22,1,0,0.90215
1031,0.0,4,1,0,0.902055
1032,2.0,217,1,3,0.90196
1033,0.0,3,1,0,0.901865
1034,0.0,23,1,0,0.90177
1035,0.0,15,1,0,0.901675
1036,0.0,10,1,0,0.90158
1037,0.0,12,1,0,0.901485
1038,0.0,12,1,0,0.90139
1039,0.0,10,1,0,0.901295
1040,0.0,110,1,1,0.9012
1041,0.0,10,1,0,0.901105
1042,0.0,5,1,0,0.90101
1043,0.0,14,1,0,0.900915
1044,0.0,44,1,0,0.90082
1045,4.0,116,0,4,0.900725
1046,0.0,16,1,0,0.90063
1047,0.0,12,1,0,0.900535
1048,0.0,17,1,0,0.90044
1049,0.0,43,1,0,0.900345
1050,0.0,38,1,0,0.90025
1051,0.0,5,1,0,0.900155
1052,0.0,85,1,1,0.90006
1053,0.0,19,1,0,0.899965
1054,0.0,50,1,0,0.8998700000000001
1055,1.0,54,1,2,0.899775
1056,0.0,51,1,0,0.89968
1057,0.0,4,1,0,0.899585
1058,1.0,233,1,2,0.89949
1059,0.0,9,1,0,0.8993950000000001
1060,0.0,29,1,0,0.8993
1061,1.0,120,1,2,0.899205
1062,0.0,7,1,0,0.89911
1063,0.0,7,1,0,0.899015
1064,0.0,32,1,0,0.89892
1065,0.0,51,1,0,0.898825
1066,0.0,20,1,0,0.89873
1067,1.0,64,1,2,0.898635
1068,1.0,175,1,2,0.89854
1069,0.0,3,1,0,0.898445
1070,0.0,7,1,0,0.89835
1071,0.0,137,1,0,0.898255
1072,1.0,164,1,2,0.89816
1073,3.0,144,1,3,0.898065
1074,1.0,228,1,2,0.89797
1075,0.0,4,1,0,0.897875
1076,0.0,29,1,0,0.89778
1077,0.0,5,1,0,0.897685
1078,0.0,4,1,0,0.89759
1079,1.0,108,1,2,0.897495
1080,0.0,39,1,1,0.8974
1081,0.0,70,1,1,0.897305
1082,1.0,113,1,2,0.89721
1083,0.0,9,1,0,0.897115
1084,0.0,28,1,0,0.89702
1085,0.0,92,1,1,0.896925
1086,0.0,181,1,0,0.89683
1087,0.0,95,1,0,0.8967350000000001
1088,2.0,100,1,2,0.89664
1089,0.0,30,1,0,0.896545
1090,0.0,32,1,0,0.89645
1091,0.0,9,1,0,0.896355
1092,1.0,184,1,2,0.8962600000000001
1093,0.0,40,1,0,0.896165
1094,1.0,73,1,2,0.89607
1095,0.0,24,1,0,0.895975
1096,0.0,4,1,0,0.89588
1097,0.0,8,1,0,0.895785
1098,0.0,29,1,0,0.89569
1099,0.0,3,1,0,0.895595
1100,0.0,46,1,0,0.8955
1101,0.0,43,1,0,0.895405
1102,0.0,4,1,0,0.89531
1103,0.0,17,1,0,0.895215
1104,1.0,89,1,2,0.89512
1105,2.0,279,1,3,0.895025
1106,1.0,52,1,2,0.89493
1107,0.0,35,1,0,0.894835
1108,0.0,10,1,0,0.89474
1109,1.0,151,1,2,0.894645
1110,2.0,342,1,3,0.89455
1111,0.0,30,1,0,0.894455
1112,0.0,30,1,0,0.89436
1113,0.0,14,1,0,0.894265
1114,0.0,38,1,0,0.89417
1115,0.0,13,1,0,0.894075
1116,0.0,26,1,0,0.89398
1117,0.0,65,1,1,0.893885
1118,0.0,45,1,1,0.89379
1119,3.0,180,1,3,0.893695
1120,0.0,29,1,0,0.8936
1121,0.0,5,1,0,0.893505
1122,1.0,114,1,2,0.89341
1123,0.0,85,1,1,0.893315
1124,0.0,6,1,0,0.89322
1125,3.0,235,1,3,0.893125
1126,0.0,16,1,0,0.89303
1127,0.0,21,1,0,0.892935
1128,0.0,9,1,0,0.89284
1129,1.0,51,1,2,0.892745
1130,0.0,11,1,0,0.8926499999999999
1131,0.0,38,1,0,0.892555
1132,0.0,13,1,0,0.89246
1133,0.0,10,1,0,0.892365
1134,1.0,108,1,2,0.89227
1135,0.0,40,1,0,0.8921749999999999
1136,0.0,22,1,0,0.89208
1137,1.0,89,1,2,0.891985
1138,0.0,111,1,0,0.89189
1139,0.0,5,1,0,0.891795
1140,0.0,42,1,0,0.8917
1141,1.0,100,1,2,0.891605
1142,0.0,37,1,0,0.89151
1143,0.0,21,1,0,0.8914150000000001
1144,0.0,7,1,0,0.89132
1145,0.0,40,1,0,0.891225
1146,0.0,9,1,0,0.89113
1147,0.0,18,1,0,0.891035
1148,0.0,13,1,0,0.8909400000000001
1149,0.0,9,1,0,0.890845
1150,0.0,13,1,0,0.89075
1151,1.0,121,1,2,0.890655
1152,1.0,142,1,2,0.89056
1153,0.0,5,1,0,0.8904650000000001
1154,0.0,13,1,0,0.89037
1155,0.0,18,1,0,0.890275
1156,0.0,4,1,0,0.89018
1157,1.0,47,1,2,0.890085
1158,1.0,142,1,2,0.8899900000000001
1159,0.0,156,1,1,0.889895
1160,1.0,394,1,2,0.8898
1161,0.0,28,1,0,0.889705
1162,0.0,13,1,0,0.88961
1163,0.0,12,1,0,0.8895150000000001
1164,0.0,9,1,0,0.88942
1165,0.0,16,1,0,0.889325
1166,0.0,43,1,0,0.88923
1167,0.0,28,1,0,0.889135
1168,1.0,390,1,2,0.88904
1169,0.0,20,1,0,0.888945
1170,0.0,21,1,0,0.88885
1171,0.0,36,1,0,0.888755
1172,0.0,46,1,0,0.88866
1173,0.0,118,1,1,0.888565
1174,0.0,6,1,0,0.88847
1175,0.0,23,1,0,0.888375
1176,0.0,30,1,0,0.88828
1177,0.0,6,1,0,0.888185
1178,0.0,61,1,0,0.88809
1179,0.0,57,1,0,0.887995
1180,0.0,13,1,0,0.8879
1181,1.0,101,1,2,0.887805
1182,0.0,15,1,0,0.88771
1183,1.0,184,1,2,0.887615
1184,0.0,44,1,0,0.88752
1185,0.0,12,1,0,0.887425
1186,0.0,10,1,0,0.88733
1187,1.0,182,1,2,0.887235
1188,0.0,5,1,0,0.88714
1189,0.0,49,1,0,0.887045
1190,0.0,21,1,0,0.88695
1191,0.0,35,1,0,0.886855
1192,0.0,14,1,0,0.88676
1193,0.0,25,1,0,0.886665
1194,0.0,14,1,0,0.88657
1195,0.0,27,1,0,0.886475
1196,0.0,3,1,0,0.88638
1197,0.0,20,1,0,0.886285
1198,0.0,2,1,0,0.88619
1199,0.0,153,1,0,0.886095
1200,1.0,285,1,2,0.886
1201,0.0,23,1,0,0.885905
1202,0.0,14,1,0,0.88581
1203,0.0,6,1,0,0.885715
1204,0.0,39,1,0,0.8856200000000001
1205,0.0,6,1,0,0.885525
1206,0.0,7,1,0,0.88543
1207,0.0,3,1,0,0.885335
1208,0.0,44,1,1,0.88524
1209,0.0,40,1,0,0.8851450000000001
1210,0.0,6,1,0,0.88505
1211,0.0,19,1,0,0.884955
1212,0.0,6,1,0,0.88486
1213,0.0,15,1,0,0.884765
1214,0.0,43,1,0,0.8846700000000001
1215,0.0,8,1,0,0.884575
1216,0.0,6,1,0,0.88448
1217,0.0,10,1,0,0.884385
1218,0.0,14,1,0,0.88429
1219,4.0,160,0,4,0.8841950000000001
1220,4.0,143,0,4,0.8841
1221,0.0,37,1,0,0.884005
1222,0.0,10,1,0,0.88391
1223,0.0,18,1,0,0.883815
1224,0.0,4,1,0,0.8837200000000001
1225,0.0,6,1,0,0.883625
1226,3.0,390,1,3,0.88353
1227,0.0,8,1,0,0.883435
1228,0.0,25,1,0,0.88334
1229,0.0,5,1,0,0.8832450000000001
1230,0.0,7,1,0,0.88315
1231,0.0,25,1,0,0.883055
1232,3.0,153,1,3,0.88296
1233,0.0,38,1,0,0.882865
1234,0.0,46,1,0,0.88277
1235,0.0,48,1,0,0.882675
1236,0.0,14,1,0,0.88258
1237,0.0,7,1,0,0.882485
1238,0.0,6,1,0,0.88239
1239,0.0,55,1,0,0.882295
1240,0.0,10,1,0,0.8822
1241,0.0,69,1,1,0.882105
1242,0.0,38,1,0,0.88201
1243,1.0,305,1,2,0.881915
1244,0.0,6,1,0,0.88182
1245,2.0,92,1,3,0.881725
1246,1.0,168,1,2,0.88163
1247,0.0,3,1,0,0.881535
1248,0.0,35,1,1,0.88144
1249,0.0,29,1,0,0.881345
1250,0.0,18,1,0,0.88125
1251,0.0,23,1,0,0.881155
1252,0.0,5,1,0,0.88106
1253,4.0,250,0,4,0.880965
1254,0.0,6,1,0,0.88087
1255,0.0,22,1,0,0.880775
1256,3.0,143,1,3,0.88068
1257,1.0,137,1,2,0.880585
1258,1.0,57,1,2,0.88049
1259,0.0,99,1,1,0.880395
1260,0.0,73,1,0,0.8803
1261,0.0,4,1,0,0.880205
1262,0.0,113,1,1,0.88011
1263,1.0,90,1,2,0.880015
1264,0.0,7,1,0,0.87992
1265,0.0,18,1,0,0.879825
1266,0.0,9,1,0,0.87973
1267,0.0,28,1,0,0.879635
1268,0.0,7,1,0,0.87954
1269,0.0,35,1,0,0.879445
1270,1.0,315,1,2,0.87935
1271,0.0,3,1,0,0.879255
1272,1.0,277,1,1,0.8791599999999999
1273,2.0,105,1,3,0.879065
1274,0.0,21,1,0,0.87897
1275,1.0,211,1,2,0.878875
1276,0.0,134,1,1,0.87878
1277,0.0,5,1,0,0.8786849999999999
1278,3.0,118,1,3,0.87859
1279,3.0,333,1,3,0.878495
1280,0.0,3,1,0,0.8784
1281,0.0,13,1,0,0.878305
1282,0.0,5,1,0,0.87821
1283,0.0,13,1,0,0.878115
1284,0.0,5,1,0,0.87802
1285,0.0,7,1,0,0.877925
1286,0.0,41,1,0,0.87783
1287,0.0,53,1,1,0.877735
1288,0.0,31,1,0,0.87764
1289,0.0,36,1,0,0.877545
1290,1.0,67,1,2,0.8774500000000001
1291,0.0,64,1,0,0.877355
1292,0.0,10,1,0,0.87726
1293,0.0,43,1,1,0.877165
1294,0.0,30,1,0,0.87707
1295,0.0,27,1,0,0.8769750000000001
1296,0.0,4,1,0,0.87688
1297,0.0,52,1,0,0.876785
1298,1.0,80,1,2,0.87669
1299,1.0,62,1,2,0.876595
1300,0.0,18,1,0,0.8765000000000001
1301,0.0,5,1,0,0.876405
1302,0.0,18,1,0,0.87631
1303,3.0,116,1,3,0.876215
1304,1.0,41,1,2,0.87612
1305,0.0,17,1,0,0.876025
1306,0.0,90,1,1,0.87593
1307,0.0,29,1,1,0.875835
1308,0.0,9,1,0,0.87574
1309,0.0,7,1,0,0.875645
1310,0.0,34,1,0,0.87555
1311,1.0,45,1,1,0.875455
1312,0.0,5,1,0,0.87536
1313,0.0,13,1,0,0.875265
1314,1.0,112,1,2,0.87517
1315,0.0,2,1,0,0.875075
1316,0.0,23,1,0,0.87498
1317,2.0,194,1,3,0.874885
1318,1.0,129,1,2,0.87479
1319,1.0,202,1,2,0.874695
1320,0.0,10,1,0,0.8746
1321,0.0,32,1,0,0.874505
1322,0.0,6,1,0,0.87441
1323,1.0,304,1,2,0.874315
1324,0.0,10,1,0,0.87422
1325,1.0,221,1,2,0.874125
1326,0.0,27,1,0,0.87403
1327,0.0,11,1,0,0.873935
1328,0.0,9,1,0,0.87384
1329,0.0,12,1,0,0.873745
1330,0.0,32,1,1,0.87365
1331,1.0,200,1,2,0.873555
1332,0.0,28,1,0,0.87346
1333,0.0,76,1,0,0.873365
1334,3.0,288,1,3,0.87327
1335,1.0,158,1,2,0.873175
1336,0.0,4,1,0,0.8730800000000001
1337,0.0,8,1,0,0.872985
1338,0.0,7,1,0,0.8728899999999999
1339,0.0,15,1,0,0.872795
1340,3.0,271,1,3,0.8727
1341,4.0,281,0,4,0.8726050000000001
1342,0.0,7,1,0,0.87251
1343,0.0,8,1,0,0.8724149999999999
1344,0.0,11,1,0,0.87232
1345,0.0,26,1,0,0.872225
1346,0.0,41,1,0,0.8721300000000001
1347,0.0,12,1,0,0.872035
1348,0.0,9,1,0,0.8719399999999999
1349,0.0,20,1,0,0.871845
1350,0.0,6,1,0,0.87175
1351,1.0,45,1,2,0.8716550000000001
1352,0.0,5,1,0,0.87156
1353,0.0,8,1,0,0.8714649999999999
1354,0.0,74,1,0,0.87137
1355,0.0,25,1,0,0.871275
1356,0.0,30,1,0,0.8711800000000001
1357,0.0,8,1,0,0.871085
1358,0.0,86,1,0,0.87099
1359,0.0,19,1,0,0.870895
1360,0.0,6,1,0,0.8708
1361,2.0,134,1,3,0.8707050000000001
1362,1.0,116,1,2,0.87061
1363,0.0,77,1,0,0.870515
1364,0.0,22,1,0,0.87042
1365,0.0,11,1,0,0.870325
1366,0.0,4,1,0,0.8702300000000001
1367,2.0,128,1,3,0.870135
1368,0.0,19,1,0,0.87004
1369,0.0,9,1,0,0.869945
1370,1.0,209,1,2,0.86985
1371,1.0,185,1,2,0.8697550000000001
1372,0.0,6,1,0,0.86966
1373,4.0,230,0,4,0.869565
1374,1.0,143,1,2,0.86947
1375,0.0,22,1,0,0.869375
1376,1.0,210,1,2,0.86928
1377,0.0,24,1,0,0.869185
1378,0.0,68,1,0,0.86909
1379,1.0,95,1,2,0.868995
1380,0.0,43,1,1,0.8689
1381,3.0,400,0,3,0.868805
1382,1.0,103,1,2,0.86871
1383,0.0,6,1,0,0.868615
1384,0.0,36,1,1,0.86852
1385,0.0,8,1,0,0.868425
1386,2.0,169,1,3,0.86833
1387,0.0,15,1,0,0.868235
1388,0.0,38,1,0,0.86814
1389,1.0,232,1,2,0.868045
1390,0.0,4,1,0,0.86795
1391,0.0,4,1,0,0.867855
1392,0.0,82,1,0,0.86776
1393,0.0,14,1,0,0.867665
1394,0.0,7,1,0,0.86757
1395,0.0,4,1,0,0.867475
1396,0.0,3,1,0,0.86738
1397,0.0,31,1,0,0.8672850000000001
1398,1.0,143,1,2,0.86719
1399,0.0,14,1,0,0.867095
1400,0.0,61,1,0,0.867
1401,0.0,3,1,0,0.866905
1402,0.0,3,1,0,0.8668100000000001
1403,0.0,5,1,0,0.866715
1404,1.0,52,1,2,0.86662
1405,0.0,9,1,0,0.866525
1406,0.0,10,1,0,0.86643
1407,0.0,21,1,0,0.8663350000000001
1408,0.0,10,1,0,0.86624
1409,1.0,135,1,2,0.8661449999999999
1410,0.0,11,1,0,0.86605
1411,0.0,22,1,0,0.865955
1412,0.0,10,1,0,0.8658600000000001
1413,0.0,12,1,0,0.865765
1414,4.0,200,0,4,0.8656699999999999
1415,0.0,31,1,0,0.865575
1416,0.0,5,1,0,0.86548
1417,0.0,11,1,0,0.8653850000000001
1418,0.0,44,1,0,0.86529
1419,4.0,189,0,4,0.865195
1420,0.0,38,1,0,0.8651
1421,0.0,3,1,0,0.865005
1422,1.0,90,1,2,0.8649100000000001
1423,0.0,10,1,0,0.864815
1424,0.0,15,1,0,0.86472
1425,0.0,6,1,0,0.864625
1426,0.0,14,1,0,0.86453
1427,2.0,186,1,3,0.8644350000000001
1428,0.0,23,1,0,0.86434
1429,0.0,18,1,0,0.864245
1430,0.0,7,1,0,0.86415
1431,0.0,37,1,0,0.864055
1432,4.0,321,0,4,0.8639600000000001
1433,1.0,137,1,2,0.863865
1434,1.0,204,1,2,0.86377
1435,0.0,6,1,0,0.863675
1436,0.0,35,1,0,0.86358
1437,1.0,74,1,2,0.8634850000000001
1438,0.0,12,1,0,0.86339
1439,3.0,227,1,3,0.863295
1440,0.0,13,1,0,0.8632
1441,0.0,81,1,1,0.863105
1442,0.0,16,1,0,0.86301
1443,0.0,10,1,0,0.862915
1444,0.0,4,1,0,0.86282
1445,0.0,4,1,0,0.862725
1446,0.0,4,1,0,0.86263
1447,0.0,8,1,0,0.862535
1448,0.0,8,1,0,0.86244
1449,0.0,68,1,0,0.862345
1450,0.0,3,1,0,0.86225
1451,0.0,9,1,0,0.862155
1452,3.0,254,1,3,0.86206
1453,4.0,264,0,4,0.861965
1454,0.0,13,1,0,0.86187
1455,0.0,17,1,0,0.861775
1456,0.0,48,1,0,0.86168
1457,0.0,22,1,0,0.861585
1458,1.0,39,1,2,0.86149
1459,1.0,32,1,2,0.861395
1460,1.0,91,1,2,0.8613
1461,0.0,6,1,0,0.861205
1462,0.0,88,1,0,0.86111
1463,2.0,74,1,3,0.861015
1464,0.0,11,1,0,0.86092
1465,0.0,5,1,0,0.860825
1466,2.0,130,1,3,0.86073
1467,0.0,137,1,1,0.860635
1468,0.0,9,1,0,0.86054
1469,1.0,96,1,2,0.860445
1470,0.0,7,1,0,0.86035
1471,0.0,58,1,1,0.860255
1472,0.0,39,1,0,0.86016
1473,0.0,5,1,0,0.8600650000000001
1474,1.0,168,1,2,0.85997
1475,0.0,17,1,0,0.859875
1476,0.0,12,1,0,0.85978
1477,1.0,57,1,2,0.859685
1478,1.0,106,1,2,0.8595900000000001
1479,1.0,119,1,2,0.859495
1480,0.0,24,1,0,0.8594
1481,0.0,25,1,0,0.859305
1482,0.0,4,1,0,0.85921
1483,1.0,95,1,2,0.8591150000000001
1484,0.0,11,1,0,0.85902
1485,0.0,14,1,0,0.858925
1486,0.0,18,1,0,0.85883
1487,4.0,223,0,4,0.858735
1488,0.0,15,1,0,0.8586400000000001
1489,0.0,13,1,0,0.858545
1490,0.0,8,1,0,0.85845
1491,0.0,47,1,1,0.858355
1492,0.0,25,1,0,0.85826
1493,0.0,75,1,1,0.8581650000000001
1494,4.0,300,0,4,0.85807
1495,0.0,17,1,0,0.857975
1496,0.0,23,1,0,0.85788
1497,0.0,85,1,0,0.857785
1498,0.0,43,1,0,0.8576900000000001
1499,0.0,8,1,0,0.857595
1500,0.0,17,1,0,0.8575
1501,0.0,23,1,0,0.857405
1502,0.0,31,1,0,0.85731
1503,0.0,6,1,0,0.8572150000000001
1504,3.0,254,1,3,0.85712
1505,0.0,30,1,0,0.857025
1506,2.0,254,1,3,0.85693
1507,0.0,71,1,1,0.856835
1508,0.0,75,1,0,0.8567400000000001
1509,0.0,28,1,0,0.856645
1510,2.0,72,1,3,0.85655
1511,1.0,182,1,2,0.856455
1512,4.0,106,0,4,0.85636
1513,4.0,167,0,4,0.856265
1514,0.0,5,1,0,0.85617
1515,0.0,22,1,0,0.856075
1516,2.0,192,1,3,0.85598
1517,0.0,14,1,0,0.855885
1518,0.0,10,1,0,0.85579
1519,1.0,334,1,2,0.855695
1520,1.0,104,1,2,0.8556
1521,0.0,64,1,1,0.855505
1522,0.0,24,1,0,0.85541
1523,0.0,79,1,0,0.855315
1524,0.0,17,1,0,0.85522
1525,0.0,2,1,0,0.855125
1526,0.0,20,1,0,0.85503
1527,1.0,104,1,2,0.854935
1528,1.0,98,1,2,0.85484
1529,0.0,7,1,0,0.854745
1530,0.0,21,1,0,0.85465
1531,0.0,12,1,0,0.854555
1532,0.0,8,1,0,0.85446
1533,0.0,8,1,0,0.854365
1534,0.0,20,1,0,0.85427
1535,3.0,157,1,3,0.854175
1536,0.0,13,1,0,0.85408
1537,0.0,109,1,0,0.853985
1538,0.0,5,1,0,0.85389
1539,0.0,7,1,0,0.853795
1540,0.0,22,1,0,0.8537
1541,0.0,10,1,0,0.8536050000000001
1542,0.0,17,1,0,0.85351
1543,0.0,10,1,0,0.853415
1544,0.0,10,1,0,0.85332
1545,2.0,176,1,3,0.853225
1546,0.0,27,1,0,0.85313
1547,0.0,17,1,0,0.853035
1548,1.0,98,1,2,0.85294
1549,0.0,36,1,0,0.852845
1550,0.0,7,1,0,0.85275
1551,0.0,10,1,0,0.852655
1552,2.0,103,1,3,0.85256
1553,2.0,274,1,3,0.852465
1554,0.0,21,1,0,0.85237
1555,4.0,189,0,4,0.852275
1556,0.0,41,1,0,0.85218
1557,0.0,4,1,0,0.852085
1558,4.0,151,0,4,0.85199
1559,0.0,16,1,0,0.851895
1560,0.0,24,1,0,0.8518
1561,0.0,37,1,0,0.851705
1562,0.0,8,1,0,0.85161
1563,0.0,11,1,0,0.851515
1564,3.0,184,1,3,0.8514200000000001
1565,0.0,67,1,0,0.851325
1566,0.0,18,1,0,0.85123
1567,0.0,36,1,0,0.851135
1568,1.0,40,1,2,0.85104
1569,4.0,178,0,4,0.8509450000000001
1570,0.0,37,1,0,0.85085
1571,0.0,50,1,1,0.850755
1572,0.0,16,1,0,0.85066
1573,0.0,30,1,1,0.850565
1574,0.0,27,1,0,0.8504700000000001
1575,0.0,37,1,0,0.850375
1576,0.0,28,1,0,0.85028
1577,0.0,5,1,0,0.850185
1578,0.0,28,1,0,0.85009
1579,1.0,236,1,2,0.8499950000000001
1580,1.0,126,1,2,0.8499
1581,1.0,48,1,2,0.849805
1582,0.0,11,1,0,0.84971
1583,0.0,35,1,0,0.849615
1584,0.0,31,1,0,0.84952
1585,0.0,18,1,0,0.849425
1586,0.0,9,1,0,0.84933
1587,4.0,221,0,4,0.849235
1588,0.0,30,1,0,0.84914
1589,0.0,17,1,0,0.849045
1590,1.0,142,1,2,0.84895
1591,1.0,162,1,2,0.848855
1592,0.0,12,1,0,0.84876
1593,4.0,227,0,4,0.848665
1594,0.0,12,1,0,0.84857
1595,0.0,6,1,0,0.848475
1596,0.0,11,1,0,0.84838
1597,1.0,71,1,2,0.848285
1598,1.0,95,1,2,0.84819
1599,0.0,21,1,0,0.848095
1600,0.0,16,1,0,0.848
1601,0.0,5,1,0,0.847905
1602,0.0,4,1,0,0.84781
1603,0.0,7,1,0,0.847715
1604,3.0,251,1,3,0.84762
1605,0.0,6,1,0,0.847525
1606,0.0,11,1,0,0.84743
1607,0.0,25,1,0,0.847335
1608,0.0,40,1,0,0.84724
1609,1.0,145,1,2,0.847145
1610,0.0,5,1,0,0.84705
1611,0.0,7,1,0,0.846955
1612,1.0,189,1,1,0.84686
1613,0.0,5,1,0,0.846765
1614,1.0,54,1,2,0.84667
1615,1.0,50,1,2,0.846575
1616,0.0,9,1,0,0.84648
1617,0.0,10,1,0,0.8463849999999999
1618,0.0,8,1,0,0.84629
1619,0.0,9,1,0,0.846195
1620,0.0,8,1,0,0.8461
1621,1.0,135,1,2,0.846005
1622,0.0,5,1,0,0.8459099999999999
1623,0.0,125,1,0,0.845815
1624,0.0,5,1,0,0.84572
1625,3.0,156,1,3,0.8456250000000001
1626,0.0,26,1,0,0.84553
1627,0.0,4,1,0,0.8454349999999999
1628,0.0,100,1,1,0.84534
1629,0.0,4,1,0,0.845245
1630,0.0,7,1,0,0.8451500000000001
1631,3.0,161,1,3,0.845055
1632,0.0,9,1,0,0.8449599999999999
1633,0.0,23,1,0,0.844865
1634,3.0,133,1,3,0.84477
1635,0.0,10,1,0,0.8446750000000001
1636,0.0,41,1,1,0.84458
1637,0.0,33,1,0,0.8444849999999999
1638,4.0,324,0,4,0.84439
1639,1.0,70,1,2,0.844295
1640,0.0,37,1,0,0.8442000000000001
1641,4.0,182,0,4,0.844105
1642,0.0,23,1,0,0.8440099999999999
1643,0.0,25,1,1,0.843915
1644,0.0,11,1,0,0.84382
1645,0.0,4,1,0,0.8437250000000001
1646,0.0,48,1,0,0.84363
1647,0.0,17,1,0,0.843535
1648,0.0,8,1,0,0.84344
1649,0.0,22,1,0,0.843345
1650,0.0,18,1,0,0.84325
1651,3.0,93,1,3,0.843155
1652,3.0,219,1,3,0.84306
1653,3.0,111,1,3,0.842965
1654,0.0,14,1,0,0.84287
1655,3.0,207,1,3,0.842775
1656,0.0,35,1,1,0.84268
1657,1.0,133,1,2,0.842585
1658,0.0,2,1,0,0.84249
1659,0.0,7,1,0,0.842395
1660,1.0,175,1,2,0.8423
1661,0.0,5,1,0,0.842205
1662,0.0,6,1,0,0.84211
1663,0.0,23,1,0,0.842015
1664,1.0,162,1,2,0.84192
1665,1.0,89,1,2,0.841825
1666,0.0,6,1,0,0.84173
1667,0.0,37,1,1,0.841635
1668,0.0,7,1,0,0.84154
1669,0.0,7,1,0,0.841445
1670,3.0,155,1,3,0.84135
1671,0.0,17,1,0,0.841255
1672,0.0,24,1,0,0.84116
1673,4.0,208,0,4,0.841065
1674,3.0,257,1,3,0.84097
1675,0.0,5,1,0,0.840875
1676,0.0,34,1,0,0.84078
1677,0.0,16,1,0,0.840685
1678,1.0,76,1,2,0.84059
1679,0.0,17,1,0,0.840495
1680,1.0,33,1,2,0.8404
1681,0.0,14,1,0,0.840305
1682,1.0,70,1,2,0.84021
1683,0.0,53,1,1,0.840115
1684,0.0,25,1,0,0.84002
1685,1.0,55,1,2,0.839925
1686,0.0,14,1,0,0.8398300000000001
1687,0.0,11,1,0,0.839735
1688,0.0,8,1,0,0.8396399999999999
1689,1.0,39,1,2,0.839545
1690,0.0,8,1,0,0.83945
1691,0.0,53,1,0,0.8393550000000001
1692,1.0,147,1,2,0.83926
1693,0.0,4,1,0,0.8391649999999999
1694,0.0,5,1,0,0.83907
1695,0.0,12,1,0,0.838975
1696,0.0,8,1,0,0.8388800000000001
1697,0.0,22,1,0,0.838785
1698,0.0,66,1,0,0.8386899999999999
1699,1.0,182,1,2,0.838595
1700,2.0,121,1,3,0.8385
1701,1.0,62,1,2,0.8384050000000001
1702,1.0,308,1,2,0.83831
1703,1.0,78,1,2,0.8382149999999999
1704,0.0,26,1,0,0.83812
1705,0.0,30,1,0,0.838025
1706,0.0,28,1,0,0.8379300000000001
1707,0.0,6,1,0,0.837835
1708,0.0,3,1,0,0.83774
1709,3.0,193,1,3,0.837645
1710,1.0,163,1,2,0.83755
1711,1.0,129,1,2,0.8374550000000001
1712,0.0,7,1,0,0.83736
1713,1.0,93,1,2,0.837265
1714,0.0,4,1,0,0.83717
1715,0.0,14,1,0,0.837075
1716,0.0,24,1,0,0.8369800000000001
1717,4.0,168,0,4,0.836885
1718,0.0,27,1,0,0.83679
1719,0.0,71,1,1,0.836695
1720,1.0,41,1,2,0.8366
1721,0.0,7,1,0,0.836505
1722,1.0,51,1,2,0.83641
1723,1.0,64,1,2,0.836315
1724,0.0,37,1,0,0.83622
1725,0.0,15,1,0,0.836125
1726,4.0,135,0,4,0.83603
1727,0.0,34,1,1,0.835935
1728,0.0,19,1,0,0.83584
1729,0.0,6,1,0,0.835745
1730,0.0,34,1,1,0.83565
1731,0.0,17,1,0,0.835555
1732,2.0,139,1,3,0.83546
1733,0.0,57,1,1,0.835365
1734,0.0,11,1,0,0.83527
1735,0.0,16,1,0,0.835175
1736,2.0,251,1,3,0.83508
1737,4.0,227,0,4,0.834985
1738,0.0,4,1,0,0.83489
1739,0.0,12,1,0,0.834795
1740,1.0,210,1,2,0.8347
1741,3.0,173,1,3,0.834605
1742,1.0,87,1,2,0.83451
1743,1.0,135,1,2,0.834415
1744,1.0,178,1,2,0.83432
1745,4.0,76,0,4,0.834225
1746,1.0,125,1,2,0.83413
1747,2.0,138,1,3,0.8340350000000001
1748,3.0,160,1,3,0.83394
1749,0.0,6,1,0,0.833845
1750,0.0,13,1,0,0.83375
1751,0.0,7,1,0,0.833655
1752,0.0,32,1,0,0.8335600000000001
1753,0.0,25,1,0,0.833465
1754,0.0,4,1,0,0.8333699999999999
1755,0.0,16,1,0,0.833275
1756,0.0,20,1,0,0.83318
1757,1.0,214,1,2,0.8330850000000001
1758,0.0,5,1,0,0.83299
1759,0.0,43,1,0,0.8328949999999999
1760,1.0,29,1,2,0.8328
1761,1.0,113,1,2,0.832705
1762,0.0,28,1,0,0.8326100000000001
1763,0.0,20,1,1,0.832515
1764,0.0,7,1,0,0.8324199999999999
1765,0.0,18,1,0,0.832325
1766,0.0,15,1,0,0.83223
1767,0.0,40,1,0,0.8321350000000001
1768,0.0,5,1,0,0.83204
1769,0.0,6,1,0,0.831945
1770,1.0,58,1,2,0.83185
1771,0.0,12,1,0,0.831755
1772,0.0,25,1,0,0.8316600000000001
1773,1.0,84,1,2,0.831565
1774,0.0,73,1,1,0.83147
1775,0.0,31,1,0,0.831375
1776,0.0,6,1,0,0.83128
1777,0.0,4,1,0,0.8311850000000001
1778,1.0,90,1,2,0.83109
1779,0.0,10,1,0,0.830995
1780,4.0,170,0,4,0.8309
1781,1.0,52,1,2,0.830805
1782,0.0,7,1,0,0.8307100000000001
1783,0.0,21,1,0,0.830615
1784,0.0,4,1,0,0.83052
1785,1.0,33,1,1,0.830425
1786,0.0,5,1,0,0.83033
1787,3.0,66,1,3,0.8302350000000001
1788,0.0,40,1,0,0.83014
1789,0.0,18,1,0,0.830045
1790,0.0,10,1,0,0.82995
1791,4.0,202,0,4,0.829855
1792,1.0,205,1,2,0.82976
1793,0.0,8,1,0,0.829665
1794,0.0,41,1,0,0.82957
1795,1.0,99,1,2,0.829475
1796,0.0,13,1,0,0.82938
1797,0.0,2,1,0,0.829285
1798,3.0,103,1,3,0.82919
1799,3.0,222,1,3,0.829095
1800,0.0,101,1,0,0.829
1801,0.0,80,1,0,0.828905
1802,0.0,16,1,0,0.82881
1803,0.0,7,1,0,0.828715
1804,1.0,217,1,2,0.82862
1805,0.0,12,1,0,0.828525
1806,0.0,35,1,0,0.82843
1807,1.0,50,1,2,0.828335
1808,0.0,33,1,0,0.8282400000000001
1809,4.0,176,0,4,0.828145
1810,3.0,186,1,3,0.82805
1811,0.0,22,1,0,0.827955
1812,1.0,52,1,2,0.82786
1813,0.0,25,1,1,0.8277650000000001
1814,0.0,16,1,0,0.82767
1815,0.0,33,1,0,0.827575
1816,3.0,73,1,3,0.82748
1817,0.0,25,1,0,0.827385
1818,1.0,31,1,2,0.8272900000000001
1819,0.0,26,1,0,0.827195
1820,0.0,29,1,0,0.8271
1821,0.0,5,1,0,0.827005
1822,1.0,249,1,2,0.82691
1823,4.0,157,0,4,0.8268150000000001
1824,0.0,9,1,0,0.82672
1825,0.0,40,1,0,0.8266249999999999
1826,0.0,29,1,1,0.82653
1827,0.0,40,1,1,0.826435
1828,1.0,107,1,2,0.8263400000000001
1829,0.0,25,1,0,0.826245
1830,0.0,58,1,0,0.82615
1831,2.0,241,1,3,0.826055
1832,0.0,5,1,0,0.82596
1833,0.0,22,1,0,0.8258650000000001
1834,0.0,48,1,0,0.82577
1835,1.0,51,1,2,0.825675
1836,0.0,31,1,0,0.82558
1837,0.0,7,1,0,0.825485
1838,1.0,31,1,2,0.8253900000000001
1839,0.0,28,1,0,0.825295
1840,0.0,4,1,0,0.8252
1841,0.0,20,1,0,0.825105
1842,2.0,149,1,3,0.82501
1843,0.0,15,1,0,0.8249150000000001
1844,0.0,12,1,0,0.82482
1845,0.0,8,1,0,0.824725
1846,0.0,7,1,0,0.82463
1847,1.0,194,1,2,0.824535
1848,0.0,10,1,0,0.8244400000000001
1849,0.0,10,1,0,0.824345
1850,0.0,29,1,0,0.82425
1851,4.0,239,0,4,0.824155
1852,0.0,5,1,0,0.82406
1853,0.0,3,1,0,0.8239650000000001
1854,0.0,13,1,0,0.82387
1855,3.0,130,1,3,0.823775
1856,0.0,5,1,0,0.82368
1857,0.0,56,1,0,0.823585
1858,0.0,6,1,0,0.82349
1859,0.0,14,1,0,0.823395
1860,1.0,28,1,2,0.8233
1861,0.0,9,1,0,0.823205
1862,0.0,7,1,0,0.82311
1863,0.0,15,1,0,0.823015
1864,1.0,66,1,2,0.82292
1865,0.0,6,1,0,0.822825
1866,0.0,37,1,0,0.82273
1867,3.0,224,1,3,0.822635
1868,1.0,134,1,2,0.82254
1869,0.0,12,1,0,0.822445
1870,0.0,4,1,0,0.82235
1871,0.0,3,1,0,0.822255
1872,1.0,25,1,2,0.82216
1873,0.0,7,1,0,0.822065
1874,0.0,5,1,0,0.82197
1875,1.0,208,1,2,0.821875
1876,3.0,153,1,3,0.82178
1877,2.0,135,1,3,0.821685
1878,0.0,13,1,0,0.82159
1879,0.0,7,1,0,0.821495
1880,1.0,77,1,2,0.8214
1881,0.0,35,1,0,0.821305
1882,0.0,19,1,0,0.82121
1883,2.0,81,1,3,0.821115
1884,2.0,117,1,3,0.82102
1885,1.0,36,1,2,0.820925
1886,4.0,211,0,4,0.8208300000000001
1887,0.0,10,1,0,0.820735
1888,0.0,42,1,0,0.82064
1889,0.0,11,1,0,0.820545
1890,0.0,13,1,0,0.82045
1891,0.0,28,1,0,0.8203550000000001
1892,0.0,35,1,0,0.82026
1893,0.0,9,1,0,0.820165
1894,3.0,201,1,3,0.82007
1895,0.0,22,1,0,0.819975
1896,0.0,9,1,0,0.81988
1897,1.0,88,1,2,0.819785
1898,4.0,164,0,4,0.81969
1899,1.0,91,1,2,0.819595
1900,1.0,66,1,2,0.8195
1901,1.0,54,1,2,0.819405
1902,1.0,110,1,2,0.81931
1903,0.0,11,1,0,0.819215
1904,1.0,93,1,2,0.81912
1905,1.0,54,1,2,0.819025
1906,0.0,68,1,1,0.81893
1907,0.0,3,1,0,0.818835
1908,0.0,40,1,0,0.81874
1909,0.0,36,1,1,0.8186450000000001
1910,3.0,155,1,3,0.81855
1911,2.0,248,1,3,0.818455
1912,0.0,17,1,0,0.81836
1913,2.0,71,1,3,0.818265
1914,0.0,12,1,0,0.8181700000000001
1915,3.0,158,1,3,0.818075
1916,3.0,67,1,3,0.81798
1917,0.0,13,1,0,0.817885
1918,0.0,7,1,0,0.81779
1919,1.0,93,1,2,0.8176950000000001
1920,0.0,136,1,0,0.8176
1921,0.0,7,1,0,0.817505
1922,4.0,151,0,4,0.81741
1923,0.0,18,1,0,0.817315
1924,4.0,157,0,4,0.8172200000000001
1925,0.0,27,1,1,0.817125
1926,1.0,87,1,2,0.81703
1927,0.0,3,1,0,0.816935
1928,3.0,152,1,3,0.81684
1929,4.0,230,0,4,0.816745
1930,0.0,6,1,0,0.81665
1931,0.0,15,1,0,0.816555
1932,0.0,15,1,1,0.81646
1933,0.0,62,1,0,0.816365
1934,0.0,5,1,0,0.81627
1935,0.0,14,1,0,0.816175
1936,1.0,165,1,2,0.81608
1937,1.0,66,1,2,0.815985
1938,0.0,18,1,0,0.81589
1939,0.0,18,1,0,0.815795
1940,1.0,130,1,2,0.8157
1941,1.0,132,1,2,0.815605
1942,0.0,58,1,0,0.81551
1943,3.0,163,1,3,0.815415
1944,1.0,69,1,2,0.81532
1945,0.0,10,1,0,0.815225
1946,0.0,49,1,0,0.81513
1947,0.0,21,1,0,0.815035
1948,3.0,211,1,3,0.81494
1949,0.0,38,1,0,0.814845
1950,1.0,105,1,2,0.81475
1951,0.0,72,1,1,0.814655
1952,0.0,9,1,0,0.81456
1953,0.0,48,1,0,0.814465
1954,3.0,191,1,3,0.81437
1955,1.0,201,1,2,0.814275
1956,1.0,53,1,2,0.81418
1957,0.0,25,1,0,0.814085
1958,0.0,75,1,1,0.81399
1959,3.0,203,1,3,0.813895
1960,4.0,82,0,4,0.8138
1961,0.0,11,1,0,0.813705
1962,0.0,21,1,0,0.8136099999999999
1963,0.0,20,1,0,0.813515
1964,0.0,37,1,0,0.81342
1965,4.0,127,0,4,0.813325
1966,1.0,161,1,2,0.81323
1967,0.0,14,1,0,0.8131349999999999
1968,0.0,4,1,0,0.81304
1969,1.0,86,1,2,0.812945
1970,0.0,5,1,0,0.81285
1971,1.0,70,1,2,0.812755
1972,3.0,277,1,3,0.81266
1973,1.0,43,1,2,0.812565
1974,0.0,29,1,0,0.81247
1975,1.0,146,1,2,0.8123750000000001
1976,0.0,5,1,0,0.81228
1977,0.0,38,1,0,0.812185
1978,0.0,5,1,0,0.81209
1979,1.0,107,1,1,0.811995
1980,0.0,7,1,0,0.8119000000000001
1981,0.0,19,1,0,0.811805
1982,0.0,19,1,1,0.81171
1983,4.0,201,0,4,0.811615
1984,4.0,111,0,4,0.81152
1985,3.0,151,1,3,0.8114250000000001
1986,0.0,14,1,0,0.81133
1987,0.0,22,1,0,0.811235
1988,0.0,3,1,0,0.81114
1989,1.0,68,1,2,0.811045
1990,0.0,19,1,0,0.8109500000000001
1991,1.0,116,1,2,0.810855
1992,0.0,6,1,0,0.81076
1993,1.0,176,1,2,0.810665
1994,3.0,117,1,3,0.81057
1995,0.0,6,1,0,0.8104750000000001
1996,0.0,6,1,0,0.81038
1997,3.0,400,0,3,0.810285
1998,0.0,7,1,0,0.81019
1999,0.0,10,1,0,0.810095
2000,1.0,40,1,2,0.81
2001,0.0,18,1,0,0.809905
2002,0.0,9,1,0,0.80981
2003,0.0,27,1,0,0.809715
2004,0.0,13,1,0,0.80962
2005,0.0,19,1,0,0.809525
2006,1.0,34,1,2,0.80943
2007,3.0,103,1,3,0.809335
2008,1.0,41,1,2,0.80924
2009,0.0,29,1,0,0.809145
2010,0.0,12,1,0,0.80905
2011,1.0,56,1,2,0.808955
2012,0.0,36,1,0,0.80886
2013,0.0,18,1,0,0.808765
2014,0.0,19,1,0,0.80867
2015,0.0,11,1,0,0.808575
2016,0.0,5,1,0,0.80848
2017,3.0,141,1,3,0.808385
2018,0.0,4,1,0,0.80829
2019,0.0,39,1,0,0.808195
2020,0.0,9,1,0,0.8081
2021,1.0,67,1,2,0.808005
2022,1.0,83,1,2,0.80791
2023,1.0,84,1,2,0.807815
2024,1.0,157,1,2,0.80772
2025,0.0,33,1,0,0.807625
2026,0.0,10,1,0,0.80753
2027,0.0,4,1,0,0.807435
2028,0.0,38,1,0,0.80734
2029,1.0,62,1,2,0.807245
2030,0.0,20,1,0,0.80715
2031,0.0,100,1,0,0.807055
2032,0.0,79,1,1,0.80696
2033,1.0,138,1,2,0.8068649999999999
2034,1.0,240,1,2,0.80677
2035,0.0,16,1,0,0.806675
2036,0.0,26,1,0,0.8065800000000001
2037,0.0,12,1,0,0.806485
2038,1.0,50,1,2,0.8063899999999999
2039,0.0,4,1,0,0.806295
2040,1.0,128,1,2,0.8062
2041,0.0,20,1,0,0.8061050000000001
2042,1.0,118,1,2,0.80601
2043,0.0,17,1,0,0.8059149999999999
2044,3.0,107,1,3,0.80582
2045,3.0,240,1,3,0.805725
2046,1.0,58,1,1,0.8056300000000001
2047,1.0,36,1,2,0.805535
2048,1.0,97,1,2,0.8054399999999999
2049,1.0,75,1,2,0.805345
2050,3.0,99,1,3,0.80525
2051,0.0,21,1,1,0.8051550000000001
2052,1.0,52,1,2,0.80506
2053,4.0,182,0,4,0.8049649999999999
2054,0.0,36,1,0,0.80487
2055,0.0,36,1,0,0.804775
2056,0.0,7,1,0,0.8046800000000001
2057,1.0,79,1,2,0.804585
2058,0.0,16,1,1,0.80449
2059,0.0,7,1,0,0.804395
2060,0.0,25,1,0,0.8043
2061,0.0,6,1,0,0.8042050000000001
2062,0.0,26,1,0,0.80411
2063,0.0,3,1,0,0.804015
2064,0.0,11,1,0,0.80392
2065,0.0,66,1,0,0.803825
2066,1.0,42,1,2,0.80373
2067,1.0,66,1,2,0.803635
2068,0.0,24,1,0,0.80354
2069,1.0,85,1,2,0.803445
2070,0.0,29,1,0,0.80335
2071,0.0,3,1,0,0.803255
2072,0.0,31,1,0,0.80316
2073,0.0,15,1,0,0.803065
2074,0.0,13,1,0,0.80297
2075,0.0,104,1,0,0.802875
2076,1.0,63,1,2,0.80278
2077,0.0,15,1,0,0.802685
2078,0.0,23,1,0,0.80259
2079,1.0,93,1,2,0.802495
2080,4.0,100,0,4,0.8024
2081,1.0,74,1,2,0.802305
2082,0.0,9,1,0,0.80221
2083,0.0,71,1,0,0.802115
2084,3.0,105,1,3,0.80202
2085,0.0,39,1,0,0.801925
2086,0.0,27,1,0,0.80183
2087,0.0,9,1,0,0.801735
2088,0.0,17,1,0,0.80164
2089,3.0,228,1,3,0.801545
2090,1.0,128,1,2,0.80145
2091,4.0,169,0,4,0.801355
2092,1.0,74,1,2,0.80126
2093,0.0,22,1,0,0.801165
2094,0.0,28,1,0,0.80107
2095,0.0,58,1,0,0.800975
2096,1.0,37,1,2,0.80088
2097,1.0,169,1,2,0.8007850000000001
2098,0.0,9,1,0,0.80069
2099,4.0,188,0,4,0.800595
2100,0.0,3,1,0,0.8005
2101,1.0,71,1,2,0.800405
2102,0.0,9,1,0,0.8003100000000001
2103,0.0,5,1,0,0.800215
2104,3.0,99,1,3,0.8001199999999999
2105,1.0,115,1,2,0.800025
2106,0.0,7,1,0,0.79993
2107,1.0,164,1,2,0.7998350000000001
2108,0.0,12,1,0,0.79974
2109,1.0,93,1,2,0.7996449999999999
2110,0.0,4,1,0,0.79955
2111,0.0,28,1,1,0.799455
2112,0.0,15,1,0,0.7993600000000001
2113,0.0,4,1,0,0.799265
2114,3.0,107,1,3,0.7991699999999999
2115,4.0,168,0,4,0.799075
2116,0.0,11,1,0,0.79898
2117,1.0,40,1,2,0.7988850000000001
2118,0.0,11,1,0,0.79879
2119,1.0,79,1,2,0.798695
2120,0.0,21,1,0,0.7986
2121,1.0,108,1,2,0.798505
2122,0.0,20,1,0,0.7984100000000001
2123,1.0,126,1,2,0.798315
2124,0.0,38,1,0,0.79822
2125,4.0,220,0,4,0.798125
2126,0.0,10,1,0,0.79803
2127,0.0,7,1,0,0.7979350000000001
2128,1.0,149,1,2,0.79784
2129,0.0,25,1,0,0.797745
2130,1.0,59,1,2,0.79765
2131,0.0,18,1,0,0.797555
2132,0.0,10,1,0,0.7974600000000001
2133,3.0,152,1,3,0.797365
2134,0.0,56,1,1,0.79727
2135,1.0,73,1,2,0.797175
2136,0.0,5,1,0,0.79708
2137,1.0,128,1,2,0.796985
2138,0.0,8,1,0,0.79689
2139,0.0,2,1,0,0.796795
2140,1.0,53,1,2,0.7967
2141,1.0,31,1,2,0.796605
2142,1.0,132,1,2,0.79651
2143,0.0,27,1,0,0.796415
2144,0.0,2,1,0,0.79632
2145,0.0,14,1,0,0.796225
2146,0.0,14,1,0,0.79613
2147,0.0,14,1,0,0.796035
2148,0.0,9,1,0,0.79594
2149,1.0,87,1,2,0.795845
2150,1.0,166,1,2,0.79575
2151,0.0,24,1,0,0.795655
2152,1.0,61,1,2,0.79556
2153,0.0,5,1,0,0.795465
2154,0.0,21,1,0,0.79537
2155,0.0,9,1,0,0.795275
2156,0.0,39,1,1,0.79518
2157,0.0,6,1,0,0.795085
2158,0.0,8,1,0,0.7949900000000001
2159,1.0,130,1,2,0.794895
2160,0.0,28,1,0,0.7948
2161,0.0,45,1,1,0.794705
2162,3.0,167,1,3,0.79461
2163,0.0,52,1,0,0.7945150000000001
2164,0.0,31,1,0,0.79442
2165,0.0,19,1,0,0.794325
2166,0.0,3,1,0,0.79423
2167,0.0,6,1,0,0.794135
2168,0.0,10,1,0,0.7940400000000001
2169,0.0,47,1,0,0.793945
2170,0.0,22,1,0,0.79385
2171,1.0,98,1,2,0.793755
2172,0.0,8,1,0,0.79366
2173,1.0,56,1,2,0.7935650000000001
2174,4.0,134,0,4,0.79347
2175,0.0,4,1,0,0.7933749999999999
2176,3.0,111,1,3,0.79328
2177,0.0,5,1,0,0.793185
2178,0.0,9,1,0,0.7930900000000001
2179,3.0,166,1,3,0.792995
2180,0.0,4,1,0,0.7929
2181,1.0,43,1,2,0.792805
2182,1.0,65,1,2,0.79271
2183,2.0,69,1,3,0.7926150000000001
2184,0.0,45,1,1,0.79252
2185,1.0,204,1,2,0.792425
2186,0.0,6,1,0,0.79233
2187,1.0,122,1,2,0.792235
2188,1.0,118,1,2,0.7921400000000001
2189,3.0,64,1,3,0.792045
2190,0.0,16,1,0,0.79195
2191,0.0,4,1,0,0.791855
2192,1.0,120,1,2,0.79176
2193,0.0,3,1,0,0.7916650000000001
2194,1.0,57,1,2,0.79157
2195,0.0,5,1,0,0.791475
2196,1.0,93,1,2,0.79138
2197,0.0,5,1,0,0.791285
2198,0.0,84,1,1,0.7911900000000001
2199,0.0,16,1,0,0.791095
2200,1.0,185,1,2,0.791
2201,1.0,85,1,2,0.790905
2202,0.0,13,1,0,0.79081
2203,1.0,75,1,2,0.7907150000000001
2204,0.0,8,1,0,0.79062
2205,0.0,18,1,0,0.790525
2206,0.0,10,1,0,0.79043
2207,0.0,8,1,0,0.790335
2208,4.0,152,0,4,0.79024
2209,0.0,8,1,0,0.790145
2210,1.0,45,1,2,0.79005
2211,3.0,140,1,3,0.789955
2212,0.0,9,1,0,0.78986
2213,4.0,87,0,4,0.789765
2214,0.0,8,1,0,0.78967
2215,3.0,87,1,3,0.789575
2216,0.0,22,1,0,0.78948
2217,0.0,5,1,0,0.789385
2218,0.0,29,1,0,0.78929
2219,1.0,95,1,2,0.7891950000000001
2220,0.0,41,1,0,0.7891
2221,0.0,20,1,0,0.789005
2222,0.0,8,1,0,0.78891
2223,0.0,28,1,0,0.788815
2224,2.0,53,1,3,0.7887200000000001
2225,3.0,203,1,3,0.788625
2226,0.0,10,1,0,0.78853
2227,0.0,4,1,0,0.788435
2228,0.0,5,1,0,0.78834
2229,0.0,7,1,0,0.7882450000000001
2230,1.0,167,1,2,0.78815
2231,2.0,155,1,3,0.788055
2232,0.0,19,1,0,0.78796
2233,1.0,106,1,2,0.787865
2234,4.0,178,0,4,0.7877700000000001
2235,0.0,22,1,0,0.787675
2236,4.0,177,0,4,0.7875800000000001
2237,0.0,6,1,0,0.787485
2238,0.0,19,1,0,0.78739
2239,0.0,30,1,0,0.7872950000000001
2240,1.0,66,1,2,0.7872
2241,4.0,106,0,4,0.787105
2242,0.0,11,1,0,0.78701
2243,1.0,47,1,2,0.786915
2244,0.0,64,1,0,0.7868200000000001
2245,0.0,84,1,1,0.786725
2246,0.0,45,1,0,0.78663
2247,4.0,183,0,4,0.786535
2248,0.0,46,1,1,0.78644
2249,1.0,53,1,2,0.7863450000000001
2250,1.0,44,1,2,0.78625
2251,0.0,14,1,0,0.786155
2252,1.0,54,1,2,0.78606
2253,0.0,19,1,0,0.785965
2254,4.0,131,0,4,0.7858700000000001
2255,1.0,35,1,2,0.785775
2256,4.0,168,0,4,0.78568
2257,4.0,188,0,4,0.785585
2258,1.0,88,1,2,0.78549
2259,1.0,63,1,2,0.7853950000000001
2260,1.0,77,1,2,0.7853
2261,4.0,113,0,4,0.785205
2262,0.0,71,1,0,0.78511
2263,1.0,70,1,2,0.785015
2264,0.0,4,1,0,0.7849200000000001
2265,0.0,8,1,0,0.784825
2266,0.0,6,1,0,0.78473
2267,0.0,17,1,0,0.784635
2268,0.0,26,1,0,0.78454
2269,0.0,14,1,0,0.7844450000000001
2270,0.0,9,1,0,0.78435
2271,0.0,28,1,0,0.784255
2272,4.0,160,0,4,0.78416
2273,1.0,93,1,2,0.784065
2274,1.0,171,1,2,0.7839700000000001
2275,1.0,72,1,2,0.783875
2276,0.0,68,1,1,0.78378
2277,1.0,70,1,2,0.783685
2278,0.0,13,1,0,0.78359
2279,0.0,20,1,0,0.783495
2280,0.0,51,1,0,0.7834
2281,0.0,17,1,0,0.783305
2282,0.0,5,1,0,0.78321
2283,0.0,11,1,0,0.783115
2284,0.0,16,1,0,0.78302
2285,1.0,90,1,2,0.782925
2286,0.0,12,1,0,0.78283
2287,0.0,33,1,0,0.782735
2288,4.0,120,0,4,0.78264
2289,0.0,21,1,0,0.782545
2290,0.0,7,1,0,0.78245
2291,4.0,72,0,4,0.782355
2292,0.0,17,1,0,0.78226
2293,4.0,231,0,4,0.782165
2294,1.0,59,1,2,0.78207
2295,0.0,81,1,1,0.781975
2296,0.0,26,1,0,0.78188
2297,0.0,4,1,0,0.7817850000000001
2298,1.0,107,1,2,0.78169
2299,0.0,16,1,0,0.781595
2300,3.0,155,1,3,0.7815
2301,0.0,27,1,1,0.781405
2302,0.0,4,1,0,0.7813100000000001
2303,0.0,26,1,0,0.781215
2304,0.0,14,1,0,0.78112
2305,0.0,2,1,0,0.781025
2306,0.0,3,1,0,0.78093
2307,0.0,26,1,0,0.7808350000000001
2308,0.0,53,1,0,0.78074
2309,0.0,20,1,0,0.780645
2310,1.0,39,1,2,0.78055
2311,0.0,6,1,0,0.780455
2312,0.0,37,1,0,0.78036
2313,1.0,55,1,2,0.780265
2314,0.0,7,1,0,0.78017
2315,0.0,7,1,0,0.780075
2316,0.0,29,1,0,0.77998
2317,1.0,38,1,2,0.779885
2318,0.0,7,1,0,0.77979
2319,4.0,66,0,4,0.779695
2320,4.0,146,0,4,0.7796
2321,0.0,19,1,0,0.779505
2322,1.0,117,1,2,0.77941
2323,1.0,59,1,2,0.779315
2324,0.0,22,1,0,0.77922
2325,1.0,123,1,2,0.7791250000000001
2326,1.0,119,1,2,0.77903
2327,1.0,64,1,2,0.778935
2328,1.0,87,1,2,0.77884
2329,3.0,100,1,3,0.778745
2330,0.0,22,1,0,0.7786500000000001
2331,0.0,7,1,0,0.778555
2332,1.0,102,1,2,0.77846
2333,1.0,50,1,2,0.778365
2334,1.0,50,1,2,0.77827
2335,0.0,3,1,0,0.7781750000000001
2336,0.0,3,1,0,0.77808
2337,0.0,35,1,0,0.777985
2338,0.0,9,1,0,0.77789
2339,1.0,65,1,2,0.777795
2340,0.0,19,1,0,0.7777000000000001
2341,0.0,15,1,0,0.777605
2342,0.0,6,1,0,0.77751
2343,0.0,4,1,0,0.777415
2344,0.0,41,1,0,0.77732
2345,0.0,7,1,0,0.777225
2346,0.0,10,1,0,0.77713
2347,0.0,7,1,0,0.777035
2348,0.0,7,1,0,0.77694
2349,0.0,14,1,0,0.776845
2350,1.0,43,1,2,0.77675
2351,0.0,14,1,0,0.776655
2352,0.0,5,1,0,0.77656
2353,0.0,8,1,0,0.776465
2354,4.0,124,0,4,0.77637
2355,0.0,6,1,0,0.776275
2356,4.0,222,0,4,0.77618
2357,1.0,92,1,2,0.776085
2358,1.0,52,1,2,0.77599
2359,0.0,3,1,0,0.775895
2360,0.0,6,1,0,0.7758
2361,2.0,128,1,3,0.775705
2362,0.0,11,1,0,0.77561
2363,1.0,89,1,2,0.775515
2364,3.0,154,1,3,0.77542
2365,1.0,102,1,2,0.775325
2366,1.0,114,1,2,0.77523
2367,1.0,117,1,2,0.775135
2368,1.0,72,1,2,0.77504
2369,0.0,15,1,0,0.774945
2370,0.0,5,1,0,0.77485
2371,0.0,4,1,0,0.774755
2372,0.0,4,1,0,0.77466
2373,4.0,84,0,4,0.774565
2374,0.0,12,1,0,0.77447
2375,0.0,11,1,0,0.774375
2376,0.0,14,1,0,0.77428
2377,1.0,84,1,2,0.774185
2378,0.0,14,1,0,0.77409
2379,1.0,115,1,2,0.773995
2380,0.0,22,1,0,0.7739
2381,1.0,138,1,2,0.773805
2382,0.0,3,1,0,0.77371
2383,0.0,3,1,0,0.7736149999999999
2384,0.0,6,1,0,0.77352
2385,0.0,5,1,0,0.773425
2386,1.0,93,1,2,0.7733300000000001
2387,1.0,109,1,2,0.773235
2388,0.0,16,1,0,0.7731399999999999
2389,0.0,42,1,0,0.773045
2390,4.0,172,0,4,0.77295
2391,0.0,15,1,0,0.7728550000000001
2392,0.0,4,1,0,0.77276
2393,4.0,138,0,4,0.7726649999999999
2394,0.0,32,1,0,0.77257
2395,4.0,146,0,4,0.772475
2396,1.0,73,1,2,0.7723800000000001
2397,0.0,10,1,0,0.772285
2398,0.0,12,1,0,0.7721899999999999
2399,0.0,18,1,0,0.772095
2400,0.0,13,1,0,0.772
2401,0.0,6,1,0,0.7719050000000001
2402,4.0,128,0,4,0.77181
2403,1.0,104,1,2,0.7717149999999999
2404,0.0,14,1,0,0.77162
2405,0.0,14,1,0,0.771525
2406,4.0,109,0,4,0.7714300000000001
2407,0.0,9,1,0,0.771335
2408,0.0,27,1,0,0.77124
2409,1.0,60,1,2,0.771145
2410,0.0,13,1,0,0.77105
2411,1.0,44,1,2,0.7709550000000001
2412,0.0,24,1,0,0.77086
2413,0.0,3,1,0,0.770765
2414,3.0,50,1,3,0.77067
2415,4.0,141,0,4,0.770575
2416,4.0,85,0,4,0.77048
2417,4.0,170,0,4,0.770385
2418,0.0,9,1,0,0.77029
2419,3.0,154,1,3,0.770195
2420,2.0,83,1,3,0.7701
2421,0.0,15,1,0,0.770005
2422,3.0,85,1,3,0.76991
2423,0.0,8,1,0,0.769815
2424,3.0,114,1,3,0.76972
2425,4.0,84,0,4,0.769625
2426,0.0,45,1,0,0.76953
2427,0.0,3,1,0,0.769435
2428,0.0,37,1,0,0.76934
2429,0.0,6,1,0,0.769245
2430,1.0,46,1,2,0.76915
2431,0.0,13,1,0,0.769055
2432,1.0,29,1,2,0.76896
2433,4.0,119,0,4,0.768865
2434,3.0,60,1,3,0.76877
2435,0.0,34,1,0,0.768675
2436,0.0,6,1,0,0.76858
2437,0.0,4,1,0,0.768485
2438,0.0,9,1,0,0.76839
2439,0.0,40,1,0,0.768295
2440,4.0,91,0,4,0.7682
2441,0.0,32,1,0,0.768105
2442,4.0,69,0,4,0.76801
2443,4.0,171,0,4,0.767915
2444,0.0,25,1,0,0.76782
2445,4.0,156,0,4,0.767725
2446,1.0,59,1,2,0.76763
2447,0.0,10,1,0,0.7675350000000001
2448,0.0,7,1,0,0.76744
2449,4.0,144,0,4,0.7673449999999999
2450,1.0,61,1,2,0.76725
2451,0.0,30,1,1,0.767155
2452,0.0,6,1,0,0.7670600000000001
2453,3.0,78,1,3,0.766965
2454,4.0,154,0,4,0.7668699999999999
2455,1.0,69,1,2,0.766775
2456,0.0,10,1,0,0.76668
2457,0.0,28,1,0,0.7665850000000001
2458,0.0,9,1,0,0.76649
2459,1.0,63,1,2,0.7663949999999999
2460,0.0,11,1,0,0.7663
2461,3.0,115,1,3,0.766205
2462,0.0,4,1,0,0.7661100000000001
2463,1.0,166,1,2,0.766015
2464,0.0,3,1,0,0.7659199999999999
2465,3.0,98,1,3,0.765825
2466,0.0,7,1,0,0.76573
2467,0.0,12,1,0,0.7656350000000001
2468,0.0,2,1,0,0.76554
2469,0.0,36,1,0,0.765445
2470,0.0,9,1,0,0.76535
2471,0.0,13,1,0,0.765255
2472,1.0,78,1,2,0.7651600000000001
2473,0.0,19,1,0,0.765065
2474,0.0,7,1,0,0.76497
2475,0.0,7,1,0,0.764875
2476,0.0,27,1,0,0.76478
2477,0.0,13,1,0,0.7646850000000001
2478,0.0,10,1,0,0.76459
2479,1.0,45,1,2,0.764495
2480,0.0,5,1,0,0.7644
2481,0.0,11,1,0,0.764305
2482,4.0,105,0,4,0.7642100000000001
2483,0.0,21,1,0,0.764115
2484,1.0,34,1,2,0.76402
2485,3.0,219,1,3,0.763925
2486,0.0,3,1,0,0.76383
2487,1.0,77,1,2,0.763735
2488,0.0,12,1,0,0.76364
2489,0.0,3,1,0,0.763545
2490,0.0,23,1,0,0.76345
2491,3.0,179,1,3,0.763355
2492,0.0,5,1,0,0.76326
2493,0.0,11,1,0,0.763165
2494,1.0,35,1,2,0.76307
2495,0.0,3,1,0,0.762975
2496,4.0,120,0,4,0.76288
2497,0.0,18,1,0,0.762785
2498,0.0,6,1,0,0.76269
2499,4.0,94,0,4,0.762595
2500,0.0,26,1,0,0.7625
2501,0.0,11,1,0,0.762405
2502,0.0,12,1,0,0.76231
2503,0.0,15,1,0,0.762215
2504,1.0,66,1,2,0.76212
2505,4.0,119,0,4,0.762025
2506,3.0,193,1,3,0.76193
2507,0.0,27,1,0,0.761835
2508,4.0,122,0,4,0.76174
2509,1.0,78,1,2,0.761645
2510,0.0,13,1,0,0.76155
2511,0.0,11,1,0,0.761455
2512,0.0,5,1,0,0.76136
2513,0.0,4,1,0,0.761265
2514,4.0,78,0,4,0.76117
2515,0.0,4,1,0,0.761075
2516,0.0,12,1,0,0.76098
2517,2.0,73,1,3,0.760885
2518,0.0,4,1,0,0.76079
2519,1.0,35,1,2,0.760695
2520,0.0,13,1,0,0.7605999999999999
2521,0.0,63,1,0,0.760505
2522,0.0,12,1,0,0.76041
2523,0.0,9,1,0,0.760315
2524,1.0,36,1,2,0.76022
2525,1.0,55,1,2,0.760125
2526,0.0,6,1,0,0.76003
2527,1.0,88,1,2,0.759935
2528,1.0,62,1,2,0.75984
2529,0.0,15,1,0,0.759745
2530,1.0,64,1,2,0.75965
2531,3.0,37,1,3,0.759555
2532,0.0,19,1,1,0.75946
2533,0.0,5,1,0,0.759365
2534,1.0,48,1,2,0.75927
2535,3.0,75,1,3,0.759175
2536,3.0,114,1,3,0.75908
2537,1.0,97,1,2,0.758985
2538,0.0,8,1,0,0.75889
2539,1.0,130,1,2,0.758795
2540,1.0,90,1,2,0.7587
2541,0.0,9,1,0,0.758605
2542,4.0,121,0,4,0.75851
2543,3.0,133,1,3,0.758415
2544,4.0,151,0,4,0.75832
2545,0.0,12,1,0,0.758225
2546,0.0,23,1,0,0.75813
2547,0.0,14,1,0,0.758035
2548,3.0,102,1,3,0.75794
2549,4.0,144,0,4,0.757845
2550,0.0,9,1,0,0.75775
2551,0.0,9,1,0,0.757655
2552,2.0,84,1,3,0.75756
2553,3.0,164,1,3,0.757465
2554,3.0,70,1,3,0.75737
2555,1.0,121,1,2,0.757275
2556,0.0,42,1,0,0.75718
2557,0.0,5,1,0,0.757085
2558,1.0,56,1,2,0.75699
2559,3.0,156,1,3,0.756895
2560,4.0,135,0,4,0.7568
2561,1.0,69,1,2,0.756705
2562,0.0,47,1,1,0.75661
2563,0.0,20,1,0,0.756515
2564,0.0,10,1,0,0.75642
2565,0.0,20,1,0,0.756325
2566,1.0,66,1,2,0.75623
2567,0.0,23,1,0,0.756135
2568,1.0,113,1,2,0.75604
2569,0.0,15,1,0,0.755945
2570,0.0,12,1,0,0.75585
2571,1.0,105,1,2,0.755755
2572,0.0,4,1,0,0.75566
2573,4.0,151,0,4,0.755565
2574,1.0,79,1,2,0.75547
2575,0.0,9,1,0,0.755375
2576,0.0,10,1,0,0.75528
2577,1.0,81,1,2,0.755185
2578,0.0,11,1,0,0.75509
2579,0.0,12,1,0,0.754995
2580,0.0,7,1,0,0.7549
2581,4.0,110,0,4,0.754805
2582,0.0,27,1,0,0.75471
2583,4.0,111,0,4,0.754615
2584,4.0,151,0,4,0.75452
2585,1.0,74,1,2,0.754425
2586,0.0,20,1,0,0.7543300000000001
2587,3.0,118,1,3,0.754235
2588,1.0,36,1,2,0.75414
2589,3.0,87,1,3,0.754045
2590,4.0,135,0,4,0.75395
2591,4.0,125,0,4,0.753855
2592,4.0,134,0,4,0.75376
2593,0.0,26,1,0,0.753665
2594,1.0,34,1,2,0.75357
2595,0.0,25,1,0,0.753475
2596,3.0,105,1,3,0.75338
2597,0.0,17,1,0,0.753285
2598,1.0,30,1,2,0.75319
2599,0.0,28,1,0,0.753095
2600,0.0,8,1,0,0.753
2601,4.0,112,0,4,0.752905
2602,1.0,72,1,2,0.75281
2603,4.0,107,0,4,0.752715
2604,0.0,45,1,0,0.75262
2605,0.0,9,1,0,0.752525
2606,0.0,19,1,0,0.75243
2607,1.0,69,1,2,0.752335
2608,0.0,6,1,0,0.75224
2609,3.0,117,1,3,0.752145
2610,0.0,34,1,0,0.75205
2611,0.0,6,1,0,0.751955
2612,0.0,17,1,0,0.75186
2613,0.0,28,1,0,0.751765
2614,0.0,42,1,0,0.7516700000000001
2615,1.0,34,1,2,0.751575
2616,4.0,70,0,4,0.75148
2617,0.0,3,1,0,0.751385
2618,1.0,150,1,2,0.75129
2619,0.0,9,1,0,0.7511950000000001
2620,0.0,2,1,0,0.7511
2621,0.0,8,1,0,0.751005
2622,0.0,3,1,0,0.75091
2623,4.0,128,0,4,0.750815
2624,0.0,5,1,0,0.75072
2625,0.0,4,1,0,0.750625
2626,0.0,2,1,0,0.75053
2627,0.0,22,1,0,0.750435
2628,1.0,99,1,2,0.75034
2629,1.0,57,1,2,0.750245
2630,1.0,44,1,2,0.75015
2631,4.0,87,0,4,0.750055
2632,4.0,105,0,4,0.74996
2633,0.0,8,1,0,0.749865
2634,0.0,28,1,1,0.74977
2635,4.0,181,0,4,0.749675
2636,0.0,5,1,0,0.74958
2637,0.0,7,1,0,0.749485
2638,4.0,111,0,4,0.74939
2639,0.0,19,1,0,0.749295
2640,0.0,9,1,0,0.7492
2641,0.0,4,1,0,0.749105
2642,1.0,71,1,2,0.74901
2643,0.0,5,1,0,0.748915
2644,3.0,73,1,3,0.74882
2645,0.0,28,1,0,0.748725
2646,4.0,79,0,4,0.74863
2647,4.0,104,0,4,0.748535
2648,0.0,3,1,0,0.74844
2649,4.0,93,0,4,0.748345
2650,4.0,234,0,4,0.7482500000000001
2651,0.0,12,1,0,0.748155
2652,4.0,116,0,4,0.74806
2653,4.0,123,0,4,0.747965
2654,0.0,26,1,0,0.74787
2655,0.0,18,1,0,0.7477750000000001
2656,0.0,39,1,1,0.74768
2657,0.0,14,1,0,0.7475849999999999
2658,1.0,129,1,2,0.74749
2659,4.0,64,0,4,0.747395
2660,3.0,85,1,3,0.7473000000000001
2661,0.0,22,1,0,0.747205
2662,1.0,70,1,2,0.7471099999999999
2663,1.0,105,1,2,0.747015
2664,1.0,75,1,2,0.74692
2665,0.0,45,1,0,0.7468250000000001
2666,0.0,16,1,0,0.74673
2667,3.0,99,1,3,0.7466349999999999
2668,0.0,8,1,0,0.74654
2669,0.0,15,1,0,0.746445
2670,4.0,220,0,4,0.7463500000000001
2671,1.0,53,1,2,0.746255
2672,1.0,28,1,2,0.74616
2673,0.0,10,1,0,0.746065
2674,1.0,130,1,2,0.74597
2675,3.0,70,1,3,0.7458750000000001
2676,0.0,4,1,0,0.74578
2677,0.0,10,1,0,0.745685
2678,1.0,55,1,1,0.74559
2679,1.0,103,1,2,0.745495
2680,0.0,49,1,1,0.7454000000000001
2681,1.0,82,1,2,0.745305
2682,4.0,140,0,4,0.74521
2683,0.0,13,1,0,0.745115
2684,1.0,111,1,2,0.74502
2685,0.0,27,1,1,0.7449250000000001
2686,1.0,69,1,2,0.74483
2687,0.0,8,1,0,0.744735
2688,0.0,19,1,0,0.74464
2689,0.0,3,1,0,0.744545
2690,4.0,137,0,4,0.7444500000000001
2691,4.0,121,0,4,0.744355
2692,1.0,39,1,2,0.74426
2693,1.0,49,1,2,0.744165
2694,1.0,31,1,2,0.74407
2695,0.0,23,1,0,0.743975
2696,0.0,65,1,0,0.74388
2697,0.0,30,1,0,0.743785
2698,0.0,10,1,0,0.74369
2699,0.0,6,1,0,0.743595
2700,0.0,18,1,0,0.7435
2701,1.0,24,1,2,0.743405
2702,0.0,8,1,0,0.74331
2703,0.0,9,1,0,0.743215
2704,0.0,5,1,0,0.74312
2705,0.0,20,1,0,0.743025
2706,1.0,55,1,2,0.74293
2707,0.0,5,1,0,0.742835
2708,4.0,273,0,4,0.74274
2709,0.0,15,1,0,0.742645
2710,4.0,123,0,4,0.74255
2711,0.0,6,1,0,0.7424550000000001
2712,0.0,16,1,0,0.74236
2713,0.0,35,1,1,0.742265
2714,1.0,35,1,2,0.74217
2715,0.0,8,1,0,0.742075
2716,0.0,73,1,0,0.7419800000000001
2717,0.0,8,1,0,0.741885
2718,3.0,117,1,3,0.74179
2719,0.0,41,1,0,0.741695
2720,1.0,69,1,2,0.7416
2721,0.0,5,1,0,0.7415050000000001
2722,0.0,6,1,0,0.74141
2723,0.0,42,1,1,0.741315
2724,1.0,92,1,2,0.74122
2725,4.0,126,0,4,0.741125
2726,0.0,22,1,0,0.7410300000000001
2727,1.0,78,1,2,0.740935
2728,4.0,111,0,4,0.7408399999999999
2729,0.0,35,1,1,0.740745
2730,1.0,21,1,2,0.74065
2731,0.0,12,1,0,0.7405550000000001
2732,0.0,3,1,0,0.74046
2733,0.0,5,1,0,0.740365
2734,0.0,6,1,0,0.74027
2735,3.0,128,1,3,0.740175
2736,1.0,30,1,2,0.7400800000000001
2737,3.0,98,1,3,0.739985
2738,0.0,4,1,0,0.73989
2739,1.0,85,1,2,0.739795
2740,0.0,20,1,1,0.7397
2741,1.0,122,1,2,0.7396050000000001
2742,1.0,52,1,2,0.73951
2743,1.0,70,1,2,0.739415
2744,0.0,9,1,0,0.73932
2745,0.0,12,1,0,0.739225
2746,4.0,160,0,4,0.7391300000000001
2747,0.0,30,1,0,0.739035
2748,0.0,13,1,0,0.73894
2749,0.0,3,1,0,0.738845
2750,3.0,95,1,3,0.73875
2751,0.0,6,1,0,0.7386550000000001
2752,4.0,70,0,4,0.73856
2753,3.0,140,1,3,0.738465
2754,0.0,10,1,0,0.73837
2755,0.0,11,1,0,0.738275
2756,1.0,75,1,2,0.7381800000000001
2757,0.0,7,1,0,0.738085
2758,1.0,60,1,2,0.73799
2759,0.0,9,1,0,0.737895
2760,4.0,149,0,4,0.7378
2761,3.0,195,1,3,0.737705
2762,1.0,65,1,2,0.73761
2763,0.0,9,1,0,0.737515
2764,0.0,7,1,0,0.73742
2765,4.0,181,0,4,0.737325
2766,0.0,10,1,0,0.73723
2767,0.0,30,1,1,0.737135
2768,4.0,143,0,4,0.73704
2769,4.0,193,0,4,0.736945
2770,0.0,9,1,0,0.73685
2771,1.0,96,1,2,0.736755
2772,0.0,14,1,0,0.7366600000000001
2773,0.0,9,1,0,0.736565
2774,4.0,122,0,4,0.73647
2775,3.0,122,1,3,0.736375
2776,4.0,152,0,4,0.73628
2777,2.0,163,1,3,0.7361850000000001
2778,0.0,34,1,1,0.73609
2779,0.0,9,1,0,0.735995
2780,1.0,152,1,2,0.7359
2781,3.0,175,1,3,0.735805
2782,1.0,105,1,2,0.7357100000000001
2783,3.0,86,1,3,0.735615
2784,0.0,13,1,0,0.73552
2785,0.0,13,1,0,0.735425
2786,0.0,4,1,0,0.73533
2787,0.0,12,1,0,0.7352350000000001
2788,0.0,9,1,0,0.73514
2789,1.0,52,1,2,0.735045
2790,1.0,67,1,2,0.73495
2791,1.0,32,1,2,0.734855
2792,0.0,7,1,0,0.7347600000000001
2793,4.0,154,0,4,0.734665
2794,0.0,3,1,0,0.7345700000000001
2795,0.0,2,1,0,0.734475
2796,0.0,6,1,0,0.73438
2797,1.0,91,1,2,0.7342850000000001
2798,3.0,116,1,3,0.73419
2799,1.0,45,1,2,0.734095
2800,0.0,22,1,0,0.734
2801,3.0,103,1,3,0.733905
2802,0.0,3,1,0,0.7338100000000001
2803,1.0,40,1,2,0.733715
2804,1.0,43,1,2,0.73362
2805,1.0,82,1,2,0.733525
2806,1.0,42,1,2,0.73343
2807,1.0,160,1,2,0.7333350000000001
2808,3.0,59,1,3,0.73324
2809,0.0,6,1,0,0.733145
2810,4.0,72,0,4,0.73305
2811,1.0,91,1,2,0.732955
2812,1.0,68,1,2,0.7328600000000001
2813,0.0,5,1,0,0.732765
2814,0.0,4,1,0,0.73267
2815,1.0,85,1,2,0.732575
2816,4.0,181,0,4,0.73248
2817,3.0,155,1,3,0.7323850000000001
2818,0.0,5,1,0,0.73229
2819,0.0,2,1,0,0.732195
2820,1.0,48,1,2,0.7321
2821,0.0,8,1,0,0.732005
2822,0.0,19,1,0,0.7319100000000001
2823,1.0,88,1,2,0.731815
2824,3.0,98,1,3,0.73172
2825,0.0,22,1,1,0.731625
2826,0.0,7,1,0,0.73153
2827,1.0,31,1,2,0.7314350000000001
2828,0.0,13,1,0,0.73134
2829,4.0,180,0,4,0.731245
2830,0.0,24,1,0,0.73115
2831,1.0,51,1,2,0.731055
2832,1.0,52,1,2,0.73096
2833,0.0,16,1,0,0.7308650000000001
2834,3.0,92,1,3,0.73077
2835,0.0,5,1,0,0.730675
2836,1.0,88,1,2,0.73058
2837,1.0,58,1,2,0.730485
2838,0.0,16,1,0,0.7303900000000001
2839,0.0,15,1,0,0.730295
2840,4.0,111,0,4,0.7302
2841,2.0,158,1,3,0.730105
2842,1.0,35,1,2,0.73001
2843,0.0,10,1,0,0.7299150000000001
2844,4.0,163,0,4,0.72982
2845,0.0,19,1,0,0.729725
2846,0.0,17,1,0,0.72963
2847,2.0,65,1,3,0.729535
2848,1.0,48,1,2,0.7294400000000001
2849,1.0,69,1,2,0.729345
2850,0.0,14,1,0,0.72925
2851,1.0,62,1,2,0.729155
2852,0.0,8,1,0,0.72906
2853,1.0,85,1,2,0.7289650000000001
2854,1.0,55,1,2,0.72887
2855,0.0,35,1,1,0.7287750000000001
2856,3.0,191,1,3,0.72868
2857,0.0,19,1,0,0.728585
2858,0.0,4,1,0,0.7284900000000001
2859,1.0,116,1,2,0.728395
2860,1.0,68,1,2,0.7283000000000001
2861,0.0,2,1,0,0.728205
2862,0.0,12,1,0,0.72811
2863,0.0,8,1,0,0.7280150000000001
2864,0.0,13,1,0,0.72792
2865,3.0,68,1,3,0.727825
2866,4.0,102,0,4,0.72773
2867,1.0,114,1,2,0.727635
2868,1.0,53,1,2,0.7275400000000001
2869,0.0,8,1,0,0.727445
2870,1.0,36,1,2,0.72735
2871,1.0,165,1,2,0.727255
2872,0.0,34,1,1,0.72716
2873,0.0,8,1,0,0.7270650000000001
2874,1.0,68,1,2,0.72697
2875,0.0,14,1,0,0.726875
2876,0.0,4,1,0,0.72678
2877,0.0,8,1,0,0.726685
2878,1.0,105,1,2,0.7265900000000001
2879,4.0,118,0,4,0.726495
2880,1.0,78,1,2,0.7264
2881,3.0,155,1,3,0.726305
2882,0.0,11,1,0,0.72621
2883,0.0,7,1,0,0.7261150000000001
2884,1.0,81,1,2,0.72602
2885,0.0,7,1,0,0.725925
2886,4.0,146,0,4,0.72583
2887,1.0,82,1,2,0.725735
2888,4.0,80,0,4,0.7256400000000001
2889,0.0,7,1,0,0.725545
2890,4.0,124,0,4,0.72545
2891,4.0,97,0,4,0.725355
2892,1.0,81,1,2,0.72526
2893,4.0,65,0,4,0.7251650000000001
2894,1.0,77,1,2,0.7250700000000001
2895,0.0,6,1,0,0.724975
2896,0.0,14,1,0,0.72488
2897,0.0,6,1,0,0.724785
2898,1.0,112,1,2,0.7246900000000001
2899,0.0,11,1,0,0.7245950000000001
2900,0.0,13,1,0,0.7245
2901,4.0,102,0,4,0.724405
2902,0.0,4,1,0,0.72431
2903,0.0,20,1,0,0.724215
2904,0.0,13,1,0,0.7241200000000001
2905,1.0,90,1,2,0.724025
2906,3.0,133,1,3,0.72393
2907,1.0,30,1,2,0.723835
2908,0.0,18,1,0,0.72374
2909,0.0,6,1,0,0.7236450000000001
2910,0.0,14,1,0,0.72355
2911,1.0,61,1,2,0.723455
2912,1.0,73,1,2,0.72336
2913,0.0,3,1,0,0.723265
2914,0.0,21,1,0,0.7231700000000001
2915,4.0,183,0,4,0.723075
2916,0.0,3,1,0,0.72298
2917,0.0,5,1,0,0.722885
2918,2.0,167,1,3,0.72279
2919,0.0,3,1,0,0.7226950000000001
2920,4.0,82,0,4,0.7226
2921,1.0,69,1,2,0.722505
2922,4.0,73,0,4,0.72241
2923,1.0,124,1,2,0.722315
2924,0.0,8,1,0,0.7222200000000001
2925,0.0,13,1,0,0.722125
2926,0.0,49,1,0,0.72203
2927,1.0,108,1,2,0.721935
2928,4.0,179,0,4,0.72184
2929,1.0,88,1,2,0.7217450000000001
2930,0.0,53,1,0,0.72165
2931,3.0,89,1,3,0.721555
2932,0.0,4,1,0,0.72146
2933,0.0,5,1,0,0.721365
2934,0.0,5,1,0,0.7212700000000001
2935,1.0,162,1,2,0.721175
2936,3.0,75,1,3,0.7210799999999999
2937,4.0,103,0,4,0.720985
2938,0.0,6,1,0,0.72089
2939,1.0,46,1,2,0.7207950000000001
2940,3.0,159,1,3,0.7207
2941,4.0,178,0,4,0.720605
2942,0.0,6,1,0,0.72051
2943,3.0,152,1,3,0.720415
2944,4.0,52,0,4,0.7203200000000001
2945,1.0,90,1,2,0.720225
2946,4.0,110,0,4,0.72013
2947,1.0,50,1,2,0.720035
2948,0.0,6,1,0,0.71994
2949,1.0,49,1,2,0.7198450000000001
2950,4.0,141,0,4,0.71975
2951,1.0,75,1,2,0.719655
2952,1.0,87,1,2,0.71956
2953,4.0,172,0,4,0.719465
2954,4.0,89,0,4,0.7193700000000001
2955,2.0,102,1,3,0.7192750000000001
2956,0.0,7,1,0,0.71918
2957,0.0,28,1,1,0.719085
2958,0.0,5,1,0,0.71899
2959,0.0,4,1,0,0.7188950000000001
2960,4.0,103,0,4,0.7188000000000001
2961,1.0,60,1,2,0.718705
2962,2.0,116,1,3,0.71861
2963,3.0,81,1,3,0.718515
2964,0.0,4,1,0,0.7184200000000001
2965,4.0,124,0,4,0.7183250000000001
2966,0.0,33,1,0,0.71823
2967,1.0,51,1,2,0.718135
2968,4.0,82,0,4,0.71804
2969,3.0,49,1,3,0.717945
2970,1.0,91,1,2,0.7178500000000001
2971,0.0,21,1,0,0.717755
2972,4.0,105,0,4,0.71766
2973,0.0,34,1,0,0.717565
2974,3.0,92,1,3,0.71747
2975,3.0,99,1,3,0.7173750000000001
2976,4.0,102,0,4,0.71728
2977,1.0,39,1,2,0.717185
2978,4.0,82,0,4,0.71709
2979,3.0,81,1,3,0.716995
2980,4.0,151,0,4,0.7169000000000001
2981,4.0,110,0,4,0.716805
2982,4.0,94,0,4,0.71671
2983,3.0,88,1,3,0.716615
2984,1.0,93,1,2,0.71652
2985,4.0,126,0,4,0.7164250000000001
2986,0.0,16,1,0,0.71633
2987,3.0,130,1,3,0.716235
2988,1.0,64,1,2,0.71614
2989,2.0,78,1,3,0.716045
2990,0.0,4,1,0,0.7159500000000001
2991,0.0,18,1,0,0.715855
2992,4.0,114,0,4,0.71576
2993,0.0,9,1,0,0.715665
2994,0.0,15,1,0,0.71557
2995,0.0,3,1,0,0.7154750000000001
2996,3.0,82,1,3,0.71538
2997,0.0,16,1,0,0.715285
2998,0.0,30,1,1,0.71519
2999,0.0,9,1,0,0.715095
3000,1.0,40,1,2,0.7150000000000001
3001,0.0,15,1,0,0.714905
3002,0.0,4,1,0,0.71481
3003,0.0,25,1,0,0.714715
3004,4.0,76,0,4,0.71462
3005,4.0,105,0,4,0.7145250000000001
3006,0.0,5,1,0,0.71443
3007,1.0,107,1,2,0.7143349999999999
3008,4.0,96,0,4,0.71424
3009,0.0,11,1,0,0.714145
3010,3.0,78,1,3,0.7140500000000001
3011,3.0,158,1,3,0.713955
3012,1.0,88,1,2,0.7138599999999999
3013,2.0,78,1,3,0.713765
3014,0.0,7,1,0,0.71367
3015,0.0,39,1,0,0.7135750000000001
3016,1.0,38,1,2,0.7134800000000001
3017,0.0,4,1,0,0.7133849999999999
3018,0.0,5,1,0,0.71329
3019,0.0,12,1,0,0.713195
3020,0.0,9,1,0,0.7131000000000001
3021,4.0,76,0,4,0.7130050000000001
3022,0.0,3,1,0,0.7129099999999999
3023,0.0,9,1,0,0.712815
3024,3.0,81,1,3,0.71272
3025,0.0,12,1,0,0.7126250000000001
3026,1.0,47,1,2,0.7125300000000001
3027,3.0,130,1,3,0.7124349999999999
3028,0.0,17,1,0,0.71234
3029,1.0,82,1,2,0.712245
3030,0.0,6,1,0,0.7121500000000001
3031,0.0,4,1,0,0.7120550000000001
3032,1.0,59,1,2,0.7119599999999999
3033,1.0,74,1,2,0.711865
3034,3.0,106,1,3,0.71177
3035,1.0,128,1,2,0.7116750000000001
3036,0.0,52,1,0,0.7115800000000001
3037,0.0,48,1,0,0.7114849999999999
3038,0.0,21,1,0,0.71139
3039,0.0,6,1,0,0.711295
3040,0.0,27,1,0,0.7112
3041,3.0,104,1,3,0.7111050000000001
3042,0.0,60,1,0,0.7110099999999999
3043,1.0,55,1,2,0.710915
3044,0.0,9,1,0,0.71082
3045,1.0,73,1,2,0.710725
3046,4.0,77,0,4,0.7106300000000001
3047,1.0,93,1,2,0.7105349999999999
3048,3.0,85,1,3,0.71044
3049,0.0,9,1,0,0.710345
3050,0.0,6,1,0,0.71025
3051,1.0,108,1,2,0.7101550000000001
3052,0.0,11,1,0,0.7100599999999999
3053,0.0,17,1,0,0.709965
3054,0.0,32,1,0,0.70987
3055,0.0,10,1,0,0.709775
3056,1.0,94,1,2,0.7096800000000001
3057,1.0,64,1,2,0.7095849999999999
3058,0.0,23,1,0,0.70949
3059,0.0,14,1,0,0.709395
3060,0.0,9,1,0,0.7093
3061,0.0,9,1,0,0.7092050000000001
3062,1.0,28,1,2,0.7091099999999999
3063,3.0,97,1,3,0.709015
3064,2.0,59,1,3,0.70892
3065,0.0,8,1,0,0.708825
3066,0.0,11,1,0,0.7087300000000001
3067,4.0,88,0,4,0.708635
3068,4.0,79,0,4,0.70854
3069,1.0,64,1,2,0.708445
3070,0.0,5,1,0,0.70835
3071,4.0,138,0,4,0.7082550000000001
3072,4.0,128,0,4,0.70816
3073,0.0,16,1,0,0.7080649999999999
3074,1.0,77,1,2,0.70797
3075,0.0,5,1,0,0.707875
3076,1.0,91,1,2,0.7077800000000001
3077,0.0,9,1,0,0.7076850000000001
3078,4.0,118,0,4,0.7075899999999999
3079,1.0,58,1,2,0.707495
3080,0.0,6,1,0,0.7074
3081,0.0,45,1,1,0.7073050000000001
3082,0.0,3,1,0,0.7072100000000001
3083,1.0,49,1,2,0.7071149999999999
3084,0.0,15,1,0,0.70702
3085,1.0,86,1,2,0.706925
3086,1.0,39,1,2,0.7068300000000001
3087,0.0,5,1,0,0.7067350000000001
3088,3.0,74,1,3,0.7066399999999999
3089,4.0,102,0,4,0.706545
3090,0.0,14,1,0,0.70645
3091,4.0,104,0,4,0.7063550000000001
3092,0.0,22,1,0,0.7062600000000001
3093,3.0,154,1,3,0.7061649999999999
3094,0.0,23,1,0,0.70607
3095,0.0,23,1,1,0.705975
3096,0.0,5,1,0,0.7058800000000001
3097,3.0,89,1,3,0.7057850000000001
3098,0.0,6,1,0,0.7056899999999999
3099,0.0,8,1,0,0.705595
3100,0.0,39,1,0,0.7055
3101,0.0,5,1,0,0.7054050000000001
3102,1.0,47,1,2,0.7053100000000001
3103,0.0,17,1,0,0.7052149999999999
3104,0.0,32,1,0,0.70512
3105,3.0,50,1,3,0.705025
3106,3.0,73,1,3,0.7049300000000001
3107,0.0,7,1,0,0.7048350000000001
3108,4.0,156,0,4,0.7047399999999999
3109,1.0,32,1,2,0.704645
3110,0.0,5,1,0,0.70455
3111,1.0,19,1,2,0.704455
3112,0.0,5,1,0,0.7043600000000001
3113,4.0,148,0,4,0.7042649999999999
3114,0.0,14,1,0,0.70417
3115,4.0,130,0,4,0.704075
3116,1.0,58,1,2,0.70398
3117,0.0,22,1,0,0.7038850000000001
3118,0.0,9,1,0,0.7037899999999999
3119,4.0,98,0,4,0.703695
3120,0.0,9,1,0,0.7036
3121,3.0,117,1,3,0.703505
3122,0.0,5,1,0,0.7034100000000001
3123,4.0,96,0,4,0.7033149999999999
3124,0.0,10,1,0,0.70322
3125,0.0,18,1,0,0.703125
3126,0.0,6,1,0,0.70303
3127,0.0,12,1,0,0.7029350000000001
3128,0.0,16,1,0,0.70284
3129,1.0,35,1,2,0.702745
3130,0.0,17,1,0,0.70265
3131,0.0,11,1,0,0.702555
3132,0.0,51,1,1,0.7024600000000001
3133,1.0,58,1,2,0.702365
3134,0.0,4,1,0,0.70227
3135,0.0,5,1,0,0.702175
3136,0.0,9,1,0,0.70208
3137,0.0,35,1,0,0.7019850000000001
3138,4.0,99,0,4,0.70189
3139,0.0,4,1,0,0.701795
3140,0.0,13,1,0,0.7017
3141,4.0,117,0,4,0.701605
3142,1.0,66,1,2,0.7015100000000001
3143,3.0,67,1,3,0.701415
3144,1.0,47,1,2,0.7013199999999999
3145,1.0,94,1,2,0.701225
3146,4.0,136,0,4,0.70113
3147,2.0,78,1,3,0.7010350000000001
3148,4.0,65,0,4,0.70094
3149,4.0,120,0,4,0.7008449999999999
3150,0.0,32,1,0,0.70075
3151,0.0,26,1,1,0.700655
3152,0.0,9,1,0,0.7005600000000001
3153,3.0,142,1,3,0.700465
3154,1.0,55,1,2,0.7003699999999999
3155,0.0,15,1,0,0.700275
3156,1.0,93,1,2,0.70018
3157,1.0,71,1,2,0.7000850000000001
3158,4.0,108,0,4,0.69999
3159,4.0,102,0,4,0.6998949999999999
3160,0.0,17,1,1,0.6998
3161,3.0,58,1,3,0.699705
3162,0.0,49,1,1,0.6996100000000001
3163,0.0,4,1,0,0.699515
3164,4.0,125,0,4,0.6994199999999999
3165,0.0,8,1,0,0.699325
3166,0.0,5,1,0,0.69923
3167,0.0,11,1,0,0.6991350000000001
3168,0.0,11,1,0,0.69904
3169,1.0,60,1,2,0.6989449999999999
3170,0.0,23,1,0,0.69885
3171,0.0,4,1,0,0.698755
3172,1.0,24,1,2,0.6986600000000001
3173,0.0,4,1,0,0.698565
3174,1.0,41,1,2,0.6984699999999999
3175,1.0,94,1,2,0.698375
3176,1.0,99,1,2,0.69828
3177,1.0,58,1,2,0.6981850000000001
3178,0.0,16,1,0,0.69809
3179,3.0,114,1,3,0.6979949999999999
3180,4.0,112,0,4,0.6979
3181,1.0,57,1,2,0.697805
3182,4.0,128,0,4,0.69771
3183,1.0,99,1,2,0.697615
3184,1.0,68,1,2,0.6975199999999999
3185,1.0,41,1,2,0.697425
3186,0.0,19,1,0,0.69733
3187,1.0,68,1,2,0.697235
3188,0.0,14,1,0,0.6971400000000001
3189,4.0,91,0,4,0.697045
3190,0.0,11,1,0,0.69695
3191,1.0,49,1,2,0.696855
3192,3.0,119,1,3,0.69676
3193,0.0,12,1,0,0.6966650000000001
3194,1.0,164,1,2,0.69657
3195,0.0,4,1,0,0.696475
3196,0.0,28,1,1,0.69638
3197,0.0,14,1,0,0.696285
3198,0.0,17,1,0,0.6961900000000001
3199,0.0,14,1,0,0.696095
3200,0.0,3,1,0,0.696
3201,3.0,45,1,3,0.695905
3202,0.0,35,1,0,0.69581
3203,0.0,19,1,0,0.6957150000000001
3204,4.0,126,0,4,0.69562
3205,0.0,30,1,0,0.695525
3206,4.0,158,0,4,0.69543
3207,4.0,112,0,4,0.695335
3208,1.0,90,1,2,0.6952400000000001
3209,4.0,82,0,4,0.695145
3210,4.0,114,0,4,0.69505
3211,0.0,15,1,0,0.694955
3212,3.0,50,1,3,0.69486
3213,1.0,45,1,2,0.6947650000000001
3214,1.0,68,1,2,0.69467
3215,0.0,8,1,0,0.6945749999999999
3216,1.0,51,1,2,0.69448
3217,0.0,7,1,0,0.694385
3218,0.0,15,1,0,0.6942900000000001
3219,0.0,6,1,0,0.694195
3220,1.0,29,1,2,0.6940999999999999
3221,4.0,126,0,4,0.694005
3222,1.0,67,1,2,0.69391
3223,0.0,36,1,0,0.6938150000000001
3224,1.0,51,1,2,0.69372
3225,0.0,21,1,0,0.6936249999999999
3226,4.0,79,0,4,0.69353
3227,3.0,104,1,3,0.693435
3228,1.0,80,1,2,0.6933400000000001
3229,4.0,84,0,4,0.693245
3230,3.0,69,1,3,0.6931499999999999
3231,1.0,105,1,2,0.693055
3232,0.0,11,1,0,0.69296
3233,3.0,107,1,3,0.6928650000000001
3234,0.0,7,1,0,0.69277
3235,4.0,118,0,4,0.6926749999999999
3236,0.0,13,1,0,0.69258
3237,3.0,102,1,3,0.692485
3238,0.0,10,1,0,0.6923900000000001
3239,0.0,4,1,0,0.692295
3240,4.0,135,0,4,0.6921999999999999
3241,1.0,52,1,2,0.692105
3242,3.0,62,1,3,0.69201
3243,4.0,145,0,4,0.6919150000000001
3244,1.0,63,1,2,0.69182
3245,1.0,96,1,2,0.6917249999999999
3246,1.0,36,1,2,0.69163
3247,1.0,33,1,2,0.691535
3248,1.0,56,1,2,0.69144
3249,0.0,13,1,0,0.691345
3250,4.0,116,0,4,0.69125
3251,0.0,46,1,1,0.691155
3252,1.0,74,1,2,0.69106
3253,4.0,73,0,4,0.690965
3254,0.0,7,1,0,0.69087
3255,0.0,13,1,0,0.690775
3256,1.0,35,1,2,0.69068
3257,3.0,80,1,3,0.690585
3258,1.0,85,1,2,0.69049
3259,0.0,6,1,0,0.690395
3260,4.0,102,0,4,0.6903
3261,1.0,54,1,2,0.690205
3262,1.0,68,1,2,0.69011
3263,4.0,147,0,4,0.690015
3264,3.0,57,1,3,0.68992
3265,3.0,61,1,3,0.689825
3266,0.0,6,1,0,0.68973
3267,0.0,3,1,0,0.689635
3268,3.0,112,1,3,0.68954
3269,0.0,4,1,0,0.689445
3270,0.0,6,1,0,0.68935
3271,4.0,96,0,4,0.689255
3272,0.0,6,1,0,0.68916
3273,0.0,7,1,0,0.689065
3274,4.0,99,0,4,0.68897
3275,0.0,17,1,0,0.688875
3276,4.0,116,0,4,0.68878
3277,0.0,48,1,1,0.688685
3278,0.0,14,1,0,0.68859
3279,4.0,128,0,4,0.688495
3280,1.0,68,1,2,0.6884
3281,3.0,83,1,3,0.688305
3282,0.0,28,1,1,0.68821
3283,0.0,11,1,0,0.688115
3284,3.0,66,1,3,0.68802
3285,1.0,95,1,2,0.687925
3286,0.0,12,1,0,0.6878299999999999
3287,3.0,102,1,3,0.687735
3288,0.0,8,1,0,0.68764
3289,0.0,42,1,0,0.6875450000000001
3290,1.0,49,1,2,0.68745
3291,0.0,4,1,0,0.6873549999999999
3292,0.0,38,1,1,0.68726
3293,0.0,3,1,0,0.687165
3294,1.0,73,1,2,0.6870700000000001
3295,0.0,9,1,0,0.686975
3296,1.0,59,1,2,0.6868799999999999
3297,3.0,98,1,3,0.686785
3298,1.0,39,1,2,0.68669
3299,1.0,77,1,2,0.6865950000000001
3300,0.0,8,1,0,0.6865
3301,0.0,14,1,0,0.6864049999999999
3302,0.0,27,1,0,0.68631
3303,1.0,94,1,2,0.686215
3304,0.0,6,1,0,0.6861200000000001
3305,0.0,10,1,0,0.686025
3306,4.0,70,0,4,0.6859299999999999
3307,0.0,28,1,0,0.685835
3308,0.0,8,1,0,0.68574
3309,0.0,11,1,0,0.6856450000000001
3310,3.0,99,1,3,0.68555
3311,1.0,79,1,2,0.685455
3312,1.0,71,1,2,0.68536
3313,0.0,15,1,0,0.685265
3314,0.0,8,1,0,0.6851700000000001
3315,0.0,4,1,0,0.685075
3316,1.0,41,1,2,0.68498
3317,1.0,107,1,2,0.684885
3318,1.0,27,1,2,0.68479
3319,1.0,111,1,2,0.684695
3320,0.0,17,1,1,0.6846
3321,0.0,17,1,0,0.684505
3322,0.0,13,1,0,0.68441
3323,4.0,161,0,4,0.684315
3324,1.0,126,1,2,0.68422
3325,0.0,28,1,0,0.684125
3326,0.0,13,1,0,0.68403
3327,0.0,18,1,0,0.683935
3328,1.0,43,1,2,0.68384
3329,0.0,3,1,0,0.683745
3330,1.0,43,1,2,0.68365
3331,3.0,86,1,3,0.683555
3332,0.0,5,1,0,0.68346
3333,1.0,82,1,2,0.683365
3334,1.0,78,1,2,0.68327
3335,0.0,81,1,1,0.683175
3336,0.0,32,1,1,0.68308
3337,3.0,56,1,3,0.682985
3338,1.0,49,1,2,0.68289
3339,0.0,8,1,0,0.682795
3340,3.0,77,1,3,0.6827
3341,3.0,97,1,3,0.682605
3342,1.0,114,1,2,0.68251
3343,1.0,57,1,2,0.682415
3344,0.0,8,1,0,0.68232
3345,0.0,21,1,0,0.682225
3346,0.0,5,1,0,0.68213
3347,2.0,80,1,3,0.682035
3348,3.0,123,1,3,0.68194
3349,4.0,145,0,4,0.681845
3350,0.0,37,1,0,0.6817500000000001
3351,1.0,261,1,2,0.681655
3352,0.0,6,1,0,0.6815599999999999
3353,0.0,11,1,0,0.681465
3354,4.0,56,0,4,0.68137
3355,1.0,44,1,2,0.6812750000000001
3356,3.0,69,1,3,0.68118
3357,3.0,76,1,3,0.6810849999999999
3358,0.0,5,1,0,0.68099
3359,0.0,12,1,0,0.680895
3360,4.0,117,0,4,0.6808000000000001
3361,4.0,104,0,4,0.680705
3362,0.0,47,1,1,0.6806099999999999
3363,0.0,4,1,0,0.680515
3364,0.0,10,1,0,0.68042
3365,3.0,79,1,3,0.6803250000000001
3366,1.0,39,1,2,0.68023
3367,3.0,74,1,3,0.6801349999999999
3368,3.0,80,1,3,0.68004
3369,3.0,112,1,3,0.679945
3370,0.0,10,1,0,0.6798500000000001
3371,3.0,93,1,3,0.679755
3372,0.0,14,1,0,0.67966
3373,0.0,22,1,0,0.679565
3374,1.0,62,1,2,0.67947
3375,3.0,66,1,3,0.6793750000000001
3376,0.0,5,1,0,0.67928
3377,3.0,144,1,3,0.679185
3378,0.0,41,1,0,0.67909
3379,0.0,4,1,0,0.678995
3380,4.0,150,0,4,0.6789000000000001
3381,1.0,94,1,2,0.678805
3382,1.0,76,1,2,0.67871
3383,3.0,133,1,3,0.678615
3384,4.0,149,0,4,0.67852
3385,4.0,170,0,4,0.6784250000000001
3386,1.0,95,1,2,0.67833
3387,3.0,82,1,3,0.678235
3388,4.0,164,0,4,0.67814
3389,3.0,93,1,3,0.678045
3390,0.0,17,1,0,0.67795
3391,1.0,144,1,2,0.677855
3392,3.0,80,1,3,0.67776
3393,0.0,16,1,0,0.677665
3394,1.0,92,1,2,0.67757
3395,0.0,5,1,0,0.677475
3396,1.0,85,1,2,0.67738
3397,0.0,14,1,0,0.677285
3398,1.0,91,1,2,0.67719
3399,4.0,130,0,4,0.677095
3400,0.0,29,1,1,0.677
3401,1.0,43,1,2,0.676905
3402,1.0,44,1,2,0.67681
3403,3.0,160,1,3,0.676715
3404,4.0,111,0,4,0.67662
3405,1.0,24,1,2,0.676525
3406,0.0,15,1,1,0.67643
3407,0.0,4,1,0,0.676335
3408,4.0,128,0,4,0.67624
3409,0.0,16,1,0,0.676145
3410,0.0,9,1,0,0.67605
3411,0.0,49,1,1,0.6759550000000001
3412,3.0,74,1,3,0.67586
3413,1.0,49,1,2,0.675765
3414,0.0,21,1,0,0.67567
3415,4.0,102,0,4,0.675575
3416,0.0,8,1,0,0.6754800000000001
3417,0.0,13,1,0,0.675385
3418,4.0,116,0,4,0.67529
3419,0.0,13,1,0,0.675195
3420,1.0,34,1,2,0.6751
3421,1.0,37,1,2,0.6750050000000001
3422,3.0,78,1,3,0.67491
3423,4.0,148,0,4,0.6748149999999999
3424,0.0,4,1,0,0.67472
3425,0.0,8,1,0,0.674625
3426,4.0,97,0,4,0.6745300000000001
3427,0.0,21,1,0,0.674435
3428,0.0,54,1,0,0.6743399999999999
3429,4.0,102,0,4,0.674245
3430,0.0,9,1,0,0.67415
3431,4.0,90,0,4,0.6740550000000001
3432,1.0,41,1,2,0.67396
3433,0.0,5,1,0,0.673865
3434,0.0,23,1,0,0.67377
3435,1.0,44,1,2,0.673675
3436,1.0,28,1,2,0.6735800000000001
3437,0.0,6,1,0,0.673485
3438,3.0,111,1,3,0.67339
3439,4.0,77,0,4,0.673295
3440,0.0,17,1,0,0.6732
3441,0.0,27,1,1,0.6731050000000001
3442,4.0,55,0,4,0.67301
3443,1.0,56,1,2,0.672915
3444,1.0,27,1,2,0.67282
3445,0.0,11,1,0,0.672725
3446,0.0,2,1,0,0.6726300000000001
3447,3.0,144,1,3,0.672535
3448,1.0,100,1,2,0.67244
3449,1.0,41,1,2,0.672345
3450,0.0,4,1,0,0.67225
3451,0.0,5,1,0,0.6721550000000001
3452,0.0,13,1,0,0.67206
3453,1.0,103,1,2,0.671965
3454,0.0,21,1,0,0.67187
3455,3.0,97,1,3,0.671775
3456,1.0,33,1,2,0.67168
3457,0.0,3,1,0,0.671585
3458,0.0,13,1,0,0.67149
3459,3.0,57,1,3,0.671395
3460,0.0,19,1,0,0.6713
3461,0.0,5,1,0,0.671205
3462,4.0,80,0,4,0.67111
3463,1.0,128,1,2,0.671015
3464,4.0,135,0,4,0.67092
3465,1.0,48,1,2,0.670825
3466,1.0,55,1,2,0.67073
3467,1.0,125,1,2,0.670635
3468,1.0,49,1,2,0.67054
3469,0.0,4,1,0,0.670445
3470,3.0,94,1,3,0.67035
3471,1.0,53,1,2,0.670255
3472,0.0,10,1,0,0.6701600000000001
3473,0.0,20,1,0,0.670065
3474,1.0,37,1,2,0.66997
3475,1.0,63,1,2,0.669875
3476,1.0,44,1,2,0.66978
3477,1.0,38,1,2,0.6696850000000001
3478,4.0,139,0,4,0.66959
3479,0.0,3,1,0,0.669495
3480,0.0,3,1,0,0.6694
3481,4.0,91,0,4,0.669305
3482,1.0,70,1,2,0.6692100000000001
3483,0.0,8,1,0,0.669115
3484,1.0,86,1,2,0.66902
3485,1.0,63,1,2,0.668925
3486,4.0,68,0,4,0.66883
3487,1.0,28,1,2,0.6687350000000001
3488,0.0,3,1,0,0.66864
3489,4.0,134,0,4,0.668545
3490,1.0,45,1,2,0.66845
3491,0.0,7,1,0,0.668355
3492,1.0,28,1,2,0.6682600000000001
3493,1.0,90,1,2,0.668165
3494,1.0,58,1,2,0.66807
3495,1.0,62,1,2,0.667975
3496,3.0,146,1,3,0.66788
3497,0.0,5,1,0,0.6677850000000001
3498,3.0,51,1,3,0.66769
3499,1.0,95,1,2,0.667595
3500,3.0,96,1,3,0.6675
3501,0.0,5,1,0,0.667405
3502,4.0,91,0,4,0.6673100000000001
3503,4.0,74,0,4,0.667215
3504,4.0,119,0,4,0.66712
3505,1.0,36,1,2,0.667025
3506,1.0,126,1,2,0.66693
3507,0.0,6,1,0,0.6668350000000001
3508,0.0,2,1,0,0.66674
3509,1.0,60,1,2,0.666645
3510,1.0,86,1,2,0.66655
3511,3.0,69,1,3,0.666455
3512,4.0,95,0,4,0.6663600000000001
3513,0.0,9,1,0,0.666265
3514,4.0,76,0,4,0.66617
3515,3.0,152,1,3,0.666075
3516,1.0,49,1,2,0.66598
3517,4.0,67,0,4,0.6658850000000001
3518,0.0,11,1,0,0.66579
3519,0.0,5,1,0,0.665695
3520,3.0,137,1,3,0.6656
3521,0.0,5,1,0,0.665505
3522,1.0,98,1,2,0.6654100000000001
3523,1.0,49,1,2,0.665315
3524,4.0,106,0,4,0.66522
3525,4.0,125,0,4,0.665125
3526,3.0,102,1,3,0.66503
3527,1.0,81,1,2,0.664935
3528,1.0,48,1,2,0.66484
3529,1.0,43,1,2,0.664745
3530,4.0,110,0,4,0.66465
3531,3.0,84,1,3,0.664555
3532,4.0,135,0,4,0.66446
3533,4.0,66,0,4,0.6643650000000001
3534,1.0,88,1,2,0.66427
3535,4.0,95,0,4,0.664175
3536,3.0,73,1,3,0.66408
3537,1.0,54,1,2,0.663985
3538,0.0,6,1,0,0.6638900000000001
3539,0.0,8,1,0,0.663795
3540,4.0,56,0,4,0.6637
3541,0.0,9,1,0,0.663605
3542,0.0,8,1,0,0.66351
3543,3.0,118,1,3,0.6634150000000001
3544,3.0,64,1,3,0.66332
3545,1.0,43,1,2,0.663225
3546,0.0,5,1,0,0.66313
3547,0.0,11,1,0,0.663035
3548,0.0,5,1,0,0.6629400000000001
3549,3.0,106,1,3,0.662845
3550,0.0,28,1,0,0.66275
3551,4.0,67,0,4,0.662655
3552,1.0,64,1,2,0.66256
3553,1.0,46,1,2,0.6624650000000001
3554,4.0,109,0,4,0.66237
3555,4.0,74,0,4,0.6622750000000001
3556,3.0,106,1,3,0.66218
3557,1.0,43,1,2,0.662085
3558,1.0,50,1,2,0.6619900000000001
3559,1.0,39,1,2,0.661895
3560,1.0,92,1,2,0.6618
3561,0.0,5,1,0,0.661705
3562,0.0,16,1,1,0.66161
3563,0.0,11,1,0,0.6615150000000001
3564,0.0,18,1,0,0.66142
3565,0.0,17,1,0,0.661325
3566,3.0,70,1,3,0.66123
3567,1.0,35,1,2,0.661135
3568,0.0,8,1,0,0.6610400000000001
3569,1.0,90,1,2,0.660945
3570,0.0,45,1,1,0.66085
3571,1.0,50,1,2,0.660755
3572,1.0,40,1,2,0.66066
3573,0.0,6,1,0,0.6605650000000001
3574,0.0,15,1,1,0.66047
3575,0.0,7,1,0,0.660375
3576,4.0,80,0,4,0.66028
3577,0.0,19,1,0,0.660185
3578,0.0,20,1,0,0.6600900000000001
3579,1.0,86,1,2,0.659995
3580,0.0,28,1,0,0.6599
3581,1.0,53,1,2,0.659805
3582,1.0,64,1,2,0.65971
3583,0.0,8,1,0,0.6596150000000001
3584,0.0,22,1,0,0.65952
3585,0.0,4,1,0,0.659425
3586,0.0,4,1,0,0.65933
3587,1.0,47,1,2,0.659235
3588,3.0,138,1,3,0.6591400000000001
3589,0.0,8,1,0,0.659045
3590,0.0,4,1,0,0.65895
3591,0.0,9,1,0,0.658855
3592,0.0,30,1,0,0.65876
3593,1.0,60,1,2,0.6586650000000001
3594,1.0,58,1,2,0.6585700000000001
3595,1.0,45,1,2,0.658475
3596,0.0,12,1,0,0.65838
3597,0.0,3,1,0,0.658285
3598,1.0,51,1,2,0.65819
3599,0.0,6,1,0,0.6580950000000001
3600,0.0,9,1,0,0.658
3601,0.0,8,1,0,0.657905
3602,0.0,37,1,0,0.65781
3603,3.0,147,1,3,0.657715
3604,0.0,5,1,0,0.6576200000000001
3605,0.0,27,1,0,0.657525
3606,0.0,6,1,0,0.65743
3607,3.0,107,1,3,0.657335
3608,0.0,6,1,0,0.65724
3609,0.0,4,1,0,0.6571450000000001
3610,3.0,75,1,3,0.65705
3611,1.0,76,1,2,0.656955
3612,0.0,14,1,1,0.65686
3613,0.0,10,1,0,0.656765
3614,0.0,10,1,0,0.6566700000000001
3615,0.0,31,1,0,0.656575
3616,0.0,9,1,0,0.6564800000000001
3617,0.0,9,1,0,0.656385
3618,0.0,12,1,0,0.65629
3619,1.0,97,1,2,0.6561950000000001
3620,0.0,19,1,0,0.6561
3621,0.0,18,1,0,0.6560050000000001
3622,1.0,58,1,2,0.65591
3623,1.0,71,1,2,0.655815
3624,1.0,53,1,2,0.6557200000000001
3625,1.0,173,1,2,0.655625
3626,4.0,136,0,4,0.6555300000000001
3627,3.0,79,1,3,0.655435
3628,0.0,4,1,0,0.65534
3629,4.0,79,0,4,0.6552450000000001
3630,0.0,38,1,0,0.65515
3631,4.0,115,0,4,0.655055
3632,4.0,93,0,4,0.65496
3633,0.0,13,1,0,0.654865
3634,4.0,91,0,4,0.6547700000000001
3635,1.0,56,1,2,0.654675
3636,1.0,73,1,2,0.65458
3637,4.0,114,0,4,0.654485
3638,0.0,13,1,0,0.65439
3639,3.0,84,1,3,0.6542950000000001
3640,0.0,7,1,0,0.6542
3641,4.0,103,0,4,0.654105
3642,4.0,81,0,4,0.65401
3643,0.0,25,1,1,0.653915
3644,3.0,82,1,3,0.6538200000000001
3645,0.0,15,1,0,0.653725
3646,0.0,15,1,0,0.65363
3647,3.0,67,1,3,0.653535
3648,0.0,44,1,0,0.65344
3649,4.0,101,0,4,0.6533450000000001
3650,0.0,5,1,0,0.65325
3651,1.0,37,1,2,0.653155
3652,0.0,11,1,0,0.65306
3653,3.0,99,1,3,0.652965
3654,0.0,12,1,0,0.6528700000000001
3655,0.0,11,1,0,0.6527750000000001
3656,0.0,5,1,0,0.65268
3657,0.0,7,1,0,0.652585
3658,0.0,35,1,0,0.65249
3659,3.0,56,1,3,0.6523950000000001
3660,1.0,31,1,2,0.6523000000000001
3661,0.0,3,1,0,0.652205
3662,3.0,99,1,3,0.65211
3663,2.0,68,1,3,0.652015
3664,3.0,78,1,3,0.65192
3665,1.0,46,1,2,0.6518250000000001
3666,3.0,53,1,3,0.65173
3667,0.0,5,1,0,0.651635
3668,3.0,84,1,3,0.65154
3669,1.0,47,1,2,0.651445
3670,0.0,23,1,0,0.6513500000000001
3671,4.0,90,0,4,0.651255
3672,0.0,14,1,0,0.65116
3673,0.0,28,1,0,0.651065
3674,4.0,88,0,4,0.65097
3675,0.0,5,1,0,0.6508750000000001
3676,1.0,97,1,2,0.65078
3677,0.0,29,1,0,0.650685
3678,0.0,38,1,0,0.65059
3679,3.0,147,1,3,0.650495
3680,0.0,18,1,1,0.6504000000000001
3681,1.0,82,1,2,0.650305
3682,0.0,8,1,0,0.65021
3683,1.0,110,1,2,0.650115
3684,0.0,5,1,0,0.65002
3685,0.0,3,1,0,0.6499250000000001
3686,0.0,5,1,0,0.64983
3687,3.0,97,1,3,0.649735
3688,4.0,85,0,4,0.64964
3689,0.0,7,1,0,0.649545
3690,0.0,5,1,0,0.6494500000000001
3691,4.0,124,0,4,0.649355
3692,4.0,70,0,4,0.6492600000000001
3693,0.0,4,1,0,0.649165
3694,4.0,67,0,4,0.64907
3695,1.0,29,1,2,0.6489750000000001
3696,0.0,28,1,1,0.64888
3697,1.0,23,1,2,0.6487850000000001
3698,1.0,40,1,2,0.64869
3699,3.0,84,1,3,0.648595
3700,1.0,66,1,2,0.6485000000000001
3701,1.0,40,1,2,0.648405
3702,4.0,96,0,4,0.64831
3703,1.0,50,1,2,0.648215
3704,2.0,81,1,3,0.64812
3705,3.0,66,1,3,0.6480250000000001
3706,0.0,23,1,0,0.64793
3707,1.0,86,1,2,0.647835
3708,0.0,8,1,0,0.64774
3709,4.0,74,0,4,0.647645
3710,4.0,86,0,4,0.6475500000000001
3711,4.0,98,0,4,0.647455
3712,0.0,6,1,0,0.64736
3713,0.0,23,1,0,0.647265
3714,0.0,24,1,0,0.64717
3715,4.0,87,0,4,0.6470750000000001
3716,4.0,84,0,4,0.6469800000000001
3717,1.0,78,1,2,0.646885
3718,1.0,40,1,2,0.64679
3719,1.0,80,1,2,0.646695
3720,0.0,12,1,0,0.6466000000000001
3721,3.0,66,1,3,0.6465050000000001
3722,0.0,20,1,0,0.64641
3723,0.0,24,1,0,0.646315
3724,4.0,43,0,4,0.64622
3725,1.0,59,1,2,0.6461250000000001
3726,1.0,40,1,2,0.6460300000000001
3727,4.0,198,0,4,0.645935
3728,1.0,25,1,2,0.64584
3729,0.0,7,1,0,0.645745
3730,4.0,135,0,4,0.6456500000000001
3731,3.0,69,1,3,0.6455550000000001
3732,1.0,33,1,2,0.64546
3733,0.0,3,1,0,0.645365
3734,3.0,83,1,3,0.64527
3735,0.0,8,1,0,0.645175
3736,3.0,141,1,3,0.6450800000000001
3737,0.0,13,1,0,0.644985
3738,0.0,13,1,0,0.64489
3739,0.0,7,1,0,0.644795
3740,4.0,128,0,4,0.6447
3741,3.0,84,1,3,0.6446050000000001
3742,4.0,107,0,4,0.64451
3743,3.0,103,1,3,0.644415
3744,0.0,43,1,1,0.64432
3745,1.0,72,1,2,0.644225
3746,1.0,82,1,2,0.6441300000000001
3747,0.0,3,1,0,0.644035
3748,0.0,9,1,0,0.64394
3749,3.0,50,1,3,0.643845
3750,4.0,60,0,4,0.64375
3751,0.0,3,1,0,0.6436550000000001
3752,0.0,9,1,0,0.64356
3753,0.0,9,1,0,0.643465
3754,0.0,20,1,0,0.64337
3755,1.0,76,1,2,0.643275
3756,0.0,11,1,0,0.6431800000000001
3757,4.0,113,0,4,0.643085
3758,3.0,39,1,3,0.64299
3759,1.0,35,1,2,0.642895
3760,1.0,125,1,2,0.6428
3761,0.0,5,1,0,0.6427050000000001
3762,4.0,64,0,4,0.64261
3763,1.0,37,1,2,0.642515
3764,1.0,45,1,2,0.64242
3765,4.0,110,0,4,0.642325
3766,3.0,106,1,3,0.6422300000000001
3767,1.0,47,1,2,0.642135
3768,3.0,60,1,3,0.6420399999999999
3769,1.0,80,1,2,0.641945
3770,4.0,56,0,4,0.64185
3771,0.0,22,1,0,0.6417550000000001
3772,1.0,29,1,2,0.6416600000000001
3773,4.0,102,0,4,0.6415649999999999
3774,0.0,40,1,0,0.64147
3775,0.0,17,1,0,0.641375
3776,0.0,11,1,0,0.6412800000000001
3777,4.0,82,0,4,0.6411850000000001
3778,0.0,14,1,0,0.6410899999999999
3779,0.0,35,1,1,0.640995
3780,4.0,66,0,4,0.6409
3781,4.0,83,0,4,0.6408050000000001
3782,1.0,70,1,2,0.6407100000000001
3783,1.0,50,1,2,0.6406149999999999
3784,0.0,10,1,0,0.64052
3785,0.0,6,1,0,0.640425
3786,0.0,7,1,0,0.6403300000000001
3787,0.0,46,1,0,0.6402350000000001
3788,0.0,34,1,1,0.6401399999999999
3789,0.0,18,1,0,0.640045
3790,0.0,17,1,0,0.63995
3791,1.0,79,1,2,0.6398550000000001
3792,0.0,4,1,0,0.6397600000000001
3793,1.0,96,1,2,0.6396649999999999
3794,3.0,71,1,3,0.63957
3795,0.0,35,1,1,0.639475
3796,1.0,83,1,2,0.6393800000000001
3797,0.0,12,1,0,0.6392850000000001
3798,3.0,91,1,3,0.6391899999999999
3799,0.0,13,1,0,0.639095
3800,0.0,5,1,0,0.639
3801,0.0,12,1,0,0.6389050000000001
3802,1.0,69,1,2,0.6388100000000001
3803,0.0,7,1,0,0.6387149999999999
3804,0.0,16,1,0,0.63862
3805,4.0,83,0,4,0.638525
3806,0.0,33,1,0,0.63843
3807,3.0,70,1,3,0.6383350000000001
3808,0.0,5,1,0,0.6382399999999999
3809,0.0,16,1,0,0.638145
3810,1.0,42,1,2,0.63805
3811,1.0,37,1,2,0.637955
3812,1.0,35,1,2,0.6378600000000001
3813,4.0,85,0,4,0.637765
3814,0.0,23,1,0,0.63767
3815,4.0,97,0,4,0.637575
3816,0.0,4,1,0,0.63748
3817,4.0,62,0,4,0.6373850000000001
3818,0.0,20,1,0,0.63729
3819,1.0,37,1,2,0.637195
3820,0.0,23,1,0,0.6371
3821,0.0,8,1,0,0.637005
3822,3.0,75,1,3,0.6369100000000001
3823,3.0,99,1,3,0.636815
3824,4.0,109,0,4,0.63672
3825,0.0,22,1,0,0.636625
3826,1.0,39,1,2,0.63653
3827,1.0,70,1,2,0.6364350000000001
3828,4.0,143,0,4,0.63634
3829,0.0,5,1,0,0.636245
3830,4.0,77,0,4,0.63615
3831,4.0,67,0,4,0.636055
3832,0.0,24,1,0,0.6359600000000001
3833,0.0,6,1,0,0.6358650000000001
3834,0.0,9,1,0,0.63577
3835,0.0,5,1,0,0.635675
3836,0.0,28,1,0,0.63558
3837,4.0,179,0,4,0.6354850000000001
3838,0.0,10,1,0,0.6353900000000001
3839,0.0,8,1,0,0.6352949999999999
3840,1.0,64,1,2,0.6352
3841,0.0,6,1,0,0.635105
3842,1.0,90,1,2,0.6350100000000001
3843,3.0,127,1,3,0.6349150000000001
3844,1.0,98,1,2,0.6348199999999999
3845,3.0,74,1,3,0.634725
3846,4.0,88,0,4,0.63463
3847,0.0,3,1,0,0.6345350000000001
3848,4.0,142,0,4,0.6344400000000001
3849,1.0,69,1,2,0.6343449999999999
3850,1.0,39,1,2,0.63425
3851,0.0,38,1,0,0.634155
3852,1.0,101,1,2,0.6340600000000001
3853,4.0,84,0,4,0.6339650000000001
3854,4.0,117,0,4,0.6338699999999999
3855,2.0,68,1,3,0.633775
3856,0.0,11,1,0,0.63368
3857,0.0,5,1,0,0.6335850000000001
3858,0.0,24,1,0,0.6334900000000001
3859,0.0,9,1,0,0.6333949999999999
3860,1.0,45,1,2,0.6333
3861,1.0,51,1,2,0.633205
3862,4.0,84,0,4,0.6331100000000001
3863,0.0,5,1,0,0.6330150000000001
3864,3.0,104,1,3,0.6329199999999999
3865,0.0,4,1,0,0.632825
3866,3.0,53,1,3,0.63273
3867,1.0,50,1,2,0.6326350000000001
3868,1.0,41,1,2,0.6325400000000001
3869,1.0,46,1,2,0.6324449999999999
3870,4.0,64,0,4,0.63235
3871,4.0,91,0,4,0.632255
3872,1.0,33,1,2,0.63216
3873,0.0,8,1,0,0.6320650000000001
3874,3.0,106,1,3,0.6319699999999999
3875,1.0,86,1,2,0.631875
3876,1.0,47,1,2,0.63178
3877,1.0,45,1,2,0.631685
3878,1.0,72,1,2,0.6315900000000001
3879,0.0,5,1,0,0.6314949999999999
3880,1.0,35,1,2,0.6314
3881,0.0,5,1,0,0.631305
3882,1.0,95,1,2,0.63121
3883,3.0,69,1,3,0.6311150000000001
3884,1.0,64,1,2,0.6310199999999999
3885,4.0,83,0,4,0.630925
3886,0.0,6,1,0,0.63083
3887,4.0,84,0,4,0.630735
3888,4.0,70,0,4,0.6306400000000001
3889,1.0,40,1,2,0.630545
3890,4.0,95,0,4,0.63045
3891,1.0,21,1,2,0.630355
3892,4.0,69,0,4,0.63026
3893,3.0,51,1,3,0.6301650000000001
3894,4.0,83,0,4,0.63007
3895,4.0,61,0,4,0.629975
3896,4.0,88,0,4,0.62988
3897,1.0,73,1,2,0.629785
3898,0.0,11,1,0,0.6296900000000001
3899,0.0,10,1,0,0.629595
3900,1.0,50,1,2,0.6295
3901,0.0,4,1,0,0.629405
3902,0.0,11,1,0,0.62931
3903,1.0,33,1,2,0.6292150000000001
3904,4.0,64,0,4,0.62912
3905,4.0,105,0,4,0.629025
3906,0.0,14,1,0,0.62893
3907,4.0,73,0,4,0.628835
3908,1.0,52,1,2,0.6287400000000001
3909,0.0,6,1,0,0.628645
3910,4.0,81,0,4,0.6285499999999999
3911,0.0,12,1,0,0.628455
3912,3.0,164,1,3,0.62836
3913,1.0,44,1,2,0.6282650000000001
3914,0.0,3,1,0,0.62817
3915,3.0,67,1,3,0.6280749999999999
3916,0.0,11,1,0,0.62798
3917,3.0,82,1,3,0.627885
3918,0.0,7,1,0,0.6277900000000001
3919,3.0,64,1,3,0.627695
3920,0.0,21,1,1,0.6275999999999999
3921,3.0,71,1,3,0.627505
3922,0.0,10,1,0,0.62741
3923,0.0,3,1,0,0.6273150000000001
3924,3.0,94,1,3,0.62722
3925,1.0,31,1,2,0.6271249999999999
3926,0.0,4,1,0,0.62703
3927,0.0,24,1,1,0.626935
3928,1.0,32,1,2,0.6268400000000001
3929,0.0,3,1,0,0.626745
3930,3.0,77,1,3,0.6266499999999999
3931,0.0,28,1,0,0.626555
3932,4.0,89,0,4,0.62646
3933,1.0,107,1,2,0.6263650000000001
3934,3.0,81,1,3,0.62627
3935,3.0,61,1,3,0.6261749999999999
3936,3.0,54,1,3,0.62608
3937,4.0,94,0,4,0.625985
3938,4.0,81,0,4,0.6258900000000001
3939,3.0,70,1,3,0.6257950000000001
3940,0.0,6,1,0,0.6256999999999999
3941,0.0,16,1,0,0.625605
3942,3.0,65,1,3,0.62551
3943,4.0,70,0,4,0.625415
3944,0.0,17,1,0,0.6253200000000001
3945,1.0,38,1,2,0.6252249999999999
3946,1.0,68,1,2,0.62513
3947,3.0,59,1,3,0.625035
3948,3.0,94,1,3,0.62494
3949,0.0,7,1,0,0.6248450000000001
3950,4.0,60,0,4,0.62475
3951,1.0,31,1,2,0.624655
3952,1.0,62,1,2,0.62456
3953,4.0,143,0,4,0.624465
3954,4.0,62,0,4,0.6243700000000001
3955,0.0,17,1,0,0.624275
3956,0.0,5,1,0,0.62418
3957,0.0,25,1,0,0.624085
3958,3.0,79,1,3,0.62399
3959,0.0,11,1,0,0.6238950000000001
3960,1.0,23,1,2,0.6238
3961,0.0,12,1,0,0.623705
3962,1.0,77,1,2,0.62361
3963,0.0,9,1,0,0.623515
3964,0.0,36,1,1,0.6234200000000001
3965,1.0,65,1,2,0.623325
3966,4.0,70,0,4,0.62323
3967,0.0,3,1,0,0.623135
3968,2.0,70,1,3,0.62304
3969,4.0,119,0,4,0.6229450000000001
3970,1.0,51,1,2,0.62285
3971,3.0,50,1,3,0.622755
3972,1.0,35,1,2,0.62266
3973,1.0,37,1,2,0.622565
3974,1.0,49,1,2,0.6224700000000001
3975,0.0,10,1,0,0.622375
3976,0.0,9,1,0,0.6222799999999999
3977,4.0,107,0,4,0.622185
3978,0.0,13,1,0,0.62209
3979,0.0,32,1,1,0.6219950000000001
3980,1.0,129,1,2,0.6219
3981,0.0,10,1,0,0.6218049999999999
3982,0.0,49,1,1,0.62171
3983,1.0,79,1,2,0.621615
3984,0.0,14,1,0,0.6215200000000001
3985,4.0,86,0,4,0.621425
3986,1.0,78,1,2,0.6213299999999999
3987,0.0,5,1,0,0.621235
3988,0.0,3,1,0,0.62114
3989,3.0,92,1,3,0.6210450000000001
3990,1.0,26,1,2,0.62095
3991,0.0,20,1,0,0.6208549999999999
3992,0.0,4,1,0,0.62076
3993,1.0,45,1,2,0.620665
3994,4.0,105,0,4,0.6205700000000001
3995,1.0,40,1,2,0.620475
3996,4.0,123,0,4,0.6203799999999999
3997,4.0,62,0,4,0.620285
3998,4.0,83,0,4,0.62019
3999,0.0,4,1,0,0.6200950000000001
4000,0.0,4,1,0,0.62
4001,1.0,40,1,2,0.6199049999999999
4002,4.0,83,0,4,0.61981
4003,4.0,151,0,4,0.619715
4004,0.0,8,1,0,0.6196200000000001
4005,0.0,7,1,0,0.619525
4006,1.0,47,1,2,0.6194299999999999
4007,4.0,102,0,4,0.619335
4008,1.0,42,1,2,0.61924
4009,0.0,8,1,0,0.6191450000000001
4010,1.0,67,1,2,0.61905
4011,1.0,112,1,2,0.618955
4012,3.0,60,1,3,0.61886
4013,3.0,50,1,3,0.618765
4014,3.0,76,1,3,0.61867
4015,1.0,45,1,2,0.618575
4016,0.0,13,1,0,0.61848
4017,3.0,69,1,3,0.618385
4018,4.0,73,0,4,0.61829
4019,3.0,37,1,3,0.618195
4020,0.0,11,1,0,0.6181
4021,0.0,13,1,0,0.618005
4022,3.0,75,1,3,0.61791
4023,3.0,113,1,3,0.617815
4024,4.0,70,0,4,0.61772
4025,4.0,115,0,4,0.617625
4026,0.0,18,1,0,0.61753
4027,3.0,126,1,3,0.617435
4028,0.0,8,1,0,0.61734
4029,1.0,50,1,2,0.617245
4030,0.0,16,1,0,0.61715
4031,0.0,13,1,0,0.617055
4032,4.0,97,0,4,0.61696
4033,1.0,51,1,2,0.616865
4034,0.0,7,1,0,0.61677
4035,4.0,122,0,4,0.616675
4036,4.0,142,0,4,0.61658
4037,1.0,42,1,2,0.616485
4038,0.0,7,1,0,0.61639
4039,4.0,71,0,4,0.616295
4040,1.0,27,1,2,0.6162
4041,0.0,10,1,0,0.616105
4042,4.0,56,0,4,0.61601
4043,4.0,77,0,4,0.615915
4044,3.0,41,1,3,0.61582
4045,3.0,104,1,3,0.615725
4046,1.0,75,1,2,0.61563
4047,4.0,57,0,4,0.6155349999999999
4048,4.0,109,0,4,0.61544
4049,0.0,4,1,0,0.615345
4050,0.0,11,1,0,0.6152500000000001
4051,3.0,74,1,3,0.615155
4052,3.0,59,1,3,0.6150599999999999
4053,0.0,12,1,0,0.614965
4054,3.0,84,1,3,0.61487
4055,1.0,33,1,2,0.6147750000000001
4056,4.0,58,0,4,0.61468
4057,3.0,69,1,3,0.6145849999999999
4058,4.0,96,0,4,0.61449
4059,1.0,70,1,2,0.614395
4060,3.0,77,1,3,0.6143000000000001
4061,3.0,93,1,3,0.614205
4062,3.0,87,1,3,0.6141099999999999
4063,1.0,37,1,2,0.614015
4064,1.0,33,1,2,0.61392
4065,1.0,46,1,2,0.6138250000000001
4066,4.0,170,0,4,0.61373
4067,3.0,73,1,3,0.6136349999999999
4068,1.0,29,1,2,0.61354
4069,0.0,7,1,0,0.613445
4070,1.0,36,1,2,0.6133500000000001
4071,3.0,103,1,3,0.613255
4072,3.0,77,1,3,0.61316
4073,4.0,107,0,4,0.613065
4074,1.0,22,1,2,0.61297
4075,0.0,8,1,0,0.6128750000000001
4076,0.0,21,1,0,0.61278
4077,1.0,43,1,2,0.612685
4078,3.0,72,1,3,0.61259
4079,1.0,47,1,2,0.612495
4080,1.0,34,1,2,0.6124
4081,0.0,8,1,0,0.612305
4082,1.0,40,1,2,0.61221
4083,4.0,92,0,4,0.612115
4084,1.0,32,1,2,0.61202
4085,0.0,14,1,0,0.611925
4086,1.0,83,1,2,0.61183
4087,0.0,12,1,0,0.611735
4088,1.0,49,1,2,0.61164
4089,1.0,62,1,2,0.611545
4090,3.0,75,1,3,0.61145
4091,1.0,63,1,2,0.611355
4092,3.0,66,1,3,0.61126
4093,1.0,58,1,2,0.611165
4094,3.0,76,1,3,0.61107
4095,0.0,27,1,1,0.610975
4096,3.0,63,1,3,0.61088
4097,0.0,7,1,0,0.610785
4098,4.0,128,0,4,0.61069
4099,4.0,62,0,4,0.610595
4100,1.0,66,1,2,0.6105
4101,0.0,7,1,0,0.610405
4102,4.0,86,0,4,0.61031
4103,1.0,60,1,2,0.610215
4104,4.0,68,0,4,0.61012
4105,1.0,71,1,2,0.610025
4106,1.0,42,1,2,0.60993
4107,0.0,33,1,1,0.609835
4108,0.0,12,1,0,0.60974
4109,0.0,10,1,0,0.609645
4110,4.0,135,0,4,0.60955
4111,0.0,14,1,0,0.6094550000000001
4112,1.0,34,1,2,0.60936
4113,4.0,123,0,4,0.609265
4114,0.0,9,1,0,0.60917
4115,1.0,63,1,2,0.609075
4116,0.0,6,1,0,0.6089800000000001
4117,1.0,71,1,2,0.608885
4118,0.0,32,1,1,0.6087899999999999
4119,4.0,88,0,4,0.608695
4120,4.0,93,0,4,0.6086
4121,4.0,70,0,4,0.6085050000000001
4122,1.0,78,1,2,0.60841
4123,0.0,2,1,0,0.6083149999999999
4124,0.0,9,1,0,0.60822
4125,0.0,49,1,0,0.608125
4126,4.0,83,0,4,0.6080300000000001
4127,4.0,86,0,4,0.607935
4128,4.0,99,0,4,0.6078399999999999
4129,2.0,87,1,3,0.607745
4130,3.0,65,1,3,0.60765
4131,4.0,91,0,4,0.6075550000000001
4132,0.0,4,1,0,0.60746
4133,4.0,111,0,4,0.607365
4134,1.0,50,1,2,0.60727
4135,1.0,37,1,2,0.607175
4136,1.0,59,1,2,0.6070800000000001
4137,4.0,72,0,4,0.606985
4138,0.0,13,1,0,0.60689
4139,3.0,49,1,3,0.606795
4140,4.0,74,0,4,0.6067
4141,1.0,81,1,2,0.6066050000000001
4142,4.0,82,0,4,0.60651
4143,1.0,38,1,2,0.606415
4144,4.0,69,0,4,0.60632
4145,4.0,85,0,4,0.606225
4146,3.0,81,1,3,0.6061300000000001
4147,3.0,93,1,3,0.606035
4148,0.0,11,1,0,0.60594
4149,1.0,69,1,2,0.605845
4150,0.0,8,1,0,0.60575
4151,4.0,83,0,4,0.605655
4152,4.0,74,0,4,0.60556
4153,0.0,8,1,0,0.605465
4154,3.0,56,1,3,0.60537
4155,0.0,37,1,1,0.605275
4156,1.0,56,1,2,0.60518
4157,4.0,79,0,4,0.605085
4158,3.0,59,1,3,0.60499
4159,1.0,53,1,2,0.604895
4160,1.0,55,1,2,0.6048
4161,1.0,66,1,2,0.604705
4162,3.0,85,1,3,0.60461
4163,1.0,29,1,2,0.604515
4164,1.0,45,1,2,0.60442
4165,3.0,115,1,3,0.604325
4166,0.0,9,1,0,0.60423
4167,1.0,39,1,2,0.604135
4168,1.0,61,1,2,0.60404
4169,1.0,78,1,2,0.603945
4170,1.0,60,1,2,0.60385
4171,0.0,10,1,0,0.603755
4172,3.0,74,1,3,0.6036600000000001
4173,4.0,72,0,4,0.603565
4174,0.0,7,1,0,0.60347
4175,0.0,10,1,0,0.603375
4176,1.0,75,1,2,0.60328
4177,3.0,81,1,3,0.6031850000000001
4178,4.0,113,0,4,0.60309
4179,4.0,81,0,4,0.602995
4180,1.0,67,1,2,0.6029
4181,0.0,3,1,0,0.602805
4182,1.0,50,1,2,0.6027100000000001
4183,3.0,61,1,3,0.602615
4184,4.0,110,0,4,0.60252
4185,4.0,60,0,4,0.602425
4186,0.0,18,1,0,0.60233
4187,4.0,96,0,4,0.6022350000000001
4188,4.0,116,0,4,0.60214
4189,4.0,98,0,4,0.6020449999999999
4190,4.0,117,0,4,0.60195
4191,4.0,81,0,4,0.601855
4192,4.0,75,0,4,0.6017600000000001
4193,3.0,111,1,3,0.601665
4194,2.0,71,1,3,0.60157
4195,3.0,75,1,3,0.601475
4196,3.0,71,1,3,0.60138
4197,4.0,96,0,4,0.6012850000000001
4198,1.0,35,1,2,0.60119
4199,3.0,121,1,3,0.601095
4200,4.0,112,0,4,0.601
4201,4.0,79,0,4,0.600905
4202,3.0,103,1,3,0.6008100000000001
4203,4.0,62,0,4,0.600715
4204,4.0,73,0,4,0.60062
4205,0.0,4,1,0,0.600525
4206,0.0,5,1,0,0.60043
4207,0.0,43,1,1,0.6003350000000001
4208,1.0,64,1,2,0.60024
4209,1.0,29,1,2,0.600145
4210,0.0,5,1,0,0.60005
4211,4.0,55,0,4,0.599955
4212,4.0,111,0,4,0.5998600000000001
4213,4.0,123,0,4,0.599765
4214,1.0,40,1,2,0.59967
4215,3.0,75,1,3,0.599575
4216,1.0,45,1,2,0.59948
4217,0.0,13,1,0,0.5993850000000001
4218,0.0,11,1,0,0.59929
4219,4.0,72,0,4,0.599195
4220,3.0,90,1,3,0.5991
4221,1.0,29,1,2,0.599005
4222,3.0,42,1,3,0.59891
4223,1.0,31,1,2,0.598815
4224,4.0,81,0,4,0.59872
4225,4.0,68,0,4,0.598625
4226,4.0,68,0,4,0.59853
4227,0.0,4,1,0,0.598435
4228,3.0,84,1,3,0.59834
4229,3.0,60,1,3,0.598245
4230,0.0,5,1,0,0.59815
4231,0.0,6,1,0,0.598055
4232,4.0,109,0,4,0.59796
4233,0.0,45,1,1,0.5978650000000001
4234,4.0,74,0,4,0.59777
4235,0.0,12,1,0,0.597675
4236,0.0,6,1,0,0.59758
4237,4.0,69,0,4,0.597485
4238,3.0,78,1,3,0.5973900000000001
4239,1.0,55,1,2,0.597295
4240,2.0,96,1,3,0.5972
4241,0.0,8,1,0,0.597105
4242,4.0,69,0,4,0.59701
4243,3.0,64,1,3,0.5969150000000001
4244,3.0,58,1,3,0.59682
4245,3.0,79,1,3,0.596725
4246,1.0,81,1,2,0.59663
4247,4.0,99,0,4,0.596535
4248,1.0,41,1,2,0.5964400000000001
4249,0.0,8,1,0,0.596345
4250,3.0,82,1,3,0.59625
4251,1.0,45,1,2,0.596155
4252,0.0,20,1,1,0.59606
4253,1.0,77,1,2,0.5959650000000001
4254,3.0,61,1,3,0.59587
4255,1.0,51,1,2,0.595775
4256,0.0,3,1,0,0.59568
4257,0.0,7,1,0,0.595585
4258,3.0,97,1,3,0.5954900000000001
4259,4.0,101,0,4,0.595395
4260,1.0,59,1,2,0.5953
4261,4.0,165,0,4,0.595205
4262,4.0,74,0,4,0.59511
4263,4.0,95,0,4,0.5950150000000001
4264,1.0,37,1,2,0.59492
4265,3.0,76,1,3,0.594825
4266,1.0,45,1,2,0.59473
4267,0.0,35,1,1,0.594635
4268,3.0,74,1,3,0.5945400000000001
4269,1.0,41,1,2,0.594445
4270,1.0,60,1,2,0.59435
4271,1.0,28,1,2,0.594255
4272,1.0,59,1,2,0.59416
4273,1.0,33,1,2,0.5940650000000001
4274,4.0,127,0,4,0.59397
4275,0.0,15,1,0,0.593875
4276,1.0,40,1,2,0.59378
4277,3.0,58,1,3,0.593685
4278,3.0,69,1,3,0.5935900000000001
4279,1.0,40,1,2,0.593495
4280,4.0,53,0,4,0.5934
4281,3.0,75,1,3,0.593305
4282,1.0,31,1,2,0.59321
4283,4.0,102,0,4,0.5931150000000001
4284,0.0,12,1,0,0.59302
4285,4.0,52,0,4,0.592925
4286,0.0,17,1,1,0.59283
4287,0.0,15,1,0,0.592735
4288,3.0,42,1,3,0.5926400000000001
4289,4.0,55,0,4,0.592545
4290,1.0,64,1,2,0.59245
4291,1.0,46,1,2,0.592355
4292,4.0,84,0,4,0.59226
4293,3.0,86,1,3,0.592165
4294,4.0,82,0,4,0.5920700000000001
4295,3.0,77,1,3,0.591975
4296,3.0,76,1,3,0.59188
4297,0.0,23,1,1,0.591785
4298,1.0,42,1,2,0.59169
4299,4.0,143,0,4,0.5915950000000001
4300,0.0,8,1,0,0.5915
4301,0.0,7,1,0,0.591405
4302,0.0,6,1,0,0.59131
4303,0.0,26,1,0,0.591215
4304,3.0,113,1,3,0.5911200000000001
4305,0.0,3,1,0,0.591025
4306,1.0,31,1,2,0.59093
4307,4.0,77,0,4,0.590835
4308,4.0,75,0,4,0.59074
4309,0.0,7,1,0,0.5906450000000001
4310,1.0,79,1,2,0.59055
4311,1.0,52,1,2,0.590455
4312,0.0,25,1,0,0.59036
4313,4.0,81,0,4,0.590265
4314,3.0,70,1,3,0.5901700000000001
4315,1.0,64,1,2,0.590075
4316,3.0,53,1,3,0.5899800000000001
4317,4.0,76,0,4,0.589885
4318,4.0,58,0,4,0.58979
4319,1.0,38,1,2,0.5896950000000001
4320,1.0,59,1,2,0.5896
4321,3.0,105,1,3,0.5895050000000001
4322,4.0,64,0,4,0.58941
4323,0.0,21,1,1,0.589315
4324,0.0,10,1,0,0.5892200000000001
4325,3.0,62,1,3,0.589125
4326,3.0,49,1,3,0.58903
4327,0.0,49,1,0,0.588935
4328,4.0,70,0,4,0.58884
4329,3.0,81,1,3,0.5887450000000001
4330,1.0,36,1,2,0.58865
4331,1.0,21,1,2,0.588555
4332,0.0,3,1,0,0.58846
4333,1.0,42,1,2,0.588365
4334,1.0,50,1,2,0.5882700000000001
4335,3.0,88,1,3,0.588175
4336,1.0,38,1,2,0.58808
4337,0.0,5,1,0,0.587985
4338,3.0,93,1,3,0.58789
4339,4.0,121,0,4,0.5877950000000001
4340,3.0,59,1,3,0.5877
4341,1.0,44,1,2,0.587605
4342,4.0,60,0,4,0.58751
4343,3.0,67,1,3,0.587415
4344,0.0,2,1,0,0.5873200000000001
4345,4.0,97,0,4,0.587225
4346,1.0,27,1,2,0.58713
4347,0.0,7,1,0,0.587035
4348,0.0,5,1,0,0.58694
4349,1.0,36,1,2,0.5868450000000001
4350,4.0,110,0,4,0.58675
4351,1.0,55,1,2,0.586655
4352,4.0,99,0,4,0.58656
4353,3.0,66,1,3,0.586465
4354,4.0,83,0,4,0.5863700000000001
4355,1.0,45,1,2,0.5862750000000001
4356,1.0,56,1,2,0.58618
4357,4.0,84,0,4,0.586085
4358,0.0,5,1,0,0.58599
4359,4.0,101,0,4,0.585895
4360,3.0,68,1,3,0.5858000000000001
4361,3.0,55,1,3,0.585705
4362,0.0,7,1,0,0.58561
4363,3.0,83,1,3,0.585515
4364,1.0,51,1,2,0.58542
4365,4.0,68,0,4,0.5853250000000001
4366,1.0,46,1,2,0.58523
4367,1.0,97,1,2,0.585135
4368,3.0,97,1,3,0.58504
4369,4.0,63,0,4,0.584945
4370,4.0,81,0,4,0.5848500000000001
4371,1.0,37,1,2,0.584755
4372,3.0,75,1,3,0.58466
4373,0.0,7,1,0,0.584565
4374,0.0,18,1,0,0.58447
4375,0.0,5,1,0,0.5843750000000001
4376,0.0,5,1,0,0.58428
4377,4.0,118,0,4,0.5841850000000001
4378,0.0,4,1,0,0.58409
4379,4.0,76,0,4,0.583995
4380,1.0,54,1,2,0.5839000000000001
4381,4.0,90,0,4,0.583805
4382,0.0,9,1,0,0.5837100000000001
4383,3.0,57,1,3,0.583615
4384,3.0,72,1,3,0.58352
4385,0.0,16,1,0,0.5834250000000001
4386,3.0,60,1,3,0.58333
4387,4.0,79,0,4,0.5832350000000001
4388,0.0,5,1,0,0.58314
4389,4.0,86,0,4,0.583045
4390,1.0,38,1,2,0.5829500000000001
4391,0.0,23,1,0,0.582855
4392,1.0,48,1,2,0.5827600000000001
4393,1.0,42,1,2,0.582665
4394,1.0,40,1,2,0.58257
4395,0.0,6,1,0,0.5824750000000001
4396,3.0,57,1,3,0.58238
4397,1.0,66,1,2,0.582285
4398,4.0,78,0,4,0.58219
4399,0.0,13,1,0,0.582095
4400,0.0,25,1,1,0.5820000000000001
4401,1.0,24,1,2,0.581905
4402,4.0,103,0,4,0.58181
4403,1.0,44,1,2,0.581715
4404,1.0,45,1,2,0.58162
4405,1.0,51,1,2,0.5815250000000001
4406,4.0,83,0,4,0.58143
4407,1.0,50,1,2,0.581335
4408,0.0,7,1,0,0.58124
4409,1.0,30,1,2,0.581145
4410,1.0,27,1,2,0.5810500000000001
4411,0.0,5,1,0,0.5809550000000001
4412,0.0,7,1,0,0.58086
4413,4.0,88,0,4,0.580765
4414,1.0,92,1,2,0.58067
4415,1.0,44,1,2,0.5805750000000001
4416,0.0,24,1,0,0.5804800000000001
4417,1.0,113,1,2,0.580385
4418,4.0,80,0,4,0.58029
4419,3.0,70,1,3,0.580195
4420,0.0,16,1,0,0.5801000000000001
4421,4.0,78,0,4,0.5800050000000001
4422,0.0,10,1,0,0.57991
4423,4.0,81,0,4,0.579815
4424,4.0,73,0,4,0.57972
4425,0.0,6,1,0,0.5796250000000001
4426,0.0,6,1,0,0.5795300000000001
4427,0.0,13,1,0,0.579435
4428,0.0,50,1,0,0.57934
4429,4.0,93,0,4,0.579245
4430,4.0,99,0,4,0.57915
4431,4.0,62,0,4,0.5790550000000001
4432,4.0,92,0,4,0.57896
4433,0.0,15,1,0,0.578865
4434,3.0,87,1,3,0.57877
4435,0.0,12,1,0,0.578675
4436,4.0,62,0,4,0.5785800000000001
4437,0.0,7,1,0,0.578485
4438,3.0,43,1,3,0.5783900000000001
4439,4.0,67,0,4,0.578295
4440,1.0,22,1,2,0.5782
4441,0.0,8,1,0,0.5781050000000001
4442,0.0,13,1,0,0.57801
4443,3.0,77,1,3,0.5779150000000001
4444,3.0,100,1,3,0.57782
4445,1.0,44,1,2,0.577725
4446,0.0,12,1,0,0.5776300000000001
4447,0.0,5,1,0,0.577535
4448,1.0,69,1,2,0.5774400000000001
4449,3.0,117,1,3,0.577345
4450,4.0,100,0,4,0.57725
4451,4.0,68,0,4,0.5771550000000001
4452,0.0,3,1,0,0.57706
4453,3.0,122,1,3,0.5769650000000001
4454,0.0,3,1,0,0.57687
4455,0.0,6,1,0,0.576775
4456,3.0,75,1,3,0.5766800000000001
4457,0.0,10,1,0,0.576585
4458,4.0,73,0,4,0.5764900000000001
4459,1.0,30,1,2,0.576395
4460,0.0,6,1,0,0.5763
4461,4.0,89,0,4,0.5762050000000001
4462,4.0,69,0,4,0.57611
4463,1.0,73,1,2,0.576015
4464,4.0,89,0,4,0.57592
4465,4.0,95,0,4,0.575825
4466,4.0,61,0,4,0.5757300000000001
4467,4.0,62,0,4,0.575635
4468,1.0,65,1,2,0.57554
4469,1.0,83,1,2,0.575445
4470,0.0,10,1,0,0.57535
4471,1.0,40,1,2,0.5752550000000001
4472,1.0,49,1,2,0.5751600000000001
4473,1.0,227,1,2,0.575065
4474,0.0,11,1,0,0.57497
4475,4.0,123,0,4,0.574875
4476,4.0,110,0,4,0.5747800000000001
4477,3.0,73,1,3,0.5746850000000001
4478,0.0,19,1,0,0.57459
4479,4.0,79,0,4,0.574495
4480,3.0,63,1,3,0.5744
4481,0.0,12,1,0,0.5743050000000001
4482,1.0,45,1,2,0.5742100000000001
4483,1.0,43,1,2,0.574115
4484,1.0,51,1,2,0.57402
4485,4.0,84,0,4,0.573925
4486,1.0,30,1,2,0.5738300000000001
4487,1.0,53,1,2,0.5737350000000001
4488,0.0,28,1,0,0.57364
4489,0.0,7,1,0,0.573545
4490,0.0,5,1,0,0.57345
4491,0.0,11,1,0,0.5733550000000001
4492,0.0,7,1,0,0.5732600000000001
4493,4.0,78,0,4,0.573165
4494,4.0,74,0,4,0.57307
4495,1.0,46,1,2,0.572975
4496,3.0,72,1,3,0.5728800000000001
4497,4.0,94,0,4,0.5727850000000001
4498,0.0,20,1,1,0.57269
4499,1.0,30,1,2,0.572595
4500,0.0,28,1,0,0.5725
4501,3.0,56,1,3,0.572405
4502,0.0,14,1,0,0.5723100000000001
4503,0.0,7,1,0,0.572215
4504,0.0,8,1,0,0.57212
4505,0.0,19,1,0,0.572025
4506,4.0,90,0,4,0.57193
4507,4.0,130,0,4,0.5718350000000001
4508,1.0,51,1,2,0.57174
4509,4.0,65,0,4,0.571645
4510,0.0,22,1,0,0.57155
4511,3.0,59,1,3,0.571455
4512,0.0,7,1,0,0.5713600000000001
4513,1.0,55,1,2,0.571265
4514,1.0,47,1,2,0.57117
4515,1.0,55,1,2,0.571075
4516,1.0,51,1,2,0.57098
4517,0.0,12,1,0,0.5708850000000001
4518,1.0,40,1,2,0.57079
4519,0.0,9,1,0,0.570695
4520,1.0,70,1,2,0.5706
4521,0.0,7,1,0,0.570505
4522,0.0,7,1,0,0.5704100000000001
4523,0.0,3,1,0,0.570315
4524,4.0,85,0,4,0.57022
4525,0.0,5,1,0,0.570125
4526,0.0,17,1,0,0.57003
4527,4.0,78,0,4,0.5699350000000001
4528,4.0,94,0,4,0.56984
4529,4.0,91,0,4,0.569745
4530,0.0,4,1,0,0.56965
4531,3.0,66,1,3,0.569555
4532,4.0,78,0,4,0.5694600000000001
4533,3.0,72,1,3,0.5693650000000001
4534,1.0,34,1,2,0.5692699999999999
4535,3.0,85,1,3,0.569175
4536,1.0,43,1,2,0.56908
4537,1.0,59,1,2,0.5689850000000001
4538,1.0,41,1,2,0.5688900000000001
4539,0.0,29,1,1,0.5687949999999999
4540,4.0,88,0,4,0.5687
4541,0.0,10,1,0,0.568605
4542,0.0,17,1,0,0.5685100000000001
4543,0.0,7,1,0,0.5684150000000001
4544,0.0,5,1,0,0.5683199999999999
4545,3.0,91,1,3,0.568225
4546,0.0,23,1,0,0.56813
4547,4.0,103,0,4,0.5680350000000001
4548,4.0,115,0,4,0.5679400000000001
4549,1.0,27,1,2,0.5678449999999999
4550,0.0,23,1,1,0.56775
4551,1.0,62,1,2,0.567655
4552,4.0,90,0,4,0.5675600000000001
4553,1.0,33,1,2,0.5674650000000001
4554,1.0,62,1,2,0.5673699999999999
4555,1.0,76,1,2,0.567275
4556,3.0,73,1,3,0.56718
4557,1.0,49,1,2,0.5670850000000001
4558,0.0,10,1,0,0.5669900000000001
4559,0.0,5,1,0,0.5668949999999999
4560,4.0,90,0,4,0.5668
4561,0.0,4,1,0,0.566705
4562,3.0,65,1,3,0.5666100000000001
4563,0.0,3,1,0,0.5665150000000001
4564,4.0,74,0,4,0.56642
4565,0.0,49,1,1,0.566325
4566,1.0,38,1,2,0.56623
4567,3.0,64,1,3,0.566135
4568,1.0,61,1,2,0.5660400000000001
4569,1.0,51,1,2,0.565945
4570,4.0,77,0,4,0.56585
4571,4.0,102,0,4,0.565755
4572,3.0,52,1,3,0.56566
4573,2.0,87,1,3,0.5655650000000001
4574,4.0,90,0,4,0.56547
4575,4.0,85,0,4,0.565375
4576,4.0,58,0,4,0.56528
4577,0.0,10,1,0,0.565185
4578,0.0,3,1,0,0.5650900000000001
4579,4.0,88,0,4,0.564995
4580,1.0,60,1,2,0.5649
4581,0.0,7,1,0,0.564805
4582,4.0,79,0,4,0.56471
4583,4.0,107,0,4,0.5646150000000001
4584,0.0,18,1,0,0.56452
4585,0.0,15,1,0,0.564425
4586,0.0,5,1,0,0.56433
4587,0.0,7,1,0,0.564235
4588,1.0,61,1,2,0.5641400000000001
4589,1.0,67,1,2,0.564045
4590,4.0,57,0,4,0.56395
4591,3.0,33,1,3,0.563855
4592,4.0,77,0,4,0.56376
4593,3.0,76,1,3,0.5636650000000001
4594,0.0,8,1,0,0.5635700000000001
4595,4.0,70,0,4,0.563475
4596,1.0,27,1,2,0.56338
4597,3.0,57,1,3,0.563285
4598,4.0,53,0,4,0.5631900000000001
4599,1.0,30,1,2,0.5630950000000001
4600,3.0,43,1,3,0.563
4601,0.0,33,1,1,0.562905
4602,1.0,30,1,2,0.56281
4603,1.0,63,1,2,0.5627150000000001
4604,4.0,90,0,4,0.5626200000000001
4605,1.0,21,1,2,0.5625249999999999
4606,3.0,69,1,3,0.56243
4607,0.0,8,1,0,0.562335
4608,3.0,55,1,3,0.5622400000000001
4609,4.0,59,0,4,0.5621450000000001
4610,0.0,10,1,0,0.5620499999999999
4611,1.0,33,1,2,0.561955
4612,4.0,121,0,4,0.56186
4613,3.0,86,1,3,0.5617650000000001
4614,1.0,47,1,2,0.5616700000000001
4615,1.0,36,1,2,0.5615749999999999
4616,1.0,26,1,2,0.56148
4617,1.0,36,1,2,0.561385
4618,4.0,64,0,4,0.5612900000000001
4619,0.0,12,1,0,0.5611950000000001
4620,4.0,88,0,4,0.5610999999999999
4621,3.0,45,1,3,0.561005
4622,1.0,37,1,2,0.56091
4623,0.0,4,1,0,0.5608150000000001
4624,4.0,79,0,4,0.5607200000000001
4625,0.0,9,1,0,0.5606249999999999
4626,0.0,4,1,0,0.56053
4627,4.0,60,0,4,0.560435
4628,0.0,4,1,0,0.5603400000000001
4629,4.0,76,0,4,0.5602450000000001
4630,4.0,91,0,4,0.5601499999999999
4631,0.0,12,1,0,0.560055
4632,4.0,61,0,4,0.55996
4633,0.0,15,1,0,0.5598650000000001
4634,0.0,3,1,0,0.5597700000000001
4635,4.0,59,0,4,0.5596749999999999
4636,4.0,61,0,4,0.55958
4637,4.0,64,0,4,0.559485
4638,4.0,72,0,4,0.55939
4639,1.0,27,1,2,0.5592950000000001
4640,4.0,100,0,4,0.5591999999999999
4641,3.0,91,1,3,0.559105
4642,0.0,25,1,0,0.55901
4643,1.0,60,1,2,0.558915
4644,3.0,69,1,3,0.5588200000000001
4645,3.0,74,1,3,0.5587249999999999
4646,1.0,43,1,2,0.55863
4647,4.0,95,0,4,0.558535
4648,3.0,58,1,3,0.55844
4649,4.0,76,0,4,0.5583450000000001
4650,0.0,4,1,0,0.55825
4651,4.0,63,0,4,0.558155
4652,1.0,42,1,2,0.55806
4653,1.0,49,1,2,0.557965
4654,4.0,79,0,4,0.5578700000000001
4655,4.0,78,0,4,0.557775
4656,0.0,11,1,0,0.55768
4657,2.0,55,1,3,0.557585
4658,0.0,8,1,0,0.55749
4659,3.0,53,1,3,0.5573950000000001
4660,3.0,50,1,3,0.5573
4661,1.0,41,1,2,0.557205
4662,4.0,85,0,4,0.55711
4663,0.0,21,1,0,0.557015
4664,1.0,52,1,2,0.5569200000000001
4665,4.0,69,0,4,0.556825
4666,0.0,14,1,0,0.55673
4667,1.0,53,1,2,0.556635
4668,0.0,10,1,0,0.55654
4669,4.0,106,0,4,0.5564450000000001
4670,0.0,4,1,0,0.55635
4671,1.0,54,1,2,0.5562549999999999
4672,1.0,24,1,2,0.55616
4673,0.0,19,1,0,0.556065
4674,4.0,99,0,4,0.5559700000000001
4675,1.0,21,1,2,0.555875
4676,4.0,126,0,4,0.5557799999999999
4677,4.0,82,0,4,0.555685
4678,4.0,66,0,4,0.55559
4679,1.0,41,1,2,0.5554950000000001
4680,0.0,6,1,0,0.5554
4681,0.0,5,1,0,0.5553049999999999
4682,4.0,102,0,4,0.55521
4683,1.0,40,1,2,0.555115
4684,0.0,20,1,0,0.5550200000000001
4685,1.0,39,1,2,0.554925
4686,3.0,87,1,3,0.5548299999999999
4687,1.0,35,1,2,0.554735
4688,1.0,52,1,2,0.55464
4689,4.0,89,0,4,0.5545450000000001
4690,3.0,70,1,3,0.5544500000000001
4691,0.0,4,1,0,0.5543549999999999
4692,1.0,43,1,2,0.55426
4693,1.0,35,1,2,0.554165
4694,3.0,99,1,3,0.5540700000000001
4695,4.0,66,0,4,0.5539750000000001
4696,3.0,65,1,3,0.5538799999999999
4697,0.0,7,1,0,0.553785
4698,0.0,4,1,0,0.55369
4699,3.0,66,1,3,0.5535950000000001
4700,3.0,66,1,3,0.5535000000000001
4701,1.0,27,1,2,0.5534049999999999
4702,4.0,83,0,4,0.55331
4703,3.0,46,1,3,0.553215
4704,4.0,74,0,4,0.5531200000000001
4705,4.0,82,0,4,0.5530250000000001
4706,0.0,24,1,0,0.5529299999999999
4707,3.0,64,1,3,0.552835
4708,1.0,23,1,2,0.55274
4709,1.0,79,1,2,0.552645
4710,4.0,59,0,4,0.5525500000000001
4711,1.0,43,1,2,0.552455
4712,1.0,44,1,2,0.55236
4713,0.0,3,1,0,0.552265
4714,0.0,5,1,0,0.55217
4715,1.0,64,1,2,0.5520750000000001
4716,4.0,66,0,4,0.55198
4717,3.0,100,1,3,0.551885
4718,0.0,6,1,0,0.55179
4719,2.0,95,1,3,0.551695
4720,4.0,44,0,4,0.5516000000000001
4721,0.0,12,1,0,0.551505
4722,0.0,4,1,0,0.55141
4723,1.0,61,1,2,0.551315
4724,4.0,69,0,4,0.55122
4725,4.0,64,0,4,0.5511250000000001
4726,1.0,34,1,2,0.55103
4727,1.0,49,1,2,0.550935
4728,4.0,72,0,4,0.55084
4729,4.0,75,0,4,0.550745
4730,4.0,86,0,4,0.5506500000000001
4731,0.0,6,1,0,0.550555
4732,4.0,87,0,4,0.55046
4733,4.0,54,0,4,0.550365
4734,0.0,16,1,0,0.55027
4735,0.0,10,1,0,0.5501750000000001
4736,1.0,78,1,2,0.55008
4737,1.0,64,1,2,0.549985
4738,0.0,36,1,0,0.54989
4739,3.0,49,1,3,0.549795
4740,1.0,31,1,2,0.5497000000000001
4741,4.0,45,0,4,0.549605
4742,1.0,48,1,2,0.5495099999999999
4743,0.0,10,1,0,0.549415
4744,1.0,56,1,2,0.54932
4745,1.0,65,1,2,0.5492250000000001
4746,0.0,15,1,0,0.54913
4747,4.0,94,0,4,0.5490349999999999
4748,1.0,47,1,2,0.54894
4749,0.0,8,1,0,0.548845
4750,1.0,109,1,2,0.5487500000000001
4751,1.0,54,1,2,0.548655
4752,1.0,36,1,2,0.5485599999999999
4753,4.0,86,0,4,0.548465
4754,1.0,33,1,2,0.54837
4755,0.0,20,1,0,0.5482750000000001
4756,4.0,118,0,4,0.54818
4757,3.0,57,1,3,0.5480849999999999
4758,1.0,87,1,2,0.54799
4759,1.0,80,1,2,0.547895
4760,0.0,8,1,0,0.5478000000000001
4761,1.0,45,1,2,0.547705
4762,4.0,99,0,4,0.5476099999999999
4763,1.0,59,1,2,0.547515
4764,1.0,34,1,2,0.54742
4765,3.0,74,1,3,0.5473250000000001
4766,4.0,63,0,4,0.54723
4767,4.0,76,0,4,0.5471349999999999
4768,4.0,59,0,4,0.54704
4769,1.0,53,1,2,0.546945
4770,3.0,71,1,3,0.5468500000000001
4771,0.0,3,1,0,0.546755
4772,1.0,95,1,2,0.54666
4773,0.0,8,1,0,0.546565
4774,3.0,95,1,3,0.54647
4775,1.0,46,1,2,0.546375
4776,1.0,39,1,2,0.54628
4777,4.0,102,0,4,0.546185
4778,1.0,36,1,2,0.54609
4779,1.0,35,1,2,0.545995
4780,1.0,21,1,2,0.5459
4781,3.0,61,1,3,0.545805
4782,1.0,54,1,2,0.54571
4783,1.0,17,1,2,0.545615
4784,0.0,14,1,0,0.54552
4785,0.0,41,1,0,0.545425
4786,0.0,5,1,0,0.54533
4787,4.0,76,0,4,0.545235
4788,4.0,93,0,4,0.54514
4789,1.0,56,1,2,0.545045
4790,3.0,55,1,3,0.54495
4791,1.0,145,1,2,0.544855
4792,1.0,72,1,2,0.54476
4793,1.0,76,1,2,0.544665
4794,1.0,54,1,2,0.54457
4795,0.0,6,1,0,0.544475
4796,1.0,49,1,2,0.54438
4797,1.0,64,1,2,0.544285
4798,0.0,5,1,0,0.54419
4799,1.0,80,1,2,0.544095
4800,0.0,18,1,0,0.544
4801,1.0,52,1,2,0.543905
4802,0.0,3,1,0,0.54381
4803,1.0,69,1,2,0.543715
4804,0.0,15,1,0,0.54362
4805,1.0,68,1,2,0.543525
4806,1.0,57,1,2,0.54343
4807,4.0,99,0,4,0.543335
4808,4.0,64,0,4,0.54324
4809,0.0,12,1,1,0.543145
4810,0.0,10,1,0,0.54305
4811,4.0,69,0,4,0.5429550000000001
4812,3.0,59,1,3,0.54286
4813,4.0,72,0,4,0.5427649999999999
4814,1.0,45,1,2,0.54267
4815,4.0,45,0,4,0.542575
4816,3.0,35,1,3,0.5424800000000001
4817,4.0,68,0,4,0.542385
4818,1.0,20,1,2,0.5422899999999999
4819,0.0,3,1,0,0.542195
4820,4.0,54,0,4,0.5421
4821,3.0,71,1,3,0.5420050000000001
4822,3.0,61,1,3,0.54191
4823,0.0,4,1,0,0.5418149999999999
4824,3.0,60,1,3,0.54172
4825,3.0,67,1,3,0.541625
4826,1.0,22,1,2,0.5415300000000001
4827,3.0,51,1,3,0.541435
4828,1.0,43,1,2,0.5413399999999999
4829,3.0,79,1,3,0.541245
4830,0.0,13,1,0,0.54115
4831,0.0,6,1,0,0.5410550000000001
4832,0.0,5,1,0,0.54096
4833,1.0,33,1,2,0.540865
4834,0.0,32,1,0,0.54077
4835,4.0,75,0,4,0.540675
4836,1.0,30,1,2,0.5405800000000001
4837,0.0,3,1,0,0.540485
4838,1.0,28,1,2,0.54039
4839,4.0,65,0,4,0.540295
4840,4.0,77,0,4,0.5402
4841,4.0,81,0,4,0.5401050000000001
4842,3.0,54,1,3,0.54001
4843,0.0,4,1,0,0.539915
4844,0.0,8,1,0,0.53982
4845,1.0,47,1,2,0.539725
4846,3.0,66,1,3,0.53963
4847,4.0,61,0,4,0.539535
4848,0.0,12,1,0,0.53944
4849,1.0,38,1,2,0.539345
4850,4.0,76,0,4,0.53925
4851,3.0,113,1,3,0.539155
4852,0.0,8,1,0,0.53906
4853,4.0,65,0,4,0.538965
4854,3.0,76,1,3,0.53887
4855,4.0,68,0,4,0.538775
4856,4.0,88,0,4,0.53868
4857,4.0,60,0,4,0.538585
4858,4.0,93,0,4,0.53849
4859,3.0,65,1,3,0.538395
4860,0.0,10,1,0,0.5383
4861,4.0,85,0,4,0.538205
4862,4.0,90,0,4,0.53811
4863,4.0,72,0,4,0.538015
4864,4.0,63,0,4,0.53792
4865,1.0,77,1,2,0.537825
4866,4.0,63,0,4,0.53773
4867,4.0,72,0,4,0.537635
4868,0.0,11,1,0,0.53754
4869,4.0,80,0,4,0.537445
4870,0.0,6,1,0,0.53735
4871,0.0,13,1,0,0.537255
4872,4.0,72,0,4,0.5371600000000001
4873,3.0,77,1,3,0.537065
4874,4.0,92,0,4,0.53697
4875,0.0,5,1,0,0.536875
4876,4.0,47,0,4,0.53678
4877,0.0,12,1,0,0.5366850000000001
4878,4.0,63,0,4,0.53659
4879,3.0,51,1,3,0.5364949999999999
4880,0.0,7,1,0,0.5364
4881,4.0,72,0,4,0.536305
4882,4.0,75,0,4,0.5362100000000001
4883,3.0,54,1,3,0.536115
4884,3.0,61,1,3,0.5360199999999999
4885,1.0,31,1,2,0.535925
4886,0.0,5,1,0,0.53583
4887,1.0,36,1,2,0.5357350000000001
4888,1.0,63,1,2,0.53564
4889,4.0,64,0,4,0.5355449999999999
4890,0.0,7,1,0,0.53545
4891,4.0,49,0,4,0.535355
4892,4.0,79,0,4,0.5352600000000001
4893,0.0,3,1,0,0.535165
4894,1.0,57,1,2,0.53507
4895,4.0,82,0,4,0.534975
4896,0.0,13,1,0,0.53488
4897,0.0,5,1,0,0.5347850000000001
4898,1.0,50,1,2,0.53469
4899,4.0,57,0,4,0.534595
4900,1.0,28,1,2,0.5345
4901,0.0,8,1,0,0.534405
4902,1.0,56,1,2,0.5343100000000001
4903,3.0,72,1,3,0.534215
4904,1.0,25,1,2,0.53412
4905,1.0,51,1,2,0.534025
4906,0.0,5,1,0,0.53393
4907,0.0,9,1,0,0.5338350000000001
4908,4.0,69,0,4,0.53374
4909,4.0,63,0,4,0.533645
4910,3.0,58,1,3,0.53355
4911,3.0,60,1,3,0.533455
4912,4.0,66,0,4,0.5333600000000001
4913,3.0,74,1,3,0.533265
4914,4.0,58,0,4,0.53317
4915,4.0,110,0,4,0.533075
4916,1.0,67,1,2,0.53298
4917,4.0,50,0,4,0.532885
4918,0.0,5,1,0,0.53279
4919,3.0,51,1,3,0.532695
4920,0.0,4,1,0,0.5326
4921,3.0,63,1,3,0.532505
4922,4.0,53,0,4,0.53241
4923,4.0,74,0,4,0.532315
4924,4.0,51,0,4,0.53222
4925,3.0,72,1,3,0.532125
4926,0.0,13,1,0,0.53203
4927,4.0,53,0,4,0.531935
4928,3.0,69,1,3,0.53184
4929,1.0,22,1,2,0.531745
4930,0.0,10,1,0,0.53165
4931,4.0,74,0,4,0.531555
4932,0.0,33,1,1,0.53146
4933,4.0,78,0,4,0.5313650000000001
4934,0.0,10,1,0,0.53127
4935,0.0,18,1,0,0.531175
4936,0.0,16,1,0,0.53108
4937,1.0,69,1,2,0.530985
4938,1.0,53,1,2,0.5308900000000001
4939,4.0,64,0,4,0.530795
4940,4.0,53,0,4,0.5307
4941,4.0,59,0,4,0.530605
4942,1.0,25,1,2,0.53051
4943,1.0,55,1,2,0.5304150000000001
4944,0.0,37,1,0,0.53032
4945,3.0,84,1,3,0.530225
4946,3.0,50,1,3,0.53013
4947,4.0,62,0,4,0.530035
4948,4.0,87,0,4,0.5299400000000001
4949,3.0,108,1,3,0.529845
4950,0.0,4,1,0,0.5297499999999999
4951,4.0,90,0,4,0.529655
4952,1.0,54,1,2,0.52956
4953,1.0,73,1,2,0.5294650000000001
4954,4.0,108,0,4,0.52937
4955,3.0,83,1,3,0.529275
4956,3.0,53,1,3,0.52918
4957,1.0,52,1,2,0.529085
4958,4.0,61,0,4,0.5289900000000001
4959,1.0,51,1,2,0.528895
4960,3.0,53,1,3,0.5288
4961,4.0,87,0,4,0.528705
4962,4.0,87,0,4,0.52861
4963,4.0,69,0,4,0.5285150000000001
4964,4.0,87,0,4,0.52842
4965,4.0,79,0,4,0.528325
4966,0.0,4,1,0,0.52823
4967,1.0,36,1,2,0.528135
4968,4.0,48,0,4,0.5280400000000001
4969,4.0,82,0,4,0.527945
4970,1.0,44,1,2,0.52785
4971,1.0,53,1,2,0.527755
4972,1.0,28,1,2,0.52766
4973,1.0,36,1,2,0.5275650000000001
4974,3.0,58,1,3,0.52747
4975,1.0,36,1,2,0.527375
4976,0.0,10,1,0,0.52728
4977,3.0,55,1,3,0.527185
4978,3.0,92,1,3,0.5270900000000001
4979,0.0,2,1,0,0.526995
4980,4.0,81,0,4,0.5269
4981,3.0,49,1,3,0.526805
4982,4.0,95,0,4,0.52671
4983,3.0,62,1,3,0.526615
4984,3.0,75,1,3,0.52652
4985,3.0,41,1,3,0.526425
4986,1.0,45,1,2,0.52633
4987,4.0,47,0,4,0.526235
4988,3.0,55,1,3,0.52614
4989,3.0,61,1,3,0.526045
4990,4.0,53,0,4,0.52595
4991,1.0,65,1,2,0.525855
4992,1.0,32,1,2,0.52576
4993,4.0,42,0,4,0.525665
4994,4.0,64,0,4,0.5255700000000001
4995,0.0,15,1,0,0.525475
4996,3.0,45,1,3,0.52538
4997,3.0,99,1,3,0.525285
4998,4.0,46,0,4,0.52519
4999,1.0,21,1,2,0.5250950000000001
5000,0.0,3,1,0,0.525
5001,0.0,6,1,0,0.524905
5002,3.0,55,1,3,0.52481
5003,0.0,13,1,1,0.524715
5004,4.0,87,0,4,0.5246200000000001
5005,4.0,75,0,4,0.5245250000000001
5006,1.0,32,1,2,0.52443
5007,0.0,3,1,0,0.524335
5008,3.0,41,1,3,0.52424
5009,1.0,26,1,2,0.5241450000000001
5010,0.0,4,1,0,0.52405
5011,0.0,10,1,0,0.5239550000000001
5012,0.0,5,1,0,0.52386
5013,1.0,32,1,2,0.523765
5014,0.0,3,1,0,0.5236700000000001
5015,4.0,77,0,4,0.5235750000000001
5016,4.0,53,0,4,0.52348
5017,3.0,49,1,3,0.523385
5018,3.0,63,1,3,0.52329
5019,1.0,27,1,2,0.5231950000000001
5020,3.0,109,1,3,0.5231
5021,1.0,28,1,2,0.523005
5022,4.0,68,0,4,0.52291
5023,1.0,44,1,2,0.522815
5024,3.0,99,1,3,0.5227200000000001
5025,3.0,63,1,3,0.5226250000000001
5026,1.0,37,1,2,0.5225299999999999
5027,3.0,67,1,3,0.522435
5028,1.0,35,1,2,0.52234
5029,4.0,73,0,4,0.5222450000000001
5030,1.0,41,1,2,0.52215
5031,3.0,39,1,3,0.522055
5032,0.0,10,1,0,0.52196
5033,1.0,15,1,2,0.521865
5034,4.0,61,0,4,0.5217700000000001
5035,0.0,3,1,0,0.5216750000000001
5036,1.0,47,1,2,0.5215799999999999
5037,3.0,58,1,3,0.521485
5038,3.0,119,1,3,0.52139
5039,4.0,119,0,4,0.5212950000000001
5040,1.0,39,1,2,0.5212
5041,4.0,86,0,4,0.521105
5042,1.0,20,1,2,0.52101
5043,1.0,60,1,2,0.520915
5044,1.0,35,1,2,0.5208200000000001
5045,3.0,29,1,3,0.5207250000000001
5046,1.0,35,1,2,0.5206299999999999
5047,4.0,74,0,4,0.520535
5048,1.0,56,1,2,0.52044
5049,4.0,84,0,4,0.5203450000000001
5050,3.0,39,1,3,0.5202500000000001
5051,1.0,63,1,2,0.520155
5052,4.0,93,0,4,0.52006
5053,4.0,59,0,4,0.519965
5054,4.0,69,0,4,0.51987
5055,1.0,43,1,2,0.5197750000000001
5056,1.0,26,1,2,0.5196799999999999
5057,0.0,24,1,0,0.519585
5058,4.0,64,0,4,0.51949
5059,0.0,6,1,0,0.519395
5060,3.0,50,1,3,0.5193000000000001
5061,1.0,35,1,2,0.519205
5062,1.0,47,1,2,0.51911
5063,0.0,9,1,0,0.519015
5064,4.0,79,0,4,0.51892
5065,0.0,13,1,0,0.5188250000000001
5066,1.0,43,1,2,0.5187299999999999
5067,1.0,46,1,2,0.518635
5068,0.0,6,1,0,0.51854
5069,1.0,19,1,2,0.518445
5070,0.0,6,1,0,0.5183500000000001
5071,0.0,15,1,0,0.518255
5072,3.0,107,1,3,0.5181600000000001
5073,0.0,3,1,0,0.518065
5074,4.0,67,0,4,0.51797
5075,0.0,5,1,0,0.5178750000000001
5076,4.0,113,0,4,0.5177799999999999
5077,0.0,3,1,0,0.517685
5078,0.0,8,1,0,0.51759
5079,1.0,75,1,2,0.517495
5080,4.0,71,0,4,0.5174000000000001
5081,3.0,53,1,3,0.517305
5082,1.0,53,1,2,0.5172100000000001
5083,4.0,95,0,4,0.517115
5084,1.0,28,1,2,0.51702
5085,3.0,42,1,3,0.5169250000000001
5086,4.0,51,0,4,0.5168299999999999
5087,0.0,10,1,0,0.5167349999999999
5088,3.0,111,1,3,0.51664
5089,0.0,22,1,0,0.516545
5090,4.0,70,0,4,0.5164500000000001
5091,3.0,53,1,3,0.516355
5092,4.0,93,0,4,0.51626
5093,1.0,35,1,2,0.516165
5094,0.0,4,1,0,0.51607
5095,1.0,62,1,2,0.5159750000000001
5096,3.0,78,1,3,0.5158799999999999
5097,4.0,78,0,4,0.5157849999999999
5098,3.0,55,1,3,0.51569
5099,3.0,107,1,3,0.515595
5100,1.0,45,1,2,0.5155000000000001
5101,1.0,34,1,2,0.515405
5102,1.0,22,1,2,0.51531
5103,4.0,69,0,4,0.515215
5104,0.0,15,1,1,0.51512
5105,1.0,19,1,2,0.5150250000000001
5106,1.0,26,1,2,0.51493
5107,1.0,43,1,2,0.5148349999999999
5108,3.0,62,1,3,0.51474
5109,3.0,70,1,3,0.514645
5110,1.0,32,1,2,0.5145500000000001
5111,3.0,74,1,3,0.5144550000000001
5112,3.0,57,1,3,0.51436
5113,4.0,58,0,4,0.514265
5114,0.0,7,1,0,0.51417
5115,2.0,62,1,3,0.5140750000000001
5116,1.0,42,1,2,0.51398
5117,1.0,69,1,2,0.5138849999999999
5118,1.0,71,1,2,0.51379
5119,3.0,54,1,3,0.513695
5120,0.0,9,1,0,0.5136000000000001
5121,1.0,71,1,2,0.5135050000000001
5122,4.0,83,0,4,0.51341
5123,0.0,6,1,0,0.513315
5124,4.0,82,0,4,0.51322
5125,4.0,92,0,4,0.513125
5126,1.0,24,1,2,0.5130300000000001
5127,4.0,64,0,4,0.5129349999999999
5128,4.0,62,0,4,0.51284
5129,1.0,43,1,2,0.512745
5130,1.0,48,1,2,0.51265
5131,0.0,6,1,0,0.5125550000000001
5132,1.0,27,1,2,0.51246
5133,0.0,26,1,0,0.5123650000000001
5134,1.0,54,1,2,0.51227
5135,4.0,62,0,4,0.512175
5136,1.0,34,1,2,0.5120800000000001
5137,1.0,26,1,2,0.5119849999999999
5138,0.0,9,1,0,0.51189
5139,1.0,37,1,2,0.511795
5140,4.0,72,0,4,0.5117
5141,1.0,29,1,2,0.5116050000000001
5142,4.0,74,0,4,0.51151
5143,3.0,70,1,3,0.5114150000000001
5144,3.0,52,1,3,0.51132
5145,4.0,77,0,4,0.511225
5146,0.0,4,1,0,0.5111300000000001
5147,4.0,83,0,4,0.5110349999999999
5148,4.0,76,0,4,0.51094
5149,3.0,98,1,3,0.510845
5150,4.0,65,0,4,0.51075
5151,3.0,54,1,3,0.5106550000000001
5152,4.0,127,0,4,0.51056
5153,1.0,25,1,2,0.5104650000000001
5154,1.0,28,1,2,0.51037
5155,1.0,53,1,2,0.510275
5156,0.0,10,1,0,0.5101800000000001
5157,4.0,78,0,4,0.5100849999999999
5158,1.0,53,1,2,0.5099899999999999
5159,1.0,36,1,2,0.509895
5160,1.0,47,1,2,0.5098
5161,1.0,49,1,2,0.5097050000000001
5162,4.0,71,0,4,0.50961
5163,4.0,79,0,4,0.509515
5164,3.0,42,1,3,0.50942
5165,1.0,73,1,2,0.509325
5166,4.0,75,0,4,0.5092300000000001
5167,4.0,43,0,4,0.509135
5168,0.0,10,1,0,0.5090399999999999
5169,4.0,97,0,4,0.508945
5170,4.0,97,0,4,0.50885
5171,1.0,32,1,2,0.5087550000000001
5172,4.0,86,0,4,0.5086600000000001
5173,0.0,7,1,0,0.508565
5174,0.0,4,1,0,0.50847
5175,0.0,10,1,0,0.508375
5176,1.0,33,1,2,0.5082800000000001
5177,4.0,73,0,4,0.508185
5178,0.0,4,1,0,0.5080899999999999
5179,1.0,22,1,2,0.507995
5180,0.0,10,1,0,0.5079
5181,1.0,61,1,2,0.5078050000000001
5182,3.0,57,1,3,0.5077100000000001
5183,4.0,99,0,4,0.507615
5184,0.0,14,1,0,0.50752
5185,4.0,83,0,4,0.507425
5186,0.0,11,1,0,0.5073300000000001
5187,1.0,38,1,2,0.507235
5188,0.0,7,1,0,0.5071399999999999
5189,4.0,81,0,4,0.507045
5190,3.0,74,1,3,0.50695
5191,0.0,20,1,0,0.506855
5192,4.0,67,0,4,0.5067600000000001
5193,0.0,3,1,0,0.506665
5194,0.0,4,1,0,0.5065700000000001
5195,0.0,14,1,0,0.506475
5196,3.0,43,1,3,0.50638
5197,1.0,32,1,2,0.506285
5198,4.0,83,0,4,0.5061899999999999
5199,3.0,46,1,3,0.506095
5200,4.0,65,0,4,0.506
5201,4.0,96,0,4,0.505905
5202,3.0,58,1,3,0.5058100000000001
5203,0.0,6,1,0,0.505715
5204,1.0,43,1,2,0.5056200000000001
5205,4.0,64,0,4,0.505525
5206,1.0,34,1,2,0.50543
5207,1.0,28,1,2,0.505335
5208,0.0,31,1,1,0.5052399999999999
5209,1.0,23,1,2,0.505145
5210,4.0,71,0,4,0.50505
5211,4.0,48,0,4,0.504955
5212,4.0,40,0,4,0.5048600000000001
5213,0.0,8,1,0,0.504765
5214,4.0,59,0,4,0.5046700000000001
5215,1.0,61,1,2,0.504575
5216,1.0,44,1,2,0.50448
5217,4.0,55,0,4,0.504385
5218,0.0,7,1,0,0.5042899999999999
5219,3.0,62,1,3,0.504195
5220,1.0,44,1,2,0.5041
5221,1.0,49,1,2,0.504005
5222,1.0,51,1,2,0.5039100000000001
5223,0.0,11,1,0,0.503815
5224,1.0,68,1,2,0.5037200000000001
5225,4.0,69,0,4,0.503625
5226,3.0,74,1,3,0.50353
5227,4.0,62,0,4,0.503435
5228,3.0,67,1,3,0.50334
5229,1.0,27,1,2,0.5032449999999999
5230,1.0,25,1,2,0.50315
5231,1.0,38,1,2,0.503055
5232,2.0,70,1,3,0.5029600000000001
5233,3.0,39,1,3,0.5028650000000001
5234,1.0,33,1,2,0.50277
5235,0.0,4,1,0,0.502675
5236,0.0,8,1,0,0.50258
5237,0.0,9,1,0,0.502485
5238,4.0,92,0,4,0.50239
5239,1.0,28,1,2,0.5022949999999999
5240,3.0,88,1,3,0.5022
5241,0.0,18,1,0,0.502105
5242,4.0,96,0,4,0.5020100000000001
5243,4.0,89,0,4,0.5019150000000001
5244,3.0,54,1,3,0.50182
5245,3.0,44,1,3,0.501725
5246,4.0,85,0,4,0.50163
5247,1.0,30,1,2,0.501535
5248,4.0,73,0,4,0.50144
5249,1.0,38,1,2,0.5013449999999999
5250,0.0,20,1,1,0.50125
5251,4.0,56,0,4,0.501155
5252,0.0,22,1,0,0.5010600000000001
5253,1.0,37,1,2,0.5009650000000001
5254,3.0,83,1,3,0.50087
5255,0.0,3,1,0,0.5007750000000001
5256,3.0,78,1,3,0.50068
5257,3.0,71,1,3,0.5005850000000001
5258,4.0,59,0,4,0.50049
5259,1.0,34,1,2,0.5003949999999999
5260,1.0,52,1,2,0.5003
5261,4.0,51,0,4,0.500205
5262,1.0,44,1,2,0.50011
5263,1.0,60,1,2,0.5000150000000001
5264,4.0,93,0,4,0.49992000000000003
5265,0.0,8,1,0,0.4998250000000001
5266,0.0,36,1,1,0.4997300000000001
5267,1.0,28,1,2,0.49963500000000005
5268,4.0,100,0,4,0.49954
5269,4.0,102,0,4,0.49944500000000003
5270,1.0,41,1,2,0.49934999999999996
5271,1.0,61,1,2,0.499255
5272,0.0,3,1,0,0.49916000000000005
5273,1.0,42,1,2,0.499065
5274,1.0,39,1,2,0.49897
5275,1.0,43,1,2,0.49887500000000007
5276,4.0,59,0,4,0.4987800000000001
5277,4.0,63,0,4,0.49868500000000004
5278,1.0,62,1,2,0.49859
5279,3.0,61,1,3,0.498495
5280,4.0,81,0,4,0.49839999999999995
5281,0.0,3,1,0,0.498305
5282,1.0,40,1,2,0.49821000000000004
5283,3.0,47,1,3,0.4981150000000001
5284,1.0,62,1,2,0.49802
5285,1.0,37,1,2,0.49792500000000006
5286,3.0,43,1,3,0.4978300000000001
5287,3.0,77,1,3,0.49773500000000004
5288,4.0,63,0,4,0.49763999999999997
5289,0.0,14,1,0,0.497545
5290,1.0,37,1,2,0.49744999999999995
5291,4.0,63,0,4,0.497355
5292,1.0,53,1,2,0.49726000000000004
5293,4.0,98,0,4,0.4971650000000001
5294,1.0,34,1,2,0.49707
5295,0.0,12,1,0,0.49697500000000006
5296,1.0,29,1,2,0.4968800000000001
5297,1.0,70,1,2,0.49678500000000003
5298,4.0,65,0,4,0.49668999999999996
5299,0.0,4,1,0,0.496595
5300,1.0,43,1,2,0.49650000000000005
5301,1.0,63,1,2,0.496405
5302,0.0,12,1,0,0.49631000000000003
5303,1.0,65,1,2,0.4962150000000001
5304,4.0,112,0,4,0.49612
5305,1.0,45,1,2,0.49602500000000005
5306,1.0,40,1,2,0.4959300000000001
5307,1.0,70,1,2,0.495835
5308,1.0,63,1,2,0.49573999999999996
5309,4.0,96,0,4,0.495645
5310,1.0,63,1,2,0.49555000000000005
5311,1.0,40,1,2,0.495455
5312,1.0,59,1,2,0.49536
5313,1.0,24,1,2,0.49526500000000007
5314,3.0,57,1,3,0.49517
5315,3.0,60,1,3,0.49507500000000004
5316,1.0,31,1,2,0.4949800000000001
5317,4.0,88,0,4,0.494885
5318,3.0,56,1,3,0.49478999999999995
5319,4.0,99,0,4,0.494695
5320,4.0,89,0,4,0.49460000000000004
5321,1.0,50,1,2,0.494505
5322,0.0,9,1,0,0.49441
5323,1.0,39,1,2,0.49431500000000006
5324,1.0,31,1,2,0.49422
5325,1.0,33,1,1,0.49412500000000004
5326,0.0,9,1,0,0.4940300000000001
5327,4.0,106,0,4,0.4939350000000001
5328,1.0,39,1,2,0.49383999999999995
5329,3.0,78,1,3,0.493745
5330,3.0,237,1,3,0.49365000000000003
5331,1.0,72,1,2,0.49355499999999997
5332,3.0,172,1,3,0.49346
5333,1.0,85,1,2,0.49336500000000005
5334,1.0,70,1,2,0.49327
5335,1.0,56,1,2,0.49317500000000003
5336,4.0,109,0,4,0.4930800000000001
5337,3.0,112,1,3,0.4929850000000001
5338,4.0,100,0,4,0.49288999999999994
5339,0.0,11,1,0,0.492795
5340,0.0,4,1,0,0.4927
5341,0.0,10,1,0,0.49260499999999996
5342,4.0,91,0,4,0.49251
5343,1.0,73,1,2,0.49241500000000005
5344,0.0,8,1,0,0.4923200000000001
5345,1.0,63,1,2,0.492225
5346,0.0,7,1,0,0.49213000000000007
5347,4.0,127,0,4,0.4920350000000001
5348,0.0,6,1,0,0.49193999999999993
5349,3.0,94,1,3,0.491845
5350,0.0,2,1,0,0.49175
5351,1.0,27,1,2,0.49165499999999995
5352,0.0,5,1,0,0.49156
5353,4.0,98,0,4,0.49146500000000004
5354,0.0,6,1,0,0.4913700000000001
5355,1.0,68,1,2,0.491275
5356,0.0,5,1,0,0.49118000000000006
5357,1.0,72,1,2,0.4910850000000001
5358,1.0,24,1,2,0.4909899999999999
5359,4.0,78,0,4,0.49089499999999997
5360,4.0,181,0,4,0.4908
5361,4.0,74,0,4,0.49070500000000006
5362,1.0,40,1,2,0.49061
5363,0.0,7,1,0,0.49051500000000003
5364,1.0,53,1,2,0.4904200000000001
5365,3.0,79,1,3,0.490325
5366,0.0,6,1,0,0.49023000000000005
5367,3.0,79,1,3,0.4901350000000001
5368,3.0,71,1,3,0.4900399999999999
5369,1.0,80,1,2,0.48994499999999996
5370,4.0,95,0,4,0.48985
5371,4.0,97,0,4,0.48975500000000005
5372,4.0,105,0,4,0.48966
5373,0.0,12,1,0,0.48956500000000003
5374,4.0,105,0,4,0.48947000000000007
5375,4.0,85,0,4,0.489375
5376,0.0,29,1,0,0.48928000000000005
5377,4.0,89,0,4,0.4891850000000001
5378,1.0,108,1,2,0.48909
5379,4.0,81,0,4,0.48899499999999996
5380,1.0,67,1,2,0.4889
5381,4.0,76,0,4,0.48880500000000005
5382,3.0,64,1,3,0.48871
5383,1.0,51,1,2,0.488615
5384,1.0,21,1,2,0.48852000000000007
5385,1.0,29,1,2,0.488425
5386,1.0,64,1,2,0.48833000000000004
5387,0.0,10,1,0,0.4882350000000001
5388,4.0,84,0,4,0.48814000000000013
5389,1.0,47,1,2,0.48804499999999995
5390,3.0,92,1,3,0.48795
5391,1.0,77,1,2,0.48785500000000004
5392,1.0,64,1,2,0.48775999999999997
5393,1.0,28,1,2,0.487665
5394,1.0,47,1,2,0.48757000000000006
5395,1.0,49,1,2,0.487475
5396,4.0,101,0,4,0.48738000000000004
5397,0.0,5,1,0,0.4872850000000001
5398,1.0,40,1,2,0.4871900000000001
5399,4.0,96,0,4,0.48709499999999994
5400,1.0,77,1,2,0.487
5401,0.0,3,1,0,0.48690500000000003
5402,4.0,64,0,4,0.48680999999999996
5403,4.0,67,0,4,0.486715
5404,0.0,4,1,0,0.48662000000000005
5405,4.0,92,0,4,0.4865250000000001
5406,1.0,43,1,2,0.48643000000000003
5407,0.0,4,1,0,0.4863350000000001
5408,3.0,60,1,3,0.4862400000000001
5409,1.0,61,1,2,0.48614499999999994
5410,4.0,94,0,4,0.48605
5411,4.0,75,0,4,0.485955
5412,4.0,37,0,4,0.48585999999999996
5413,1.0,40,1,2,0.485765
5414,1.0,57,1,2,0.48567000000000005
5415,4.0,67,0,4,0.4855750000000001
5416,4.0,82,0,4,0.48548
5417,4.0,43,0,4,0.48538500000000007
5418,0.0,17,1,0,0.4852900000000001
5419,4.0,57,0,4,0.48519499999999993
5420,0.0,4,1,0,0.4851
5421,0.0,25,1,0,0.485005
5422,1.0,55,1,2,0.48491000000000006
5423,3.0,70,1,3,0.484815
5424,4.0,84,0,4,0.48472000000000004
5425,1.0,53,1,2,0.4846250000000001
5426,4.0,56,0,4,0.48453
5427,1.0,45,1,2,0.48443500000000006
5428,4.0,90,0,4,0.4843400000000001
5429,1.0,21,1,2,0.4842449999999999
5430,4.0,68,0,4,0.48414999999999997
5431,4.0,105,0,4,0.484055
5432,4.0,61,0,4,0.48396000000000006
5433,4.0,64,0,4,0.483865
5434,4.0,57,0,4,0.48377000000000003
5435,0.0,17,1,1,0.4836750000000001
5436,1.0,24,1,2,0.48358
5437,4.0,82,0,4,0.48348500000000005
5438,3.0,56,1,3,0.4833900000000001
5439,3.0,54,1,3,0.48329500000000003
5440,1.0,50,1,2,0.48319999999999996
5441,0.0,4,1,0,0.483105
5442,1.0,25,1,2,0.48301000000000005
5443,1.0,30,1,2,0.482915
5444,1.0,30,1,2,0.48282
5445,4.0,53,0,4,0.48272500000000007
5446,4.0,46,0,4,0.48263
5447,0.0,7,1,0,0.48253500000000005
5448,1.0,40,1,2,0.4824400000000001
5449,1.0,37,1,2,0.482345
5450,0.0,19,1,0,0.48224999999999996
5451,1.0,37,1,2,0.482155
5452,0.0,8,1,0,0.48206000000000004
5453,1.0,44,1,2,0.481965
5454,0.0,48,1,1,0.48187
5455,4.0,77,0,4,0.48177500000000006
5456,3.0,85,1,3,0.48168
5457,0.0,9,1,0,0.48158500000000004
5458,4.0,88,0,4,0.4814900000000001
5459,1.0,44,1,2,0.481395
5460,4.0,75,0,4,0.48129999999999995
5461,1.0,44,1,2,0.481205
5462,4.0,76,0,4,0.48111000000000004
5463,3.0,53,1,3,0.48101499999999997
5464,0.0,7,1,0,0.48092
5465,0.0,3,1,0,0.48082500000000006
5466,1.0,47,1,2,0.4807300000000001
5467,4.0,48,0,4,0.48063500000000003
5468,1.0,35,1,2,0.4805400000000001
5469,4.0,55,0,4,0.480445
5470,3.0,62,1,3,0.48034999999999994
5471,0.0,4,1,0,0.480255
5472,1.0,61,1,2,0.48016000000000003
5473,4.0,101,0,4,0.48006499999999996
5474,3.0,49,1,3,0.47997
5475,0.0,9,1,1,0.47987500000000005
5476,3.0,31,1,3,0.4797800000000001
5477,1.0,34,1,2,0.47968500000000003
5478,4.0,65,0,4,0.47959000000000007
5479,1.0,54,1,2,0.479495
5480,1.0,25,1,2,0.47939999999999994
5481,1.0,31,1,2,0.479305
5482,1.0,38,1,2,0.47921
5483,1.0,26,1,2,0.47911500000000007
5484,3.0,55,1,3,0.47902
5485,1.0,27,1,2,0.47892500000000005
5486,4.0,61,0,4,0.4788300000000001
5487,1.0,49,1,2,0.478735
5488,4.0,90,0,4,0.47864000000000007
5489,4.0,46,0,4,0.478545
5490,3.0,35,1,3,0.47844999999999993
5491,3.0,70,1,3,0.478355
5492,1.0,24,1,2,0.47826
5493,0.0,3,1,0,0.47816500000000006
5494,0.0,13,1,0,0.47807
5495,1.0,51,1,2,0.47797500000000004
5496,4.0,34,0,4,0.4778800000000001
5497,4.0,70,0,4,0.477785
5498,4.0,71,0,4,0.47769000000000006
5499,4.0,79,0,4,0.477595
5500,4.0,46,0,4,0.47750000000000004
5501,1.0,28,1,2,0.47740499999999997
5502,4.0,58,0,4,0.47731
5503,1.0,15,1,2,0.47721500000000006
5504,4.0,47,0,4,0.47712
5505,1.0,19,1,2,0.47702500000000003
5506,1.0,37,1,2,0.4769300000000001
5507,3.0,37,1,3,0.476835
5508,0.0,3,1,0,0.47674000000000005
5509,4.0,46,0,4,0.4766450000000001
5510,1.0,33,1,2,0.47655000000000003
5511,0.0,12,1,0,0.47645499999999996
5512,1.0,17,1,2,0.47636
5513,4.0,104,0,4,0.47626500000000005
5514,0.0,13,1,0,0.47617
5515,4.0,45,0,4,0.476075
5516,4.0,55,0,4,0.47598000000000007
5517,1.0,42,1,2,0.475885
5518,3.0,64,1,3,0.47579000000000005
5519,0.0,9,1,0,0.4756950000000001
5520,4.0,43,0,4,0.4756
5521,1.0,32,1,2,0.47550499999999996
5522,1.0,31,1,2,0.47541
5523,4.0,69,0,4,0.47531500000000004
5524,1.0,34,1,2,0.47522
5525,4.0,86,0,4,0.475125
5526,0.0,22,1,0,0.47503000000000006
5527,4.0,63,0,4,0.4749350000000001
5528,3.0,47,1,3,0.47484000000000004
5529,1.0,25,1,2,0.4747450000000001
5530,1.0,36,1,2,0.47465
5531,0.0,8,1,0,0.47455499999999995
5532,0.0,4,1,0,0.47446
5533,4.0,64,0,4,0.47436500000000004
5534,3.0,59,1,3,0.47426999999999997
5535,4.0,53,0,4,0.474175
5536,4.0,36,0,4,0.47408000000000006
5537,0.0,10,1,0,0.4739850000000001
5538,0.0,9,1,0,0.47389000000000003
5539,3.0,51,1,3,0.4737950000000001
5540,1.0,30,1,2,0.4737
5541,4.0,55,0,4,0.47360499999999994
5542,4.0,76,0,4,0.47351
5543,1.0,41,1,2,0.47341500000000003
5544,0.0,19,1,1,0.4733200000000001
5545,3.0,38,1,3,0.473225
5546,1.0,30,1,2,0.47313000000000005
5547,1.0,36,1,2,0.4730350000000001
5548,1.0,24,1,2,0.47294
5549,3.0,61,1,3,0.47284500000000007
5550,0.0,3,1,0,0.47275
5551,4.0,77,0,4,0.47265499999999994
5552,3.0,45,1,3,0.47256
5553,3.0,77,1,3,0.472465
5554,1.0,18,1,2,0.47237000000000007
5555,4.0,59,0,4,0.472275
5556,1.0,41,1,2,0.47218000000000004
5557,4.0,110,0,4,0.4720850000000001
5558,3.0,54,1,3,0.47199
5559,0.0,4,1,0,0.47189500000000006
5560,0.0,2,1,0,0.4718
5561,0.0,15,1,0,0.47170500000000004
5562,4.0,86,0,4,0.47161
5563,0.0,25,1,0,0.471515
5564,0.0,16,1,0,0.47142000000000006
5565,1.0,61,1,2,0.471325
5566,0.0,6,1,0,0.47123000000000004
5567,0.0,55,1,0,0.4711350000000001
5568,1.0,38,1,2,0.47104
5569,1.0,44,1,2,0.47094500000000006
5570,0.0,21,1,0,0.47085
5571,1.0,37,1,2,0.47075500000000003
5572,4.0,49,0,4,0.47065999999999997
5573,0.0,4,1,0,0.470565
5574,0.0,4,1,0,0.47047000000000005
5575,1.0,41,1,2,0.470375
5576,0.0,10,1,0,0.47028000000000003
5577,0.0,9,1,0,0.4701850000000001
5578,4.0,74,0,4,0.47009
5579,3.0,66,1,3,0.46999500000000005
5580,3.0,32,1,3,0.4699
5581,0.0,8,1,0,0.46980500000000003
5582,4.0,74,0,4,0.46970999999999996
5583,0.0,20,1,0,0.469615
5584,1.0,44,1,2,0.46952000000000005
5585,1.0,31,1,2,0.469425
5586,3.0,89,1,3,0.46933
5587,4.0,61,0,4,0.46923500000000007
5588,4.0,54,0,4,0.4691400000000001
5589,1.0,28,1,2,0.46904500000000005
5590,4.0,51,0,4,0.46895
5591,4.0,52,0,4,0.468855
5592,4.0,42,0,4,0.46875999999999995
5593,4.0,77,0,4,0.468665
5594,3.0,45,1,3,0.46857000000000004
5595,4.0,61,0,4,0.468475
5596,4.0,59,0,4,0.46838
5597,4.0,60,0,4,0.46828500000000006
5598,1.0,28,1,2,0.4681900000000001
5599,4.0,59,0,4,0.46809500000000004
5600,4.0,65,0,4,0.46799999999999997
5601,1.0,47,1,2,0.467905
5602,4.0,82,0,4,0.46780999999999995
5603,0.0,17,1,0,0.467715
5604,1.0,26,1,2,0.46762000000000004
5605,3.0,50,1,3,0.4675250000000001
5606,1.0,32,1,2,0.46743
5607,1.0,21,1,2,0.46733500000000006
5608,4.0,50,0,4,0.4672400000000001
5609,1.0,38,1,2,0.46714500000000003
5610,1.0,20,1,2,0.46704999999999997
5611,4.0,51,0,4,0.466955
5612,4.0,68,0,4,0.46685999999999994
5613,4.0,68,0,4,0.466765
5614,1.0,35,1,2,0.46667000000000003
5615,3.0,54,1,3,0.4665750000000001
5616,0.0,4,1,0,0.46648
5617,3.0,41,1,3,0.46638500000000005
5618,3.0,30,1,3,0.4662900000000001
5619,1.0,35,1,2,0.466195
5620,1.0,35,1,2,0.46609999999999996
5621,4.0,70,0,4,0.466005
5622,4.0,93,0,4,0.46591000000000005
5623,3.0,44,1,3,0.465815
5624,3.0,49,1,3,0.46572
5625,1.0,27,1,2,0.46562500000000007
5626,3.0,50,1,3,0.46553
5627,1.0,47,1,2,0.46543500000000004
5628,1.0,44,1,2,0.4653400000000001
5629,4.0,55,0,4,0.465245
5630,4.0,50,0,4,0.46515000000000006
5631,1.0,31,1,2,0.465055
5632,3.0,48,1,3,0.46496000000000004
5633,4.0,54,0,4,0.464865
5634,0.0,5,1,0,0.46477
5635,3.0,66,1,3,0.46467500000000006
5636,4.0,88,0,4,0.46458
5637,0.0,9,1,0,0.46448500000000004
5638,1.0,31,1,2,0.4643900000000001
5639,0.0,2,1,0,0.464295
5640,4.0,60,0,4,0.46420000000000006
5641,3.0,58,1,3,0.464105
5642,0.0,7,1,0,0.46401000000000003
5643,0.0,22,1,0,0.46391499999999997
5644,1.0,38,1,2,0.46382
5645,4.0,52,0,4,0.46372500000000005
5646,4.0,50,0,4,0.46363
5647,0.0,16,1,0,0.46353500000000003
5648,0.0,18,1,1,0.4634400000000001
5649,0.0,5,1,0,0.4633450000000001
5650,0.0,23,1,0,0.46325000000000005
5651,3.0,54,1,3,0.463155
5652,4.0,62,0,4,0.46306
5653,1.0,48,1,2,0.46296499999999996
5654,1.0,39,1,2,0.46287
5655,4.0,50,0,4,0.46277500000000005
5656,3.0,58,1,3,0.46268
5657,4.0,88,0,4,0.462585
5658,1.0,64,1,2,0.46249000000000007
5659,4.0,56,0,4,0.4623950000000001
5660,0.0,11,1,0,0.46230000000000004
5661,3.0,55,1,3,0.462205
5662,0.0,5,1,0,0.46211
5663,4.0,99,0,4,0.46201499999999995
5664,4.0,79,0,4,0.46192
5665,0.0,7,1,0,0.46182500000000004
5666,4.0,61,0,4,0.4617300000000001
5667,1.0,47,1,2,0.461635
5668,4.0,84,0,4,0.46154000000000006
5669,1.0,34,1,2,0.4614450000000001
5670,1.0,41,1,2,0.46135000000000004
5671,4.0,65,0,4,0.46125499999999997
5672,4.0,68,0,4,0.46116
5673,1.0,22,1,2,0.46106499999999995
5674,3.0,39,1,3,0.46097
5675,1.0,38,1,2,0.46087500000000003
5676,1.0,25,1,2,0.4607800000000001
5677,3.0,46,1,3,0.460685
5678,0.0,13,1,0,0.46059000000000005
5679,3.0,62,1,3,0.4604950000000001
5680,1.0,32,1,2,0.46040000000000003
5681,0.0,5,1,0,0.46030499999999996
5682,4.0,73,0,4,0.46021
5683,4.0,68,0,4,0.46011500000000005
5684,3.0,53,1,3,0.46002
5685,4.0,66,0,4,0.45992500000000003
5686,3.0,38,1,3,0.45983000000000007
5687,4.0,50,0,4,0.459735
5688,4.0,57,0,4,0.45964000000000005
5689,3.0,50,1,3,0.4595450000000001
5690,3.0,46,1,3,0.45945
5691,4.0,55,0,4,0.45935499999999996
5692,1.0,49,1,2,0.45926
5693,3.0,60,1,3,0.45916500000000005
5694,1.0,36,1,2,0.45907
5695,4.0,56,0,4,0.458975
5696,1.0,25,1,2,0.45888000000000007
5697,4.0,42,0,4,0.458785
5698,3.0,56,1,3,0.45869000000000004
5699,1.0,47,1,2,0.4585950000000001
5700,4.0,81,0,4,0.4585
5701,4.0,58,0,4,0.45840499999999995
5702,0.0,6,1,0,0.45831
5703,4.0,57,0,4,0.45821500000000004
5704,3.0,41,1,3,0.45811999999999997
5705,3.0,78,1,3,0.458025
5706,0.0,23,1,0,0.45793000000000006
5707,1.0,19,1,2,0.457835
5708,3.0,82,1,3,0.45774000000000004
5709,0.0,13,1,0,0.4576450000000001
5710,4.0,61,0,4,0.4575500000000001
5711,4.0,55,0,4,0.45745499999999995
5712,4.0,43,0,4,0.45736
5713,0.0,3,1,0,0.45726500000000003
5714,4.0,52,0,4,0.45716999999999997
5715,1.0,47,1,2,0.457075
5716,1.0,41,1,2,0.45698000000000005
5717,0.0,7,1,0,0.456885
5718,4.0,49,0,4,0.45679000000000003
5719,4.0,52,0,4,0.4566950000000001
5720,4.0,72,0,4,0.4566000000000001
5721,4.0,78,0,4,0.45650499999999994
5722,4.0,42,0,4,0.45641
5723,4.0,71,0,4,0.456315
5724,3.0,34,1,3,0.45621999999999996
5725,1.0,50,1,2,0.456125
5726,1.0,46,1,2,0.45603000000000005
5727,1.0,50,1,2,0.4559350000000001
5728,1.0,36,1,2,0.45584
5729,3.0,53,1,3,0.45574500000000007
5730,4.0,55,0,4,0.4556500000000001
5731,1.0,23,1,2,0.45555499999999993
5732,0.0,7,1,0,0.45546
5733,4.0,54,0,4,0.455365
5734,1.0,28,1,2,0.45526999999999995
5735,0.0,6,1,0,0.455175
5736,0.0,5,1,0,0.45508000000000004
5737,4.0,63,0,4,0.4549850000000001
5738,4.0,80,0,4,0.45489
5739,4.0,82,0,4,0.45479500000000006
5740,3.0,39,1,3,0.4547000000000001
5741,4.0,77,0,4,0.4546049999999999
5742,1.0,22,1,2,0.45450999999999997
5743,3.0,63,1,3,0.454415
5744,1.0,42,1,2,0.45432000000000006
5745,4.0,53,0,4,0.454225
5746,4.0,74,0,4,0.45413000000000003
5747,3.0,54,1,3,0.4540350000000001
5748,0.0,2,1,0,0.45394
5749,0.0,8,1,0,0.45384500000000005
5750,1.0,19,1,2,0.4537500000000001
5751,4.0,64,0,4,0.45365500000000003
5752,0.0,15,1,0,0.45355999999999996
5753,4.0,93,0,4,0.453465
5754,1.0,25,1,2,0.45337000000000005
5755,1.0,41,1,2,0.453275
5756,1.0,38,1,2,0.45318
5757,3.0,56,1,3,0.45308500000000007
5758,3.0,90,1,3,0.45299
5759,4.0,55,0,4,0.45289500000000005
5760,1.0,16,1,2,0.4528000000000001
5761,0.0,4,1,0,0.452705
5762,1.0,47,1,2,0.45260999999999996
5763,0.0,23,1,1,0.452515
5764,3.0,42,1,3,0.45242000000000004
5765,4.0,55,0,4,0.452325
5766,3.0,34,1,3,0.45223
5767,4.0,49,0,4,0.45213500000000006
5768,1.0,60,1,2,0.45204
5769,1.0,20,1,2,0.45194500000000004
5770,1.0,48,1,2,0.4518500000000001
5771,3.0,112,1,3,0.45175500000000013
5772,0.0,2,1,0,0.45165999999999995
5773,0.0,4,1,0,0.451565
5774,0.0,5,1,0,0.45147000000000004
5775,3.0,74,1,3,0.45137499999999997
5776,4.0,59,0,4,0.45128
5777,4.0,88,0,4,0.45118500000000006
5778,0.0,20,1,1,0.45109
5779,1.0,22,1,2,0.45099500000000003
5780,1.0,59,1,2,0.4509000000000001
5781,1.0,31,1,2,0.4508050000000001
5782,4.0,63,0,4,0.45070999999999994
5783,1.0,30,1,2,0.450615
5784,1.0,48,1,2,0.45052000000000003
5785,0.0,3,1,0,0.45042499999999996
5786,1.0,20,1,2,0.45033
5787,4.0,58,0,4,0.45023500000000005
5788,1.0,40,1,2,0.4501400000000001
5789,4.0,55,0,4,0.45004500000000003
5790,4.0,83,0,4,0.44995000000000007
5791,1.0,28,1,2,0.4498550000000001
5792,4.0,65,0,4,0.44975999999999994
5793,0.0,9,1,0,0.449665
5794,4.0,102,0,4,0.44957
5795,0.0,4,1,0,0.44947499999999996
5796,0.0,15,1,1,0.44938
5797,4.0,61,0,4,0.44928500000000005
5798,1.0,33,1,2,0.4491900000000001
5799,1.0,31,1,2,0.449095
5800,4.0,64,0,4,0.44900000000000007
5801,4.0,99,0,4,0.4489050000000001
5802,4.0,65,0,4,0.44880999999999993
5803,4.0,41,0,4,0.448715
5804,1.0,42,1,2,0.44862
5805,3.0,74,1,3,0.44852500000000006
5806,4.0,39,0,4,0.44843
5807,3.0,27,1,3,0.44833500000000004
5808,4.0,67,0,4,0.4482400000000001
5809,3.0,74,1,3,0.448145
5810,1.0,29,1,2,0.44805000000000006
5811,4.0,65,0,4,0.4479550000000001
5812,4.0,71,0,4,0.4478599999999999
5813,4.0,68,0,4,0.44776499999999997
5814,4.0,50,0,4,0.44767
5815,3.0,57,1,3,0.44757500000000006
5816,1.0,40,1,2,0.44748
5817,0.0,15,1,0,0.44738500000000003
5818,3.0,43,1,3,0.4472900000000001
5819,4.0,53,0,4,0.447195
5820,0.0,6,1,0,0.44710000000000005
5821,1.0,37,1,2,0.4470050000000001
5822,4.0,58,0,4,0.44691000000000003
5823,3.0,41,1,3,0.44681499999999996
5824,3.0,34,1,3,0.44672
5825,0.0,9,1,0,0.44662500000000005
5826,1.0,51,1,2,0.44653
5827,4.0,67,0,4,0.446435
5828,1.0,30,1,2,0.44634000000000007
5829,1.0,23,1,2,0.446245
5830,1.0,29,1,2,0.44615000000000005
5831,4.0,42,0,4,0.4460550000000001
5832,3.0,55,1,3,0.44596
5833,4.0,44,0,4,0.44586499999999996
5834,1.0,29,1,2,0.44577
5835,4.0,74,0,4,0.44567500000000004
5836,1.0,40,1,2,0.44558
5837,4.0,58,0,4,0.445485
5838,3.0,38,1,3,0.44539000000000006
5839,1.0,32,1,2,0.445295
5840,1.0,19,1,2,0.44520000000000004
5841,3.0,57,1,3,0.4451050000000001
5842,4.0,84,0,4,0.44501
5843,4.0,50,0,4,0.44491499999999995
5844,0.0,25,1,0,0.44482
5845,3.0,55,1,3,0.44472500000000004
5846,4.0,68,0,4,0.44462999999999997
5847,0.0,3,1,0,0.444535
5848,1.0,27,1,2,0.44444000000000006
5849,1.0,27,1,2,0.4443450000000001
5850,4.0,60,0,4,0.44425000000000003
5851,4.0,53,0,4,0.4441550000000001
5852,0.0,4,1,0,0.44406
5853,0.0,2,1,0,0.44396499999999994
5854,0.0,43,1,1,0.44387
5855,1.0,64,1,2,0.44377500000000003
5856,3.0,69,1,3,0.44367999999999996
5857,4.0,74,0,4,0.443585
5858,0.0,4,1,0,0.44349000000000005
5859,3.0,74,1,3,0.4433950000000001
5860,0.0,7,1,0,0.4433
5861,4.0,64,0,4,0.44320500000000007
5862,1.0,46,1,2,0.44311
5863,1.0,24,1,2,0.44301499999999994
5864,1.0,38,1,2,0.44292
5865,1.0,33,1,2,0.442825
5866,4.0,68,0,4,0.44273000000000007
5867,0.0,2,1,0,0.442635
5868,4.0,57,0,4,0.44254000000000004
5869,3.0,40,1,3,0.4424450000000001
5870,3.0,38,1,3,0.44235
5871,4.0,41,0,4,0.44225500000000006
5872,0.0,18,1,0,0.44216
5873,0.0,3,1,0,0.44206499999999993
5874,4.0,81,0,4,0.44197
5875,3.0,42,1,3,0.441875
5876,4.0,63,0,4,0.44178000000000006
5877,4.0,62,0,4,0.441685
5878,4.0,68,0,4,0.44159000000000004
5879,0.0,5,1,0,0.4414950000000001
5880,4.0,62,0,4,0.4414
5881,1.0,49,1,2,0.44130500000000006
5882,3.0,61,1,3,0.4412100000000001
5883,4.0,67,0,4,0.44111500000000003
5884,0.0,5,1,0,0.44101999999999997
5885,0.0,6,1,0,0.440925
5886,1.0,49,1,2,0.44083000000000006
5887,3.0,52,1,3,0.440735
5888,3.0,47,1,3,0.44064000000000003
5889,0.0,4,1,0,0.4405450000000001
5890,0.0,4,1,0,0.44045
5891,0.0,9,1,0,0.44035500000000005
5892,4.0,67,0,4,0.4402600000000001
5893,4.0,60,0,4,0.44016500000000003
5894,4.0,64,0,4,0.44006999999999996
5895,0.0,18,1,0,0.439975
5896,0.0,7,1,0,0.43988000000000005
5897,3.0,25,1,3,0.439785
5898,1.0,31,1,2,0.43969
5899,4.0,45,0,4,0.43959500000000007
5900,0.0,6,1,0,0.4395
5901,1.0,23,1,2,0.43940500000000005
5902,1.0,37,1,2,0.4393100000000001
5903,4.0,71,0,4,0.439215
5904,3.0,56,1,3,0.43911999999999995
5905,3.0,45,1,3,0.439025
5906,4.0,56,0,4,0.43893000000000004
5907,0.0,5,1,0,0.438835
5908,1.0,28,1,2,0.43874
5909,1.0,30,1,2,0.43864500000000006
5910,3.0,69,1,3,0.4385500000000001
5911,3.0,58,1,3,0.43845500000000004
5912,3.0,48,1,3,0.4383600000000001
5913,1.0,26,1,2,0.438265
5914,0.0,7,1,0,0.43816999999999995
5915,3.0,43,1,3,0.438075
5916,4.0,116,0,4,0.43798000000000004
5917,1.0,24,1,2,0.43788499999999997
5918,4.0,55,0,4,0.43779
5919,0.0,8,1,0,0.43769500000000006
5920,4.0,58,0,4,0.4376000000000001
5921,4.0,62,0,4,0.43750500000000003
5922,1.0,37,1,2,0.4374100000000001
5923,1.0,25,1,2,0.437315
5924,4.0,79,0,4,0.43721999999999994
5925,4.0,64,0,4,0.437125
5926,0.0,4,1,0,0.43703000000000003
5927,1.0,45,1,2,0.4369350000000001
5928,0.0,7,1,0,0.43684
5929,0.0,6,1,0,0.43674500000000005
5930,0.0,4,1,0,0.4366500000000001
5931,4.0,82,0,4,0.436555
5932,1.0,31,1,2,0.43646000000000007
5933,3.0,59,1,3,0.436365
5934,4.0,49,0,4,0.43626999999999994
5935,4.0,50,0,4,0.436175
5936,1.0,48,1,2,0.43608
5937,3.0,54,1,3,0.43598500000000007
5938,3.0,86,1,3,0.43589
5939,4.0,80,0,4,0.43579500000000004
5940,1.0,45,1,2,0.4357000000000001
5941,0.0,4,1,0,0.435605
5942,1.0,28,1,2,0.43551000000000006
5943,4.0,53,0,4,0.435415
5944,1.0,42,1,2,0.43532000000000004
5945,3.0,40,1,3,0.435225
5946,4.0,67,0,4,0.43513
5947,4.0,67,0,4,0.43503500000000006
5948,1.0,46,1,2,0.43494
5949,1.0,42,1,2,0.43484500000000004
5950,1.0,26,1,2,0.4347500000000001
5951,1.0,27,1,2,0.434655
5952,4.0,106,0,4,0.43456000000000006
5953,4.0,94,0,4,0.434465
5954,4.0,69,0,4,0.43437000000000003
5955,0.0,5,1,0,0.43427499999999997
5956,1.0,22,1,2,0.43418
5957,4.0,62,0,4,0.43408500000000005
5958,3.0,57,1,3,0.43399
5959,4.0,47,0,4,0.43389500000000003
5960,1.0,40,1,2,0.4338000000000001
5961,1.0,21,1,2,0.433705
5962,3.0,84,1,3,0.43361000000000005
5963,1.0,51,1,2,0.433515
5964,4.0,71,0,4,0.43342
5965,3.0,95,1,3,0.43332499999999996
5966,0.0,8,1,0,0.43323
5967,4.0,80,0,4,0.43313500000000005
5968,1.0,90,1,2,0.43304
5969,4.0,68,0,4,0.432945
5970,1.0,39,1,2,0.43285000000000007
5971,1.0,24,1,2,0.4327550000000001
5972,4.0,51,0,4,0.43266000000000004
5973,4.0,80,0,4,0.432565
5974,3.0,66,1,3,0.43247
5975,1.0,22,1,2,0.43237499999999995
5976,1.0,31,1,2,0.43228
5977,0.0,12,1,0,0.43218500000000004
5978,0.0,15,1,0,0.43209
5979,0.0,12,1,0,0.431995
5980,4.0,54,0,4,0.43190000000000006
5981,0.0,11,1,0,0.4318050000000001
5982,0.0,4,1,0,0.43171000000000004
5983,0.0,4,1,0,0.43161499999999997
5984,1.0,49,1,2,0.43152
5985,1.0,53,1,2,0.43142499999999995
5986,3.0,75,1,3,0.43133
5987,4.0,67,0,4,0.43123500000000003
5988,3.0,62,1,3,0.4311400000000001
5989,0.0,4,1,0,0.431045
5990,0.0,8,1,0,0.43095000000000006
5991,4.0,53,0,4,0.4308550000000001
5992,4.0,104,0,4,0.43076000000000003
5993,0.0,6,1,0,0.43066499999999996
5994,1.0,73,1,2,0.43057
5995,4.0,59,0,4,0.43047499999999994
5996,1.0,47,1,2,0.43038
5997,1.0,38,1,2,0.43028500000000003
5998,1.0,40,1,2,0.4301900000000001
5999,3.0,37,1,3,0.430095
6000,4.0,65,0,4,0.43000000000000005
6001,0.0,3,1,0,0.4299050000000001
6002,3.0,58,1,3,0.42981
6003,0.0,53,1,0,0.42971500000000007
6004,1.0,61,1,2,0.42962
6005,0.0,11,1,0,0.42952500000000005
6006,3.0,102,1,3,0.42943
6007,0.0,21,1,0,0.429335
6008,4.0,77,0,4,0.42924000000000007
6009,0.0,16,1,0,0.429145
6010,0.0,23,1,0,0.42905000000000004
6011,0.0,14,1,0,0.4289550000000001
6012,4.0,163,0,4,0.42886
6013,1.0,40,1,2,0.42876500000000006
6014,3.0,77,1,3,0.42867
6015,0.0,23,1,0,0.42857500000000004
6016,0.0,30,1,0,0.42847999999999997
6017,3.0,52,1,3,0.428385
6018,0.0,25,1,0,0.42829000000000006
6019,3.0,59,1,3,0.428195
6020,0.0,17,1,0,0.42810000000000004
6021,0.0,11,1,0,0.4280050000000001
6022,1.0,48,1,2,0.42791
6023,1.0,65,1,2,0.42781500000000006
6024,1.0,77,1,2,0.42772
6025,0.0,5,1,0,0.42762500000000003
6026,3.0,74,1,3,0.42752999999999997
6027,1.0,46,1,2,0.427435
6028,1.0,33,1,2,0.42734000000000005
6029,4.0,58,0,4,0.427245
6030,3.0,48,1,3,0.42715000000000003
6031,4.0,61,0,4,0.4270550000000001
6032,1.0,34,1,2,0.4269600000000001
6033,3.0,52,1,3,0.42686500000000005
6034,0.0,12,1,0,0.42677
6035,0.0,16,1,0,0.426675
6036,4.0,68,0,4,0.42657999999999996
6037,1.0,30,1,2,0.426485
6038,1.0,29,1,2,0.42639000000000005
6039,0.0,3,1,0,0.426295
6040,0.0,3,1,0,0.4262
6041,1.0,61,1,2,0.42610500000000007
6042,0.0,16,1,0,0.4260100000000001
6043,4.0,67,0,4,0.42591500000000004
6044,0.0,28,1,1,0.42582
6045,0.0,7,1,0,0.425725
6046,0.0,3,1,0,0.42562999999999995
6047,1.0,59,1,2,0.425535
6048,4.0,92,0,4,0.42544000000000004
6049,1.0,43,1,2,0.4253450000000001
6050,4.0,48,0,4,0.42525
6051,3.0,52,1,3,0.42515500000000006
6052,3.0,42,1,3,0.4250600000000001
6053,1.0,30,1,2,0.42496500000000004
6054,3.0,69,1,3,0.42486999999999997
6055,1.0,41,1,2,0.424775
6056,4.0,42,0,4,0.42467999999999995
6057,4.0,51,0,4,0.424585
6058,1.0,60,1,2,0.42449000000000003
6059,4.0,59,0,4,0.4243950000000001
6060,0.0,3,1,0,0.4243
6061,4.0,66,0,4,0.42420500000000005
6062,1.0,37,1,2,0.4241100000000001
6063,4.0,55,0,4,0.42401500000000003
6064,4.0,58,0,4,0.42391999999999996
6065,4.0,54,0,4,0.423825
6066,4.0,58,0,4,0.42373000000000005
6067,1.0,21,1,2,0.423635
6068,4.0,47,0,4,0.42354
6069,1.0,50,1,2,0.42344500000000007
6070,1.0,35,1,2,0.42335
6071,0.0,6,1,0,0.42325500000000005
6072,0.0,6,1,0,0.4231600000000001
6073,4.0,48,0,4,0.423065
6074,3.0,59,1,3,0.42296999999999996
6075,4.0,44,0,4,0.422875
6076,1.0,43,1,2,0.42278000000000004
6077,0.0,3,1,0,0.422685
6078,4.0,68,0,4,0.42259
6079,0.0,5,1,0,0.42249500000000006
6080,1.0,24,1,2,0.4224
6081,1.0,30,1,2,0.42230500000000004
6082,1.0,44,1,2,0.4222100000000001
6083,1.0,25,1,2,0.422115
6084,0.0,3,1,0,0.42201999999999995
6085,0.0,8,1,0,0.421925
6086,0.0,16,1,0,0.42183000000000004
6087,4.0,113,0,4,0.42173499999999997
6088,1.0,21,1,2,0.42164
6089,1.0,35,1,2,0.42154500000000006
6090,3.0,83,1,3,0.42145
6091,3.0,66,1,3,0.42135500000000004
6092,4.0,54,0,4,0.4212600000000001
6093,3.0,71,1,3,0.4211650000000001
6094,0.0,12,1,0,0.42106999999999994
6095,3.0,86,1,3,0.420975
6096,3.0,47,1,3,0.42088000000000003
6097,3.0,69,1,3,0.42078499999999996
6098,4.0,67,0,4,0.42069
6099,3.0,64,1,3,0.42059500000000005
6100,4.0,37,0,4,0.4205
6101,1.0,43,1,2,0.42040500000000003
6102,4.0,70,0,4,0.4203100000000001
6103,3.0,35,1,3,0.4202150000000001
6104,1.0,23,1,2,0.42011999999999994
6105,3.0,74,1,3,0.420025
6106,0.0,9,1,0,0.41993
6107,4.0,62,0,4,0.41983499999999996
6108,1.0,21,1,2,0.41974
6109,1.0,40,1,2,0.41964500000000005
6110,1.0,35,1,2,0.4195500000000001
6111,1.0,38,1,2,0.419455
6112,4.0,71,0,4,0.41936000000000007
6113,1.0,23,1,2,0.4192650000000001
6114,0.0,4,1,0,0.41916999999999993
6115,4.0,63,0,4,0.419075
6116,4.0,66,0,4,0.41898
6117,1.0,34,1,2,0.41888499999999995
6118,1.0,26,1,2,0.41879
6119,0.0,11,1,0,0.41869500000000004
6120,3.0,36,1,3,0.4186000000000001
6121,1.0,61,1,2,0.418505
6122,3.0,82,1,3,0.41841000000000006
6123,4.0,53,0,4,0.4183150000000001
6124,1.0,25,1,2,0.4182199999999999
6125,1.0,31,1,2,0.41812499999999997
6126,4.0,77,0,4,0.41803
6127,3.0,53,1,3,0.41793500000000006
6128,0.0,11,1,0,0.41784
6129,3.0,47,1,3,0.41774500000000003
6130,4.0,67,0,4,0.4176500000000001
6131,0.0,13,1,0,0.417555
6132,4.0,54,0,4,0.41746000000000005
6133,4.0,59,0,4,0.4173650000000001
6134,4.0,47,0,4,0.41727000000000003
6135,4.0,67,0,4,0.41717499999999996
6136,3.0,57,1,3,0.41708
6137,1.0,36,1,2,0.41698500000000005
6138,3.0,32,1,3,0.41689
6139,4.0,72,0,4,0.416795
6140,4.0,60,0,4,0.41670000000000007
6141,1.0,24,1,2,0.416605
6142,3.0,89,1,3,0.41651000000000005
6143,1.0,27,1,2,0.4164150000000001
6144,3.0,49,1,3,0.41632
6145,3.0,61,1,3,0.41622499999999996
6146,0.0,5,1,0,0.41613
6147,1.0,35,1,2,0.41603500000000004
6148,1.0,27,1,2,0.41594
6149,4.0,59,0,4,0.415845
6150,0.0,7,1,0,0.41575000000000006
6151,0.0,8,1,0,0.415655
6152,3.0,76,1,3,0.41556000000000004
6153,0.0,8,1,0,0.4154650000000001
6154,1.0,32,1,2,0.41537000000000013
6155,1.0,20,1,2,0.41527499999999995
6156,4.0,92,0,4,0.41518
6157,3.0,45,1,3,0.41508500000000004
6158,4.0,64,0,4,0.41498999999999997
6159,4.0,72,0,4,0.414895
6160,0.0,7,1,0,0.41480000000000006
6161,3.0,111,1,3,0.414705
6162,1.0,49,1,2,0.41461000000000003
6163,3.0,50,1,3,0.4145150000000001
6164,1.0,41,1,2,0.4144200000000001
6165,0.0,4,1,0,0.41432499999999994
6166,4.0,83,0,4,0.41423
6167,0.0,6,1,0,0.41413500000000003
6168,1.0,28,1,2,0.41403999999999996
6169,3.0,58,1,3,0.413945
6170,1.0,31,1,2,0.41385000000000005
6171,4.0,58,0,4,0.4137550000000001
6172,4.0,64,0,4,0.41366
6173,3.0,73,1,3,0.41356500000000007
6174,1.0,34,1,2,0.4134700000000001
6175,1.0,69,1,2,0.41337499999999994
6176,4.0,54,0,4,0.41328
6177,4.0,53,0,4,0.413185
6178,1.0,39,1,2,0.41308999999999996
6179,0.0,4,1,0,0.412995
6180,4.0,61,0,4,0.41290000000000004
6181,1.0,33,1,2,0.4128050000000001
6182,0.0,4,1,0,0.41271
6183,3.0,42,1,3,0.41261500000000007
6184,4.0,47,0,4,0.4125200000000001
6185,1.0,26,1,2,0.41242499999999993
6186,4.0,55,0,4,0.41233
6187,0.0,8,1,0,0.412235
6188,3.0,72,1,3,0.41214000000000006
6189,4.0,62,0,4,0.412045
6190,0.0,3,1,0,0.41195000000000004
6191,3.0,44,1,3,0.4118550000000001
6192,0.0,2,1,0,0.41176
6193,1.0,27,1,2,0.41166500000000006
6194,3.0,67,1,3,0.4115700000000001
6195,4.0,49,0,4,0.4114749999999999
6196,0.0,2,1,0,0.41137999999999997
6197,0.0,23,1,0,0.411285
6198,0.0,17,1,0,0.41119000000000006
6199,4.0,68,0,4,0.411095
6200,1.0,38,1,2,0.41100000000000003
6201,4.0,74,0,4,0.4109050000000001
6202,4.0,54,0,4,0.41081
6203,1.0,32,1,2,0.41071500000000005
6204,1.0,21,1,2,0.4106200000000001
6205,1.0,19,1,2,0.41052500000000003
6206,1.0,30,1,2,0.41042999999999996
6207,4.0,53,0,4,0.410335
6208,0.0,10,1,0,0.41024000000000005
6209,4.0,52,0,4,0.410145
6210,1.0,32,1,2,0.41005
6211,2.0,63,1,3,0.40995500000000007
6212,1.0,33,1,2,0.40986
6213,3.0,40,1,3,0.40976500000000005
6214,3.0,37,1,3,0.4096700000000001
6215,1.0,41,1,2,0.409575
6216,1.0,32,1,2,0.40947999999999996
6217,1.0,23,1,2,0.409385
6218,0.0,5,1,0,0.40929000000000004
6219,4.0,72,0,4,0.409195
6220,3.0,54,1,3,0.4091
6221,4.0,53,0,4,0.40900500000000006
6222,3.0,36,1,3,0.40891
6223,4.0,57,0,4,0.40881500000000004
6224,1.0,20,1,2,0.4087200000000001
6225,4.0,54,0,4,0.408625
6226,4.0,59,0,4,0.40852999999999995
6227,0.0,5,1,0,0.408435
6228,4.0,50,0,4,0.40834000000000004
6229,1.0,26,1,2,0.40824499999999997
6230,1.0,32,1,2,0.40815
6231,3.0,61,1,3,0.40805500000000006
6232,4.0,48,0,4,0.4079600000000001
6233,0.0,8,1,0,0.40786500000000003
6234,1.0,34,1,2,0.4077700000000001
6235,4.0,52,0,4,0.407675
6236,4.0,62,0,4,0.40757999999999994
6237,1.0,24,1,2,0.407485
6238,1.0,59,1,2,0.40739000000000003
6239,0.0,12,1,0,0.40729499999999996
6240,0.0,11,1,0,0.4072
6241,4.0,75,0,4,0.40710500000000005
6242,1.0,22,1,2,0.4070100000000001
6243,1.0,27,1,2,0.406915
6244,0.0,3,1,0,0.40682000000000007
6245,0.0,16,1,0,0.406725
6246,3.0,52,1,3,0.40662999999999994
6247,3.0,37,1,3,0.406535
6248,0.0,12,1,0,0.40644
6249,3.0,77,1,3,0.40634500000000007
6250,4.0,90,0,4,0.40625
6251,1.0,19,1,2,0.40615500000000004
6252,3.0,60,1,3,0.4060600000000001
6253,0.0,6,1,0,0.405965
6254,3.0,63,1,3,0.40587000000000006
6255,4.0,52,0,4,0.4057750000000001
6256,4.0,54,0,4,0.40568000000000004
6257,3.0,48,1,3,0.405585
6258,4.0,57,0,4,0.40549
6259,3.0,56,1,3,0.40539500000000006
6260,3.0,51,1,3,0.4053
6261,4.0,45,0,4,0.40520500000000004
6262,1.0,34,1,2,0.4051100000000001
6263,3.0,50,1,3,0.405015
6264,1.0,26,1,2,0.40492000000000006
6265,0.0,8,1,0,0.4048250000000001
6266,4.0,41,0,4,0.40473000000000003
6267,1.0,19,1,2,0.40463499999999997
6268,4.0,57,0,4,0.40454
6269,4.0,63,0,4,0.40444500000000005
6270,3.0,45,1,3,0.40435
6271,4.0,61,0,4,0.40425500000000003
6272,4.0,52,0,4,0.4041600000000001
6273,4.0,56,0,4,0.404065
6274,4.0,45,0,4,0.40397000000000005
6275,3.0,39,1,3,0.4038750000000001
6276,3.0,49,1,3,0.40378000000000003
6277,1.0,24,1,2,0.40368499999999996
6278,0.0,3,1,0,0.40359
6279,4.0,51,0,4,0.40349500000000005
6280,0.0,10,1,0,0.4034
6281,4.0,46,0,4,0.403305
6282,0.0,6,1,0,0.40321000000000007
6283,1.0,33,1,2,0.4031150000000001
6284,3.0,41,1,3,0.40302000000000004
6285,3.0,54,1,3,0.4029250000000001
6286,4.0,47,0,4,0.40283
6287,1.0,31,1,2,0.40273499999999995
6288,4.0,68,0,4,0.40264
6289,3.0,33,1,3,0.40254500000000004
6290,4.0,54,0,4,0.40245
6291,0.0,5,1,0,0.402355
6292,4.0,51,0,4,0.40226000000000006
6293,1.0,28,1,2,0.4021650000000001
6294,3.0,48,1,3,0.40207000000000004
6295,1.0,52,1,2,0.4019750000000001
6296,3.0,60,1,3,0.40188
6297,3.0,49,1,3,0.40178499999999995
6298,4.0,54,0,4,0.40169
6299,4.0,58,0,4,0.40159500000000004
6300,4.0,85,0,4,0.4015000000000001
6301,1.0,19,1,2,0.401405
6302,1.0,43,1,2,0.40131000000000006
6303,3.0,42,1,3,0.4012150000000001
6304,1.0,41,1,2,0.40112000000000003
6305,4.0,61,0,4,0.4010250000000001
6306,3.0,61,1,3,0.40093
6307,4.0,48,0,4,0.40083499999999994
6308,1.0,30,1,2,0.40074
6309,4.0,56,0,4,0.40064500000000003
6310,0.0,4,1,0,0.4005500000000001
6311,3.0,31,1,3,0.400455
6312,3.0,41,1,3,0.40036000000000005
6313,0.0,4,1,0,0.4002650000000001
6314,0.0,8,1,0,0.40017
6315,4.0,65,0,4,0.40007500000000007
6316,1.0,27,1,2,0.39998
6317,3.0,57,1,3,0.39988500000000005
6318,0.0,3,1,0,0.39979
6319,0.0,8,1,0,0.399695
6320,4.0,59,0,4,0.39960000000000007
6321,4.0,46,0,4,0.399505
6322,3.0,67,1,3,0.39941000000000004
6323,3.0,64,1,3,0.3993150000000001
6324,4.0,51,0,4,0.39922
6325,4.0,55,0,4,0.39912500000000006
6326,1.0,23,1,2,0.39903
6327,0.0,5,1,0,0.39893500000000004
6328,4.0,48,0,4,0.39884
6329,0.0,13,1,0,0.398745
6330,0.0,18,1,0,0.39865000000000006
6331,1.0,34,1,2,0.398555
6332,0.0,5,1,0,0.39846000000000004
6333,4.0,62,0,4,0.3983650000000001
6334,3.0,30,1,3,0.39827
6335,4.0,50,0,4,0.39817500000000006
6336,4.0,51,0,4,0.39808
6337,4.0,79,0,4,0.39798500000000003
6338,1.0,29,1,2,0.39788999999999997
6339,1.0,31,1,2,0.397795
6340,3.0,54,1,3,0.39770000000000005
6341,3.0,53,1,3,0.397605
6342,3.0,74,1,3,0.39751000000000003
6343,1.0,18,1,2,0.3974150000000001
6344,0.0,4,1,0,0.3973200000000001
6345,0.0,5,1,0,0.39722500000000005
6346,1.0,21,1,2,0.39713
6347,3.0,39,1,3,0.397035
6348,3.0,39,1,3,0.39693999999999996
6349,3.0,55,1,3,0.396845
6350,3.0,29,1,3,0.39675000000000005
6351,3.0,42,1,3,0.396655
6352,0.0,3,1,0,0.39656
6353,4.0,63,0,4,0.39646500000000007
6354,1.0,24,1,2,0.3963700000000001
6355,1.0,37,1,2,0.39627500000000004
6356,0.0,4,1,0,0.39618
6357,4.0,46,0,4,0.396085
6358,3.0,46,1,3,0.39598999999999995
6359,1.0,22,1,2,0.395895
6360,4.0,68,0,4,0.39580000000000004
6361,4.0,42,0,4,0.3957050000000001
6362,0.0,5,1,0,0.39561
6363,1.0,36,1,2,0.39551500000000006
6364,4.0,39,0,4,0.3954200000000001
6365,1.0,21,1,2,0.39532500000000004
6366,0.0,6,1,0,0.39522999999999997
6367,4.0,39,0,4,0.395135
6368,3.0,44,1,3,0.39503999999999995
6369,4.0,44,0,4,0.394945
6370,0.0,10,1,0,0.39485000000000003
6371,0.0,18,1,0,0.3947550000000001
6372,3.0,49,1,3,0.39466
6373,1.0,46,1,2,0.39456500000000005
6374,4.0,42,0,4,0.3944700000000001
6375,0.0,5,1,0,0.39437500000000003
6376,1.0,24,1,2,0.3942800000000001
6377,4.0,181,0,4,0.394185
6378,1.0,20,1,2,0.39409000000000005
6379,4.0,118,0,4,0.393995
6380,1.0,57,1,2,0.39390000000000003
6381,1.0,18,1,2,0.39380500000000007
6382,4.0,117,0,4,0.39371
6383,3.0,51,1,3,0.39361500000000005
6384,1.0,24,1,2,0.3935200000000001
6385,1.0,30,1,2,0.393425
6386,0.0,7,1,0,0.39333000000000007
6387,3.0,84,1,3,0.393235
6388,1.0,50,1,2,0.39314000000000004
6389,1.0,36,1,2,0.393045
6390,4.0,50,0,4,0.39295
6391,3.0,61,1,3,0.39285500000000007
6392,4.0,62,0,4,0.39276
6393,1.0,21,1,2,0.39266500000000004
6394,1.0,21,1,2,0.3925700000000001
6395,3.0,50,1,3,0.392475
6396,4.0,67,0,4,0.39238000000000006
6397,0.0,3,1,0,0.392285
6398,4.0,50,0,4,0.39219000000000004
6399,3.0,38,1,3,0.39209499999999997
6400,3.0,41,1,3,0.392
6401,4.0,47,0,4,0.39190500000000006
6402,4.0,55,0,4,0.39181
6403,1.0,35,1,2,0.39171500000000004
6404,4.0,46,0,4,0.3916200000000001
6405,0.0,4,1,0,0.3915250000000001
6406,4.0,53,0,4,0.39143000000000006
6407,1.0,37,1,2,0.391335
6408,4.0,32,0,4,0.39124000000000003
6409,1.0,25,1,2,0.39114499999999996
6410,4.0,55,0,4,0.39105
6411,4.0,41,0,4,0.39095500000000005
6412,4.0,55,0,4,0.39086
6413,1.0,39,1,2,0.39076500000000003
6414,1.0,29,1,2,0.3906700000000001
6415,3.0,69,1,3,0.3905750000000001
6416,3.0,49,1,3,0.39048000000000005
6417,1.0,32,1,2,0.390385
6418,0.0,16,1,0,0.39029
6419,4.0,91,0,4,0.39019499999999996
6420,4.0,42,0,4,0.3901
6421,4.0,51,0,4,0.39000500000000005
6422,1.0,30,1,2,0.3899100000000001
6423,3.0,67,1,3,0.389815
6424,4.0,49,0,4,0.38972000000000007
6425,0.0,3,1,0,0.3896250000000001
6426,3.0,51,1,3,0.38953000000000004
6427,4.0,42,0,4,0.389435
6428,4.0,41,0,4,0.38934
6429,3.0,40,1,3,0.38924499999999995
6430,3.0,51,1,3,0.38915
6431,4.0,43,0,4,0.38905500000000004
6432,4.0,48,0,4,0.3889600000000001
6433,1.0,21,1,2,0.388865
6434,1.0,29,1,2,0.38877000000000006
6435,3.0,30,1,3,0.3886750000000001
6436,4.0,40,0,4,0.38858000000000004
6437,3.0,36,1,3,0.38848499999999997
6438,4.0,67,0,4,0.38839
6439,0.0,15,1,0,0.38829500000000006
6440,3.0,34,1,3,0.3882
6441,3.0,79,1,3,0.38810500000000003
6442,0.0,4,1,0,0.3880100000000001
6443,4.0,52,0,4,0.387915
6444,4.0,48,0,4,0.38782000000000005
6445,4.0,39,0,4,0.3877250000000001
6446,1.0,29,1,2,0.38763000000000003
6447,4.0,63,0,4,0.38753499999999996
6448,4.0,64,0,4,0.38744
6449,4.0,42,0,4,0.38734500000000005
6450,0.0,6,1,0,0.38725
6451,4.0,36,0,4,0.387155
6452,4.0,52,0,4,0.38706000000000007
6453,3.0,39,1,3,0.386965
6454,3.0,59,1,3,0.38687000000000005
6455,4.0,53,0,4,0.3867750000000001
6456,4.0,53,0,4,0.38668
6457,4.0,45,0,4,0.38658499999999996
6458,3.0,56,1,3,0.38649
6459,3.0,42,1,3,0.38639500000000004
6460,4.0,48,0,4,0.3863
6461,4.0,55,0,4,0.386205
6462,4.0,47,0,4,0.38611000000000006
6463,4.0,37,0,4,0.386015
6464,3.0,49,1,3,0.38592000000000004
6465,4.0,62,0,4,0.3858250000000001
6466,4.0,40,0,4,0.38573000000000013
6467,4.0,47,0,4,0.38563499999999995
6468,4.0,51,0,4,0.38554
6469,3.0,54,1,3,0.38544500000000004
6470,1.0,31,1,2,0.38534999999999997
6471,1.0,24,1,2,0.385255
6472,3.0,38,1,3,0.38516000000000006
6473,4.0,49,0,4,0.385065
6474,4.0,46,0,4,0.38497000000000003
6475,3.0,45,1,3,0.3848750000000001
6476,4.0,37,0,4,0.3847800000000001
6477,3.0,44,1,3,0.38468499999999994
6478,3.0,43,1,3,0.38459
6479,4.0,47,0,4,0.38449500000000003
6480,3.0,30,1,3,0.38439999999999996
6481,0.0,3,1,0,0.384305
6482,3.0,40,1,3,0.38421000000000005
6483,4.0,68,0,4,0.3841150000000001
6484,4.0,59,0,4,0.38402000000000003
6485,4.0,49,0,4,0.38392500000000007
6486,1.0,20,1,2,0.3838300000000001
6487,4.0,51,0,4,0.38373499999999994
6488,4.0,63,0,4,0.38364
6489,4.0,57,0,4,0.383545
6490,4.0,59,0,4,0.38344999999999996
6491,3.0,49,1,3,0.383355
6492,4.0,50,0,4,0.38326000000000005
6493,1.0,31,1,2,0.3831650000000001
6494,4.0,45,0,4,0.38307
6495,4.0,37,0,4,0.38297500000000007
6496,4.0,45,0,4,0.3828800000000001
6497,4.0,35,0,4,0.38278499999999993
6498,3.0,49,1,3,0.38269
6499,1.0,22,1,2,0.382595
6500,4.0,39,0,4,0.38250000000000006
6501,0.0,9,1,0,0.382405
6502,1.0,23,1,2,0.38231000000000004
6503,4.0,40,0,4,0.3822150000000001
6504,1.0,22,1,2,0.38212
6505,3.0,48,1,3,0.38202500000000006
6506,4.0,59,0,4,0.3819300000000001
6507,4.0,48,0,4,0.38183500000000004
6508,4.0,45,0,4,0.38173999999999997
6509,4.0,44,0,4,0.381645
6510,4.0,60,0,4,0.38155000000000006
6511,1.0,28,1,2,0.381455
6512,1.0,26,1,2,0.38136000000000003
6513,4.0,40,0,4,0.3812650000000001
6514,4.0,46,0,4,0.38117
6515,4.0,48,0,4,0.38107500000000005
6516,1.0,22,1,2,0.3809800000000001
6517,4.0,43,0,4,0.38088500000000003
6518,3.0,55,1,3,0.38078999999999996
6519,4.0,58,0,4,0.380695
6520,1.0,23,1,2,0.38060000000000005
6521,3.0,39,1,3,0.380505
6522,1.0,25,1,2,0.38041
6523,4.0,57,0,4,0.38031500000000007
6524,1.0,26,1,2,0.38022
6525,4.0,34,0,4,0.38012500000000005
6526,4.0,46,0,4,0.3800300000000001
6527,4.0,51,0,4,0.37993500000000013
6528,1.0,32,1,2,0.37983999999999996
6529,3.0,57,1,3,0.379745
6530,4.0,54,0,4,0.37965000000000004
6531,4.0,62,0,4,0.379555
6532,3.0,32,1,3,0.37946
6533,3.0,36,1,3,0.37936500000000006
6534,0.0,10,1,0,0.37927
6535,1.0,37,1,2,0.37917500000000004
6536,4.0,64,0,4,0.3790800000000001
6537,4.0,53,0,4,0.3789850000000001
6538,3.0,37,1,3,0.37888999999999995
6539,0.0,7,1,0,0.378795
6540,4.0,47,0,4,0.37870000000000004
6541,0.0,4,1,0,0.37860499999999997
6542,0.0,5,1,0,0.37851
6543,0.0,9,1,0,0.37841500000000006
6544,0.0,4,1,0,0.3783200000000001
6545,4.0,39,0,4,0.37822500000000003
6546,3.0,36,1,3,0.3781300000000001
6547,3.0,33,1,3,0.3780350000000001
6548,1.0,24,1,2,0.37793999999999994
6549,0.0,11,1,0,0.377845
6550,1.0,34,1,2,0.37775000000000003
6551,1.0,31,1,2,0.37765499999999996
6552,4.0,40,0,4,0.37756
6553,1.0,18,1,2,0.37746500000000005
6554,3.0,41,1,3,0.3773700000000001
6555,3.0,38,1,3,0.377275
6556,3.0,58,1,3,0.37718000000000007
6557,3.0,52,1,3,0.3770850000000001
6558,0.0,4,1,0,0.37698999999999994
6559,3.0,44,1,3,0.376895
6560,4.0,57,0,4,0.3768
6561,4.0,47,0,4,0.37670500000000007
6562,1.0,24,1,2,0.37661
6563,1.0,27,1,2,0.37651500000000004
6564,4.0,83,0,4,0.3764200000000001
6565,4.0,57,0,4,0.376325
6566,4.0,48,0,4,0.37623000000000006
6567,3.0,40,1,3,0.3761350000000001
6568,4.0,37,0,4,0.37603999999999993
6569,3.0,72,1,3,0.375945
6570,4.0,42,0,4,0.37585
6571,1.0,28,1,2,0.37575500000000006
6572,3.0,48,1,3,0.37566
6573,4.0,68,0,4,0.37556500000000004
6574,4.0,61,0,4,0.3754700000000001
6575,4.0,43,0,4,0.375375
6576,0.0,3,1,0,0.37528000000000006
6577,4.0,52,0,4,0.3751850000000001
6578,4.0,47,0,4,0.37509000000000003
6579,4.0,68,0,4,0.37499499999999997
6580,3.0,44,1,3,0.3749
6581,0.0,6,1,0,0.37480500000000005
6582,3.0,42,1,3,0.37471
6583,3.0,46,1,3,0.37461500000000003
6584,4.0,32,0,4,0.3745200000000001
6585,1.0,33,1,2,0.374425
6586,3.0,57,1,3,0.37433000000000005
6587,1.0,25,1,2,0.3742350000000001
6588,0.0,3,1,0,0.37414000000000003
6589,0.0,6,1,0,0.37404499999999996
6590,0.0,16,1,0,0.37395
6591,3.0,54,1,3,0.37385500000000005
6592,0.0,8,1,0,0.37376
6593,0.0,6,1,0,0.373665
6594,3.0,64,1,3,0.37357000000000007
6595,0.0,22,1,0,0.373475
6596,1.0,57,1,2,0.37338000000000005
6597,0.0,7,1,0,0.3732850000000001
6598,0.0,8,1,0,0.37319
6599,0.0,17,1,0,0.37309499999999995
6600,4.0,146,0,4,0.373
6601,3.0,50,1,3,0.37290500000000004
6602,0.0,12,1,0,0.37281
6603,1.0,39,1,2,0.372715
6604,3.0,55,1,3,0.37262000000000006
6605,1.0,34,1,2,0.3725250000000001
6606,3.0,44,1,3,0.37243000000000004
6607,4.0,45,0,4,0.3723350000000001
6608,3.0,43,1,3,0.37224
6609,1.0,29,1,2,0.37214499999999995
6610,4.0,68,0,4,0.37205
6611,0.0,7,1,0,0.37195500000000004
6612,1.0,23,1,2,0.37185999999999997
6613,4.0,55,0,4,0.371765
6614,4.0,73,0,4,0.37167000000000006
6615,3.0,29,1,3,0.3715750000000001
6616,4.0,60,0,4,0.37148000000000003
6617,1.0,26,1,2,0.3713850000000001
6618,4.0,46,0,4,0.37129
6619,3.0,69,1,3,0.37119499999999994
6620,1.0,24,1,2,0.3711
6621,1.0,28,1,2,0.37100500000000003
6622,4.0,57,0,4,0.3709100000000001
6623,4.0,40,0,4,0.370815
6624,4.0,57,0,4,0.37072000000000005
6625,0.0,13,1,1,0.3706250000000001
6626,4.0,45,0,4,0.37053
6627,3.0,44,1,3,0.37043500000000007
6628,3.0,43,1,3,0.3703400000000001
6629,0.0,8,1,0,0.37024499999999994
6630,4.0,68,0,4,0.37015
6631,0.0,6,1,0,0.370055
6632,0.0,2,1,0,0.36996000000000007
6633,3.0,42,1,3,0.369865
6634,4.0,57,0,4,0.36977000000000004
6635,4.0,70,0,4,0.3696750000000001
6636,0.0,6,1,0,0.36958
6637,3.0,32,1,3,0.36948500000000006
6638,0.0,4,1,0,0.3693900000000001
6639,1.0,25,1,2,0.36929500000000004
6640,4.0,40,0,4,0.3692
6641,3.0,55,1,3,0.369105
6642,1.0,27,1,2,0.36901000000000006
6643,1.0,31,1,2,0.368915
6644,3.0,39,1,3,0.36882000000000004
6645,3.0,30,1,3,0.3687250000000001
6646,0.0,3,1,0,0.36863
6647,3.0,59,1,3,0.36853500000000006
6648,4.0,46,0,4,0.3684400000000001
6649,3.0,37,1,3,0.36834500000000003
6650,4.0,44,0,4,0.36824999999999997
6651,4.0,48,0,4,0.368155
6652,3.0,50,1,3,0.36806000000000005
6653,4.0,45,0,4,0.367965
6654,3.0,49,1,3,0.36787000000000003
6655,1.0,21,1,2,0.3677750000000001
6656,3.0,56,1,3,0.36768
6657,4.0,67,0,4,0.36758500000000005
6658,0.0,6,1,0,0.3674900000000001
6659,4.0,53,0,4,0.367395
6660,4.0,43,0,4,0.36729999999999996
6661,0.0,2,1,0,0.367205
6662,4.0,54,0,4,0.36711000000000005
6663,1.0,22,1,2,0.367015
6664,4.0,60,0,4,0.36692
6665,3.0,58,1,3,0.36682500000000007
6666,3.0,41,1,3,0.3667300000000001
6667,3.0,41,1,3,0.36663500000000004
6668,3.0,49,1,3,0.3665400000000001
6669,3.0,49,1,3,0.366445
6670,1.0,27,1,2,0.36634999999999995
6671,3.0,53,1,3,0.366255
6672,3.0,45,1,3,0.36616000000000004
6673,4.0,70,0,4,0.366065
6674,3.0,70,1,3,0.36597
6675,4.0,42,0,4,0.36587500000000006
6676,4.0,60,0,4,0.3657800000000001
6677,3.0,38,1,3,0.36568500000000004
6678,3.0,36,1,3,0.3655900000000001
6679,4.0,41,0,4,0.365495
6680,4.0,90,0,4,0.36539999999999995
6681,0.0,10,1,0,0.365305
6682,4.0,48,0,4,0.36521000000000003
6683,4.0,40,0,4,0.3651150000000001
6684,4.0,45,0,4,0.36502
6685,4.0,45,0,4,0.36492500000000005
6686,3.0,47,1,3,0.3648300000000001
6687,0.0,3,1,0,0.36473500000000003
6688,3.0,34,1,3,0.3646400000000001
6689,4.0,65,0,4,0.364545
6690,1.0,24,1,2,0.36444999999999994
6691,1.0,39,1,2,0.364355
6692,4.0,34,0,4,0.36426000000000003
6693,4.0,75,0,4,0.36416500000000007
6694,4.0,41,0,4,0.36407
6695,1.0,34,1,2,0.36397500000000005
6696,1.0,29,1,2,0.3638800000000001
6697,1.0,29,1,2,0.363785
6698,0.0,4,1,0,0.36369000000000007
6699,3.0,55,1,3,0.363595
6700,1.0,19,1,2,0.36350000000000005
6701,4.0,38,0,4,0.363405
6702,0.0,5,1,0,0.36331
6703,4.0,61,0,4,0.36321500000000007
6704,1.0,21,1,2,0.36312
6705,4.0,52,0,4,0.36302500000000004
6706,3.0,58,1,3,0.3629300000000001
6707,4.0,61,0,4,0.362835
6708,1.0,26,1,2,0.36274000000000006
6709,4.0,62,0,4,0.362645
6710,1.0,50,1,2,0.36255000000000004
6711,4.0,43,0,4,0.36245499999999997
6712,4.0,75,0,4,0.36236
6713,1.0,23,1,2,0.36226500000000006
6714,4.0,64,0,4,0.36217
6715,1.0,20,1,2,0.36207500000000004
6716,4.0,76,0,4,0.3619800000000001
6717,0.0,8,1,0,0.361885
6718,3.0,46,1,3,0.36179000000000006
6719,0.0,9,1,0,0.361695
6720,4.0,66,0,4,0.36160000000000003
6721,4.0,46,0,4,0.36150499999999997
6722,4.0,48,0,4,0.36141
6723,1.0,30,1,2,0.36131500000000005
6724,4.0,73,0,4,0.36122
6725,4.0,43,0,4,0.36112500000000003
6726,1.0,17,1,2,0.3610300000000001
6727,4.0,50,0,4,0.3609350000000001
6728,1.0,32,1,2,0.36084000000000005
6729,1.0,31,1,2,0.360745
6730,1.0,19,1,2,0.36065
6731,1.0,32,1,2,0.36055499999999996
6732,0.0,5,1,0,0.36046
6733,3.0,43,1,3,0.36036500000000005
6734,1.0,31,1,2,0.36027
6735,1.0,26,1,2,0.360175
6736,1.0,43,1,2,0.36008000000000007
6737,3.0,102,1,3,0.3599850000000001
6738,1.0,19,1,2,0.35989000000000004
6739,3.0,35,1,3,0.359795
6740,4.0,40,0,4,0.3597
6741,0.0,3,1,0,0.35960499999999995
6742,3.0,58,1,3,0.35951
6743,4.0,57,0,4,0.35941500000000004
6744,4.0,48,0,4,0.3593200000000001
6745,4.0,59,0,4,0.359225
6746,4.0,46,0,4,0.35913000000000006
6747,4.0,46,0,4,0.3590350000000001
6748,1.0,23,1,2,0.35894000000000004
6749,1.0,32,1,2,0.35884499999999997
6750,1.0,75,1,2,0.35875
6751,4.0,94,0,4,0.35865499999999995
6752,0.0,17,1,1,0.35856
6753,3.0,47,1,3,0.35846500000000003
6754,4.0,72,0,4,0.3583700000000001
6755,3.0,54,1,3,0.358275
6756,3.0,41,1,3,0.35818000000000005
6757,4.0,64,0,4,0.3580850000000001
6758,4.0,47,0,4,0.35799000000000003
6759,4.0,44,0,4,0.3578950000000001
6760,0.0,3,1,0,0.3578
6761,1.0,22,1,2,0.35770500000000005
6762,1.0,27,1,2,0.35761
6763,0.0,12,1,0,0.357515
6764,3.0,48,1,3,0.35742000000000007
6765,1.0,33,1,2,0.357325
6766,4.0,50,0,4,0.35723000000000005
6767,3.0,84,1,3,0.3571350000000001
6768,4.0,45,0,4,0.35704
6769,4.0,42,0,4,0.35694500000000007
6770,1.0,35,1,2,0.35685
6771,4.0,58,0,4,0.35675500000000004
6772,1.0,30,1,2,0.35666
6773,0.0,8,1,0,0.356565
6774,0.0,25,1,1,0.35647000000000006
6775,4.0,51,0,4,0.356375
6776,4.0,48,0,4,0.35628000000000004
6777,3.0,47,1,3,0.3561850000000001
6778,4.0,78,0,4,0.35609
6779,4.0,53,0,4,0.35599500000000006
6780,3.0,34,1,3,0.3559
6781,4.0,59,0,4,0.35580500000000004
6782,0.0,5,1,0,0.35570999999999997
6783,1.0,35,1,2,0.355615
6784,3.0,61,1,3,0.35552000000000006
6785,1.0,20,1,2,0.355425
6786,0.0,6,1,0,0.35533000000000003
6787,1.0,37,1,2,0.3552350000000001
6788,1.0,16,1,2,0.3551400000000001
6789,4.0,55,0,4,0.35504500000000005
6790,4.0,68,0,4,0.35495
6791,1.0,32,1,2,0.35485500000000003
6792,1.0,40,1,2,0.35475999999999996
6793,3.0,58,1,3,0.354665
6794,4.0,51,0,4,0.35457000000000005
6795,4.0,49,0,4,0.354475
6796,3.0,57,1,3,0.35438000000000003
6797,3.0,57,1,3,0.35428500000000007
6798,4.0,82,0,4,0.3541900000000001
6799,4.0,49,0,4,0.35409500000000005
6800,0.0,7,1,0,0.354
6801,1.0,20,1,2,0.353905
6802,3.0,32,1,3,0.35380999999999996
6803,0.0,5,1,0,0.353715
6804,1.0,22,1,2,0.35362000000000005
6805,4.0,49,0,4,0.3535250000000001
6806,0.0,5,1,0,0.35343
6807,0.0,3,1,0,0.35333500000000007
6808,4.0,60,0,4,0.3532400000000001
6809,4.0,45,0,4,0.35314500000000004
6810,3.0,44,1,3,0.35305
6811,0.0,10,1,0,0.352955
6812,3.0,47,1,3,0.35285999999999995
6813,4.0,45,0,4,0.352765
6814,3.0,38,1,3,0.35267000000000004
6815,3.0,40,1,3,0.3525750000000001
6816,3.0,65,1,3,0.35248
6817,3.0,48,1,3,0.35238500000000006
6818,3.0,43,1,3,0.3522900000000001
6819,3.0,54,1,3,0.35219500000000004
6820,0.0,6,1,0,0.35209999999999997
6821,3.0,47,1,3,0.352005
6822,1.0,40,1,2,0.35191000000000006
6823,4.0,46,0,4,0.351815
6824,1.0,17,1,2,0.35172000000000003
6825,4.0,50,0,4,0.3516250000000001
6826,1.0,28,1,2,0.35153
6827,3.0,59,1,3,0.35143500000000005
6828,4.0,40,0,4,0.3513400000000001
6829,4.0,64,0,4,0.35124500000000003
6830,4.0,45,0,4,0.35114999999999996
6831,3.0,53,1,3,0.351055
6832,3.0,37,1,3,0.35096000000000005
6833,4.0,57,0,4,0.350865
6834,4.0,59,0,4,0.35077
6835,4.0,41,0,4,0.35067500000000007
6836,3.0,57,1,3,0.35058
6837,3.0,66,1,3,0.35048500000000005
6838,4.0,52,0,4,0.3503900000000001
6839,0.0,14,1,0,0.350295
6840,1.0,17,1,2,0.35019999999999996
6841,4.0,43,0,4,0.350105
6842,3.0,37,1,3,0.35001000000000004
6843,1.0,28,1,2,0.349915
6844,4.0,57,0,4,0.34982
6845,4.0,51,0,4,0.34972500000000006
6846,1.0,22,1,2,0.34963
6847,4.0,41,0,4,0.34953500000000004
6848,3.0,58,1,3,0.3494400000000001
6849,3.0,51,1,3,0.3493450000000001
6850,3.0,35,1,3,0.34924999999999995
6851,4.0,41,0,4,0.349155
6852,4.0,49,0,4,0.34906000000000004
6853,4.0,45,0,4,0.34896499999999997
6854,4.0,51,0,4,0.34887
6855,1.0,29,1,2,0.34877500000000006
6856,4.0,49,0,4,0.34868
6857,0.0,3,1,0,0.34858500000000003
6858,1.0,36,1,2,0.3484900000000001
6859,4.0,47,0,4,0.3483950000000001
6860,4.0,47,0,4,0.34829999999999994
6861,4.0,36,0,4,0.348205
6862,3.0,36,1,3,0.34811000000000003
6863,4.0,43,0,4,0.34801499999999996
6864,3.0,56,1,3,0.34792
6865,3.0,46,1,3,0.34782500000000005
6866,4.0,47,0,4,0.3477300000000001
6867,4.0,52,0,4,0.347635
6868,4.0,51,0,4,0.34754000000000007
6869,4.0,45,0,4,0.3474450000000001
6870,4.0,54,0,4,0.34734999999999994
6871,1.0,24,1,2,0.347255
6872,3.0,32,1,3,0.34716
6873,4.0,41,0,4,0.34706499999999996
6874,4.0,36,0,4,0.34697
6875,4.0,45,0,4,0.34687500000000004
6876,4.0,54,0,4,0.3467800000000001
6877,0.0,6,1,0,0.346685
6878,0.0,2,1,0,0.34659000000000006
6879,4.0,54,0,4,0.3464950000000001
6880,4.0,76,0,4,0.34640000000000004
6881,4.0,64,0,4,0.346305
6882,4.0,55,0,4,0.34621
6883,1.0,22,1,2,0.34611500000000006
6884,4.0,34,0,4,0.34602
6885,1.0,48,1,2,0.34592500000000004
6886,1.0,38,1,2,0.3458300000000001
6887,4.0,47,0,4,0.345735
6888,1.0,30,1,2,0.34564000000000006
6889,4.0,37,0,4,0.3455450000000001
6890,4.0,43,0,4,0.34545000000000003
6891,1.0,19,1,2,0.34535499999999997
6892,1.0,59,1,2,0.34526
6893,1.0,32,1,2,0.34516500000000006
6894,0.0,9,1,0,0.34507
6895,1.0,34,1,2,0.34497500000000003
6896,3.0,107,1,3,0.3448800000000001
6897,3.0,48,1,3,0.344785
6898,1.0,47,1,2,0.34469000000000005
6899,1.0,26,1,2,0.3445950000000001
6900,3.0,87,1,3,0.34450000000000003
6901,3.0,32,1,3,0.34440499999999996
6902,1.0,28,1,2,0.34431
6903,1.0,32,1,2,0.34421500000000005
6904,1.0,37,1,2,0.34412
6905,1.0,93,1,2,0.344025
6906,4.0,44,0,4,0.34393000000000007
6907,4.0,57,0,4,0.343835
6908,1.0,18,1,2,0.34374000000000005
6909,4.0,51,0,4,0.3436450000000001
6910,1.0,33,1,2,0.34355000000000013
6911,3.0,74,1,3,0.34345499999999995
6912,4.0,62,0,4,0.34336
6913,1.0,23,1,2,0.34326500000000004
6914,1.0,36,1,2,0.34317
6915,0.0,2,1,0,0.343075
6916,0.0,4,1,0,0.34298000000000006
6917,0.0,8,1,0,0.342885
6918,1.0,47,1,2,0.34279000000000004
6919,1.0,53,1,2,0.3426950000000001
6920,4.0,101,0,4,0.3426000000000001
6921,1.0,44,1,2,0.34250499999999995
6922,0.0,4,1,0,0.34241
6923,0.0,51,1,0,0.34231500000000004
6924,1.0,67,1,2,0.34221999999999997
6925,1.0,70,1,2,0.342125
6926,4.0,45,0,4,0.34203000000000006
6927,0.0,10,1,0,0.3419350000000001
6928,1.0,54,1,2,0.34184000000000003
6929,1.0,28,1,2,0.3417450000000001
6930,0.0,11,1,0,0.3416500000000001
6931,1.0,22,1,2,0.34155499999999994
6932,4.0,51,0,4,0.34146
6933,3.0,49,1,3,0.34136500000000003
6934,4.0,69,0,4,0.34126999999999996
6935,1.0,23,1,2,0.341175
6936,4.0,51,0,4,0.34108000000000005
6937,3.0,30,1,3,0.3409850000000001
6938,1.0,36,1,2,0.34089
6939,4.0,71,0,4,0.34079500000000007
6940,1.0,43,1,2,0.3407000000000001
6941,1.0,30,1,2,0.34060499999999994
6942,4.0,64,0,4,0.34051
6943,4.0,44,0,4,0.340415
6944,4.0,78,0,4,0.34032000000000007
6945,4.0,77,0,4,0.340225
6946,4.0,74,0,4,0.34013000000000004
6947,1.0,26,1,2,0.3400350000000001
6948,1.0,24,1,2,0.33994
6949,1.0,45,1,2,0.33984500000000006
6950,0.0,4,1,0,0.3397500000000001
6951,3.0,78,1,3,0.33965499999999993
6952,1.0,22,1,2,0.33956
6953,4.0,78,0,4,0.339465
6954,1.0,19,1,2,0.33937000000000006
6955,1.0,27,1,2,0.339275
6956,4.0,81,0,4,0.33918000000000004
6957,1.0,27,1,2,0.3390850000000001
6958,4.0,53,0,4,0.33899
6959,1.0,16,1,2,0.33889500000000006
6960,1.0,17,1,2,0.3388000000000001
6961,1.0,35,1,2,0.33870500000000003
6962,0.0,7,1,0,0.33860999999999997
6963,1.0,20,1,2,0.338515
6964,1.0,32,1,2,0.33842000000000005
6965,1.0,30,1,2,0.338325
6966,0.0,7,1,0,0.33823000000000003
6967,0.0,5,1,0,0.3381350000000001
6968,1.0,54,1,2,0.33804
6969,3.0,70,1,3,0.33794500000000005
6970,4.0,46,0,4,0.3378500000000001
6971,3.0,56,1,3,0.337755
6972,1.0,44,1,2,0.33765999999999996
6973,3.0,98,1,3,0.337565
6974,0.0,12,1,0,0.33747000000000005
6975,4.0,94,0,4,0.337375
6976,3.0,55,1,3,0.33728
6977,1.0,39,1,2,0.33718500000000007
6978,4.0,127,0,4,0.33709
6979,4.0,71,0,4,0.33699500000000004
6980,1.0,25,1,2,0.3369000000000001
6981,4.0,77,0,4,0.336805
6982,4.0,58,0,4,0.33670999999999995
6983,3.0,53,1,3,0.336615
6984,1.0,29,1,2,0.33652000000000004
6985,3.0,42,1,3,0.336425
6986,4.0,55,0,4,0.33633
6987,3.0,38,1,3,0.33623500000000006
6988,3.0,34,1,3,0.3361400000000001
6989,3.0,41,1,3,0.33604500000000004
6990,4.0,39,0,4,0.3359500000000001
6991,1.0,67,1,2,0.335855
6992,4.0,38,0,4,0.33575999999999995
6993,1.0,18,1,2,0.335665
6994,3.0,71,1,3,0.33557000000000003
6995,3.0,32,1,3,0.33547499999999997
6996,1.0,23,1,2,0.33538
6997,4.0,44,0,4,0.33528500000000006
6998,3.0,49,1,3,0.3351900000000001
6999,1.0,44,1,2,0.33509500000000003
7000,1.0,29,1,2,0.3350000000000001
7001,4.0,49,0,4,0.3349050000000001
7002,4.0,44,0,4,0.33480999999999994
7003,3.0,33,1,3,0.334715
7004,3.0,44,1,3,0.33462000000000003
7005,1.0,26,1,2,0.3345250000000001
7006,0.0,2,1,0,0.33443
7007,3.0,43,1,3,0.33433500000000005
7008,1.0,40,1,2,0.3342400000000001
7009,0.0,8,1,0,0.334145
7010,1.0,24,1,2,0.33405000000000007
7011,1.0,41,1,2,0.3339550000000001
7012,4.0,63,0,4,0.33385999999999993
7013,4.0,56,0,4,0.333765
7014,3.0,49,1,3,0.33367
7015,3.0,42,1,3,0.33357500000000007
7016,4.0,62,0,4,0.33348
7017,3.0,37,1,3,0.33338500000000004
7018,4.0,64,0,4,0.3332900000000001
7019,4.0,44,0,4,0.333195
7020,3.0,37,1,3,0.33310000000000006
7021,3.0,78,1,3,0.3330050000000001
7022,4.0,55,0,4,0.33291000000000004
7023,1.0,30,1,2,0.33281499999999997
7024,4.0,47,0,4,0.33272
7025,3.0,54,1,3,0.33262500000000006
7026,4.0,61,0,4,0.33253
7027,4.0,46,0,4,0.33243500000000004
7028,4.0,40,0,4,0.3323400000000001
7029,4.0,49,0,4,0.332245
7030,4.0,50,0,4,0.33215000000000006
7031,4.0,52,0,4,0.3320550000000001
7032,4.0,65,0,4,0.33196000000000003
7033,0.0,6,1,0,0.33186499999999997
7034,4.0,50,0,4,0.33177
7035,1.0,38,1,2,0.33167500000000005
7036,0.0,6,1,0,0.33158
7037,3.0,35,1,3,0.33148500000000003
7038,4.0,98,0,4,0.3313900000000001
7039,1.0,36,1,2,0.331295
7040,4.0,47,0,4,0.33120000000000005
7041,0.0,2,1,0,0.3311050000000001
7042,1.0,23,1,2,0.33101
7043,4.0,56,0,4,0.33091499999999996
7044,3.0,36,1,3,0.33082
7045,1.0,24,1,2,0.33072500000000005
7046,4.0,48,0,4,0.33063
7047,4.0,100,0,4,0.330535
7048,1.0,39,1,2,0.33044000000000007
7049,3.0,52,1,3,0.3303450000000001
7050,1.0,40,1,2,0.33025000000000004
7051,3.0,39,1,3,0.3301550000000001
7052,3.0,53,1,3,0.33006
7053,3.0,36,1,3,0.32996499999999995
7054,4.0,88,0,4,0.32987
7055,4.0,73,0,4,0.32977500000000004
7056,0.0,5,1,0,0.32968
7057,1.0,29,1,2,0.329585
7058,3.0,51,1,3,0.32949000000000006
7059,0.0,4,1,0,0.3293950000000001
7060,4.0,94,0,4,0.32930000000000004
7061,3.0,81,1,3,0.3292050000000001
7062,1.0,28,1,2,0.32911
7063,3.0,40,1,3,0.32901499999999995
7064,4.0,46,0,4,0.32892
7065,4.0,61,0,4,0.32882500000000003
7066,3.0,43,1,3,0.3287300000000001
7067,0.0,9,1,0,0.328635
7068,4.0,57,0,4,0.32854000000000005
7069,0.0,4,1,0,0.3284450000000001
7070,4.0,48,0,4,0.32835000000000003
7071,4.0,69,0,4,0.3282550000000001
7072,4.0,45,0,4,0.32816
7073,1.0,23,1,2,0.32806499999999994
7074,4.0,43,0,4,0.32797
7075,3.0,38,1,3,0.327875
7076,4.0,49,0,4,0.32778000000000007
7077,3.0,32,1,3,0.327685
7078,1.0,17,1,2,0.32759000000000005
7079,3.0,71,1,3,0.3274950000000001
7080,4.0,52,0,4,0.3274
7081,4.0,63,0,4,0.32730500000000007
7082,1.0,40,1,2,0.32721
7083,1.0,22,1,2,0.32711500000000004
7084,4.0,50,0,4,0.32702
7085,4.0,50,0,4,0.326925
7086,1.0,22,1,2,0.32683000000000006
7087,4.0,53,0,4,0.326735
7088,1.0,27,1,2,0.32664000000000004
7089,1.0,20,1,2,0.3265450000000001
7090,0.0,4,1,0,0.32645
7091,1.0,27,1,2,0.32635500000000006
7092,0.0,5,1,0,0.32626
7093,4.0,60,0,4,0.32616500000000004
7094,3.0,40,1,3,0.32606999999999997
7095,1.0,26,1,2,0.325975
7096,3.0,38,1,3,0.32588000000000006
7097,0.0,5,1,0,0.325785
7098,3.0,47,1,3,0.32569000000000004
7099,4.0,56,0,4,0.3255950000000001
7100,1.0,47,1,2,0.3255
7101,3.0,30,1,3,0.32540500000000006
7102,4.0,46,0,4,0.32531
7103,4.0,42,0,4,0.32521500000000003
7104,1.0,21,1,2,0.32511999999999996
7105,0.0,5,1,0,0.325025
7106,3.0,53,1,3,0.32493000000000005
7107,4.0,57,0,4,0.324835
7108,4.0,60,0,4,0.32474000000000003
7109,1.0,23,1,2,0.3246450000000001
7110,4.0,42,0,4,0.3245500000000001
7111,4.0,43,0,4,0.32445500000000005
7112,4.0,40,0,4,0.32436
7113,0.0,3,1,0,0.324265
7114,1.0,40,1,2,0.32416999999999996
7115,1.0,34,1,2,0.324075
7116,4.0,50,0,4,0.32398000000000005
7117,1.0,39,1,2,0.323885
7118,1.0,29,1,2,0.32379
7119,3.0,33,1,3,0.32369500000000007
7120,1.0,25,1,2,0.3236000000000001
7121,4.0,43,0,4,0.32350500000000004
7122,4.0,45,0,4,0.32341
7123,3.0,47,1,3,0.323315
7124,4.0,44,0,4,0.32321999999999995
7125,4.0,42,0,4,0.323125
7126,0.0,5,1,0,0.32303000000000004
7127,1.0,28,1,2,0.3229350000000001
7128,1.0,24,1,2,0.32284
7129,4.0,51,0,4,0.32274500000000006
7130,4.0,59,0,4,0.3226500000000001
7131,3.0,36,1,3,0.32255500000000004
7132,4.0,52,0,4,0.3224600000000001
7133,4.0,50,0,4,0.322365
7134,4.0,54,0,4,0.32226999999999995
7135,4.0,43,0,4,0.322175
7136,0.0,8,1,0,0.32208000000000003
7137,3.0,43,1,3,0.3219850000000001
7138,4.0,44,0,4,0.32189
7139,4.0,39,0,4,0.32179500000000005
7140,4.0,53,0,4,0.3217000000000001
7141,4.0,53,0,4,0.32160500000000003
7142,4.0,41,0,4,0.3215100000000001
7143,4.0,62,0,4,0.321415
7144,1.0,28,1,2,0.32132000000000005
7145,4.0,40,0,4,0.321225
7146,4.0,60,0,4,0.32113
7147,3.0,38,1,3,0.32103500000000007
7148,1.0,21,1,2,0.32094
7149,4.0,44,0,4,0.32084500000000005
7150,4.0,44,0,4,0.3207500000000001
7151,3.0,47,1,3,0.320655
7152,4.0,46,0,4,0.32056000000000007
7153,0.0,4,1,0,0.320465
7154,0.0,21,1,1,0.32037000000000004
7155,3.0,52,1,3,0.320275
7156,4.0,45,0,4,0.32018
7157,4.0,51,0,4,0.32008500000000006
7158,4.0,46,0,4,0.31999
7159,4.0,57,0,4,0.31989500000000004
7160,4.0,53,0,4,0.3198000000000001
7161,3.0,26,1,3,0.319705
7162,3.0,43,1,3,0.31961000000000006
7163,3.0,43,1,3,0.319515
7164,4.0,46,0,4,0.31942000000000004
7165,1.0,18,1,2,0.31932499999999997
7166,3.0,41,1,3,0.31923
7167,1.0,38,1,2,0.31913500000000006
7168,1.0,22,1,2,0.31904
7169,3.0,42,1,3,0.31894500000000003
7170,4.0,37,0,4,0.3188500000000001
7171,1.0,27,1,2,0.3187550000000001
7172,3.0,33,1,3,0.31866000000000005
7173,4.0,46,0,4,0.318565
7174,4.0,58,0,4,0.31847000000000003
7175,4.0,54,0,4,0.31837499999999996
7176,3.0,58,1,3,0.31828
7177,1.0,30,1,2,0.31818500000000005
7178,4.0,48,0,4,0.31809
7179,4.0,44,0,4,0.317995
7180,4.0,63,0,4,0.31790000000000007
7181,4.0,39,0,4,0.3178050000000001
7182,4.0,42,0,4,0.31771000000000005
7183,0.0,3,1,0,0.317615
7184,4.0,39,0,4,0.31752
7185,4.0,52,0,4,0.31742499999999996
7186,0.0,8,1,0,0.31733
7187,4.0,50,0,4,0.31723500000000004
7188,4.0,37,0,4,0.3171400000000001
7189,4.0,36,0,4,0.317045
7190,4.0,40,0,4,0.31695000000000007
7191,3.0,25,1,3,0.3168550000000001
7192,1.0,25,1,2,0.31676000000000004
7193,4.0,34,0,4,0.316665
7194,3.0,48,1,3,0.31657
7195,3.0,46,1,3,0.31647499999999995
7196,4.0,64,0,4,0.31638
7197,0.0,5,1,0,0.31628500000000004
7198,3.0,27,1,3,0.3161900000000001
7199,3.0,33,1,3,0.316095
7200,4.0,51,0,4,0.31600000000000006
7201,4.0,61,0,4,0.3159050000000001
7202,0.0,8,1,0,0.31581000000000004
7203,4.0,40,0,4,0.31571499999999997
7204,4.0,49,0,4,0.31562
7205,4.0,52,0,4,0.31552500000000006
7206,3.0,29,1,3,0.31543
7207,3.0,40,1,3,0.31533500000000003
7208,3.0,36,1,3,0.3152400000000001
7209,0.0,6,1,0,0.315145
7210,1.0,30,1,2,0.31505000000000005
7211,3.0,49,1,3,0.3149550000000001
7212,4.0,62,0,4,0.31486000000000003
7213,4.0,62,0,4,0.31476499999999996
7214,1.0,15,1,2,0.31467
7215,4.0,44,0,4,0.31457500000000005
7216,4.0,40,0,4,0.31448
7217,4.0,55,0,4,0.314385
7218,4.0,51,0,4,0.31429000000000007
7219,4.0,49,0,4,0.314195
7220,4.0,70,0,4,0.31410000000000005
7221,4.0,45,0,4,0.3140050000000001
7222,3.0,33,1,3,0.31391
7223,4.0,44,0,4,0.31381499999999996
7224,1.0,26,1,2,0.31372
7225,1.0,27,1,2,0.31362500000000004
7226,1.0,20,1,2,0.31353
7227,4.0,48,0,4,0.313435
7228,1.0,30,1,2,0.31334000000000006
7229,1.0,20,1,2,0.313245
7230,4.0,59,0,4,0.31315000000000004
7231,4.0,71,0,4,0.3130550000000001
7232,3.0,53,1,3,0.3129600000000001
7233,1.0,33,1,2,0.31286499999999995
7234,1.0,20,1,2,0.31277
7235,1.0,39,1,2,0.31267500000000004
7236,3.0,41,1,3,0.31257999999999997
7237,1.0,22,1,2,0.312485
7238,4.0,61,0,4,0.31239000000000006
7239,3.0,34,1,3,0.312295
7240,4.0,60,0,4,0.31220000000000003
7241,4.0,54,0,4,0.3121050000000001
7242,4.0,53,0,4,0.3120100000000001
7243,4.0,56,0,4,0.31191499999999994
7244,1.0,20,1,2,0.31182
7245,1.0,30,1,2,0.31172500000000003
7246,1.0,36,1,2,0.31162999999999996
7247,4.0,36,0,4,0.311535
7248,3.0,43,1,3,0.31144000000000005
7249,4.0,49,0,4,0.3113450000000001
7250,4.0,42,0,4,0.31125
7251,4.0,56,0,4,0.31115500000000007
7252,4.0,58,0,4,0.3110600000000001
7253,4.0,36,0,4,0.31096500000000005
7254,4.0,37,0,4,0.31087
7255,1.0,18,1,2,0.310775
7256,4.0,57,0,4,0.31067999999999996
7257,3.0,34,1,3,0.310585
7258,4.0,35,0,4,0.31049000000000004
7259,4.0,41,0,4,0.3103950000000001
7260,0.0,2,1,0,0.3103
7261,4.0,34,0,4,0.31020500000000006
7262,1.0,25,1,2,0.3101100000000001
7263,4.0,40,0,4,0.31001500000000004
7264,4.0,72,0,4,0.30992
7265,4.0,49,0,4,0.309825
7266,4.0,35,0,4,0.30973000000000006
7267,4.0,55,0,4,0.309635
7268,3.0,51,1,3,0.30954000000000004
7269,4.0,48,0,4,0.3094450000000001
7270,4.0,60,0,4,0.30935
7271,0.0,2,1,0,0.30925500000000006
7272,3.0,33,1,3,0.3091600000000001
7273,4.0,33,0,4,0.30906500000000003
7274,3.0,32,1,3,0.30896999999999997
7275,4.0,38,0,4,0.308875
7276,4.0,39,0,4,0.30878000000000005
7277,4.0,50,0,4,0.308685
7278,3.0,29,1,3,0.30859000000000003
7279,3.0,40,1,3,0.3084950000000001
7280,1.0,29,1,2,0.3084
7281,3.0,56,1,3,0.30830500000000005
7282,1.0,26,1,2,0.3082100000000001
7283,3.0,38,1,3,0.308115
7284,3.0,31,1,3,0.30801999999999996
7285,3.0,68,1,3,0.307925
7286,1.0,19,1,2,0.30783000000000005
7287,3.0,47,1,3,0.307735
7288,4.0,40,0,4,0.30764
7289,1.0,35,1,2,0.30754500000000007
7290,1.0,22,1,2,0.30745
7291,4.0,44,0,4,0.30735500000000004
7292,3.0,51,1,3,0.3072600000000001
7293,4.0,47,0,4,0.30716500000000013
7294,1.0,24,1,2,0.30706999999999995
7295,3.0,38,1,3,0.306975
7296,1.0,37,1,2,0.30688000000000004
7297,1.0,34,1,2,0.306785
7298,3.0,74,1,3,0.30669
7299,4.0,40,0,4,0.30659500000000006
7300,0.0,5,1,0,0.3065
7301,1.0,29,1,2,0.30640500000000004
7302,1.0,28,1,2,0.3063100000000001
7303,1.0,30,1,2,0.3062150000000001
7304,4.0,54,0,4,0.30611999999999995
7305,4.0,50,0,4,0.306025
7306,1.0,22,1,2,0.30593000000000004
7307,4.0,72,0,4,0.30583499999999997
7308,1.0,19,1,2,0.30574
7309,4.0,45,0,4,0.30564500000000006
7310,1.0,29,1,2,0.3055500000000001
7311,1.0,34,1,2,0.30545500000000003
7312,4.0,79,0,4,0.3053600000000001
7313,4.0,45,0,4,0.3052650000000001
7314,4.0,54,0,4,0.30516999999999994
7315,1.0,30,1,2,0.305075
7316,1.0,52,1,2,0.30498000000000003
7317,3.0,62,1,3,0.30488499999999996
7318,2.0,72,1,3,0.30479
7319,1.0,28,1,2,0.30469500000000005
7320,3.0,64,1,3,0.3046000000000001
7321,1.0,51,1,2,0.304505
7322,4.0,68,0,4,0.30441000000000007
7323,1.0,25,1,2,0.3043150000000001
7324,1.0,26,1,2,0.30421999999999993
7325,1.0,109,1,2,0.304125
7326,4.0,48,0,4,0.30403
7327,0.0,3,1,0,0.30393500000000007
7328,1.0,33,1,2,0.30384
7329,4.0,100,0,4,0.30374500000000004
7330,0.0,6,1,0,0.3036500000000001
7331,0.0,9,1,0,0.303555
7332,4.0,81,0,4,0.30346000000000006
7333,4.0,87,0,4,0.3033650000000001
7334,3.0,86,1,3,0.30326999999999993
7335,1.0,25,1,2,0.303175
7336,1.0,23,1,2,0.30308
7337,3.0,57,1,3,0.30298500000000006
7338,4.0,38,0,4,0.30289
7339,0.0,9,1,0,0.30279500000000004
7340,1.0,33,1,2,0.3027000000000001
7341,3.0,46,1,3,0.302605
7342,4.0,47,0,4,0.30251000000000006
7343,3.0,37,1,3,0.3024150000000001
7344,4.0,48,0,4,0.30232000000000003
7345,3.0,45,1,3,0.30222499999999997
7346,1.0,25,1,2,0.30213
7347,4.0,51,0,4,0.30203500000000005
7348,4.0,39,0,4,0.30194
7349,3.0,43,1,3,0.30184500000000003
7350,4.0,52,0,4,0.3017500000000001
7351,4.0,47,0,4,0.301655
7352,3.0,40,1,3,0.30156000000000005
7353,3.0,36,1,3,0.3014650000000001
7354,4.0,67,0,4,0.30137
7355,3.0,26,1,3,0.30127499999999996
7356,3.0,52,1,3,0.30118
7357,3.0,40,1,3,0.30108500000000005
7358,4.0,46,0,4,0.30099
7359,4.0,55,0,4,0.300895
7360,1.0,22,1,2,0.30080000000000007
7361,4.0,65,0,4,0.300705
7362,4.0,48,0,4,0.30061000000000004
7363,4.0,54,0,4,0.3005150000000001
7364,4.0,45,0,4,0.30042
7365,3.0,34,1,3,0.30032499999999995
7366,3.0,57,1,3,0.30023
7367,4.0,85,0,4,0.30013500000000004
7368,4.0,53,0,4,0.30004
7369,1.0,33,1,2,0.299945
7370,1.0,19,1,2,0.29985000000000006
7371,4.0,49,0,4,0.2997550000000001
7372,4.0,35,0,4,0.29966000000000004
7373,3.0,36,1,3,0.2995650000000001
7374,4.0,49,0,4,0.29947
7375,0.0,7,1,0,0.29937499999999995
7376,4.0,50,0,4,0.29928
7377,0.0,11,1,0,0.29918500000000003
7378,3.0,27,1,3,0.29908999999999997
7379,1.0,30,1,2,0.298995
7380,1.0,31,1,2,0.29890000000000005
7381,4.0,65,0,4,0.2988050000000001
7382,4.0,47,0,4,0.29871000000000003
7383,0.0,5,1,0,0.2986150000000001
7384,4.0,56,0,4,0.2985200000000001
7385,4.0,51,0,4,0.29842499999999994
7386,4.0,41,0,4,0.29833
7387,3.0,49,1,3,0.29823500000000003
7388,4.0,44,0,4,0.29814000000000007
7389,4.0,39,0,4,0.298045
7390,4.0,52,0,4,0.29795000000000005
7391,1.0,20,1,2,0.2978550000000001
7392,3.0,52,1,3,0.29776
7393,1.0,25,1,2,0.29766500000000007
7394,0.0,5,1,0,0.2975700000000001
7395,4.0,43,0,4,0.29747499999999993
7396,4.0,57,0,4,0.29738
7397,0.0,3,1,0,0.297285
7398,4.0,46,0,4,0.29719000000000007
7399,0.0,3,1,0,0.297095
7400,4.0,45,0,4,0.29700000000000004
7401,3.0,35,1,3,0.2969050000000001
7402,1.0,20,1,2,0.29681
7403,3.0,31,1,3,0.29671500000000006
7404,1.0,22,1,2,0.2966200000000001
7405,4.0,54,0,4,0.29652500000000004
7406,0.0,5,1,0,0.29642999999999997
7407,1.0,27,1,2,0.296335
7408,4.0,37,0,4,0.29624000000000006
7409,4.0,48,0,4,0.296145
7410,1.0,17,1,2,0.29605000000000004
7411,4.0,41,0,4,0.2959550000000001
7412,4.0,57,0,4,0.29586
7413,3.0,31,1,3,0.29576500000000006
7414,4.0,49,0,4,0.2956700000000001
7415,3.0,40,1,3,0.29557500000000003
7416,3.0,62,1,3,0.29547999999999996
7417,3.0,39,1,3,0.295385
7418,3.0,54,1,3,0.29529000000000005
7419,3.0,37,1,3,0.295195
7420,3.0,35,1,3,0.29510000000000003
7421,3.0,39,1,3,0.2950050000000001
7422,4.0,57,0,4,0.29491
7423,1.0,27,1,2,0.29481500000000005
7424,4.0,45,0,4,0.2947200000000001
7425,0.0,17,1,0,0.294625
7426,4.0,44,0,4,0.29452999999999996
7427,0.0,13,1,1,0.294435
7428,3.0,35,1,3,0.29434000000000005
7429,4.0,57,0,4,0.294245
7430,1.0,20,1,2,0.29415
7431,4.0,51,0,4,0.29405500000000007
7432,4.0,40,0,4,0.2939600000000001
7433,4.0,65,0,4,0.29386500000000004
7434,4.0,40,0,4,0.2937700000000001
7435,0.0,2,1,0,0.293675
7436,0.0,8,1,0,0.29357999999999995
7437,4.0,52,0,4,0.293485
7438,0.0,8,1,0,0.29339000000000004
7439,3.0,58,1,3,0.293295
7440,4.0,38,0,4,0.2932
7441,3.0,37,1,3,0.29310500000000006
7442,4.0,38,0,4,0.2930100000000001
7443,0.0,2,1,0,0.29291500000000004
7444,1.0,50,1,2,0.2928200000000001
7445,0.0,4,1,0,0.292725
7446,4.0,63,0,4,0.29262999999999995
7447,4.0,66,0,4,0.292535
7448,1.0,23,1,2,0.29244000000000003
7449,3.0,39,1,3,0.2923450000000001
7450,3.0,36,1,3,0.29225
7451,3.0,47,1,3,0.29215500000000005
7452,4.0,71,0,4,0.2920600000000001
7453,3.0,41,1,3,0.29196500000000003
7454,1.0,21,1,2,0.2918700000000001
7455,1.0,27,1,2,0.291775
7456,4.0,34,0,4,0.29167999999999994
7457,4.0,44,0,4,0.291585
7458,4.0,60,0,4,0.29149
7459,0.0,4,1,0,0.29139500000000007
7460,1.0,53,1,2,0.2913
7461,3.0,39,1,3,0.29120500000000005
7462,4.0,53,0,4,0.2911100000000001
7463,3.0,40,1,3,0.291015
7464,4.0,53,0,4,0.29092000000000007
7465,4.0,66,0,4,0.290825
7466,1.0,29,1,2,0.29073000000000004
7467,1.0,18,1,2,0.290635
7468,3.0,41,1,3,0.29054
7469,1.0,28,1,2,0.29044500000000006
7470,0.0,16,1,0,0.29035
7471,3.0,33,1,3,0.29025500000000004
7472,3.0,41,1,3,0.2901600000000001
7473,4.0,44,0,4,0.290065
7474,1.0,21,1,2,0.28997000000000006
7475,3.0,35,1,3,0.289875
7476,4.0,34,0,4,0.28978000000000004
7477,4.0,43,0,4,0.28968499999999997
7478,4.0,52,0,4,0.28959
7479,1.0,28,1,2,0.28949500000000006
7480,0.0,5,1,0,0.2894
7481,3.0,40,1,3,0.28930500000000003
7482,1.0,24,1,2,0.2892100000000001
7483,4.0,36,0,4,0.289115
7484,4.0,31,0,4,0.28902000000000005
7485,3.0,35,1,3,0.288925
7486,4.0,43,0,4,0.28883000000000003
7487,4.0,34,0,4,0.28873499999999996
7488,1.0,27,1,2,0.28864
7489,1.0,28,1,2,0.28854500000000005
7490,4.0,66,0,4,0.28845
7491,3.0,27,1,3,0.28835500000000003
7492,4.0,43,0,4,0.28826000000000007
7493,4.0,40,0,4,0.2881650000000001
7494,4.0,46,0,4,0.28807000000000005
7495,3.0,36,1,3,0.287975
7496,0.0,4,1,0,0.28788
7497,0.0,6,1,0,0.28778499999999996
7498,0.0,5,1,0,0.28769
7499,4.0,60,0,4,0.28759500000000005
7500,4.0,38,0,4,0.2875000000000001
7501,3.0,31,1,3,0.287405
7502,4.0,55,0,4,0.28731000000000007
7503,3.0,38,1,3,0.2872150000000001
7504,1.0,34,1,2,0.28712000000000004
7505,4.0,54,0,4,0.2870250000000001
7506,4.0,48,0,4,0.28693
7507,3.0,36,1,3,0.28683499999999995
7508,4.0,44,0,4,0.28674
7509,3.0,34,1,3,0.28664500000000004
7510,4.0,37,0,4,0.2865500000000001
7511,1.0,22,1,2,0.286455
7512,3.0,48,1,3,0.28636000000000006
7513,1.0,25,1,2,0.2862650000000001
7514,0.0,3,1,0,0.28617000000000004
7515,3.0,56,1,3,0.2860750000000001
7516,3.0,50,1,3,0.28598
7517,0.0,7,1,0,0.28588500000000006
7518,4.0,64,0,4,0.28579
7519,1.0,21,1,2,0.28569500000000003
7520,0.0,4,1,0,0.2856000000000001
7521,0.0,5,1,0,0.285505
7522,3.0,38,1,3,0.28541000000000005
7523,4.0,55,0,4,0.2853150000000001
7524,4.0,53,0,4,0.28522000000000003
7525,3.0,28,1,3,0.2851250000000001
7526,4.0,46,0,4,0.28503
7527,4.0,45,0,4,0.28493500000000005
7528,1.0,33,1,2,0.28484
7529,4.0,42,0,4,0.284745
7530,4.0,51,0,4,0.28465000000000007
7531,4.0,41,0,4,0.284555
7532,4.0,53,0,4,0.28446000000000005
7533,4.0,39,0,4,0.2843650000000001
7534,0.0,7,1,0,0.28427
7535,4.0,43,0,4,0.28417500000000007
7536,1.0,25,1,2,0.28408
7537,3.0,35,1,3,0.28398500000000004
7538,1.0,16,1,2,0.28389
7539,4.0,52,0,4,0.283795
7540,4.0,39,0,4,0.28370000000000006
7541,4.0,47,0,4,0.283605
7542,4.0,36,0,4,0.28351000000000004
7543,4.0,57,0,4,0.2834150000000001
7544,3.0,37,1,3,0.2833200000000001
7545,4.0,38,0,4,0.28322500000000006
7546,4.0,44,0,4,0.28313
7547,0.0,2,1,0,0.28303500000000004
7548,4.0,40,0,4,0.28293999999999997
7549,1.0,40,1,2,0.282845
7550,3.0,48,1,3,0.28275000000000006
7551,3.0,31,1,3,0.282655
7552,1.0,39,1,2,0.28256000000000003
7553,0.0,6,1,0,0.2824650000000001
7554,1.0,39,1,2,0.2823700000000001
7555,0.0,3,1,0,0.28227500000000005
7556,4.0,46,0,4,0.28218
7557,4.0,53,0,4,0.28208500000000003
7558,4.0,39,0,4,0.28198999999999996
7559,4.0,33,0,4,0.281895
7560,1.0,20,1,2,0.28180000000000005
7561,1.0,22,1,2,0.2817050000000001
7562,3.0,37,1,3,0.28161
7563,1.0,21,1,2,0.28151500000000007
7564,0.0,7,1,0,0.2814200000000001
7565,4.0,61,0,4,0.28132500000000005
7566,1.0,24,1,2,0.28123
7567,4.0,67,0,4,0.281135
7568,4.0,58,0,4,0.28103999999999996
7569,4.0,48,0,4,0.280945
7570,3.0,39,1,3,0.28085000000000004
7571,4.0,45,0,4,0.2807550000000001
7572,4.0,43,0,4,0.28066
7573,3.0,40,1,3,0.28056500000000006
7574,4.0,59,0,4,0.2804700000000001
7575,3.0,36,1,3,0.28037500000000004
7576,4.0,65,0,4,0.28028
7577,3.0,30,1,3,0.280185
7578,4.0,48,0,4,0.28009000000000006
7579,3.0,44,1,3,0.279995
7580,1.0,25,1,2,0.27990000000000004
7581,1.0,29,1,2,0.2798050000000001
7582,3.0,42,1,3,0.27971
7583,3.0,50,1,3,0.27961500000000006
7584,3.0,89,1,3,0.2795200000000001
7585,4.0,84,0,4,0.27942500000000003
7586,3.0,77,1,3,0.27932999999999997
7587,1.0,25,1,2,0.279235
7588,1.0,37,1,2,0.27914000000000005
7589,3.0,43,1,3,0.279045
7590,3.0,38,1,3,0.27895000000000003
7591,3.0,45,1,3,0.2788550000000001
7592,3.0,48,1,3,0.27876
7593,3.0,61,1,3,0.27866500000000005
7594,1.0,43,1,2,0.2785700000000001
7595,1.0,17,1,2,0.27847500000000003
7596,1.0,55,1,2,0.27837999999999996
7597,0.0,3,1,0,0.278285
7598,1.0,20,1,2,0.27819000000000005
7599,4.0,173,0,4,0.278095
7600,1.0,40,1,2,0.278
7601,4.0,53,0,4,0.27790500000000007
7602,0.0,4,1,0,0.27781
7603,4.0,51,0,4,0.27771500000000005
7604,1.0,25,1,2,0.2776200000000001
7605,0.0,6,1,0,0.27752500000000013
7606,1.0,50,1,2,0.27742999999999995
7607,3.0,58,1,3,0.277335
7608,1.0,171,1,2,0.27724000000000004
7609,4.0,63,0,4,0.277145
7610,1.0,43,1,2,0.27705
7611,3.0,54,1,3,0.27695500000000006
7612,1.0,24,1,2,0.27686
7613,4.0,54,0,4,0.27676500000000004
7614,1.0,32,1,2,0.2766700000000001
7615,4.0,53,0,4,0.2765750000000001
7616,4.0,53,0,4,0.27647999999999995
7617,4.0,55,0,4,0.276385
7618,4.0,52,0,4,0.27629000000000004
7619,4.0,73,0,4,0.27619499999999997
7620,3.0,44,1,3,0.2761
7621,0.0,4,1,0,0.27600500000000006
7622,4.0,40,0,4,0.2759100000000001
7623,4.0,42,0,4,0.27581500000000003
7624,1.0,20,1,2,0.2757200000000001
7625,1.0,37,1,2,0.2756250000000001
7626,1.0,32,1,2,0.27553000000000005
7627,1.0,21,1,2,0.275435
7628,1.0,40,1,2,0.27534000000000003
7629,0.0,3,1,0,0.27524499999999996
7630,0.0,14,1,0,0.27515
7631,4.0,45,0,4,0.27505500000000005
7632,4.0,71,0,4,0.2749600000000001
7633,3.0,35,1,3,0.274865
7634,4.0,39,0,4,0.27477000000000007
7635,4.0,55,0,4,0.2746750000000001
7636,0.0,3,1,0,0.27458000000000005
7637,3.0,44,1,3,0.274485
7638,1.0,23,1,2,0.27439
7639,1.0,20,1,2,0.27429500000000007
7640,3.0,40,1,3,0.2742
7641,1.0,21,1,2,0.27410500000000004
7642,1.0,27,1,2,0.2740100000000001
7643,3.0,87,1,3,0.273915
7644,4.0,34,0,4,0.27382000000000006
7645,3.0,33,1,3,0.2737250000000001
7646,4.0,65,0,4,0.27363000000000004
7647,3.0,39,1,3,0.273535
7648,3.0,35,1,3,0.27344
7649,4.0,147,0,4,0.27334500000000006
7650,4.0,38,0,4,0.27325
7651,4.0,42,0,4,0.27315500000000004
7652,3.0,38,1,3,0.2730600000000001
7653,1.0,33,1,2,0.272965
7654,4.0,64,0,4,0.27287000000000006
7655,4.0,49,0,4,0.2727750000000001
7656,3.0,31,1,3,0.27268000000000003
7657,4.0,43,0,4,0.27258499999999997
7658,1.0,26,1,2,0.27249
7659,1.0,26,1,2,0.27239500000000005
7660,4.0,33,0,4,0.2723
7661,4.0,51,0,4,0.27220500000000003
7662,1.0,28,1,2,0.2721100000000001
7663,1.0,33,1,2,0.272015
7664,4.0,41,0,4,0.27192000000000005
7665,4.0,33,0,4,0.2718250000000001
7666,0.0,6,1,0,0.27173000000000014
7667,4.0,36,0,4,0.27163499999999996
7668,4.0,43,0,4,0.27154
7669,4.0,33,0,4,0.27144500000000005
7670,1.0,37,1,2,0.27135
7671,4.0,51,0,4,0.271255
7672,4.0,38,0,4,0.27116000000000007
7673,4.0,49,0,4,0.271065
7674,1.0,31,1,2,0.27097000000000004
7675,0.0,4,1,0,0.2708750000000001
7676,1.0,20,1,2,0.27078000000000013
7677,1.0,24,1,2,0.27068499999999995
7678,1.0,14,1,2,0.27059
7679,3.0,37,1,3,0.27049500000000004
7680,1.0,43,1,2,0.2704
7681,4.0,43,0,4,0.270305
7682,4.0,41,0,4,0.27021000000000006
7683,4.0,48,0,4,0.2701150000000001
7684,3.0,39,1,3,0.27002000000000004
7685,4.0,41,0,4,0.2699250000000001
7686,4.0,57,0,4,0.2698300000000001
7687,3.0,26,1,3,0.26973499999999995
7688,4.0,44,0,4,0.26964
7689,1.0,20,1,2,0.26954500000000003
7690,3.0,29,1,3,0.26944999999999997
7691,4.0,34,0,4,0.269355
7692,0.0,5,1,0,0.26926000000000005
7693,4.0,48,0,4,0.2691650000000001
7694,4.0,43,0,4,0.26907000000000003
7695,1.0,27,1,2,0.2689750000000001
7696,1.0,21,1,2,0.2688800000000001
7697,1.0,25,1,2,0.26878499999999994
7698,1.0,30,1,2,0.26869
7699,4.0,42,0,4,0.26859500000000003
7700,4.0,40,0,4,0.26850000000000007
7701,4.0,47,0,4,0.268405
7702,1.0,22,1,2,0.26831000000000005
7703,3.0,48,1,3,0.2682150000000001
7704,1.0,17,1,2,0.26812
7705,1.0,35,1,2,0.26802500000000007
7706,4.0,37,0,4,0.2679300000000001
7707,1.0,26,1,2,0.26783499999999993
7708,1.0,20,1,2,0.26774
7709,0.0,6,1,0,0.267645
7710,3.0,39,1,3,0.26755000000000007
7711,4.0,45,0,4,0.267455
7712,4.0,40,0,4,0.26736000000000004
7713,4.0,51,0,4,0.2672650000000001
7714,3.0,33,1,3,0.26717
7715,4.0,47,0,4,0.26707500000000006
7716,3.0,40,1,3,0.2669800000000001
7717,4.0,45,0,4,0.26688500000000004
7718,1.0,19,1,2,0.26678999999999997
7719,1.0,23,1,2,0.266695
7720,4.0,64,0,4,0.26660000000000006
7721,4.0,45,0,4,0.266505
7722,3.0,39,1,3,0.26641000000000004
7723,1.0,21,1,2,0.2663150000000001
7724,4.0,52,0,4,0.26622
7725,4.0,37,0,4,0.26612500000000006
7726,4.0,50,0,4,0.2660300000000001
7727,1.0,26,1,2,0.26593500000000003
7728,1.0,20,1,2,0.26583999999999997
7729,4.0,36,0,4,0.265745
7730,4.0,46,0,4,0.26565000000000005
7731,4.0,43,0,4,0.265555
7732,1.0,19,1,2,0.26546000000000003
7733,1.0,17,1,2,0.2653650000000001
7734,1.0,23,1,2,0.26527
7735,1.0,16,1,2,0.26517500000000005
7736,4.0,54,0,4,0.2650800000000001
7737,4.0,50,0,4,0.264985
7738,1.0,31,1,2,0.26488999999999996
7739,3.0,38,1,3,0.264795
7740,4.0,41,0,4,0.26470000000000005
7741,3.0,33,1,3,0.264605
7742,3.0,50,1,3,0.26451
7743,3.0,32,1,3,0.26441500000000007
7744,4.0,40,0,4,0.2643200000000001
7745,1.0,39,1,2,0.26422500000000004
7746,3.0,42,1,3,0.2641300000000001
7747,4.0,35,0,4,0.264035
7748,3.0,38,1,3,0.26393999999999995
7749,4.0,44,0,4,0.263845
7750,1.0,22,1,2,0.26375000000000004
7751,4.0,44,0,4,0.263655
7752,1.0,21,1,2,0.26356
7753,4.0,34,0,4,0.26346500000000006
7754,3.0,35,1,3,0.2633700000000001
7755,1.0,28,1,2,0.26327500000000004
7756,4.0,45,0,4,0.2631800000000001
7757,4.0,38,0,4,0.2630850000000001
7758,0.0,10,1,0,0.26298999999999995
7759,0.0,4,1,0,0.262895
7760,4.0,44,0,4,0.26280000000000003
7761,1.0,44,1,2,0.2627050000000001
7762,1.0,17,1,2,0.26261
7763,1.0,32,1,2,0.26251500000000005
7764,0.0,3,1,0,0.2624200000000001
7765,4.0,104,0,4,0.26232500000000003
7766,0.0,30,1,0,0.2622300000000001
7767,0.0,4,1,0,0.2621350000000001
7768,4.0,41,0,4,0.26203999999999994
7769,0.0,12,1,0,0.261945
7770,4.0,38,0,4,0.26185
7771,4.0,46,0,4,0.26175500000000007
7772,1.0,28,1,2,0.26166
7773,1.0,18,1,2,0.26156500000000005
7774,1.0,21,1,2,0.2614700000000001
7775,4.0,41,0,4,0.261375
7776,1.0,29,1,2,0.26128000000000007
7777,1.0,47,1,2,0.2611850000000001
7778,1.0,19,1,2,0.26109000000000004
7779,0.0,10,1,0,0.260995
7780,4.0,43,0,4,0.2609
7781,1.0,27,1,2,0.26080500000000006
7782,3.0,52,1,3,0.26071
7783,1.0,20,1,2,0.26061500000000004
7784,4.0,59,0,4,0.2605200000000001
7785,4.0,39,0,4,0.260425
7786,3.0,28,1,3,0.26033000000000006
7787,3.0,28,1,3,0.2602350000000001
7788,4.0,45,0,4,0.26014000000000004
7789,1.0,22,1,2,0.26004499999999997
7790,4.0,34,0,4,0.25995
7791,1.0,14,1,2,0.25985500000000006
7792,4.0,45,0,4,0.25976
7793,4.0,43,0,4,0.25966500000000003
7794,0.0,10,1,0,0.2595700000000001
7795,4.0,32,0,4,0.259475
7796,1.0,22,1,2,0.25938000000000005
7797,4.0,67,0,4,0.2592850000000001
7798,3.0,44,1,3,0.25919000000000003
7799,4.0,58,0,4,0.25909499999999996
7800,4.0,40,0,4,0.259
7801,3.0,29,1,3,0.25890500000000005
7802,4.0,37,0,4,0.25881
7803,1.0,25,1,2,0.25871500000000003
7804,4.0,44,0,4,0.25862000000000007
7805,4.0,32,0,4,0.2585250000000001
7806,1.0,22,1,2,0.25843000000000005
7807,3.0,33,1,3,0.2583350000000001
7808,4.0,41,0,4,0.25824
7809,3.0,40,1,3,0.25814499999999996
7810,0.0,8,1,0,0.25805
7811,4.0,30,0,4,0.25795500000000005
7812,3.0,42,1,3,0.25786
7813,3.0,38,1,3,0.257765
7814,3.0,40,1,3,0.25767000000000007
7815,3.0,29,1,3,0.2575750000000001
7816,1.0,21,1,2,0.25748000000000004
7817,0.0,5,1,0,0.2573850000000001
7818,1.0,29,1,2,0.25729
7819,4.0,43,0,4,0.25719499999999995
7820,1.0,38,1,2,0.2571
7821,4.0,39,0,4,0.25700500000000004
7822,0.0,7,1,0,0.2569100000000001
7823,4.0,32,0,4,0.256815
7824,1.0,20,1,2,0.25672000000000006
7825,4.0,37,0,4,0.2566250000000001
7826,4.0,41,0,4,0.25653000000000004
7827,4.0,41,0,4,0.2564350000000001
7828,0.0,3,1,0,0.25634
7829,1.0,25,1,2,0.25624499999999995
7830,4.0,36,0,4,0.25615
7831,1.0,19,1,2,0.25605500000000003
7832,4.0,36,0,4,0.2559600000000001
7833,1.0,23,1,2,0.255865
7834,4.0,85,0,4,0.25577000000000005
7835,4.0,54,0,4,0.2556750000000001
7836,4.0,81,0,4,0.25558000000000003
7837,0.0,3,1,0,0.2554850000000001
7838,4.0,42,0,4,0.25539
7839,4.0,42,0,4,0.25529500000000005
7840,4.0,41,0,4,0.2552
7841,0.0,5,1,0,0.255105
7842,3.0,28,1,3,0.25501000000000007
7843,4.0,35,0,4,0.254915
7844,4.0,35,0,4,0.25482000000000005
7845,4.0,39,0,4,0.2547250000000001
7846,1.0,16,1,2,0.25463
7847,4.0,58,0,4,0.25453500000000007
7848,1.0,26,1,2,0.25444
7849,1.0,20,1,2,0.25434500000000004
7850,1.0,26,1,2,0.25425
7851,4.0,84,0,4,0.254155
7852,4.0,45,0,4,0.25406000000000006
7853,1.0,22,1,2,0.253965
7854,1.0,29,1,2,0.25387000000000004
7855,3.0,33,1,3,0.2537750000000001
7856,0.0,3,1,0,0.25368
7857,4.0,41,0,4,0.25358500000000006
7858,4.0,45,0,4,0.25349
7859,1.0,34,1,2,0.25339500000000004
7860,1.0,24,1,2,0.25329999999999997
7861,4.0,53,0,4,0.253205
7862,4.0,54,0,4,0.25311000000000006
7863,4.0,36,0,4,0.253015
7864,4.0,48,0,4,0.25292000000000003
7865,4.0,48,0,4,0.2528250000000001
7866,4.0,46,0,4,0.2527300000000001
7867,1.0,31,1,2,0.25263500000000005
7868,4.0,37,0,4,0.25254
7869,4.0,50,0,4,0.25244500000000003
7870,1.0,28,1,2,0.25234999999999996
7871,1.0,33,1,2,0.252255
7872,1.0,38,1,2,0.25216000000000005
7873,4.0,36,0,4,0.252065
7874,4.0,50,0,4,0.25197
7875,0.0,4,1,0,0.25187500000000007
7876,0.0,4,1,0,0.2517800000000001
7877,4.0,40,0,4,0.25168500000000005
7878,1.0,21,1,2,0.2515900000000001
7879,4.0,40,0,4,0.251495
7880,1.0,21,1,2,0.25139999999999996
7881,4.0,48,0,4,0.251305
7882,4.0,43,0,4,0.25121000000000004
7883,3.0,31,1,3,0.2511150000000001
7884,1.0,32,1,2,0.25102
7885,4.0,36,0,4,0.25092500000000006
7886,4.0,45,0,4,0.2508300000000001
7887,1.0,22,1,2,0.25073500000000004
7888,3.0,49,1,3,0.2506400000000001
7889,1.0,21,1,2,0.250545
7890,4.0,62,0,4,0.25044999999999995
7891,4.0,39,0,4,0.250355
7892,4.0,47,0,4,0.25026000000000004
7893,1.0,27,1,2,0.2501650000000001
7894,4.0,50,0,4,0.25007
7895,1.0,29,1,2,0.24997500000000006
7896,3.0,58,1,3,0.2498800000000001
7897,3.0,41,1,3,0.24978500000000003
7898,1.0,35,1,2,0.24969000000000008
7899,4.0,44,0,4,0.249595
7900,1.0,21,1,2,0.24950000000000006
7901,1.0,22,1,2,0.249405
7902,1.0,50,1,2,0.24931000000000003
7903,3.0,42,1,3,0.24921500000000008
7904,1.0,22,1,2,0.24912
7905,3.0,50,1,3,0.24902500000000005
7906,1.0,21,1,2,0.2489300000000001
7907,0.0,3,1,0,0.24883500000000003
7908,4.0,46,0,4,0.24874000000000007
7909,1.0,26,1,2,0.248645
7910,0.0,5,1,0,0.24855000000000005
7911,1.0,21,1,2,0.24845499999999998
7912,4.0,48,0,4,0.24836000000000003
7913,1.0,27,1,2,0.24826500000000007
7914,4.0,44,0,4,0.24817
7915,1.0,19,1,2,0.24807500000000005
7916,1.0,25,1,2,0.2479800000000001
7917,3.0,31,1,3,0.24788500000000002
7918,4.0,44,0,4,0.24779000000000007
7919,1.0,22,1,2,0.247695
7920,1.0,17,1,2,0.24760000000000004
7921,3.0,28,1,3,0.24750499999999998
7922,4.0,57,0,4,0.24741000000000002
7923,4.0,37,0,4,0.24731500000000006
7924,3.0,42,1,3,0.24722
7925,1.0,18,1,2,0.24712500000000004
7926,4.0,40,0,4,0.24703000000000008
7927,3.0,39,1,3,0.24693500000000013
7928,4.0,59,0,4,0.24684000000000006
7929,1.0,15,1,2,0.246745
7930,3.0,29,1,3,0.24665000000000004
7931,4.0,49,0,4,0.24655499999999997
7932,3.0,42,1,3,0.24646
7933,1.0,22,1,2,0.24636500000000006
7934,1.0,16,1,2,0.24627
7935,4.0,50,0,4,0.24617500000000003
7936,4.0,33,0,4,0.24608000000000008
7937,3.0,42,1,3,0.24598500000000012
7938,3.0,37,1,3,0.24589000000000005
7939,4.0,46,0,4,0.24579499999999999
7940,4.0,36,0,4,0.24570000000000003
7941,4.0,55,0,4,0.24560499999999996
7942,1.0,25,1,2,0.24551
7943,3.0,40,1,3,0.24541500000000005
7944,1.0,31,1,2,0.2453200000000001
7945,0.0,3,1,0,0.24522500000000003
7946,3.0,45,1,3,0.24513000000000007
7947,4.0,54,0,4,0.2450350000000001
7948,0.0,8,1,0,0.24494000000000005
7949,4.0,42,0,4,0.24484499999999998
7950,3.0,35,1,3,0.24475000000000002
7951,4.0,35,0,4,0.24465499999999996
7952,3.0,54,1,3,0.24456
7953,1.0,20,1,2,0.24446500000000004
7954,4.0,46,0,4,0.2443700000000001
7955,4.0,51,0,4,0.24427500000000002
7956,3.0,29,1,3,0.24418000000000006
7957,4.0,46,0,4,0.2440850000000001
7958,4.0,32,0,4,0.24399000000000004
7959,4.0,40,0,4,0.24389499999999997
7960,4.0,41,0,4,0.24380000000000002
7961,1.0,24,1,2,0.24370500000000006
7962,4.0,43,0,4,0.24361
7963,4.0,47,0,4,0.24351500000000004
7964,1.0,31,1,2,0.24342000000000008
7965,1.0,20,1,2,0.243325
7966,4.0,46,0,4,0.24323000000000006
7967,4.0,36,0,4,0.2431350000000001
7968,4.0,35,0,4,0.24304000000000003
7969,1.0,27,1,2,0.24294499999999997
7970,4.0,47,0,4,0.24285
7971,4.0,41,0,4,0.24275500000000005
7972,4.0,44,0,4,0.24266
7973,4.0,41,0,4,0.24256500000000003
7974,0.0,3,1,0,0.24247000000000007
7975,1.0,31,1,2,0.242375
7976,0.0,5,1,0,0.24228000000000005
7977,0.0,8,1,0,0.2421850000000001
7978,1.0,26,1,2,0.24209000000000003
7979,4.0,34,0,4,0.24199499999999996
7980,4.0,39,0,4,0.2419
7981,3.0,63,1,3,0.24180500000000005
7982,0.0,4,1,0,0.24170999999999998
7983,4.0,37,0,4,0.24161500000000002
7984,4.0,50,0,4,0.24152000000000007
7985,4.0,40,0,4,0.241425
7986,3.0,45,1,3,0.24133000000000004
7987,3.0,42,1,3,0.2412350000000001
7988,4.0,50,0,4,0.24114000000000013
7989,1.0,20,1,2,0.24104499999999995
7990,1.0,38,1,2,0.24095
7991,3.0,35,1,3,0.24085500000000004
7992,1.0,23,1,2,0.24075999999999997
7993,1.0,21,1,2,0.24066500000000002
7994,1.0,25,1,2,0.24057000000000006
7995,4.0,57,0,4,0.240475
7996,4.0,43,0,4,0.24038000000000004
7997,4.0,48,0,4,0.24028500000000008
7998,4.0,66,0,4,0.24019000000000013
7999,3.0,35,1,3,0.24009499999999995
8000,1.0,24,1,2,0.24
8001,4.0,33,0,4,0.23990500000000003
8002,3.0,37,1,3,0.23980999999999997
8003,3.0,36,1,3,0.239715
8004,3.0,36,1,3,0.23962000000000006
8005,3.0,24,1,3,0.2395250000000001
8006,4.0,43,0,4,0.23943000000000003
8007,4.0,44,0,4,0.23933500000000008
8008,0.0,4,1,0,0.23924000000000012
8009,3.0,38,1,3,0.23914500000000005
8010,1.0,30,1,2,0.23904999999999998
8011,4.0,33,0,4,0.23895500000000003
8012,0.0,4,1,0,0.23885999999999996
8013,0.0,5,1,0,0.238765
8014,4.0,66,0,4,0.23867000000000005
8015,4.0,37,0,4,0.2385750000000001
8016,4.0,43,0,4,0.23848000000000003
8017,4.0,42,0,4,0.23838500000000007
8018,1.0,23,1,2,0.2382900000000001
8019,4.0,38,0,4,0.23819500000000005
8020,1.0,23,1,2,0.23809999999999998
8021,1.0,26,1,2,0.23800500000000002
8022,4.0,57,0,4,0.23791000000000007
8023,4.0,51,0,4,0.237815
8024,4.0,37,0,4,0.23772000000000004
8025,4.0,37,0,4,0.2376250000000001
8026,3.0,34,1,3,0.23753000000000002
8027,4.0,38,0,4,0.23743500000000006
8028,4.0,47,0,4,0.2373400000000001
8029,4.0,43,0,4,0.23724500000000004
8030,4.0,32,0,4,0.23714999999999997
8031,1.0,31,1,2,0.23705500000000002
8032,1.0,21,1,2,0.23696000000000006
8033,4.0,32,0,4,0.236865
8034,4.0,43,0,4,0.23677000000000004
8035,4.0,41,0,4,0.23667500000000008
8036,4.0,31,0,4,0.23658
8037,4.0,37,0,4,0.23648500000000006
8038,4.0,45,0,4,0.2363900000000001
8039,0.0,3,1,0,0.23629500000000003
8040,0.0,6,1,0,0.23619999999999997
8041,4.0,60,0,4,0.236105
8042,1.0,23,1,2,0.23601000000000005
8043,4.0,47,0,4,0.23591499999999999
8044,3.0,37,1,3,0.23582000000000003
8045,0.0,2,1,0,0.23572500000000007
8046,3.0,34,1,3,0.23563
8047,4.0,40,0,4,0.23553500000000005
8048,4.0,44,0,4,0.2354400000000001
8049,1.0,17,1,2,0.23534500000000014
8050,3.0,30,1,3,0.23524999999999996
8051,4.0,43,0,4,0.235155
8052,4.0,36,0,4,0.23506000000000005
8053,1.0,25,1,2,0.23496499999999998
8054,1.0,20,1,2,0.23487000000000002
8055,4.0,42,0,4,0.23477500000000007
8056,3.0,36,1,3,0.23468
8057,3.0,25,1,3,0.23458500000000004
8058,3.0,35,1,3,0.2344900000000001
8059,1.0,25,1,2,0.23439500000000013
8060,4.0,36,0,4,0.23429999999999995
8061,4.0,36,0,4,0.234205
8062,4.0,41,0,4,0.23411000000000004
8063,4.0,46,0,4,0.23401499999999997
8064,4.0,35,0,4,0.23392000000000002
8065,1.0,21,1,2,0.23382500000000006
8066,4.0,42,0,4,0.2337300000000001
8067,4.0,51,0,4,0.23363500000000004
8068,4.0,43,0,4,0.23354000000000008
8069,4.0,41,0,4,0.23344500000000012
8070,0.0,11,1,0,0.23334999999999995
8071,3.0,45,1,3,0.233255
8072,4.0,40,0,4,0.23316000000000003
8073,3.0,30,1,3,0.23306499999999997
8074,4.0,39,0,4,0.23297
8075,1.0,22,1,2,0.23287500000000005
8076,4.0,30,0,4,0.2327800000000001
8077,1.0,24,1,2,0.23268500000000003
8078,4.0,37,0,4,0.23259000000000007
8079,0.0,12,1,0,0.23249500000000012
8080,1.0,26,1,2,0.23239999999999994
8081,3.0,40,1,3,0.23230499999999998
8082,4.0,42,0,4,0.23221000000000003
8083,1.0,18,1,2,0.23211500000000007
8084,0.0,8,1,0,0.23202
8085,3.0,39,1,3,0.23192500000000005
8086,1.0,28,1,2,0.2318300000000001
8087,4.0,32,0,4,0.23173500000000002
8088,4.0,41,0,4,0.23164000000000007
8089,4.0,41,0,4,0.2315450000000001
8090,0.0,8,1,0,0.23144999999999993
8091,1.0,18,1,2,0.23135499999999998
8092,4.0,47,0,4,0.23126000000000002
8093,1.0,28,1,2,0.23116500000000006
8094,0.0,16,1,1,0.23107
8095,4.0,47,0,4,0.23097500000000004
8096,4.0,37,0,4,0.23088000000000009
8097,1.0,26,1,2,0.23078500000000002
8098,1.0,19,1,2,0.23069000000000006
8099,3.0,36,1,3,0.2305950000000001
8100,0.0,3,1,0,0.23050000000000004
8101,1.0,21,1,2,0.23040499999999997
8102,1.0,21,1,2,0.23031000000000001
8103,3.0,80,1,3,0.23021500000000006
8104,1.0,22,1,2,0.23012
8105,4.0,35,0,4,0.23002500000000003
8106,1.0,24,1,2,0.22993000000000008
8107,1.0,32,1,2,0.229835
8108,1.0,24,1,2,0.22974000000000006
8109,4.0,102,0,4,0.2296450000000001
8110,1.0,22,1,2,0.22955000000000003
8111,1.0,53,1,2,0.22945499999999996
8112,4.0,54,0,4,0.22936
8113,4.0,34,0,4,0.22926500000000005
8114,1.0,17,1,2,0.22916999999999998
8115,1.0,139,1,2,0.22907500000000003
8116,3.0,93,1,3,0.22898000000000007
8117,1.0,27,1,2,0.228885
8118,1.0,35,1,2,0.22879000000000005
8119,1.0,59,1,2,0.2286950000000001
8120,1.0,47,1,2,0.22860000000000003
8121,1.0,63,1,2,0.22850499999999996
8122,0.0,4,1,0,0.22841
8123,3.0,58,1,3,0.22831500000000005
8124,4.0,39,0,4,0.22821999999999998
8125,1.0,41,1,2,0.22812500000000002
8126,1.0,16,1,2,0.22803000000000007
8127,1.0,33,1,2,0.2279350000000001
8128,1.0,22,1,2,0.22784000000000004
8129,0.0,6,1,0,0.2277450000000001
8130,3.0,37,1,3,0.22765000000000013
8131,1.0,23,1,2,0.22755499999999995
8132,1.0,32,1,2,0.22746
8133,1.0,31,1,2,0.22736500000000004
8134,4.0,36,0,4,0.22726999999999997
8135,3.0,42,1,3,0.22717500000000002
8136,4.0,52,0,4,0.22708000000000006
8137,4.0,84,0,4,0.2269850000000001
8138,4.0,37,0,4,0.22689000000000004
8139,4.0,43,0,4,0.22679500000000008
8140,1.0,20,1,2,0.22670000000000012
8141,1.0,18,1,2,0.22660499999999995
8142,1.0,36,1,2,0.22651
8143,4.0,49,0,4,0.22641500000000003
8144,4.0,55,0,4,0.22632000000000008
8145,1.0,22,1,2,0.226225
8146,4.0,100,0,4,0.22613000000000005
8147,4.0,36,0,4,0.2260350000000001
8148,4.0,146,0,4,0.22594000000000003
8149,3.0,46,1,3,0.22584500000000007
8150,4.0,81,0,4,0.22575000000000012
8151,1.0,15,1,2,0.22565499999999994
8152,4.0,48,0,4,0.22555999999999998
8153,4.0,52,0,4,0.22546500000000003
8154,4.0,44,0,4,0.22537000000000007
8155,3.0,28,1,3,0.225275
8156,1.0,28,1,2,0.22518000000000005
8157,1.0,62,1,2,0.2250850000000001
8158,3.0,32,1,3,0.22499000000000002
8159,4.0,76,0,4,0.22489500000000007
8160,4.0,39,0,4,0.2248000000000001
8161,4.0,61,0,4,0.22470500000000004
8162,1.0,29,1,2,0.22460999999999998
8163,3.0,47,1,3,0.22451500000000002
8164,1.0,117,1,2,0.22442000000000006
8165,4.0,59,0,4,0.224325
8166,4.0,56,0,4,0.22423000000000004
8167,4.0,68,0,4,0.22413500000000008
8168,0.0,5,1,0,0.22404000000000002
8169,1.0,28,1,2,0.22394500000000006
8170,3.0,65,1,3,0.2238500000000001
8171,4.0,61,0,4,0.22375500000000004
8172,1.0,34,1,2,0.22365999999999997
8173,1.0,86,1,2,0.223565
8174,3.0,101,1,3,0.22347000000000006
8175,4.0,55,0,4,0.223375
8176,3.0,180,1,3,0.22328000000000003
8177,1.0,33,1,2,0.22318500000000008
8178,3.0,63,1,3,0.22309
8179,0.0,3,1,0,0.22299500000000005
8180,1.0,18,1,2,0.2229000000000001
8181,4.0,65,0,4,0.22280500000000003
8182,1.0,43,1,2,0.22270999999999996
8183,3.0,71,1,3,0.222615
8184,4.0,55,0,4,0.22252000000000005
8185,3.0,86,1,3,0.22242499999999998
8186,3.0,87,1,3,0.22233000000000003
8187,0.0,5,1,0,0.22223500000000007
8188,4.0,85,0,4,0.22214000000000012
8189,1.0,26,1,2,0.22204500000000005
8190,3.0,58,1,3,0.2219500000000001
8191,1.0,35,1,2,0.22185500000000002
8192,0.0,4,1,0,0.22175999999999996
8193,0.0,7,1,0,0.221665
8194,1.0,36,1,2,0.22157000000000004
8195,0.0,4,1,0,0.22147499999999998
8196,0.0,11,1,0,0.22138000000000002
8197,4.0,45,0,4,0.22128500000000006
8198,1.0,57,1,2,0.2211900000000001
8199,4.0,48,0,4,0.22109500000000004
8200,4.0,57,0,4,0.22100000000000009
8201,4.0,69,0,4,0.22090500000000002
8202,1.0,34,1,2,0.22080999999999995
8203,4.0,65,0,4,0.220715
8204,4.0,49,0,4,0.22062000000000004
8205,1.0,27,1,2,0.22052500000000008
8206,4.0,61,0,4,0.22043000000000001
8207,4.0,38,0,4,0.22033500000000006
8208,1.0,26,1,2,0.2202400000000001
8209,1.0,55,1,2,0.22014500000000004
8210,1.0,35,1,2,0.22005000000000008
8211,4.0,47,0,4,0.219955
8212,3.0,28,1,3,0.21985999999999994
8213,1.0,71,1,2,0.219765
8214,4.0,49,0,4,0.21967000000000003
8215,3.0,38,1,3,0.21957500000000008
8216,4.0,36,0,4,0.21948
8217,1.0,62,1,2,0.21938500000000005
8218,1.0,17,1,2,0.2192900000000001
8219,1.0,22,1,2,0.21919500000000003
8220,4.0,40,0,4,0.21910000000000007
8221,0.0,2,1,0,0.219005
8222,4.0,43,0,4,0.21891000000000005
8223,4.0,37,0,4,0.21881499999999998
8224,3.0,32,1,3,0.21872000000000003
8225,1.0,28,1,2,0.21862500000000007
8226,3.0,34,1,3,0.21853
8227,4.0,40,0,4,0.21843500000000005
8228,1.0,18,1,2,0.2183400000000001
8229,1.0,12,1,2,0.21824500000000002
8230,1.0,25,1,2,0.21815000000000007
8231,4.0,37,0,4,0.218055
8232,4.0,75,0,4,0.21796000000000004
8233,4.0,42,0,4,0.21786499999999998
8234,4.0,54,0,4,0.21777000000000002
8235,0.0,3,1,0,0.21767500000000006
8236,4.0,45,0,4,0.21758
8237,4.0,48,0,4,0.21748500000000004
8238,4.0,44,0,4,0.21739000000000008
8239,3.0,30,1,3,0.21729500000000002
8240,4.0,42,0,4,0.21720000000000006
8241,3.0,33,1,3,0.217105
8242,3.0,39,1,3,0.21701000000000004
8243,3.0,45,1,3,0.21691499999999997
8244,3.0,33,1,3,0.21682
8245,1.0,16,1,2,0.21672500000000006
8246,1.0,21,1,2,0.21663
8247,4.0,40,0,4,0.21653500000000003
8248,4.0,50,0,4,0.21644000000000008
8249,4.0,39,0,4,0.21634500000000012
8250,4.0,44,0,4,0.21625000000000005
8251,3.0,31,1,3,0.2161550000000001
8252,4.0,49,0,4,0.21606000000000003
8253,0.0,6,1,0,0.21596499999999996
8254,1.0,17,1,2,0.21587
8255,3.0,47,1,3,0.21577500000000005
8256,4.0,40,0,4,0.21567999999999998
8257,0.0,3,1,0,0.21558500000000003
8258,3.0,26,1,3,0.21549000000000007
8259,1.0,20,1,2,0.21539500000000011
8260,4.0,48,0,4,0.21530000000000005
8261,0.0,5,1,0,0.2152050000000001
8262,0.0,4,1,0,0.21511000000000002
8263,4.0,49,0,4,0.21501499999999996
8264,3.0,39,1,3,0.21492
8265,4.0,46,0,4,0.21482500000000004
8266,4.0,42,0,4,0.2147300000000001
8267,3.0,36,1,3,0.21463500000000002
8268,3.0,41,1,3,0.21454000000000006
8269,1.0,22,1,2,0.2144450000000001
8270,1.0,25,1,2,0.21435000000000004
8271,1.0,25,1,2,0.21425500000000008
8272,0.0,4,1,0,0.21416000000000002
8273,4.0,33,0,4,0.21406499999999995
8274,3.0,35,1,3,0.21397
8275,0.0,3,1,0,0.21387500000000004
8276,4.0,58,0,4,0.21378000000000008
8277,4.0,50,0,4,0.213685
8278,4.0,39,0,4,0.21359000000000006
8279,1.0,16,1,2,0.2134950000000001
8280,4.0,41,0,4,0.21340000000000003
8281,4.0,58,0,4,0.21330500000000008
8282,3.0,43,1,3,0.21321
8283,4.0,37,0,4,0.21311500000000005
8284,4.0,36,0,4,0.21302
8285,4.0,34,0,4,0.21292500000000003
8286,3.0,47,1,3,0.21283000000000007
8287,0.0,7,1,0,0.212735
8288,4.0,58,0,4,0.21264000000000005
8289,1.0,28,1,2,0.2125450000000001
8290,3.0,55,1,3,0.21245000000000003
8291,4.0,46,0,4,0.21235500000000007
8292,4.0,67,0,4,0.21226
8293,1.0,29,1,2,0.21216500000000005
8294,4.0,37,0,4,0.21206999999999998
8295,4.0,46,0,4,0.21197500000000002
8296,4.0,40,0,4,0.21188000000000007
8297,1.0,31,1,2,0.211785
8298,3.0,32,1,3,0.21169000000000004
8299,1.0,22,1,2,0.2115950000000001
8300,4.0,36,0,4,0.21150000000000002
8301,4.0,40,0,4,0.21140500000000007
8302,4.0,34,0,4,0.21131
8303,1.0,34,1,2,0.21121500000000004
8304,3.0,30,1,3,0.21111999999999997
8305,1.0,20,1,2,0.21102500000000002
8306,1.0,19,1,2,0.21093000000000006
8307,4.0,41,0,4,0.210835
8308,4.0,44,0,4,0.21074000000000004
8309,4.0,49,0,4,0.21064500000000008
8310,3.0,27,1,3,0.21055000000000013
8311,4.0,37,0,4,0.21045500000000006
8312,0.0,4,1,0,0.21036
8313,3.0,58,1,3,0.21026500000000004
8314,3.0,46,1,3,0.21016999999999997
8315,0.0,13,1,0,0.210075
8316,0.0,11,1,0,0.20998000000000006
8317,4.0,50,0,4,0.209885
8318,0.0,20,1,0,0.20979000000000003
8319,1.0,146,1,2,0.20969500000000008
8320,0.0,6,1,0,0.20960000000000012
8321,0.0,3,1,0,0.20950500000000005
8322,0.0,7,1,0,0.20940999999999999
8323,0.0,27,1,0,0.20931500000000003
8324,1.0,23,1,2,0.20921999999999996
8325,0.0,14,1,0,0.209125
8326,4.0,44,0,4,0.20903000000000005
8327,0.0,6,1,0,0.2089350000000001
8328,0.0,8,1,1,0.20884000000000003
8329,1.0,21,1,2,0.20874500000000007
8330,4.0,34,0,4,0.2086500000000001
8331,4.0,45,0,4,0.20855500000000005
8332,1.0,16,1,2,0.20845999999999998
8333,1.0,17,1,2,0.20836500000000002
8334,1.0,21,1,2,0.20826999999999996
8335,1.0,27,1,2,0.208175
8336,3.0,47,1,3,0.20808000000000004
8337,3.0,35,1,3,0.2079850000000001
8338,4.0,35,0,4,0.20789000000000002
8339,4.0,40,0,4,0.20779500000000006
8340,4.0,42,0,4,0.2077000000000001
8341,0.0,2,1,0,0.20760500000000004
8342,4.0,48,0,4,0.20750999999999997
8343,4.0,45,0,4,0.20741500000000002
8344,0.0,17,1,0,0.20732000000000006
8345,1.0,18,1,2,0.207225
8346,3.0,36,1,3,0.20713000000000004
8347,1.0,22,1,2,0.20703500000000008
8348,0.0,7,1,0,0.20694
8349,1.0,27,1,2,0.20684500000000006
8350,0.0,7,1,0,0.2067500000000001
8351,0.0,4,1,0,0.20665500000000003
8352,0.0,8,1,0,0.20655999999999997
8353,4.0,79,0,4,0.206465
8354,1.0,29,1,2,0.20637000000000005
8355,0.0,5,1,0,0.206275
8356,4.0,46,0,4,0.20618000000000003
8357,1.0,27,1,2,0.20608500000000007
8358,4.0,36,0,4,0.20599
8359,1.0,26,1,2,0.20589500000000005
8360,4.0,40,0,4,0.2058000000000001
8361,0.0,14,1,0,0.20570500000000003
8362,4.0,34,0,4,0.20560999999999996
8363,1.0,21,1,2,0.205515
8364,4.0,44,0,4,0.20542000000000005
8365,4.0,46,0,4,0.20532499999999998
8366,1.0,21,1,2,0.20523000000000002
8367,4.0,49,0,4,0.20513500000000007
8368,4.0,39,0,4,0.20504
8369,4.0,40,0,4,0.20494500000000004
8370,3.0,42,1,3,0.2048500000000001
8371,1.0,17,1,2,0.20475500000000013
8372,3.0,36,1,3,0.20465999999999995
8373,0.0,3,1,0,0.204565
8374,0.0,3,1,0,0.20447000000000004
8375,0.0,28,1,0,0.20437499999999997
8376,0.0,9,1,0,0.20428000000000002
8377,1.0,27,1,2,0.20418500000000006
8378,1.0,23,1,2,0.20409
8379,4.0,46,0,4,0.20399500000000004
8380,0.0,12,1,0,0.20390000000000008
8381,3.0,48,1,3,0.20380500000000012
8382,4.0,45,0,4,0.20371000000000006
8383,4.0,45,0,4,0.203615
8384,4.0,42,0,4,0.20352000000000003
8385,4.0,40,0,4,0.20342499999999997
8386,4.0,40,0,4,0.20333
8387,4.0,40,0,4,0.20323500000000005
8388,3.0,39,1,3,0.2031400000000001
8389,1.0,22,1,2,0.20304500000000003
8390,4.0,51,0,4,0.20295000000000007
8391,3.0,69,1,3,0.20285500000000012
8392,1.0,34,1,2,0.20276000000000005
8393,3.0,39,1,3,0.20266499999999998
8394,4.0,44,0,4,0.20257000000000003
8395,3.0,44,1,3,0.20247499999999996
8396,1.0,31,1,2,0.20238
8397,4.0,40,0,4,0.20228500000000005
8398,4.0,37,0,4,0.2021900000000001
8399,4.0,37,0,4,0.20209500000000002
8400,0.0,3,1,0,0.20200000000000007
8401,1.0,21,1,2,0.2019050000000001
8402,4.0,33,0,4,0.20181000000000004
8403,4.0,39,0,4,0.20171499999999998
8404,1.0,23,1,2,0.20162000000000002
8405,4.0,42,0,4,0.20152500000000007
8406,0.0,8,1,0,0.20143
8407,4.0,56,0,4,0.20133500000000004
8408,0.0,3,1,0,0.20124000000000009
8409,4.0,69,0,4,0.20114500000000002
8410,1.0,29,1,2,0.20105000000000006
8411,3.0,41,1,3,0.2009550000000001
8412,1.0,21,1,2,0.20086000000000004
8413,3.0,41,1,3,0.20076499999999997
8414,3.0,31,1,3,0.20067000000000002
8415,4.0,36,0,4,0.20057500000000006
8416,4.0,40,0,4,0.20048
8417,4.0,42,0,4,0.20038500000000004
8418,4.0,40,0,4,0.20029000000000008
8419,4.0,37,0,4,0.200195
8420,3.0,36,1,3,0.20010000000000006
8421,3.0,38,1,3,0.2000050000000001
8422,0.0,6,1,0,0.19991000000000003
8423,1.0,32,1,2,0.19981499999999996
8424,4.0,37,0,4,0.19972
8425,3.0,39,1,3,0.19962500000000005
8426,1.0,30,1,2,0.19952999999999999
8427,1.0,22,1,2,0.19943500000000003
8428,1.0,35,1,2,0.19934000000000007
8429,1.0,23,1,2,0.199245
8430,4.0,40,0,4,0.19915000000000005
8431,1.0,17,1,2,0.1990550000000001
8432,3.0,38,1,3,0.19896000000000014
8433,1.0,23,1,2,0.19886499999999996
8434,4.0,34,0,4,0.19877
8435,4.0,42,0,4,0.19867500000000005
8436,1.0,24,1,2,0.19857999999999998
8437,4.0,55,0,4,0.19848500000000002
8438,1.0,22,1,2,0.19839000000000007
8439,0.0,3,1,0,0.198295
8440,3.0,66,1,3,0.19820000000000004
8441,1.0,23,1,2,0.1981050000000001
8442,4.0,112,0,4,0.19801000000000013
8443,4.0,37,0,4,0.19791499999999995
8444,4.0,41,0,4,0.19782
8445,4.0,38,0,4,0.19772500000000004
8446,4.0,40,0,4,0.19762999999999997
8447,3.0,38,1,3,0.19753500000000002
8448,1.0,15,1,2,0.19744000000000006
8449,4.0,41,0,4,0.1973450000000001
8450,3.0,41,1,3,0.19725000000000004
8451,4.0,70,0,4,0.19715500000000008
8452,3.0,31,1,3,0.19706000000000012
8453,4.0,44,0,4,0.19696499999999995
8454,1.0,17,1,2,0.19687
8455,3.0,34,1,3,0.19677500000000003
8456,3.0,35,1,3,0.19667999999999997
8457,3.0,40,1,3,0.196585
8458,4.0,58,0,4,0.19649000000000005
8459,4.0,38,0,4,0.1963950000000001
8460,1.0,30,1,2,0.19630000000000003
8461,4.0,35,0,4,0.19620500000000007
8462,3.0,37,1,3,0.19611000000000012
8463,4.0,45,0,4,0.19601499999999994
8464,1.0,24,1,2,0.19591999999999998
8465,3.0,50,1,3,0.19582500000000003
8466,4.0,36,0,4,0.19573000000000007
8467,1.0,28,1,2,0.195635
8468,1.0,24,1,2,0.19554000000000005
8469,4.0,34,0,4,0.1954450000000001
8470,4.0,46,0,4,0.19535000000000002
8471,4.0,43,0,4,0.19525500000000007
8472,4.0,38,0,4,0.1951600000000001
8473,4.0,41,0,4,0.19506499999999993
8474,4.0,38,0,4,0.19496999999999998
8475,3.0,32,1,3,0.19487500000000002
8476,1.0,18,1,2,0.19478000000000006
8477,1.0,15,1,2,0.194685
8478,4.0,46,0,4,0.19459000000000004
8479,0.0,2,1,0,0.19449500000000008
8480,1.0,21,1,2,0.19440000000000002
8481,1.0,30,1,2,0.19430500000000006
8482,1.0,23,1,2,0.1942100000000001
8483,1.0,15,1,2,0.19411500000000004
8484,4.0,46,0,4,0.19401999999999997
8485,1.0,33,1,2,0.19392500000000001
8486,1.0,74,1,2,0.19383000000000006
8487,3.0,37,1,3,0.193735
8488,4.0,37,0,4,0.19364000000000003
8489,1.0,24,1,2,0.19354500000000008
8490,1.0,23,1,2,0.19345
8491,4.0,54,0,4,0.19335500000000005
8492,4.0,43,0,4,0.1932600000000001
8493,4.0,46,0,4,0.19316500000000003
8494,4.0,39,0,4,0.19306999999999996
8495,4.0,38,0,4,0.192975
8496,4.0,41,0,4,0.19288000000000005
8497,4.0,39,0,4,0.19278499999999998
8498,3.0,41,1,3,0.19269000000000003
8499,4.0,42,0,4,0.19259500000000007
8500,4.0,35,0,4,0.1925
8501,1.0,21,1,2,0.19240500000000005
8502,3.0,36,1,3,0.1923100000000001
8503,4.0,48,0,4,0.19221500000000014
8504,0.0,2,1,0,0.19211999999999996
8505,4.0,39,0,4,0.192025
8506,1.0,19,1,2,0.19193000000000005
8507,4.0,47,0,4,0.19183499999999998
8508,0.0,2,1,0,0.19174000000000002
8509,4.0,46,0,4,0.19164500000000007
8510,4.0,53,0,4,0.1915500000000001
8511,0.0,2,1,0,0.19145500000000004
8512,0.0,4,1,0,0.19136000000000009
8513,1.0,17,1,2,0.19126500000000013
8514,1.0,22,1,2,0.19116999999999995
8515,4.0,34,0,4,0.191075
8516,4.0,39,0,4,0.19098000000000004
8517,3.0,36,1,3,0.19088499999999997
8518,1.0,22,1,2,0.19079000000000002
8519,4.0,48,0,4,0.19069500000000006
8520,1.0,26,1,2,0.1906000000000001
8521,4.0,34,0,4,0.19050500000000004
8522,4.0,38,0,4,0.19041000000000008
8523,3.0,28,1,3,0.19031500000000012
8524,4.0,65,0,4,0.19021999999999994
8525,0.0,12,1,0,0.190125
8526,4.0,76,0,4,0.19003000000000003
8527,4.0,65,0,4,0.18993500000000008
8528,1.0,21,1,2,0.18984
8529,3.0,53,1,3,0.18974500000000005
8530,3.0,35,1,3,0.1896500000000001
8531,1.0,27,1,2,0.18955500000000003
8532,1.0,28,1,2,0.18946000000000007
8533,4.0,35,0,4,0.18936500000000012
8534,1.0,20,1,2,0.18926999999999994
8535,4.0,44,0,4,0.18917499999999998
8536,3.0,34,1,3,0.18908000000000003
8537,4.0,49,0,4,0.18898500000000007
8538,1.0,29,1,2,0.18889
8539,1.0,24,1,2,0.18879500000000005
8540,4.0,39,0,4,0.1887000000000001
8541,1.0,28,1,2,0.18860500000000002
8542,1.0,24,1,2,0.18851000000000007
8543,3.0,62,1,3,0.1884150000000001
8544,1.0,16,1,2,0.18832000000000004
8545,0.0,6,1,0,0.18822499999999998
8546,1.0,23,1,2,0.18813000000000002
8547,1.0,28,1,2,0.18803500000000006
8548,4.0,42,0,4,0.18794
8549,1.0,28,1,2,0.18784500000000004
8550,1.0,26,1,2,0.18775000000000008
8551,4.0,61,0,4,0.18765500000000002
8552,1.0,18,1,2,0.18756000000000006
8553,3.0,50,1,3,0.1874650000000001
8554,1.0,19,1,2,0.18737000000000004
8555,4.0,57,0,4,0.18727499999999997
8556,4.0,40,0,4,0.18718
8557,3.0,37,1,3,0.18708500000000006
8558,3.0,46,1,3,0.18699
8559,4.0,44,0,4,0.18689500000000003
8560,4.0,36,0,4,0.18680000000000008
8561,4.0,51,0,4,0.186705
8562,1.0,23,1,2,0.18661000000000005
8563,4.0,40,0,4,0.1865150000000001
8564,4.0,40,0,4,0.18642000000000003
8565,3.0,45,1,3,0.18632499999999996
8566,4.0,54,0,4,0.18623
8567,4.0,39,0,4,0.18613500000000005
8568,4.0,52,0,4,0.18603999999999998
8569,3.0,30,1,3,0.18594500000000003
8570,4.0,42,0,4,0.18585000000000007
8571,1.0,26,1,2,0.18575500000000011
8572,4.0,44,0,4,0.18566000000000005
8573,1.0,29,1,2,0.1855650000000001
8574,4.0,36,0,4,0.18547000000000002
8575,3.0,43,1,3,0.18537499999999996
8576,3.0,42,1,3,0.18528
8577,3.0,49,1,3,0.18518500000000004
8578,4.0,66,0,4,0.18508999999999998
8579,1.0,18,1,2,0.18499500000000002
8580,4.0,82,0,4,0.18490000000000006
8581,1.0,26,1,2,0.1848050000000001
8582,4.0,45,0,4,0.18471000000000004
8583,4.0,37,0,4,0.18461500000000008
8584,3.0,28,1,3,0.18452000000000002
8585,4.0,52,0,4,0.18442499999999995
8586,3.0,24,1,3,0.18433
8587,1.0,23,1,2,0.18423500000000004
8588,1.0,30,1,2,0.18414000000000008
8589,4.0,49,0,4,0.18404500000000001
8590,1.0,28,1,2,0.18395000000000006
8591,4.0,68,0,4,0.1838550000000001
8592,1.0,17,1,2,0.18376000000000003
8593,1.0,20,1,2,0.18366500000000008
8594,1.0,42,1,2,0.18357
8595,4.0,46,0,4,0.18347499999999994
8596,4.0,60,0,4,0.18338
8597,4.0,34,0,4,0.18328500000000003
8598,1.0,21,1,2,0.18319000000000007
8599,4.0,33,0,4,0.183095
8600,4.0,42,0,4,0.18300000000000005
8601,1.0,19,1,2,0.1829050000000001
8602,1.0,24,1,2,0.18281000000000003
8603,1.0,32,1,2,0.18271500000000007
8604,4.0,60,0,4,0.18262
8605,1.0,18,1,2,0.18252500000000005
8606,4.0,58,0,4,0.18242999999999998
8607,3.0,29,1,3,0.18233500000000002
8608,4.0,35,0,4,0.18224000000000007
8609,1.0,14,1,2,0.182145
8610,1.0,20,1,2,0.18205000000000005
8611,4.0,39,0,4,0.1819550000000001
8612,3.0,28,1,3,0.18186000000000002
8613,3.0,32,1,3,0.18176500000000007
8614,4.0,40,0,4,0.18167
8615,1.0,17,1,2,0.18157500000000004
8616,3.0,35,1,3,0.18147999999999997
8617,4.0,28,0,4,0.18138500000000002
8618,4.0,39,0,4,0.18129000000000006
8619,1.0,20,1,2,0.181195
8620,4.0,39,0,4,0.18110000000000004
8621,1.0,24,1,2,0.18100500000000008
8622,1.0,25,1,2,0.18091000000000002
8623,4.0,36,0,4,0.18081500000000006
8624,4.0,36,0,4,0.18072
8625,4.0,33,0,4,0.18062500000000004
8626,0.0,3,1,0,0.18052999999999997
8627,1.0,20,1,2,0.180435
8628,1.0,39,1,2,0.18034000000000006
8629,4.0,33,0,4,0.180245
8630,4.0,34,0,4,0.18015000000000003
8631,0.0,4,1,0,0.18005500000000008
8632,4.0,36,0,4,0.17996000000000012
8633,1.0,38,1,2,0.17986500000000005
8634,4.0,45,0,4,0.1797700000000001
8635,4.0,33,0,4,0.17967500000000003
8636,4.0,42,0,4,0.17957999999999996
8637,4.0,34,0,4,0.179485
8638,4.0,30,0,4,0.17939000000000005
8639,4.0,35,0,4,0.17929499999999998
8640,4.0,33,0,4,0.17920000000000003
8641,4.0,33,0,4,0.17910500000000007
8642,4.0,34,0,4,0.1790100000000001
8643,1.0,19,1,2,0.17891500000000005
8644,4.0,32,0,4,0.1788200000000001
8645,3.0,31,1,3,0.17872500000000002
8646,3.0,32,1,3,0.17862999999999996
8647,4.0,31,0,4,0.178535
8648,1.0,18,1,2,0.17844000000000004
8649,4.0,40,0,4,0.1783450000000001
8650,0.0,11,1,0,0.17825000000000002
8651,3.0,35,1,3,0.17815500000000006
8652,4.0,37,0,4,0.1780600000000001
8653,4.0,30,0,4,0.17796500000000004
8654,1.0,19,1,2,0.17787000000000008
8655,4.0,42,0,4,0.17777500000000002
8656,1.0,22,1,2,0.17767999999999995
8657,1.0,17,1,2,0.177585
8658,4.0,33,0,4,0.17749000000000004
8659,4.0,44,0,4,0.17739500000000008
8660,4.0,38,0,4,0.1773
8661,4.0,31,0,4,0.17720500000000006
8662,3.0,28,1,3,0.1771100000000001
8663,3.0,35,1,3,0.17701500000000003
8664,4.0,35,0,4,0.17692000000000008
8665,3.0,28,1,3,0.176825
8666,3.0,29,1,3,0.17673000000000005
8667,4.0,34,0,4,0.176635
8668,3.0,53,1,3,0.17654000000000003
8669,3.0,34,1,3,0.17644500000000007
8670,1.0,20,1,2,0.17635
8671,1.0,19,1,2,0.17625500000000005
8672,4.0,38,0,4,0.1761600000000001
8673,1.0,20,1,2,0.17606500000000003
8674,4.0,43,0,4,0.17597000000000007
8675,1.0,22,1,2,0.175875
8676,4.0,33,0,4,0.17578000000000005
8677,4.0,37,0,4,0.17568499999999998
8678,1.0,32,1,2,0.17559000000000002
8679,1.0,15,1,2,0.17549500000000007
8680,1.0,23,1,2,0.1754
8681,4.0,56,0,4,0.17530500000000004
8682,4.0,41,0,4,0.1752100000000001
8683,1.0,21,1,2,0.17511500000000002
8684,3.0,41,1,3,0.17502000000000006
8685,1.0,23,1,2,0.174925
8686,1.0,40,1,2,0.17483000000000004
8687,3.0,54,1,3,0.17473499999999997
8688,4.0,36,0,4,0.17464000000000002
8689,3.0,26,1,3,0.17454500000000006
8690,4.0,54,0,4,0.17445
8691,3.0,32,1,3,0.17435500000000004
8692,3.0,26,1,3,0.17426000000000008
8693,1.0,16,1,2,0.17416500000000013
8694,1.0,16,1,2,0.17407000000000006
8695,0.0,2,1,0,0.173975
8696,3.0,42,1,3,0.17388000000000003
8697,3.0,29,1,3,0.17378499999999997
8698,3.0,46,1,3,0.17369
8699,1.0,20,1,2,0.17359500000000005
8700,4.0,36,0,4,0.1735
8701,4.0,45,0,4,0.17340500000000003
8702,4.0,40,0,4,0.17331000000000008
8703,4.0,38,0,4,0.17321500000000012
8704,1.0,20,1,2,0.17312000000000005
8705,4.0,37,0,4,0.17302499999999998
8706,4.0,47,0,4,0.17293000000000003
8707,3.0,37,1,3,0.17283499999999996
8708,3.0,33,1,3,0.17274
8709,1.0,19,1,2,0.17264500000000005
8710,4.0,82,0,4,0.1725500000000001
8711,4.0,41,0,4,0.17245500000000002
8712,4.0,35,0,4,0.17236000000000007
8713,4.0,43,0,4,0.1722650000000001
8714,4.0,36,0,4,0.17217000000000005
8715,4.0,42,0,4,0.17207499999999998
8716,4.0,37,0,4,0.17198000000000002
8717,4.0,36,0,4,0.17188499999999995
8718,1.0,17,1,2,0.17179
8719,1.0,22,1,2,0.17169500000000004
8720,3.0,38,1,3,0.17160000000000009
8721,1.0,22,1,2,0.17150500000000002
8722,1.0,20,1,2,0.17141000000000006
8723,4.0,41,0,4,0.1713150000000001
8724,1.0,22,1,2,0.17122000000000004
8725,0.0,2,1,0,0.17112499999999997
8726,1.0,19,1,2,0.17103000000000002
8727,3.0,40,1,3,0.17093500000000006
8728,1.0,40,1,2,0.17084
8729,3.0,56,1,3,0.17074500000000004
8730,4.0,32,0,4,0.17065000000000008
8731,4.0,41,0,4,0.170555
8732,1.0,27,1,2,0.17046000000000006
8733,4.0,31,0,4,0.1703650000000001
8734,4.0,34,0,4,0.17027000000000003
8735,4.0,32,0,4,0.17017499999999997
8736,3.0,26,1,3,0.17008
8737,3.0,26,1,3,0.16998500000000005
8738,4.0,45,0,4,0.16988999999999999
8739,4.0,34,0,4,0.16979500000000003
8740,0.0,3,1,0,0.16970000000000007
8741,4.0,45,0,4,0.169605
8742,0.0,5,1,0,0.16951000000000005
8743,0.0,4,1,0,0.1694150000000001
8744,4.0,35,0,4,0.16932000000000003
8745,4.0,34,0,4,0.16922499999999996
8746,3.0,31,1,3,0.16913
8747,1.0,24,1,2,0.16903500000000005
8748,1.0,20,1,2,0.16893999999999998
8749,1.0,15,1,2,0.16884500000000002
8750,4.0,31,0,4,0.16875000000000007
8751,1.0,27,1,2,0.168655
8752,4.0,35,0,4,0.16856000000000004
8753,3.0,23,1,3,0.1684650000000001
8754,4.0,34,0,4,0.16837000000000013
8755,4.0,43,0,4,0.16827500000000006
8756,3.0,33,1,3,0.16818
8757,3.0,29,1,3,0.16808500000000004
8758,0.0,5,1,0,0.16798999999999997
8759,1.0,32,1,2,0.16789500000000002
8760,1.0,18,1,2,0.16780000000000006
8761,1.0,19,1,2,0.1677050000000001
8762,3.0,38,1,3,0.16761000000000004
8763,4.0,47,0,4,0.16751500000000008
8764,1.0,28,1,2,0.16742000000000012
8765,4.0,52,0,4,0.16732500000000006
8766,1.0,24,1,2,0.16723
8767,4.0,57,0,4,0.16713500000000003
8768,3.0,34,1,3,0.16703999999999997
8769,1.0,20,1,2,0.166945
8770,4.0,45,0,4,0.16685000000000005
8771,4.0,44,0,4,0.1667550000000001
8772,3.0,29,1,3,0.16666000000000003
8773,3.0,35,1,3,0.16656500000000007
8774,0.0,8,1,0,0.16647000000000012
8775,4.0,57,0,4,0.16637500000000005
8776,4.0,34,0,4,0.16627999999999998
8777,3.0,35,1,3,0.16618500000000003
8778,3.0,44,1,3,0.16609000000000007
8779,3.0,28,1,3,0.165995
8780,1.0,20,1,2,0.16590000000000005
8781,4.0,39,0,4,0.1658050000000001
8782,1.0,22,1,2,0.16571000000000002
8783,1.0,16,1,2,0.16561500000000007
8784,4.0,67,0,4,0.1655200000000001
8785,1.0,16,1,2,0.16542500000000004
8786,4.0,55,0,4,0.16532999999999998
8787,3.0,64,1,3,0.16523500000000002
8788,1.0,20,1,2,0.16514000000000006
8789,4.0,41,0,4,0.165045
8790,0.0,5,1,0,0.16495000000000004
8791,4.0,36,0,4,0.16485500000000008
8792,1.0,19,1,2,0.16476000000000002
8793,1.0,21,1,2,0.16466500000000006
8794,3.0,35,1,3,0.1645700000000001
8795,4.0,59,0,4,0.16447500000000004
8796,1.0,20,1,2,0.16437999999999997
8797,3.0,39,1,3,0.16428500000000001
8798,4.0,36,0,4,0.16419000000000006
8799,4.0,30,0,4,0.164095
8800,4.0,32,0,4,0.16400000000000003
8801,4.0,37,0,4,0.16390500000000008
8802,3.0,36,1,3,0.16381
8803,1.0,22,1,2,0.16371500000000005
8804,4.0,34,0,4,0.1636200000000001
8805,3.0,29,1,3,0.16352500000000014
8806,3.0,37,1,3,0.16342999999999996
8807,4.0,37,0,4,0.163335
8808,4.0,32,0,4,0.16324000000000005
8809,0.0,10,1,0,0.16314499999999998
8810,4.0,41,0,4,0.16305000000000003
8811,1.0,29,1,2,0.16295500000000007
8812,4.0,41,0,4,0.16286
8813,3.0,28,1,3,0.16276500000000005
8814,4.0,33,0,4,0.1626700000000001
8815,1.0,15,1,2,0.16257500000000014
8816,4.0,37,0,4,0.16247999999999996
8817,0.0,3,1,0,0.162385
8818,4.0,46,0,4,0.16229000000000005
8819,3.0,28,1,3,0.16219499999999998
8820,4.0,36,0,4,0.16210000000000002
8821,4.0,35,0,4,0.16200500000000007
8822,4.0,40,0,4,0.1619100000000001
8823,3.0,25,1,3,0.16181500000000004
8824,3.0,28,1,3,0.16172000000000009
8825,1.0,19,1,2,0.16162500000000013
8826,4.0,37,0,4,0.16152999999999995
8827,1.0,20,1,2,0.161435
8828,4.0,34,0,4,0.16134000000000004
8829,4.0,42,0,4,0.16124499999999997
8830,4.0,36,0,4,0.16115000000000002
8831,4.0,32,0,4,0.16105500000000006
8832,0.0,2,1,0,0.1609600000000001
8833,0.0,10,1,0,0.16086500000000004
8834,4.0,41,0,4,0.16077000000000008
8835,4.0,61,0,4,0.16067500000000012
8836,0.0,15,1,0,0.16057999999999995
8837,3.0,59,1,3,0.160485
8838,4.0,57,0,4,0.16039000000000003
8839,1.0,24,1,2,0.16029500000000008
8840,4.0,38,0,4,0.1602
8841,4.0,38,0,4,0.16010500000000005
8842,4.0,37,0,4,0.1600100000000001
8843,3.0,31,1,3,0.15991500000000003
8844,3.0,36,1,3,0.15982000000000007
8845,0.0,3,1,0,0.15972500000000012
8846,4.0,36,0,4,0.15962999999999994
8847,3.0,37,1,3,0.15953499999999998
8848,3.0,28,1,3,0.15944000000000003
8849,3.0,31,1,3,0.15934500000000007
8850,3.0,35,1,3,0.15925
8851,3.0,34,1,3,0.15915500000000005
8852,4.0,45,0,4,0.1590600000000001
8853,4.0,30,0,4,0.15896500000000002
8854,1.0,26,1,2,0.15887000000000007
8855,4.0,37,0,4,0.1587750000000001
8856,4.0,30,0,4,0.15868000000000004
8857,4.0,32,0,4,0.15858499999999998
8858,1.0,18,1,2,0.15849000000000002
8859,3.0,35,1,3,0.15839500000000006
8860,4.0,39,0,4,0.1583
8861,3.0,23,1,3,0.15820500000000004
8862,1.0,16,1,2,0.15811000000000008
8863,4.0,40,0,4,0.15801500000000002
8864,0.0,4,1,0,0.15792000000000006
8865,4.0,36,0,4,0.1578250000000001
8866,3.0,28,1,3,0.15773000000000004
8867,4.0,33,0,4,0.15763499999999997
8868,0.0,3,1,0,0.15754
8869,4.0,32,0,4,0.15744500000000006
8870,1.0,18,1,2,0.15735
8871,1.0,19,1,2,0.15725500000000003
8872,4.0,40,0,4,0.15716000000000008
8873,4.0,32,0,4,0.157065
8874,4.0,36,0,4,0.15697000000000005
8875,4.0,41,0,4,0.1568750000000001
8876,1.0,19,1,2,0.15678000000000014
8877,3.0,30,1,3,0.15668499999999996
8878,0.0,4,1,0,0.15659
8879,3.0,31,1,3,0.15649500000000005
8880,1.0,15,1,2,0.15639999999999998
8881,3.0,25,1,3,0.15630500000000003
8882,4.0,59,0,4,0.15621000000000007
8883,1.0,30,1,2,0.15611500000000011
8884,1.0,16,1,2,0.15602000000000005
8885,1.0,21,1,2,0.1559250000000001
8886,4.0,54,0,4,0.15583000000000014
8887,0.0,8,1,0,0.15573499999999996
8888,3.0,36,1,3,0.15564
8889,4.0,30,0,4,0.15554500000000004
8890,3.0,37,1,3,0.15544999999999998
8891,4.0,32,0,4,0.15535500000000002
8892,1.0,25,1,2,0.15526000000000006
8893,4.0,38,0,4,0.1551650000000001
8894,3.0,30,1,3,0.15507000000000004
8895,4.0,52,0,4,0.15497500000000008
8896,4.0,45,0,4,0.15488000000000013
8897,1.0,15,1,2,0.15478499999999995
8898,1.0,18,1,2,0.15469
8899,4.0,40,0,4,0.15459500000000004
8900,3.0,31,1,3,0.15450000000000008
8901,3.0,30,1,3,0.15440500000000001
8902,1.0,18,1,2,0.15431000000000006
8903,0.0,4,1,0,0.1542150000000001
8904,0.0,5,1,0,0.15412000000000003
8905,4.0,38,0,4,0.15402500000000008
8906,1.0,14,1,2,0.15393000000000012
8907,4.0,42,0,4,0.15383499999999994
8908,4.0,34,0,4,0.15374
8909,4.0,36,0,4,0.15364500000000003
8910,4.0,34,0,4,0.15355000000000008
8911,3.0,28,1,3,0.153455
8912,4.0,34,0,4,0.15336000000000005
8913,4.0,46,0,4,0.1532650000000001
8914,0.0,3,1,0,0.15317000000000003
8915,1.0,23,1,2,0.15307500000000007
8916,3.0,31,1,3,0.15298000000000012
8917,4.0,36,0,4,0.15288500000000005
8918,4.0,40,0,4,0.15278999999999998
8919,1.0,16,1,2,0.15269500000000003
8920,3.0,75,1,3,0.15260000000000007
8921,4.0,37,0,4,0.152505
8922,4.0,35,0,4,0.15241000000000005
8923,4.0,30,0,4,0.1523150000000001
8924,4.0,44,0,4,0.15222000000000002
8925,1.0,18,1,2,0.15212500000000007
8926,4.0,39,0,4,0.1520300000000001
8927,3.0,32,1,3,0.15193500000000004
8928,4.0,45,0,4,0.15183999999999997
8929,1.0,15,1,2,0.15174500000000002
8930,0.0,4,1,0,0.15165000000000006
8931,1.0,16,1,2,0.151555
8932,4.0,40,0,4,0.15146000000000004
8933,1.0,22,1,2,0.15136500000000008
8934,4.0,36,0,4,0.15127000000000002
8935,4.0,35,0,4,0.15117500000000006
8936,1.0,20,1,2,0.1510800000000001
8937,1.0,17,1,2,0.15098500000000004
8938,1.0,25,1,2,0.15088999999999997
8939,4.0,41,0,4,0.150795
8940,1.0,20,1,2,0.15070000000000006
8941,1.0,27,1,2,0.150605
8942,1.0,18,1,2,0.15051000000000003
8943,3.0,64,1,3,0.15041500000000008
8944,4.0,44,0,4,0.15032000000000012
8945,1.0,25,1,2,0.15022500000000005
8946,4.0,48,0,4,0.1501300000000001
8947,3.0,27,1,3,0.15003500000000003
8948,4.0,31,0,4,0.14993999999999996
8949,4.0,33,0,4,0.149845
8950,1.0,15,1,2,0.14975000000000005
8951,1.0,17,1,2,0.14965499999999998
8952,1.0,15,1,2,0.14956000000000003
8953,4.0,46,0,4,0.14946500000000007
8954,3.0,29,1,3,0.1493700000000001
8955,4.0,32,0,4,0.14927500000000005
8956,0.0,3,1,0,0.1491800000000001
8957,3.0,26,1,3,0.14908500000000002
8958,4.0,54,0,4,0.14898999999999996
8959,1.0,18,1,2,0.148895
8960,4.0,78,0,4,0.14880000000000004
8961,3.0,64,1,3,0.1487050000000001
8962,3.0,39,1,3,0.14861000000000002
8963,1.0,19,1,2,0.14851500000000006
8964,4.0,48,0,4,0.1484200000000001
8965,1.0,22,1,2,0.14832500000000004
8966,4.0,45,0,4,0.14823000000000008
8967,4.0,35,0,4,0.14813500000000002
8968,4.0,48,0,4,0.14803999999999995
8969,1.0,19,1,2,0.147945
8970,3.0,38,1,3,0.14785000000000004
8971,3.0,35,1,3,0.14775500000000008
8972,1.0,21,1,2,0.14766
8973,4.0,42,0,4,0.14756500000000006
8974,4.0,62,0,4,0.1474700000000001
8975,4.0,40,0,4,0.14737500000000003
8976,4.0,45,0,4,0.14728000000000008
8977,3.0,28,1,3,0.147185
8978,4.0,39,0,4,0.14709000000000005
8979,1.0,34,1,2,0.146995
8980,4.0,43,0,4,0.14690000000000003
8981,4.0,39,0,4,0.14680500000000007
8982,3.0,30,1,3,0.14671
8983,1.0,22,1,2,0.14661500000000005
8984,0.0,5,1,0,0.1465200000000001
8985,4.0,47,0,4,0.14642500000000003
8986,4.0,57,0,4,0.14633000000000007
8987,4.0,37,0,4,0.146235
8988,4.0,32,0,4,0.14614000000000005
8989,3.0,34,1,3,0.14604499999999998
8990,1.0,21,1,2,0.14595000000000002
8991,4.0,49,0,4,0.14585500000000007
8992,3.0,38,1,3,0.14576
8993,3.0,30,1,3,0.14566500000000004
8994,3.0,22,1,3,0.1455700000000001
8995,4.0,76,0,4,0.14547500000000002
8996,4.0,44,0,4,0.14538000000000006
8997,3.0,28,1,3,0.145285
8998,4.0,30,0,4,0.14519000000000004
8999,1.0,19,1,2,0.14509499999999997
9000,4.0,43,0,4,0.14500000000000002
9001,1.0,21,1,2,0.14490500000000006
9002,4.0,54,0,4,0.14481
9003,3.0,66,1,3,0.14471500000000004
9004,4.0,32,0,4,0.14462000000000008
9005,3.0,42,1,3,0.14452500000000013
9006,1.0,20,1,2,0.14443000000000006
9007,4.0,31,0,4,0.1443350000000001
9008,4.0,32,0,4,0.14424000000000003
9009,1.0,20,1,2,0.14414499999999997
9010,4.0,30,0,4,0.14405
9011,4.0,32,0,4,0.14395500000000006
9012,4.0,32,0,4,0.14386
9013,4.0,54,0,4,0.14376500000000003
9014,4.0,33,0,4,0.14367000000000008
9015,1.0,17,1,2,0.14357500000000012
9016,4.0,35,0,4,0.14348000000000005
9017,1.0,19,1,2,0.1433850000000001
9018,4.0,38,0,4,0.14329000000000003
9019,4.0,36,0,4,0.14319499999999996
9020,1.0,18,1,2,0.1431
9021,4.0,31,0,4,0.14300500000000005
9022,1.0,25,1,2,0.1429100000000001
9023,1.0,26,1,2,0.14281500000000003
9024,4.0,40,0,4,0.14272000000000007
9025,4.0,34,0,4,0.1426250000000001
9026,3.0,36,1,3,0.14253000000000005
9027,1.0,23,1,2,0.1424350000000001
9028,4.0,44,0,4,0.14234000000000002
9029,4.0,36,0,4,0.14224499999999995
9030,1.0,15,1,2,0.14215
9031,0.0,4,1,0,0.14205500000000004
9032,4.0,32,0,4,0.14196000000000009
9033,4.0,32,0,4,0.14186500000000002
9034,0.0,2,1,0,0.14177000000000006
9035,3.0,45,1,3,0.1416750000000001
9036,4.0,34,0,4,0.14158000000000004
9037,1.0,16,1,2,0.14148500000000008
9038,0.0,5,1,0,0.14139000000000002
9039,1.0,29,1,2,0.14129500000000006
9040,0.0,3,1,0,0.1412
9041,1.0,80,1,2,0.14110500000000004
9042,4.0,224,0,4,0.14101000000000008
9043,4.0,46,0,4,0.140915
9044,4.0,37,0,4,0.14082000000000006
9045,3.0,47,1,3,0.1407250000000001
9046,4.0,43,0,4,0.14063000000000003
9047,3.0,40,1,3,0.14053500000000008
9048,1.0,29,1,2,0.14044
9049,4.0,41,0,4,0.14034500000000005
9050,4.0,38,0,4,0.14024999999999999
9051,4.0,40,0,4,0.14015500000000003
9052,4.0,52,0,4,0.14006000000000007
9053,3.0,37,1,3,0.139965
9054,4.0,41,0,4,0.13987000000000005
9055,1.0,21,1,2,0.1397750000000001
9056,3.0,32,1,3,0.13968000000000003
9057,4.0,52,0,4,0.13958500000000007
9058,3.0,44,1,3,0.13949
9059,3.0,29,1,3,0.13939500000000005
9060,4.0,60,0,4,0.13929999999999998
9061,1.0,25,1,2,0.13920500000000002
9062,4.0,37,0,4,0.13911000000000007
9063,4.0,41,0,4,0.139015
9064,1.0,21,1,2,0.13892000000000004
9065,1.0,16,1,2,0.1388250000000001
9066,4.0,40,0,4,0.13873000000000013
9067,1.0,23,1,2,0.13863500000000006
9068,4.0,42,0,4,0.13854
9069,1.0,18,1,2,0.13844500000000004
9070,4.0,36,0,4,0.13834999999999997
9071,4.0,35,0,4,0.13825500000000002
9072,1.0,16,1,2,0.13816000000000006
9073,1.0,30,1,2,0.138065
9074,3.0,39,1,3,0.13797000000000004
9075,3.0,44,1,3,0.13787500000000008
9076,3.0,43,1,3,0.13778000000000012
9077,3.0,51,1,3,0.13768500000000006
9078,3.0,24,1,3,0.13759
9079,4.0,41,0,4,0.13749500000000003
9080,3.0,40,1,3,0.13739999999999997
9081,3.0,39,1,3,0.137305
9082,4.0,34,0,4,0.13721000000000005
9083,4.0,44,0,4,0.1371150000000001
9084,4.0,38,0,4,0.13702000000000003
9085,4.0,42,0,4,0.13692500000000007
9086,1.0,18,1,2,0.13683000000000012
9087,1.0,20,1,2,0.13673500000000005
9088,1.0,23,1,2,0.13663999999999998
9089,3.0,34,1,3,0.13654500000000003
9090,1.0,22,1,2,0.13644999999999996
9091,1.0,20,1,2,0.136355
9092,1.0,21,1,2,0.13626000000000005
9093,1.0,18,1,2,0.1361650000000001
9094,3.0,33,1,3,0.13607000000000002
9095,1.0,21,1,2,0.13597500000000007
9096,1.0,52,1,2,0.1358800000000001
9097,1.0,23,1,2,0.13578500000000004
9098,1.0,21,1,2,0.13568999999999998
9099,4.0,38,0,4,0.13559500000000002
9100,4.0,38,0,4,0.13550000000000006
9101,3.0,29,1,3,0.135405
9102,3.0,39,1,3,0.13531000000000004
9103,1.0,13,1,2,0.13521500000000009
9104,4.0,53,0,4,0.13512000000000002
9105,3.0,26,1,3,0.13502500000000006
9106,4.0,38,0,4,0.1349300000000001
9107,1.0,19,1,2,0.13483500000000004
9108,3.0,32,1,3,0.13473999999999997
9109,4.0,41,0,4,0.13464500000000001
9110,4.0,43,0,4,0.13455000000000006
9111,1.0,18,1,2,0.134455
9112,4.0,39,0,4,0.13436000000000003
9113,1.0,19,1,2,0.13426500000000008
9114,4.0,38,0,4,0.13417
9115,1.0,19,1,2,0.13407500000000006
9116,4.0,32,0,4,0.1339800000000001
9117,1.0,48,1,2,0.13388500000000003
9118,1.0,20,1,2,0.13378999999999996
9119,4.0,37,0,4,0.133695
9120,4.0,47,0,4,0.13360000000000005
9121,4.0,44,0,4,0.13350499999999998
9122,4.0,40,0,4,0.13341000000000003
9123,4.0,35,0,4,0.13331500000000007
9124,1.0,22,1,2,0.13322
9125,4.0,34,0,4,0.13312500000000005
9126,1.0,28,1,2,0.1330300000000001
9127,1.0,30,1,2,0.13293500000000014
9128,3.0,98,1,3,0.13284000000000007
9129,1.0,29,1,2,0.132745
9130,4.0,51,0,4,0.13265000000000005
9131,1.0,18,1,2,0.13255499999999998
9132,4.0,40,0,4,0.13246000000000002
9133,4.0,56,0,4,0.13236500000000007
9134,4.0,40,0,4,0.13227
9135,3.0,33,1,3,0.13217500000000004
9136,3.0,36,1,3,0.1320800000000001
9137,1.0,21,1,2,0.13198500000000013
9138,1.0,20,1,2,0.13189000000000006
9139,1.0,17,1,2,0.131795
9140,3.0,32,1,3,0.13170000000000004
9141,4.0,28,0,4,0.13160499999999997
9142,3.0,26,1,3,0.13151000000000002
9143,1.0,19,1,2,0.13141500000000006
9144,1.0,19,1,2,0.1313200000000001
9145,3.0,33,1,3,0.13122500000000004
9146,3.0,33,1,3,0.13113000000000008
9147,4.0,36,0,4,0.13103500000000012
9148,4.0,33,0,4,0.13094000000000006
9149,3.0,29,1,3,0.130845
9150,4.0,42,0,4,0.13075000000000003
9151,4.0,33,0,4,0.13065499999999997
9152,3.0,33,1,3,0.13056
9153,3.0,48,1,3,0.13046500000000005
9154,4.0,40,0,4,0.1303700000000001
9155,3.0,34,1,3,0.13027500000000003
9156,3.0,34,1,3,0.13018000000000007
9157,3.0,32,1,3,0.13008500000000012
9158,4.0,61,0,4,0.12999000000000005
9159,4.0,32,0,4,0.12989499999999998
9160,3.0,41,1,3,0.12980000000000003
9161,1.0,24,1,2,0.12970500000000007
9162,4.0,32,0,4,0.12961
9163,4.0,36,0,4,0.12951500000000005
9164,1.0,25,1,2,0.1294200000000001
9165,4.0,30,0,4,0.12932500000000002
9166,4.0,41,0,4,0.12923000000000007
9167,4.0,39,0,4,0.1291350000000001
9168,0.0,5,1,0,0.12904000000000004
9169,1.0,17,1,2,0.12894499999999998
9170,4.0,34,0,4,0.12885000000000002
9171,4.0,32,0,4,0.12875500000000006
9172,4.0,31,0,4,0.12866
9173,3.0,29,1,3,0.12856500000000004
9174,1.0,25,1,2,0.12847000000000008
9175,3.0,28,1,3,0.12837500000000002
9176,4.0,34,0,4,0.12828000000000006
9177,1.0,30,1,2,0.1281850000000001
9178,4.0,40,0,4,0.12809000000000004
9179,4.0,35,0,4,0.12799499999999997
9180,3.0,34,1,3,0.1279
9181,4.0,37,0,4,0.12780500000000006
9182,4.0,38,0,4,0.12771
9183,3.0,44,1,3,0.12761500000000003
9184,3.0,31,1,3,0.12752000000000008
9185,0.0,4,1,0,0.127425
9186,1.0,23,1,2,0.12733000000000005
9187,0.0,10,1,0,0.1272350000000001
9188,4.0,33,0,4,0.12714000000000014
9189,1.0,20,1,2,0.12704499999999996
9190,1.0,17,1,2,0.12695
9191,0.0,5,1,0,0.12685500000000005
9192,4.0,69,0,4,0.12675999999999998
9193,3.0,34,1,3,0.12666500000000003
9194,4.0,38,0,4,0.12657000000000007
9195,4.0,42,0,4,0.126475
9196,1.0,18,1,2,0.12638000000000005
9197,4.0,35,0,4,0.1262850000000001
9198,4.0,114,0,4,0.12619000000000014
9199,4.0,35,0,4,0.12609499999999996
9200,4.0,41,0,4,0.126
9201,4.0,34,0,4,0.12590500000000004
9202,1.0,16,1,2,0.12580999999999998
9203,4.0,38,0,4,0.12571500000000002
9204,1.0,15,1,2,0.12562000000000006
9205,4.0,37,0,4,0.1255250000000001
9206,3.0,30,1,3,0.12543000000000004
9207,1.0,18,1,2,0.12533500000000009
9208,4.0,38,0,4,0.12524000000000013
9209,4.0,46,0,4,0.12514499999999995
9210,4.0,32,0,4,0.12505
9211,4.0,41,0,4,0.12495500000000004
9212,4.0,35,0,4,0.12485999999999997
9213,4.0,32,0,4,0.12476500000000001
9214,4.0,43,0,4,0.12467000000000006
9215,4.0,40,0,4,0.1245750000000001
9216,3.0,28,1,3,0.12448000000000004
9217,3.0,36,1,3,0.12438500000000008
9218,4.0,46,0,4,0.12429000000000012
9219,1.0,23,1,2,0.12419499999999994
9220,0.0,2,1,0,0.12409999999999999
9221,4.0,43,0,4,0.12400500000000003
9222,0.0,3,1,0,0.12391000000000008
9223,1.0,17,1,2,0.12381500000000001
9224,4.0,55,0,4,0.12372000000000005
9225,4.0,34,0,4,0.1236250000000001
9226,3.0,34,1,3,0.12353000000000003
9227,4.0,34,0,4,0.12343500000000007
9228,4.0,42,0,4,0.12334000000000012
9229,1.0,30,1,2,0.12324499999999994
9230,4.0,40,0,4,0.12314999999999998
9231,1.0,16,1,2,0.12305500000000003
9232,1.0,25,1,2,0.12296000000000007
9233,3.0,27,1,3,0.122865
9234,0.0,7,1,0,0.12277000000000005
9235,1.0,33,1,2,0.12267500000000009
9236,3.0,43,1,3,0.12258000000000002
9237,3.0,30,1,3,0.12248500000000007
9238,3.0,45,1,3,0.12239000000000011
9239,3.0,27,1,3,0.12229500000000004
9240,0.0,8,1,1,0.12219999999999998
9241,3.0,49,1,3,0.12210500000000002
9242,4.0,54,0,4,0.12201000000000006
9243,4.0,44,0,4,0.121915
9244,3.0,91,1,3,0.12182000000000004
9245,1.0,16,1,2,0.12172500000000008
9246,0.0,3,1,0,0.12163000000000002
9247,3.0,28,1,3,0.12153500000000006
9248,4.0,94,0,4,0.1214400000000001
9249,3.0,32,1,3,0.12134500000000004
9250,3.0,28,1,3,0.12124999999999997
9251,1.0,20,1,2,0.12115500000000001
9252,4.0,62,0,4,0.12106000000000006
9253,3.0,34,1,3,0.12096499999999999
9254,4.0,30,0,4,0.12087000000000003
9255,4.0,36,0,4,0.12077500000000008
9256,4.0,38,0,4,0.12068000000000001
9257,1.0,21,1,2,0.12058500000000005
9258,4.0,37,0,4,0.1204900000000001
9259,3.0,28,1,3,0.12039500000000014
9260,1.0,19,1,2,0.12029999999999996
9261,4.0,30,0,4,0.120205
9262,0.0,13,1,0,0.12011000000000005
9263,4.0,34,0,4,0.12001499999999998
9264,4.0,35,0,4,0.11992000000000003
9265,4.0,32,0,4,0.11982500000000007
9266,4.0,30,0,4,0.11973000000000011
9267,4.0,30,0,4,0.11963500000000005
9268,3.0,24,1,3,0.11954000000000009
9269,1.0,17,1,2,0.11944500000000013
9270,3.0,27,1,3,0.11934999999999996
9271,4.0,36,0,4,0.119255
9272,4.0,38,0,4,0.11916000000000004
9273,4.0,35,0,4,0.11906499999999998
9274,3.0,31,1,3,0.11897000000000002
9275,3.0,24,1,3,0.11887500000000006
9276,3.0,39,1,3,0.11878000000000011
9277,4.0,32,0,4,0.11868500000000004
9278,1.0,32,1,2,0.11859000000000008
9279,3.0,29,1,3,0.11849500000000013
9280,4.0,41,0,4,0.11839999999999995
9281,4.0,34,0,4,0.118305
9282,1.0,21,1,2,0.11821000000000004
9283,4.0,46,0,4,0.11811500000000008
9284,3.0,35,1,3,0.11802000000000001
9285,1.0,20,1,2,0.11792500000000006
9286,4.0,39,0,4,0.1178300000000001
9287,1.0,16,1,2,0.11773500000000003
9288,3.0,32,1,3,0.11764000000000008
9289,4.0,34,0,4,0.11754500000000012
9290,0.0,3,1,0,0.11744999999999994
9291,4.0,38,0,4,0.11735499999999999
9292,4.0,36,0,4,0.11726000000000003
9293,1.0,16,1,2,0.11716500000000007
9294,3.0,31,1,3,0.11707000000000001
9295,3.0,30,1,3,0.11697500000000005
9296,1.0,17,1,2,0.1168800000000001
9297,3.0,43,1,3,0.11678500000000003
9298,1.0,21,1,2,0.11669000000000007
9299,4.0,41,0,4,0.11659500000000012
9300,4.0,39,0,4,0.11650000000000005
9301,1.0,26,1,2,0.11640499999999998
9302,4.0,40,0,4,0.11631000000000002
9303,0.0,2,1,0,0.11621500000000007
9304,1.0,27,1,2,0.11612
9305,4.0,36,0,4,0.11602500000000004
9306,3.0,29,1,3,0.11593000000000009
9307,4.0,35,0,4,0.11583500000000002
9308,1.0,16,1,2,0.11574000000000007
9309,4.0,40,0,4,0.11564500000000011
9310,3.0,37,1,3,0.11555000000000004
9311,3.0,31,1,3,0.11545499999999997
9312,4.0,32,0,4,0.11536000000000002
9313,4.0,45,0,4,0.11526500000000006
9314,4.0,38,0,4,0.11517
9315,4.0,35,0,4,0.11507500000000004
9316,1.0,20,1,2,0.11498000000000008
9317,3.0,30,1,3,0.11488500000000001
9318,3.0,42,1,3,0.11479000000000006
9319,4.0,33,0,4,0.1146950000000001
9320,1.0,17,1,2,0.11460000000000004
9321,1.0,25,1,2,0.11450499999999997
9322,1.0,27,1,2,0.11441000000000001
9323,1.0,42,1,2,0.11431500000000006
9324,1.0,17,1,2,0.11421999999999999
9325,4.0,67,0,4,0.11412500000000003
9326,4.0,32,0,4,0.11403000000000008
9327,3.0,35,1,3,0.11393500000000012
9328,4.0,40,0,4,0.11384000000000005
9329,1.0,13,1,2,0.1137450000000001
9330,4.0,34,0,4,0.11365000000000003
9331,4.0,34,0,4,0.11355499999999996
9332,1.0,33,1,2,0.11346
9333,1.0,24,1,2,0.11336500000000005
9334,1.0,21,1,2,0.11326999999999998
9335,1.0,22,1,2,0.11317500000000003
9336,1.0,22,1,2,0.11308000000000007
9337,1.0,25,1,2,0.11298500000000011
9338,1.0,24,1,2,0.11289000000000005
9339,1.0,18,1,2,0.11279500000000009
9340,1.0,41,1,2,0.11270000000000002
9341,1.0,55,1,2,0.11260499999999996
9342,1.0,23,1,2,0.11251
9343,3.0,136,1,3,0.11241500000000004
9344,4.0,43,0,4,0.11232000000000009
9345,4.0,35,0,4,0.11222500000000002
9346,3.0,33,1,3,0.11213000000000006
9347,4.0,39,0,4,0.1120350000000001
9348,1.0,13,1,2,0.11194000000000004
9349,1.0,68,1,2,0.11184500000000008
9350,4.0,40,0,4,0.11175000000000002
9351,4.0,51,0,4,0.11165499999999995
9352,3.0,23,1,3,0.11155999999999999
9353,4.0,61,0,4,0.11146500000000004
9354,1.0,20,1,2,0.11137000000000008
9355,3.0,101,1,3,0.11127500000000001
9356,4.0,44,0,4,0.11118000000000006
9357,1.0,16,1,2,0.1110850000000001
9358,4.0,44,0,4,0.11099000000000003
9359,4.0,38,0,4,0.11089500000000008
9360,3.0,33,1,3,0.11080000000000001
9361,1.0,20,1,2,0.11070500000000005
9362,1.0,23,1,2,0.11060999999999999
9363,4.0,34,0,4,0.11051500000000003
9364,4.0,32,0,4,0.11042000000000007
9365,4.0,34,0,4,0.110325
9366,4.0,30,0,4,0.11023000000000005
9367,3.0,22,1,3,0.1101350000000001
9368,4.0,37,0,4,0.11004000000000003
9369,4.0,39,0,4,0.10994500000000007
9370,4.0,40,0,4,0.10985
9371,4.0,32,0,4,0.10975500000000005
9372,0.0,4,1,0,0.10965999999999998
9373,3.0,29,1,3,0.10956500000000002
9374,4.0,32,0,4,0.10947000000000007
9375,3.0,32,1,3,0.109375
9376,1.0,20,1,2,0.10928000000000004
9377,3.0,27,1,3,0.10918500000000009
9378,4.0,53,0,4,0.10909000000000002
9379,1.0,14,1,2,0.10899500000000006
9380,3.0,41,1,3,0.10890000000000011
9381,3.0,32,1,3,0.10880500000000004
9382,3.0,51,1,3,0.10870999999999997
9383,0.0,2,1,0,0.10861500000000002
9384,4.0,46,0,4,0.10852000000000006
9385,1.0,22,1,2,0.108425
9386,0.0,4,1,0,0.10833000000000004
9387,3.0,48,1,3,0.10823500000000008
9388,3.0,32,1,3,0.10814000000000012
9389,3.0,45,1,3,0.10804500000000006
9390,1.0,15,1,2,0.1079500000000001
9391,3.0,32,1,3,0.10785500000000003
9392,4.0,35,0,4,0.10775999999999997
9393,4.0,48,0,4,0.10766500000000001
9394,1.0,26,1,2,0.10757000000000005
9395,4.0,36,0,4,0.10747499999999999
9396,3.0,34,1,3,0.10738000000000003
9397,3.0,35,1,3,0.10728500000000007
9398,4.0,42,0,4,0.10719000000000012
9399,3.0,32,1,3,0.10709500000000005
9400,0.0,2,1,0,0.1070000000000001
9401,3.0,36,1,3,0.10690500000000003
9402,3.0,50,1,3,0.10680999999999996
9403,1.0,18,1,2,0.106715
9404,1.0,17,1,2,0.10662000000000005
9405,3.0,30,1,3,0.10652500000000009
9406,3.0,37,1,3,0.10643000000000002
9407,1.0,20,1,2,0.10633500000000007
9408,4.0,44,0,4,0.10624000000000011
9409,4.0,37,0,4,0.10614500000000004
9410,4.0,33,0,4,0.10605000000000009
9411,3.0,27,1,3,0.10595500000000002
9412,4.0,32,0,4,0.10585999999999995
9413,4.0,30,0,4,0.105765
9414,3.0,33,1,3,0.10567000000000004
9415,1.0,18,1,2,0.10557500000000009
9416,4.0,33,0,4,0.10548000000000002
9417,4.0,36,0,4,0.10538500000000006
9418,4.0,32,0,4,0.1052900000000001
9419,3.0,25,1,3,0.10519500000000004
9420,3.0,40,1,3,0.10510000000000008
9421,3.0,73,1,3,0.10500500000000001
9422,3.0,45,1,3,0.10491000000000006
9423,4.0,46,0,4,0.10481499999999999
9424,4.0,39,0,4,0.10472000000000004
9425,4.0,36,0,4,0.10462500000000008
9426,4.0,39,0,4,0.10453000000000001
9427,4.0,39,0,4,0.10443500000000006
9428,3.0,30,1,3,0.1043400000000001
9429,3.0,31,1,3,0.10424500000000003
9430,3.0,44,1,3,0.10415000000000008
9431,3.0,24,1,3,0.10405500000000001
9432,4.0,79,0,4,0.10396000000000005
9433,1.0,17,1,2,0.10386499999999999
9434,3.0,28,1,3,0.10377000000000003
9435,3.0,32,1,3,0.10367500000000007
9436,4.0,37,0,4,0.10358
9437,4.0,36,0,4,0.10348500000000005
9438,4.0,34,0,4,0.10339000000000009
9439,4.0,37,0,4,0.10329500000000003
9440,4.0,38,0,4,0.10320000000000007
9441,4.0,42,0,4,0.103105
9442,3.0,29,1,3,0.10301000000000005
9443,3.0,34,1,3,0.10291499999999998
9444,4.0,35,0,4,0.10282000000000002
9445,1.0,16,1,2,0.10272500000000007
9446,3.0,33,1,3,0.10263
9447,4.0,56,0,4,0.10253500000000004
9448,1.0,19,1,2,0.10244000000000009
9449,4.0,39,0,4,0.10234500000000013
9450,1.0,19,1,2,0.10225000000000006
9451,4.0,38,0,4,0.102155
9452,1.0,22,1,2,0.10206000000000004
9453,4.0,37,0,4,0.10196499999999997
9454,0.0,2,1,0,0.10187000000000002
9455,4.0,36,0,4,0.10177500000000006
9456,1.0,18,1,2,0.10167999999999999
9457,4.0,34,0,4,0.10158500000000004
9458,4.0,36,0,4,0.10149000000000008
9459,4.0,36,0,4,0.10139500000000012
9460,1.0,19,1,2,0.10130000000000006
9461,4.0,35,0,4,0.10120499999999999
9462,3.0,30,1,3,0.10111000000000003
9463,4.0,56,0,4,0.10101499999999997
9464,4.0,37,0,4,0.10092000000000001
9465,1.0,19,1,2,0.10082500000000005
9466,0.0,2,1,0,0.1007300000000001
9467,1.0,17,1,2,0.10063500000000003
9468,4.0,38,0,4,0.10054000000000007
9469,4.0,38,0,4,0.10044500000000012
9470,4.0,34,0,4,0.10035000000000005
9471,1.0,19,1,2,0.10025499999999998
9472,4.0,34,0,4,0.10016000000000003
9473,1.0,20,1,2,0.10006499999999996
9474,4.0,39,0,4,0.09997
9475,4.0,32,0,4,0.09987500000000005
9476,1.0,18,1,2,0.09978000000000009
9477,3.0,27,1,3,0.09968500000000002
9478,4.0,40,0,4,0.09959000000000007
9479,4.0,30,0,4,0.09949500000000011
9480,4.0,34,0,4,0.09940000000000004
9481,3.0,61,1,3,0.09930499999999998
9482,3.0,29,1,3,0.09921000000000002
9483,4.0,34,0,4,0.09911500000000006
9484,1.0,13,1,2,0.09902
9485,4.0,42,0,4,0.09892500000000004
9486,4.0,37,0,4,0.09883000000000008
9487,3.0,26,1,3,0.09873500000000002
9488,4.0,39,0,4,0.09864000000000006
9489,1.0,17,1,2,0.0985450000000001
9490,1.0,20,1,2,0.09845000000000004
9491,1.0,17,1,2,0.09835499999999997
9492,4.0,32,0,4,0.09826000000000001
9493,1.0,18,1,2,0.09816500000000006
9494,3.0,29,1,3,0.09806999999999999
9495,3.0,31,1,3,0.09797500000000003
9496,4.0,44,0,4,0.09788000000000008
9497,3.0,29,1,3,0.09778500000000001
9498,4.0,38,0,4,0.09769000000000005
9499,4.0,32,0,4,0.0975950000000001
9500,3.0,31,1,3,0.09750000000000003
9501,1.0,23,1,2,0.09740500000000007
9502,3.0,49,1,3,0.09731000000000001
9503,4.0,58,0,4,0.09721500000000005
9504,1.0,23,1,2,0.09711999999999998
9505,4.0,43,0,4,0.09702500000000003
9506,1.0,19,1,2,0.09693000000000007
9507,1.0,17,1,2,0.096835
9508,4.0,41,0,4,0.09674000000000005
9509,4.0,33,0,4,0.09664500000000009
9510,4.0,34,0,4,0.09655000000000014
9511,4.0,36,0,4,0.09645500000000007
9512,3.0,24,1,3,0.09636
9513,3.0,34,1,3,0.09626500000000004
9514,4.0,36,0,4,0.09616999999999998
9515,3.0,42,1,3,0.09607500000000002
9516,3.0,33,1,3,0.09598000000000007
9517,3.0,30,1,3,0.095885
9518,1.0,16,1,2,0.09579000000000004
9519,4.0,47,0,4,0.09569500000000009
9520,1.0,17,1,2,0.09560000000000013
9521,3.0,25,1,3,0.09550500000000006
9522,4.0,226,0,4,0.09541
9523,1.0,22,1,2,0.09531500000000004
9524,4.0,38,0,4,0.09521999999999997
9525,4.0,38,0,4,0.09512500000000002
9526,4.0,34,0,4,0.09503000000000006
9527,4.0,35,0,4,0.0949350000000001
9528,4.0,41,0,4,0.09484000000000004
9529,3.0,34,1,3,0.09474500000000008
9530,3.0,29,1,3,0.09465000000000012
9531,1.0,15,1,2,0.09455500000000006
9532,1.0,18,1,2,0.09445999999999999
9533,3.0,30,1,3,0.09436500000000003
9534,4.0,38,0,4,0.09426999999999996
9535,1.0,17,1,2,0.09417500000000001
9536,4.0,37,0,4,0.09408000000000005
9537,4.0,30,0,4,0.0939850000000001
9538,4.0,35,0,4,0.09389000000000003
9539,4.0,33,0,4,0.09379500000000007
9540,3.0,33,1,3,0.09370000000000012
9541,4.0,33,0,4,0.09360500000000005
9542,4.0,31,0,4,0.09350999999999998
9543,3.0,29,1,3,0.09341500000000003
9544,4.0,34,0,4,0.09332000000000007
9545,0.0,3,1,0,0.093225
9546,1.0,18,1,2,0.09313000000000005
9547,4.0,30,0,4,0.09303500000000009
9548,4.0,30,0,4,0.09294000000000002
9549,4.0,46,0,4,0.09284500000000007
9550,4.0,31,0,4,0.09275000000000011
9551,3.0,28,1,3,0.09265500000000004
9552,3.0,37,1,3,0.09255999999999998
9553,4.0,30,0,4,0.09246500000000002
9554,3.0,32,1,3,0.09237000000000006
9555,1.0,17,1,2,0.092275
9556,3.0,29,1,3,0.09218000000000004
9557,4.0,37,0,4,0.09208500000000008
9558,3.0,33,1,3,0.09199000000000002
9559,3.0,43,1,3,0.09189500000000006
9560,1.0,16,1,2,0.0918000000000001
9561,1.0,21,1,2,0.09170500000000004
9562,3.0,35,1,3,0.09160999999999997
9563,1.0,16,1,2,0.09151500000000001
9564,4.0,69,0,4,0.09142000000000006
9565,4.0,40,0,4,0.09132499999999999
9566,4.0,40,0,4,0.09123000000000003
9567,4.0,31,0,4,0.09113500000000008
9568,3.0,36,1,3,0.09104000000000001
9569,4.0,33,0,4,0.09094500000000005
9570,1.0,20,1,2,0.0908500000000001
9571,3.0,36,1,3,0.09075500000000014
9572,3.0,36,1,3,0.09065999999999996
9573,3.0,29,1,3,0.090565
9574,0.0,2,1,0,0.09047000000000005
9575,4.0,34,0,4,0.09037499999999998
9576,1.0,21,1,2,0.09028000000000003
9577,1.0,24,1,2,0.09018500000000007
9578,3.0,25,1,3,0.09009
9579,4.0,32,0,4,0.08999500000000005
9580,3.0,37,1,3,0.08990000000000009
9581,3.0,26,1,3,0.08980500000000013
9582,4.0,40,0,4,0.08970999999999996
9583,3.0,25,1,3,0.089615
9584,4.0,42,0,4,0.08952000000000004
9585,4.0,45,0,4,0.08942499999999998
9586,3.0,24,1,3,0.08933000000000002
9587,3.0,50,1,3,0.08923500000000006
9588,4.0,123,0,4,0.08914000000000011
9589,1.0,22,1,2,0.08904500000000004
9590,3.0,38,1,3,0.08895000000000008
9591,1.0,19,1,2,0.08885500000000013
9592,4.0,37,0,4,0.08875999999999995
9593,3.0,24,1,3,0.088665
9594,4.0,53,0,4,0.08857000000000004
9595,1.0,15,1,2,0.08847499999999997
9596,3.0,27,1,3,0.08838000000000001
9597,3.0,28,1,3,0.08828500000000006
9598,3.0,74,1,3,0.0881900000000001
9599,1.0,16,1,2,0.08809500000000003
9600,3.0,31,1,3,0.08800000000000008
9601,4.0,61,0,4,0.08790500000000012
9602,4.0,39,0,4,0.08780999999999994
9603,1.0,17,1,2,0.08771499999999999
9604,4.0,36,0,4,0.08762000000000003
9605,1.0,17,1,2,0.08752500000000007
9606,1.0,16,1,2,0.08743000000000001
9607,3.0,24,1,3,0.08733500000000005
9608,4.0,51,0,4,0.0872400000000001
9609,3.0,32,1,3,0.08714500000000003
9610,4.0,34,0,4,0.08705000000000007
9611,4.0,80,0,4,0.08695500000000012
9612,3.0,28,1,3,0.08685999999999994
9613,4.0,34,0,4,0.08676499999999998
9614,4.0,37,0,4,0.08667000000000002
9615,4.0,40,0,4,0.08657500000000007
9616,4.0,30,0,4,0.08648
9617,3.0,32,1,3,0.08638500000000005
9618,4.0,40,0,4,0.08629000000000009
9619,4.0,37,0,4,0.08619500000000002
9620,4.0,30,0,4,0.08610000000000007
9621,3.0,26,1,3,0.08600500000000011
9622,4.0,35,0,4,0.08591000000000004
9623,0.0,5,1,0,0.08581499999999997
9624,3.0,29,1,3,0.08572000000000002
9625,4.0,34,0,4,0.08562500000000006
9626,1.0,16,1,2,0.08553
9627,4.0,32,0,4,0.08543500000000004
9628,4.0,34,0,4,0.08534000000000008
9629,4.0,30,0,4,0.08524500000000002
9630,4.0,40,0,4,0.08515000000000006
9631,4.0,30,0,4,0.0850550000000001
9632,1.0,21,1,2,0.08496000000000015
9633,1.0,17,1,2,0.08486499999999997
9634,4.0,30,0,4,0.08477000000000001
9635,3.0,33,1,3,0.08467500000000006
9636,4.0,30,0,4,0.08457999999999999
9637,1.0,17,1,2,0.08448500000000003
9638,1.0,20,1,2,0.08439000000000008
9639,4.0,32,0,4,0.08429500000000001
9640,1.0,21,1,2,0.08420000000000005
9641,1.0,17,1,2,0.0841050000000001
9642,0.0,3,1,0,0.08401000000000014
9643,1.0,18,1,2,0.08391499999999996
9644,3.0,74,1,3,0.08382
9645,1.0,17,1,2,0.08372500000000005
9646,1.0,21,1,2,0.08362999999999998
9647,1.0,31,1,2,0.08353500000000003
9648,1.0,32,1,2,0.08344000000000007
9649,1.0,53,1,2,0.08334500000000011
9650,3.0,27,1,3,0.08325000000000005
9651,3.0,29,1,3,0.08315500000000009
9652,0.0,4,1,0,0.08306000000000013
9653,3.0,42,1,3,0.08296499999999996
9654,4.0,50,0,4,0.08287
9655,4.0,43,0,4,0.08277500000000004
9656,1.0,17,1,2,0.08267999999999998
9657,4.0,42,0,4,0.08258500000000002
9658,4.0,42,0,4,0.08249000000000006
9659,0.0,3,1,0,0.08239500000000011
9660,1.0,16,1,2,0.08230000000000004
9661,4.0,40,0,4,0.08220500000000008
9662,4.0,38,0,4,0.08211000000000013
9663,1.0,26,1,2,0.08201499999999995
9664,4.0,33,0,4,0.08191999999999999
9665,4.0,37,0,4,0.08182500000000004
9666,3.0,22,1,3,0.08173000000000008
9667,3.0,37,1,3,0.08163500000000001
9668,4.0,39,0,4,0.08154000000000006
9669,4.0,33,0,4,0.0814450000000001
9670,4.0,32,0,4,0.08135000000000003
9671,4.0,35,0,4,0.08125500000000008
9672,1.0,20,1,2,0.08116000000000012
9673,1.0,17,1,2,0.08106499999999994
9674,1.0,17,1,2,0.08096999999999999
9675,4.0,131,0,4,0.08087500000000003
9676,4.0,38,0,4,0.08078000000000007
9677,4.0,36,0,4,0.080685
9678,4.0,44,0,4,0.08059000000000005
9679,4.0,40,0,4,0.0804950000000001
9680,1.0,13,1,2,0.08040000000000003
9681,4.0,51,0,4,0.08030500000000007
9682,4.0,125,0,4,0.08021000000000011
9683,4.0,33,0,4,0.08011500000000005
9684,4.0,42,0,4,0.08001999999999998
9685,3.0,42,1,3,0.07992500000000002
9686,4.0,40,0,4,0.07983000000000007
9687,3.0,28,1,3,0.079735
9688,3.0,31,1,3,0.07964000000000004
9689,4.0,36,0,4,0.07954500000000009
9690,1.0,16,1,2,0.07945000000000002
9691,4.0,34,0,4,0.07935500000000006
9692,4.0,34,0,4,0.07926000000000011
9693,3.0,39,1,3,0.07916500000000004
9694,4.0,36,0,4,0.07906999999999997
9695,0.0,2,1,0,0.07897500000000002
9696,3.0,31,1,3,0.07888000000000006
9697,4.0,37,0,4,0.078785
9698,1.0,17,1,2,0.07869000000000004
9699,1.0,20,1,2,0.07859500000000008
9700,4.0,35,0,4,0.07850000000000001
9701,4.0,32,0,4,0.07840500000000006
9702,4.0,34,0,4,0.0783100000000001
9703,4.0,34,0,4,0.07821500000000003
9704,3.0,31,1,3,0.07811999999999997
9705,3.0,27,1,3,0.07802500000000001
9706,4.0,32,0,4,0.07793000000000005
9707,1.0,17,1,2,0.07783499999999999
9708,4.0,35,0,4,0.07774000000000003
9709,3.0,27,1,3,0.07764500000000008
9710,3.0,32,1,3,0.07755000000000012
9711,1.0,19,1,2,0.07745500000000005
9712,4.0,38,0,4,0.0773600000000001
9713,4.0,38,0,4,0.07726500000000003
9714,4.0,34,0,4,0.07716999999999996
9715,4.0,41,0,4,0.077075
9716,3.0,29,1,3,0.07698000000000005
9717,4.0,35,0,4,0.07688499999999998
9718,4.0,34,0,4,0.07679000000000002
9719,1.0,22,1,2,0.07669500000000007
9720,1.0,16,1,2,0.07660000000000011
9721,4.0,35,0,4,0.07650500000000005
9722,1.0,16,1,2,0.07641000000000009
9723,1.0,17,1,2,0.07631500000000002
9724,4.0,32,0,4,0.07621999999999995
9725,4.0,34,0,4,0.076125
9726,4.0,40,0,4,0.07603000000000004
9727,4.0,38,0,4,0.07593500000000009
9728,4.0,34,0,4,0.07584000000000002
9729,4.0,34,0,4,0.07574500000000006
9730,1.0,14,1,2,0.0756500000000001
9731,4.0,32,0,4,0.07555500000000004
9732,4.0,34,0,4,0.07546000000000008
9733,3.0,28,1,3,0.07536500000000002
9734,4.0,36,0,4,0.07526999999999995
9735,1.0,15,1,2,0.07517499999999999
9736,4.0,36,0,4,0.07508000000000004
9737,1.0,16,1,2,0.07498500000000008
9738,4.0,34,0,4,0.07489000000000001
9739,4.0,38,0,4,0.07479500000000006
9740,4.0,35,0,4,0.0747000000000001
9741,1.0,23,1,2,0.07460500000000003
9742,1.0,15,1,2,0.07451000000000008
9743,3.0,31,1,3,0.07441500000000001
9744,4.0,39,0,4,0.07432000000000005
9745,3.0,32,1,3,0.07422499999999999
9746,4.0,36,0,4,0.07413000000000003
9747,1.0,17,1,2,0.07403500000000007
9748,4.0,34,0,4,0.07394
9749,1.0,18,1,2,0.07384500000000005
9750,1.0,19,1,2,0.0737500000000001
9751,4.0,36,0,4,0.07365500000000003
9752,3.0,28,1,3,0.07356000000000007
9753,1.0,18,1,2,0.07346500000000011
9754,4.0,34,0,4,0.07337000000000005
9755,3.0,23,1,3,0.07327499999999998
9756,4.0,30,0,4,0.07318000000000002
9757,3.0,26,1,3,0.07308500000000007
9758,4.0,30,0,4,0.07299
9759,1.0,17,1,2,0.07289500000000004
9760,4.0,32,0,4,0.07280000000000009
9761,4.0,30,0,4,0.07270500000000002
9762,4.0,32,0,4,0.07261000000000006
9763,4.0,32,0,4,0.07251500000000011
9764,4.0,35,0,4,0.07242000000000004
9765,3.0,32,1,3,0.07232499999999997
9766,4.0,39,0,4,0.07223000000000002
9767,4.0,33,0,4,0.07213500000000006
9768,3.0,30,1,3,0.07203999999999999
9769,0.0,2,1,0,0.07194500000000004
9770,4.0,39,0,4,0.07185000000000008
9771,4.0,30,0,4,0.07175500000000012
9772,4.0,32,0,4,0.07166000000000006
9773,1.0,17,1,2,0.0715650000000001
9774,4.0,30,0,4,0.07147000000000003
9775,3.0,33,1,3,0.07137499999999997
9776,4.0,30,0,4,0.07128000000000001
9777,1.0,20,1,2,0.07118500000000005
9778,4.0,34,0,4,0.07108999999999999
9779,3.0,28,1,3,0.07099500000000003
9780,4.0,30,0,4,0.07090000000000007
9781,4.0,33,0,4,0.07080500000000012
9782,4.0,36,0,4,0.07071000000000005
9783,4.0,34,0,4,0.0706150000000001
9784,3.0,27,1,3,0.07052000000000003
9785,4.0,30,0,4,0.07042499999999996
9786,3.0,22,1,3,0.07033
9787,1.0,16,1,2,0.07023500000000005
9788,1.0,17,1,2,0.07014000000000009
9789,3.0,20,1,3,0.07004500000000002
9790,3.0,28,1,3,0.06995000000000007
9791,1.0,16,1,2,0.06985500000000011
9792,4.0,34,0,4,0.06976000000000004
9793,4.0,30,0,4,0.06966500000000009
9794,4.0,30,0,4,0.06957000000000002
9795,1.0,17,1,2,0.06947499999999995
9796,4.0,32,0,4,0.06938
9797,4.0,36,0,4,0.06928500000000004
9798,4.0,34,0,4,0.06919000000000008
9799,1.0,14,1,2,0.06909500000000002
9800,3.0,29,1,3,0.06900000000000006
9801,4.0,30,0,4,0.0689050000000001
9802,4.0,32,0,4,0.06881000000000004
9803,4.0,30,0,4,0.06871500000000008
9804,1.0,16,1,2,0.06862000000000001
9805,4.0,31,0,4,0.06852500000000006
9806,3.0,29,1,3,0.06842999999999999
9807,1.0,19,1,2,0.06833500000000003
9808,4.0,33,0,4,0.06824000000000008
9809,3.0,23,1,3,0.06814500000000001
9810,4.0,32,0,4,0.06805000000000005
9811,1.0,17,1,2,0.0679550000000001
9812,4.0,30,0,4,0.06786000000000003
9813,4.0,37,0,4,0.06776500000000008
9814,3.0,28,1,3,0.06767000000000001
9815,1.0,16,1,2,0.06757500000000005
9816,1.0,22,1,2,0.06747999999999998
9817,4.0,31,0,4,0.06738500000000003
9818,4.0,30,0,4,0.06729000000000007
9819,4.0,38,0,4,0.067195
9820,4.0,32,0,4,0.06710000000000005
9821,4.0,31,0,4,0.06700500000000009
9822,4.0,34,0,4,0.06691000000000003
9823,4.0,30,0,4,0.06681500000000007
9824,4.0,32,0,4,0.06672
9825,3.0,25,1,3,0.06662500000000005
9826,1.0,16,1,2,0.06652999999999998
9827,4.0,36,0,4,0.06643500000000002
9828,4.0,32,0,4,0.06634000000000007
9829,3.0,25,1,3,0.066245
9830,4.0,32,0,4,0.06615000000000004
9831,4.0,34,0,4,0.06605500000000009
9832,4.0,30,0,4,0.06596000000000013
9833,4.0,32,0,4,0.06586500000000006
9834,4.0,30,0,4,0.06577
9835,3.0,26,1,3,0.06567500000000004
9836,1.0,18,1,2,0.06557999999999997
9837,4.0,30,0,4,0.06548500000000002
9838,3.0,27,1,3,0.06539000000000006
9839,4.0,30,0,4,0.06529499999999999
9840,1.0,18,1,2,0.06520000000000004
9841,4.0,32,0,4,0.06510500000000008
9842,1.0,22,1,2,0.06501000000000012
9843,4.0,30,0,4,0.06491500000000006
9844,1.0,19,1,2,0.06481999999999999
9845,1.0,23,1,2,0.06472500000000003
9846,4.0,33,0,4,0.06462999999999997
9847,4.0,34,0,4,0.06453500000000001
9848,1.0,16,1,2,0.06444000000000005
9849,4.0,34,0,4,0.0643450000000001
9850,1.0,17,1,2,0.06425000000000003
9851,4.0,31,0,4,0.06415500000000007
9852,3.0,31,1,3,0.06406000000000012
9853,4.0,31,0,4,0.06396500000000005
9854,3.0,32,1,3,0.06386999999999998
9855,3.0,32,1,3,0.06377500000000003
9856,3.0,23,1,3,0.06367999999999996
9857,4.0,32,0,4,0.063585
9858,4.0,30,0,4,0.06349000000000005
9859,3.0,29,1,3,0.06339500000000009
9860,4.0,32,0,4,0.06330000000000002
9861,0.0,3,1,0,0.06320500000000007
9862,3.0,30,1,3,0.06311000000000011
9863,3.0,37,1,3,0.06301500000000004
9864,4.0,68,0,4,0.06291999999999998
9865,4.0,32,0,4,0.06282500000000002
9866,4.0,32,0,4,0.06273000000000006
9867,4.0,30,0,4,0.062635
9868,4.0,35,0,4,0.06254000000000004
9869,4.0,32,0,4,0.062445000000000084
9870,4.0,34,0,4,0.062350000000000017
9871,4.0,30,0,4,0.06225500000000006
9872,1.0,15,1,2,0.062160000000000104
9873,4.0,32,0,4,0.06206500000000004
9874,4.0,30,0,4,0.06196999999999997
9875,4.0,38,0,4,0.06187500000000001
9876,4.0,34,0,4,0.06178000000000006
9877,3.0,33,1,3,0.06168499999999999
9878,4.0,41,0,4,0.061590000000000034
9879,4.0,35,0,4,0.06149500000000008
9880,4.0,30,0,4,0.06140000000000001
9881,4.0,32,0,4,0.061305000000000054
9882,4.0,30,0,4,0.0612100000000001
9883,4.0,33,0,4,0.06111500000000003
9884,4.0,34,0,4,0.061020000000000074
9885,3.0,31,1,3,0.06092500000000001
9886,4.0,32,0,4,0.06083000000000005
9887,4.0,32,0,4,0.06073499999999998
9888,4.0,30,0,4,0.06064000000000003
9889,1.0,17,1,2,0.06054500000000007
9890,4.0,34,0,4,0.060450000000000004
9891,4.0,32,0,4,0.06035500000000005
9892,1.0,17,1,2,0.06026000000000009
9893,1.0,17,1,2,0.060165000000000135
9894,4.0,36,0,4,0.06007000000000007
9895,4.0,30,0,4,0.059975
9896,3.0,31,1,3,0.059880000000000044
9897,1.0,18,1,2,0.05978499999999998
9898,1.0,20,1,2,0.05969000000000002
9899,4.0,30,0,4,0.059595000000000065
9900,3.0,27,1,3,0.0595
9901,4.0,30,0,4,0.05940500000000004
9902,4.0,30,0,4,0.059310000000000085
9903,4.0,30,0,4,0.05921500000000013
9904,4.0,35,0,4,0.05912000000000006
9905,4.0,32,0,4,0.059024999999999994
9906,4.0,32,0,4,0.05893000000000004
9907,3.0,27,1,3,0.05883499999999997
9908,4.0,34,0,4,0.058740000000000014
9909,4.0,30,0,4,0.05864500000000006
9910,1.0,20,1,2,0.0585500000000001
9911,1.0,15,1,2,0.058455000000000035
9912,4.0,31,0,4,0.05836000000000008
9913,1.0,20,1,2,0.05826500000000012
9914,0.0,5,1,0,0.058170000000000055
9915,0.0,7,1,0,0.05807499999999999
9916,1.0,20,1,2,0.05798000000000003
9917,3.0,31,1,3,0.057884999999999964
9918,4.0,32,0,4,0.05779000000000001
9919,1.0,14,1,2,0.05769500000000005
9920,3.0,32,1,3,0.057600000000000096
9921,3.0,21,1,3,0.05750500000000003
9922,4.0,32,0,4,0.05741000000000007
9923,4.0,34,0,4,0.057315000000000116
9924,4.0,30,0,4,0.05722000000000005
9925,4.0,30,0,4,0.05712499999999998
9926,4.0,31,0,4,0.057030000000000025
9927,4.0,32,0,4,0.05693500000000007
9928,4.0,30,0,4,0.05684
9929,4.0,32,0,4,0.056745000000000045
9930,3.0,25,1,3,0.05665000000000009
9931,4.0,30,0,4,0.05655500000000002
9932,4.0,30,0,4,0.056460000000000066
9933,3.0,26,1,3,0.05636500000000011
9934,3.0,23,1,3,0.05627000000000004
9935,4.0,32,0,4,0.056174999999999975
9936,4.0,30,0,4,0.05608000000000002
9937,3.0,24,1,3,0.05598500000000006
9938,4.0,39,0,4,0.055889999999999995
9939,4.0,32,0,4,0.05579500000000004
9940,4.0,30,0,4,0.05570000000000008
9941,4.0,31,0,4,0.055605000000000016
9942,3.0,22,1,3,0.05551000000000006
9943,4.0,33,0,4,0.0554150000000001
9944,3.0,25,1,3,0.055320000000000036
9945,4.0,32,0,4,0.05522499999999997
9946,4.0,30,0,4,0.05513000000000001
9947,4.0,33,0,4,0.055035000000000056
9948,1.0,17,1,2,0.05493999999999999
9949,3.0,27,1,3,0.05484500000000003
9950,4.0,33,0,4,0.054750000000000076
9951,1.0,20,1,2,0.05465500000000001
9952,4.0,32,0,4,0.05456000000000005
9953,4.0,35,0,4,0.0544650000000001
9954,4.0,32,0,4,0.05437000000000014
9955,1.0,18,1,2,0.05427499999999996
9956,4.0,32,0,4,0.054180000000000006
9957,3.0,29,1,3,0.05408500000000005
9958,1.0,17,1,2,0.05398999999999998
9959,1.0,16,1,2,0.053895000000000026
9960,4.0,31,0,4,0.05380000000000007
9961,4.0,33,0,4,0.053705
9962,4.0,32,0,4,0.053610000000000047
9963,1.0,16,1,2,0.05351500000000009
9964,1.0,15,1,2,0.053420000000000134
9965,4.0,43,0,4,0.053324999999999956
9966,1.0,20,1,2,0.05323
9967,4.0,32,0,4,0.05313500000000004
9968,4.0,32,0,4,0.053039999999999976
9969,4.0,30,0,4,0.05294500000000002
9970,3.0,27,1,3,0.052850000000000064
9971,4.0,30,0,4,0.05275500000000011
9972,3.0,28,1,3,0.05266000000000004
9973,3.0,30,1,3,0.052565000000000084
9974,4.0,34,0,4,0.05247000000000013
9975,4.0,36,0,4,0.05237499999999995
9976,1.0,17,1,2,0.05227999999999999
9977,1.0,16,1,2,0.05218500000000004
9978,4.0,39,0,4,0.05208999999999997
9979,0.0,4,1,0,0.05199500000000001
9980,4.0,32,0,4,0.05190000000000006
9981,4.0,34,0,4,0.0518050000000001
9982,3.0,24,1,3,0.051710000000000034
9983,3.0,24,1,3,0.05161500000000008
9984,4.0,31,0,4,0.05152000000000012
9985,1.0,17,1,2,0.05142499999999994
9986,1.0,15,1,2,0.05132999999999999
9987,4.0,50,0,4,0.05123500000000003
9988,1.0,15,1,2,0.051140000000000074
9989,4.0,42,0,4,0.05104500000000001
9990,3.0,27,1,3,0.05095000000000005
9991,3.0,32,1,3,0.050855000000000095
9992,4.0,30,0,4,0.05076000000000003
9993,4.0,32,0,4,0.05066500000000007
9994,3.0,30,1,3,0.050570000000000115
9995,1.0,16,1,2,0.05047499999999994
9996,4.0,30,0,4,0.05037999999999998
9997,4.0,30,0,4,0.050285000000000024
9998,4.0,31,0,4,0.05019000000000007
9999,3.0,26,1,3,0.050095
10000,1.0,19,1,2,0.05
10001,1.0,17,1,2,0.05
10002,4.0,30,0,4,0.05
10003,1.0,19,1,2,0.05
10004,4.0,30,0,4,0.05
10005,4.0,32,0,4,0.05
10006,4.0,32,0,4,0.05
10007,3.0,23,1,3,0.05
10008,4.0,30,0,4,0.05
10009,4.0,34,0,4,0.05
10010,4.0,30,0,4,0.05
10011,1.0,17,1,2,0.05
10012,4.0,30,0,4,0.05
10013,4.0,34,0,4,0.05
10014,1.0,20,1,2,0.05
10015,4.0,34,0,4,0.05
10016,1.0,20,1,2,0.05
10017,4.0,32,0,4,0.05
10018,4.0,33,0,4,0.05
10019,4.0,34,0,4,0.05
10020,4.0,31,0,4,0.05
10021,4.0,31,0,4,0.05
10022,4.0,30,0,4,0.05
10023,3.0,26,1,3,0.05
10024,1.0,17,1,2,0.05
10025,4.0,32,0,4,0.05
10026,1.0,13,1,2,0.05
10027,4.0,30,0,4,0.05
10028,0.0,3,1,0,0.05
10029,1.0,15,1,2,0.05
10030,4.0,30,0,4,0.05
10031,4.0,32,0,4,0.05
10032,1.0,18,1,2,0.05
10033,1.0,14,1,2,0.05
10034,3.0,33,1,3,0.05
10035,4.0,35,0,4,0.05
10036,4.0,32,0,4,0.05
10037,1.0,17,1,2,0.05
10038,4.0,32,0,4,0.05
10039,4.0,32,0,4,0.05
10040,1.0,17,1,2,0.05
10041,1.0,17,1,2,0.05
10042,3.0,24,1,3,0.05
10043,4.0,30,0,4,0.05
10044,3.0,27,1,3,0.05
10045,4.0,30,0,4,0.05
10046,1.0,19,1,2,0.05
10047,4.0,32,0,4,0.05
10048,3.0,23,1,3,0.05
10049,4.0,30,0,4,0.05
10050,1.0,20,1,2,0.05
10051,4.0,32,0,4,0.05
10052,4.0,32,0,4,0.05
10053,0.0,6,1,0,0.05
10054,4.0,30,0,4,0.05
10055,4.0,30,0,4,0.05
10056,3.0,30,1,3,0.05
10057,4.0,32,0,4,0.05
10058,4.0,32,0,4,0.05
10059,4.0,32,0,4,0.05
10060,4.0,32,0,4,0.05
10061,1.0,17,1,2,0.05
10062,4.0,32,0,4,0.05
10063,3.0,27,1,3,0.05
10064,4.0,34,0,4,0.05
10065,4.0,30,0,4,0.05
10066,1.0,18,1,2,0.05
10067,4.0,31,0,4,0.05
10068,1.0,19,1,2,0.05
10069,3.0,33,1,3,0.05
10070,4.0,32,0,4,0.05
10071,4.0,30,0,4,0.05
10072,1.0,22,1,2,0.05
10073,4.0,31,0,4,0.05
10074,0.0,3,1,0,0.05
10075,1.0,21,1,2,0.05
10076,3.0,28,1,3,0.05
10077,4.0,30,0,4,0.05
10078,1.0,18,1,2,0.05
10079,3.0,28,1,3,0.05
10080,4.0,32,0,4,0.05
10081,4.0,34,0,4,0.05
10082,3.0,21,1,3,0.05
10083,4.0,32,0,4,0.05
10084,3.0,24,1,3,0.05
10085,4.0,30,0,4,0.05
10086,4.0,32,0,4,0.05
10087,4.0,30,0,4,0.05
10088,4.0,32,0,4,0.05
10089,4.0,31,0,4,0.05
10090,1.0,23,1,2,0.05
10091,4.0,30,0,4,0.05
10092,4.0,33,0,4,0.05
10093,4.0,33,0,4,0.05
10094,1.0,16,1,2,0.05
10095,4.0,31,0,4,0.05
10096,3.0,30,1,3,0.05
10097,1.0,17,1,2,0.05
10098,4.0,34,0,4,0.05
10099,0.0,3,1,0,0.05
10100,4.0,32,0,4,0.05
10101,0.0,3,1,0,0.05
10102,1.0,32,1,2,0.05
10103,3.0,27,1,3,0.05
10104,4.0,30,0,4,0.05
10105,4.0,31,0,4,0.05
10106,4.0,30,0,4,0.05
10107,3.0,29,1,3,0.05
10108,4.0,31,0,4,0.05
10109,4.0,30,0,4,0.05
10110,0.0,4,1,0,0.05
10111,1.0,27,1,2,0.05
10112,3.0,27,1,3,0.05
10113,4.0,30,0,4,0.05
10114,0.0,2,1,0,0.05
10115,1.0,20,1,2,0.05
10116,3.0,30,1,3,0.05
10117,1.0,17,1,2,0.05
10118,4.0,34,0,4,0.05
10119,3.0,35,1,3,0.05
10120,3.0,28,1,3,0.05
10121,1.0,17,1,2,0.05
10122,3.0,24,1,3,0.05
10123,4.0,30,0,4,0.05
10124,1.0,17,1,2,0.05
10125,4.0,35,0,4,0.05
10126,1.0,19,1,2,0.05
10127,4.0,37,0,4,0.05
10128,4.0,30,0,4,0.05
10129,1.0,18,1,2,0.05
10130,3.0,22,1,3,0.05
10131,1.0,15,1,2,0.05
10132,4.0,31,0,4,0.05
10133,1.0,15,1,2,0.05
10134,4.0,106,0,4,0.05
10135,4.0,38,0,4,0.05
10136,3.0,30,1,3,0.05
10137,1.0,14,1,2,0.05
10138,1.0,57,1,2,0.05
10139,4.0,42,0,4,0.05
10140,4.0,32,0,4,0.05
10141,1.0,21,1,2,0.05
10142,3.0,24,1,3,0.05
10143,1.0,26,1,2,0.05
10144,3.0,39,1,3,0.05
10145,3.0,31,1,3,0.05
10146,1.0,14,1,2,0.05
10147,3.0,38,1,3,0.05
10148,4.0,36,0,4,0.05
10149,4.0,35,0,4,0.05
10150,4.0,35,0,4,0.05
10151,4.0,33,0,4,0.05
10152,4.0,32,0,4,0.05
10153,4.0,34,0,4,0.05
10154,4.0,34,0,4,0.05
10155,4.0,33,0,4,0.05
10156,4.0,38,0,4,0.05
10157,4.0,33,0,4,0.05
10158,1.0,24,1,2,0.05
10159,4.0,41,0,4,0.05
10160,4.0,37,0,4,0.05
10161,1.0,20,1,2,0.05
10162,1.0,17,1,2,0.05
10163,4.0,33,0,4,0.05
10164,4.0,32,0,4,0.05
10165,3.0,30,1,3,0.05
10166,4.0,34,0,4,0.05
10167,3.0,26,1,3,0.05
10168,4.0,32,0,4,0.05
10169,1.0,13,1,2,0.05
10170,4.0,32,0,4,0.05
10171,3.0,34,1,3,0.05
10172,4.0,36,0,4,0.05
10173,1.0,21,1,2,0.05
10174,4.0,56,0,4,0.05
10175,1.0,15,1,2,0.05
10176,3.0,31,1,3,0.05
10177,3.0,26,1,3,0.05
10178,3.0,31,1,3,0.05
10179,4.0,34,0,4,0.05
10180,4.0,34,0,4,0.05
10181,1.0,16,1,2,0.05
10182,1.0,15,1,2,0.05
10183,1.0,20,1,2,0.05
10184,4.0,32,0,4,0.05
10185,3.0,26,1,3,0.05
10186,4.0,32,0,4,0.05
10187,0.0,2,1,0,0.05
10188,4.0,32,0,4,0.05
10189,3.0,29,1,3,0.05
10190,1.0,20,1,2,0.05
10191,4.0,37,0,4,0.05
10192,4.0,33,0,4,0.05
10193,3.0,37,1,3,0.05
10194,3.0,25,1,3,0.05
10195,4.0,43,0,4,0.05
10196,4.0,32,0,4,0.05
10197,1.0,17,1,2,0.05
10198,4.0,37,0,4,0.05
10199,4.0,32,0,4,0.05
10200,4.0,42,0,4,0.05
10201,1.0,22,1,2,0.05
10202,1.0,41,1,2,0.05
10203,4.0,32,0,4,0.05
10204,4.0,38,0,4,0.05
10205,4.0,32,0,4,0.05
10206,4.0,32,0,4,0.05
10207,4.0,33,0,4,0.05
10208,4.0,39,0,4,0.05
10209,4.0,32,0,4,0.05
10210,3.0,34,1,3,0.05
10211,4.0,41,0,4,0.05
10212,4.0,34,0,4,0.05
10213,4.0,32,0,4,0.05
10214,3.0,30,1,3,0.05
10215,1.0,18,1,2,0.05
10216,1.0,29,1,2,0.05
10217,3.0,36,1,3,0.05
10218,1.0,22,1,2,0.05
10219,1.0,27,1,2,0.05
10220,1.0,66,1,2,0.05
10221,1.0,19,1,2,0.05
10222,1.0,22,1,2,0.05
10223,1.0,94,1,2,0.05
10224,4.0,40,0,4,0.05
10225,3.0,52,1,3,0.05
10226,4.0,32,0,4,0.05
10227,3.0,42,1,3,0.05
10228,3.0,28,1,3,0.05
10229,3.0,63,1,3,0.05
10230,1.0,19,1,2,0.05
10231,3.0,27,1,3,0.05
10232,4.0,36,0,4,0.05
10233,4.0,35,0,4,0.05
10234,4.0,32,0,4,0.05
10235,4.0,32,0,4,0.05
10236,1.0,17,1,2,0.05
10237,3.0,30,1,3,0.05
10238,4.0,34,0,4,0.05
10239,1.0,17,1,2,0.05
10240,4.0,35,0,4,0.05
10241,3.0,29,1,3,0.05
10242,4.0,34,0,4,0.05
10243,4.0,32,0,4,0.05
10244,3.0,25,1,3,0.05
10245,3.0,34,1,3,0.05
10246,4.0,34,0,4,0.05
10247,4.0,36,0,4,0.05
10248,1.0,19,1,2,0.05
10249,0.0,2,1,0,0.05
10250,0.0,8,1,0,0.05
10251,1.0,41,1,2,0.05
10252,1.0,16,1,2,0.05
10253,1.0,36,1,2,0.05
10254,1.0,36,1,2,0.05
10255,1.0,119,1,2,0.05
10256,1.0,34,1,2,0.05
10257,1.0,40,1,2,0.05
10258,1.0,45,1,2,0.05
10259,4.0,66,0,4,0.05
10260,4.0,55,0,4,0.05
10261,1.0,21,1,2,0.05
10262,4.0,101,0,4,0.05
10263,1.0,47,1,2,0.05
10264,3.0,39,1,3,0.05
10265,1.0,23,1,2,0.05
10266,3.0,44,1,3,0.05
10267,4.0,46,0,4,0.05
10268,1.0,49,1,2,0.05
10269,3.0,46,1,3,0.05
10270,3.0,27,1,3,0.05
10271,4.0,69,0,4,0.05
10272,4.0,54,0,4,0.05
10273,0.0,2,1,0,0.05
10274,4.0,58,0,4,0.05
10275,3.0,48,1,3,0.05
10276,3.0,91,1,3,0.05
10277,4.0,42,0,4,0.05
10278,4.0,42,0,4,0.05
10279,1.0,26,1,2,0.05
10280,1.0,27,1,2,0.05
10281,1.0,21,1,2,0.05
10282,4.0,44,0,4,0.05
10283,3.0,37,1,3,0.05
10284,4.0,41,0,4,0.05
10285,4.0,38,0,4,0.05
10286,1.0,20,1,2,0.05
10287,4.0,63,0,4,0.05
10288,1.0,27,1,2,0.05
10289,4.0,39,0,4,0.05
10290,1.0,21,1,2,0.05
10291,3.0,37,1,3,0.05
10292,4.0,38,0,4,0.05
10293,3.0,34,1,3,0.05
10294,1.0,16,1,2,0.05
10295,4.0,42,0,4,0.05
10296,4.0,37,0,4,0.05
10297,1.0,16,1,2,0.05
10298,4.0,71,0,4,0.05
10299,1.0,19,1,2,0.05
10300,1.0,111,1,2,0.05
10301,1.0,62,1,2,0.05
10302,4.0,64,0,4,0.05
10303,1.0,25,1,2,0.05
10304,1.0,78,1,2,0.05
10305,1.0,22,1,2,0.05
10306,1.0,60,1,2,0.05
10307,4.0,43,0,4,0.05
10308,1.0,46,1,2,0.05
10309,3.0,37,1,3,0.05
10310,3.0,78,1,3,0.05
10311,1.0,44,1,2,0.05
10312,1.0,23,1,2,0.05
10313,1.0,34,1,2,0.05
10314,1.0,34,1,2,0.05
10315,4.0,95,0,4,0.05
10316,4.0,44,0,4,0.05
10317,1.0,21,1,2,0.05
10318,1.0,42,1,2,0.05
10319,1.0,58,1,2,0.05
10320,3.0,40,1,3,0.05
10321,1.0,49,1,2,0.05
10322,4.0,38,0,4,0.05
10323,4.0,101,0,4,0.05
10324,1.0,47,1,2,0.05
10325,1.0,45,1,2,0.05
10326,4.0,142,0,4,0.05
10327,4.0,90,0,4,0.05
10328,4.0,36,0,4,0.05
10329,4.0,56,0,4,0.05
10330,3.0,71,1,3,0.05
10331,1.0,63,1,2,0.05
10332,1.0,38,1,2,0.05
10333,1.0,33,1,2,0.05
10334,3.0,34,1,3,0.05
10335,4.0,39,0,4,0.05
10336,4.0,44,0,4,0.05
10337,3.0,48,1,3,0.05
10338,4.0,48,0,4,0.05
10339,1.0,23,1,2,0.05
10340,4.0,34,0,4,0.05
10341,1.0,35,1,2,0.05
10342,4.0,34,0,4,0.05
10343,3.0,34,1,3,0.05
10344,4.0,34,0,4,0.05
10345,1.0,23,1,2,0.05
10346,3.0,34,1,3,0.05
10347,4.0,66,0,4,0.05
10348,4.0,48,0,4,0.05
10349,4.0,37,0,4,0.05
10350,3.0,33,1,3,0.05
10351,4.0,43,0,4,0.05
10352,1.0,26,1,2,0.05
10353,1.0,21,1,2,0.05
10354,4.0,36,0,4,0.05
10355,4.0,34,0,4,0.05
10356,4.0,34,0,4,0.05
10357,4.0,38,0,4,0.05
10358,4.0,30,0,4,0.05
10359,4.0,43,0,4,0.05
10360,4.0,32,0,4,0.05
10361,3.0,25,1,3,0.05
10362,4.0,30,0,4,0.05
10363,4.0,31,0,4,0.05
10364,4.0,42,0,4,0.05
10365,1.0,29,1,2,0.05
10366,1.0,19,1,2,0.05
10367,4.0,32,0,4,0.05
10368,4.0,31,0,4,0.05
10369,1.0,16,1,2,0.05
10370,1.0,26,1,2,0.05
10371,0.0,2,1,0,0.05
10372,4.0,50,0,4,0.05
10373,4.0,31,0,4,0.05
10374,4.0,34,0,4,0.05
10375,1.0,22,1,2,0.05
10376,1.0,15,1,2,0.05
10377,1.0,18,1,2,0.05
10378,3.0,35,1,3,0.05
10379,4.0,47,0,4,0.05
10380,3.0,30,1,3,0.05
10381,1.0,15,1,2,0.05
10382,3.0,24,1,3,0.05
10383,4.0,34,0,4,0.05
10384,4.0,34,0,4,0.05
10385,1.0,17,1,2,0.05
10386,4.0,43,0,4,0.05
10387,4.0,32,0,4,0.05
10388,3.0,25,1,3,0.05
10389,4.0,33,0,4,0.05
10390,1.0,18,1,2,0.05
10391,1.0,21,1,2,0.05
10392,1.0,17,1,2,0.05
10393,3.0,21,1,3,0.05
10394,1.0,17,1,2,0.05
10395,1.0,19,1,2,0.05
10396,4.0,37,0,4,0.05
10397,0.0,5,1,0,0.05
10398,4.0,67,0,4,0.05
10399,4.0,33,0,4,0.05
10400,4.0,32,0,4,0.05
10401,4.0,32,0,4,0.05
10402,4.0,30,0,4,0.05
10403,1.0,18,1,2,0.05
10404,4.0,31,0,4,0.05
10405,1.0,15,1,2,0.05
10406,4.0,33,0,4,0.05
10407,3.0,27,1,3,0.05
10408,4.0,32,0,4,0.05
10409,4.0,32,0,4,0.05
10410,3.0,30,1,3,0.05
10411,1.0,17,1,2,0.05
10412,1.0,16,1,2,0.05
10413,1.0,23,1,2,0.05
10414,4.0,34,0,4,0.05
10415,3.0,27,1,3,0.05
10416,1.0,20,1,2,0.05
10417,4.0,31,0,4,0.05
10418,1.0,16,1,2,0.05
10419,3.0,30,1,3,0.05
10420,4.0,30,0,4,0.05
10421,3.0,32,1,3,0.05
10422,4.0,32,0,4,0.05
10423,3.0,24,1,3,0.05
10424,3.0,32,1,3,0.05
10425,3.0,26,1,3,0.05
10426,3.0,20,1,3,0.05
10427,4.0,34,0,4,0.05
10428,3.0,25,1,3,0.05
10429,4.0,34,0,4,0.05
10430,1.0,25,1,2,0.05
10431,3.0,28,1,3,0.05
10432,3.0,27,1,3,0.05
10433,4.0,30,0,4,0.05
10434,4.0,32,0,4,0.05
10435,4.0,36,0,4,0.05
10436,1.0,18,1,2,0.05
10437,4.0,35,0,4,0.05
10438,3.0,27,1,3,0.05
10439,4.0,32,0,4,0.05
10440,4.0,30,0,4,0.05
10441,3.0,24,1,3,0.05
10442,4.0,30,0,4,0.05
10443,4.0,32,0,4,0.05
10444,1.0,16,1,2,0.05
10445,3.0,27,1,3,0.05
10446,4.0,34,0,4,0.05
10447,4.0,32,0,4,0.05
10448,4.0,38,0,4,0.05
10449,4.0,30,0,4,0.05
10450,1.0,17,1,2,0.05
10451,4.0,32,0,4,0.05
10452,4.0,31,0,4,0.05
10453,4.0,30,0,4,0.05
10454,4.0,33,0,4,0.05
10455,1.0,16,1,2,0.05
10456,4.0,33,0,4,0.05
10457,3.0,25,1,3,0.05
10458,4.0,34,0,4,0.05
10459,4.0,32,0,4,0.05
10460,1.0,15,1,2,0.05
10461,1.0,19,1,2,0.05
10462,3.0,28,1,3,0.05
10463,1.0,17,1,2,0.05
10464,3.0,29,1,3,0.05
10465,4.0,34,0,4,0.05
10466,4.0,30,0,4,0.05
10467,0.0,3,1,0,0.05
10468,4.0,41,0,4,0.05
10469,1.0,20,1,2,0.05
10470,4.0,30,0,4,0.05
10471,1.0,17,1,2,0.05
10472,3.0,24,1,3,0.05
10473,4.0,32,0,4,0.05
10474,1.0,14,1,2,0.05
10475,4.0,32,0,4,0.05
10476,3.0,25,1,3,0.05
10477,3.0,24,1,3,0.05
10478,4.0,30,0,4,0.05
10479,3.0,30,1,3,0.05
10480,3.0,28,1,3,0.05
10481,1.0,15,1,2,0.05
10482,4.0,36,0,4,0.05
10483,3.0,23,1,3,0.05
10484,4.0,30,0,4,0.05
10485,3.0,28,1,3,0.05
10486,3.0,22,1,3,0.05
10487,3.0,79,1,3,0.05
10488,1.0,17,1,2,0.05
10489,4.0,38,0,4,0.05
10490,3.0,28,1,3,0.05
10491,4.0,35,0,4,0.05
10492,1.0,19,1,2,0.05
10493,3.0,35,1,3,0.05
10494,1.0,22,1,2,0.05
10495,4.0,34,0,4,0.05
10496,3.0,25,1,3,0.05
10497,3.0,31,1,3,0.05
10498,3.0,33,1,3,0.05
10499,4.0,47,0,4,0.05
10500,1.0,22,1,2,0.05
10501,4.0,36,0,4,0.05
10502,3.0,26,1,3,0.05
10503,1.0,21,1,2,0.05
10504,3.0,22,1,3,0.05
10505,3.0,93,1,3,0.05
10506,4.0,96,0,4,0.05
10507,3.0,36,1,3,0.05
10508,3.0,28,1,3,0.05
10509,3.0,30,1,3,0.05
10510,4.0,47,0,4,0.05
10511,4.0,35,0,4,0.05
10512,1.0,17,1,2,0.05
10513,1.0,27,1,2,0.05
10514,1.0,17,1,2,0.05
10515,1.0,15,1,2,0.05
10516,1.0,16,1,2,0.05
10517,3.0,34,1,3,0.05
10518,4.0,32,0,4,0.05
10519,1.0,20,1,2,0.05
10520,4.0,30,0,4,0.05
10521,4.0,36,0,4,0.05
10522,3.0,24,1,3,0.05
10523,3.0,28,1,3,0.05
10524,1.0,18,1,2,0.05
10525,4.0,75,0,4,0.05
10526,4.0,30,0,4,0.05
10527,1.0,18,1,2,0.05
10528,1.0,15,1,2,0.05
10529,4.0,35,0,4,0.05
10530,3.0,25,1,3,0.05
10531,3.0,23,1,3,0.05
10532,3.0,33,1,3,0.05
10533,3.0,22,1,3,0.05
10534,4.0,36,0,4,0.05
10535,4.0,37,0,4,0.05
10536,3.0,34,1,3,0.05
10537,3.0,27,1,3,0.05
10538,3.0,27,1,3,0.05
10539,1.0,22,1,2,0.05
10540,1.0,20,1,2,0.05
10541,3.0,28,1,3,0.05
10542,3.0,47,1,3,0.05
10543,1.0,16,1,2,0.05
10544,3.0,33,1,3,0.05
10545,1.0,20,1,2,0.05
10546,4.0,32,0,4,0.05
10547,3.0,25,1,3,0.05
10548,1.0,15,1,2,0.05
10549,4.0,32,0,4,0.05
10550,1.0,17,1,2,0.05
10551,4.0,32,0,4,0.05
10552,1.0,19,1,2,0.05
10553,3.0,23,1,3,0.05
10554,4.0,49,0,4,0.05
10555,0.0,3,1,0,0.05
10556,3.0,23,1,3,0.05
10557,4.0,38,0,4,0.05
10558,4.0,35,0,4,0.05
10559,3.0,27,1,3,0.05
10560,3.0,35,1,3,0.05
10561,1.0,17,1,2,0.05
10562,1.0,17,1,2,0.05
10563,4.0,34,0,4,0.05
10564,3.0,26,1,3,0.05
10565,1.0,22,1,2,0.05
10566,4.0,34,0,4,0.05
10567,4.0,35,0,4,0.05
10568,1.0,16,1,2,0.05
10569,1.0,18,1,2,0.05
10570,4.0,39,0,4,0.05
10571,3.0,33,1,3,0.05
10572,4.0,30,0,4,0.05
10573,4.0,48,0,4,0.05
10574,4.0,32,0,4,0.05
10575,4.0,31,0,4,0.05
10576,0.0,2,1,0,0.05
10577,4.0,33,0,4,0.05
10578,4.0,30,0,4,0.05
10579,1.0,18,1,2,0.05
10580,1.0,13,1,2,0.05
10581,1.0,15,1,2,0.05
10582,3.0,40,1,3,0.05
10583,4.0,36,0,4,0.05
10584,1.0,21,1,2,0.05
10585,4.0,31,0,4,0.05
10586,4.0,31,0,4,0.05
10587,4.0,30,0,4,0.05
10588,4.0,30,0,4,0.05
10589,4.0,30,0,4,0.05
10590,4.0,30,0,4,0.05
10591,4.0,32,0,4,0.05
10592,4.0,32,0,4,0.05
10593,4.0,32,0,4,0.05
10594,1.0,17,1,2,0.05
10595,3.0,23,1,3,0.05
10596,3.0,23,1,3,0.05
10597,3.0,21,1,3,0.05
10598,1.0,14,1,2,0.05
10599,4.0,30,0,4,0.05
10600,4.0,30,0,4,0.05
10601,1.0,14,1,2,0.05
10602,4.0,55,0,4,0.05
10603,1.0,23,1,2,0.05
10604,4.0,32,0,4,0.05
10605,4.0,32,0,4,0.05
10606,1.0,18,1,2,0.05
10607,4.0,30,0,4,0.05
10608,4.0,32,0,4,0.05
10609,3.0,26,1,3,0.05
10610,1.0,20,1,2,0.05
10611,4.0,30,0,4,0.05
10612,4.0,30,0,4,0.05
10613,4.0,34,0,4,0.05
10614,4.0,30,0,4,0.05
10615,4.0,34,0,4,0.05
10616,4.0,34,0,4,0.05
10617,4.0,30,0,4,0.05
10618,1.0,14,1,2,0.05
10619,3.0,28,1,3,0.05
10620,4.0,32,0,4,0.05
10621,4.0,35,0,4,0.05
10622,3.0,34,1,3,0.05
10623,1.0,15,1,2,0.05
10624,4.0,31,0,4,0.05
10625,0.0,2,1,0,0.05
10626,4.0,32,0,4,0.05
10627,1.0,19,1,2,0.05
10628,4.0,32,0,4,0.05
10629,3.0,23,1,3,0.05
10630,4.0,32,0,4,0.05
10631,3.0,31,1,3,0.05
10632,1.0,15,1,2,0.05
10633,3.0,27,1,3,0.05
10634,3.0,24,1,3,0.05
10635,3.0,35,1,3,0.05
10636,4.0,34,0,4,0.05
10637,4.0,36,0,4,0.05
10638,4.0,33,0,4,0.05
10639,3.0,25,1,3,0.05
10640,4.0,30,0,4,0.05
10641,4.0,33,0,4,0.05
10642,4.0,34,0,4,0.05
10643,3.0,33,1,3,0.05
10644,4.0,32,0,4,0.05
10645,4.0,30,0,4,0.05
10646,4.0,32,0,4,0.05
10647,4.0,30,0,4,0.05
10648,3.0,29,1,3,0.05
10649,4.0,34,0,4,0.05
10650,1.0,16,1,2,0.05
10651,4.0,33,0,4,0.05
10652,3.0,30,1,3,0.05
10653,4.0,32,0,4,0.05
10654,4.0,35,0,4,0.05
10655,1.0,15,1,2,0.05
10656,4.0,32,0,4,0.05
10657,4.0,31,0,4,0.05
10658,4.0,30,0,4,0.05
10659,1.0,15,1,2,0.05
10660,1.0,17,1,2,0.05
10661,4.0,30,0,4,0.05
10662,0.0,3,1,0,0.05
10663,3.0,31,1,3,0.05
10664,4.0,33,0,4,0.05
10665,4.0,30,0,4,0.05
10666,4.0,36,0,4,0.05
10667,1.0,19,1,2,0.05
10668,4.0,32,0,4,0.05
10669,1.0,17,1,2,0.05
10670,4.0,30,0,4,0.05
10671,4.0,30,0,4,0.05
10672,3.0,28,1,3,0.05
10673,0.0,5,1,0,0.05
10674,3.0,25,1,3,0.05
10675,1.0,16,1,2,0.05
10676,3.0,26,1,3,0.05
10677,1.0,16,1,2,0.05
10678,4.0,32,0,4,0.05
10679,4.0,30,0,4,0.05
10680,4.0,34,0,4,0.05
10681,4.0,31,0,4,0.05
10682,4.0,30,0,4,0.05
10683,4.0,30,0,4,0.05
10684,4.0,34,0,4,0.05
10685,4.0,30,0,4,0.05
10686,4.0,32,0,4,0.05
10687,4.0,30,0,4,0.05
10688,4.0,32,0,4,0.05
10689,4.0,30,0,4,0.05
10690,1.0,24,1,2,0.05
10691,3.0,28,1,3,0.05
10692,4.0,31,0,4,0.05
10693,1.0,19,1,2,0.05
10694,1.0,15,1,2,0.05
10695,3.0,30,1,3,0.05
10696,3.0,34,1,3,0.05
10697,4.0,32,0,4,0.05
10698,4.0,30,0,4,0.05
10699,3.0,28,1,3,0.05
10700,4.0,30,0,4,0.05
10701,3.0,23,1,3,0.05
10702,1.0,22,1,2,0.05
10703,0.0,11,1,1,0.05
10704,4.0,30,0,4,0.05
10705,4.0,33,0,4,0.05
10706,4.0,32,0,4,0.05
10707,4.0,30,0,4,0.05
10708,4.0,34,0,4,0.05
10709,4.0,33,0,4,0.05
10710,1.0,15,1,2,0.05
10711,4.0,30,0,4,0.05
10712,0.0,6,1,0,0.05
10713,4.0,32,0,4,0.05
10714,1.0,18,1,2,0.05
10715,4.0,30,0,4,0.05
10716,4.0,34,0,4,0.05
10717,3.0,25,1,3,0.05
10718,4.0,30,0,4,0.05
10719,4.0,32,0,4,0.05
10720,4.0,34,0,4,0.05
10721,1.0,19,1,2,0.05
10722,3.0,38,1,3,0.05
10723,1.0,21,1,2,0.05
10724,4.0,30,0,4,0.05
10725,4.0,30,0,4,0.05
10726,1.0,21,1,2,0.05
10727,1.0,19,1,2,0.05
10728,1.0,20,1,2,0.05
10729,4.0,30,0,4,0.05
10730,4.0,35,0,4,0.05
10731,1.0,17,1,2,0.05
10732,1.0,17,1,2,0.05
10733,3.0,26,1,3,0.05
10734,4.0,30,0,4,0.05
10735,4.0,31,0,4,0.05
10736,3.0,25,1,3,0.05
10737,4.0,30,0,4,0.05
10738,4.0,30,0,4,0.05
10739,1.0,21,1,2,0.05
10740,4.0,32,0,4,0.05
10741,4.0,32,0,4,0.05
10742,3.0,25,1,3,0.05
10743,1.0,16,1,2,0.05
10744,4.0,32,0,4,0.05
10745,4.0,30,0,4,0.05
10746,4.0,32,0,4,0.05
10747,4.0,30,0,4,0.05
10748,4.0,33,0,4,0.05
10749,4.0,56,0,4,0.05
10750,3.0,32,1,3,0.05
10751,3.0,24,1,3,0.05
10752,4.0,35,0,4,0.05
10753,0.0,9,1,1,0.05
10754,1.0,15,1,2,0.05
10755,4.0,30,0,4,0.05
10756,1.0,15,1,2,0.05
10757,4.0,30,0,4,0.05
10758,1.0,15,1,2,0.05
10759,4.0,30,0,4,0.05
10760,3.0,28,1,3,0.05
10761,1.0,20,1,2,0.05
10762,4.0,30,0,4,0.05
10763,3.0,34,1,3,0.05
10764,1.0,17,1,2,0.05
10765,3.0,25,1,3,0.05
10766,4.0,30,0,4,0.05
10767,4.0,30,0,4,0.05
10768,4.0,34,0,4,0.05
10769,1.0,17,1,2,0.05
10770,1.0,15,1,2,0.05
10771,4.0,32,0,4,0.05
10772,4.0,32,0,4,0.05
10773,3.0,33,1,3,0.05
10774,4.0,30,0,4,0.05
10775,4.0,34,0,4,0.05
10776,3.0,27,1,3,0.05
10777,4.0,32,0,4,0.05
10778,4.0,33,0,4,0.05
10779,4.0,32,0,4,0.05
10780,4.0,32,0,4,0.05
10781,4.0,32,0,4,0.05
10782,1.0,17,1,2,0.05
10783,4.0,30,0,4,0.05
10784,3.0,27,1,3,0.05
10785,0.0,3,1,0,0.05
10786,1.0,19,1,2,0.05
10787,4.0,30,0,4,0.05
10788,0.0,2,1,0,0.05
10789,0.0,29,1,0,0.05
10790,0.0,10,1,0,0.05
10791,0.0,74,1,0,0.05
10792,4.0,57,0,4,0.05
10793,0.0,19,1,0,0.05
10794,1.0,24,1,2,0.05
10795,4.0,33,0,4,0.05
10796,4.0,34,0,4,0.05
10797,4.0,30,0,4,0.05
10798,4.0,30,0,4,0.05
10799,3.0,26,1,3,0.05
10800,3.0,30,1,3,0.05
10801,1.0,19,1,2,0.05
10802,3.0,28,1,3,0.05
10803,3.0,32,1,3,0.05
10804,4.0,38,0,4,0.05
10805,4.0,30,0,4,0.05
10806,3.0,29,1,3,0.05
10807,3.0,25,1,3,0.05
10808,3.0,31,1,3,0.05
10809,4.0,32,0,4,0.05
10810,4.0,30,0,4,0.05
10811,4.0,30,0,4,0.05
10812,3.0,30,1,3,0.05
10813,3.0,25,1,3,0.05
10814,4.0,32,0,4,0.05
10815,1.0,20,1,2,0.05
10816,3.0,23,1,3,0.05
10817,3.0,26,1,3,0.05
10818,4.0,36,0,4,0.05
10819,4.0,30,0,4,0.05
10820,3.0,26,1,3,0.05
10821,4.0,36,0,4,0.05
10822,3.0,31,1,3,0.05
10823,4.0,33,0,4,0.05
10824,4.0,30,0,4,0.05
10825,1.0,18,1,2,0.05
10826,1.0,16,1,2,0.05
10827,4.0,32,0,4,0.05
10828,4.0,34,0,4,0.05
10829,3.0,28,1,3,0.05
10830,4.0,50,0,4,0.05
10831,3.0,27,1,3,0.05
10832,3.0,111,1,3,0.05
10833,3.0,31,1,3,0.05
10834,1.0,18,1,2,0.05
10835,3.0,41,1,3,0.05
10836,4.0,39,0,4,0.05
10837,3.0,34,1,3,0.05
10838,1.0,22,1,2,0.05
10839,4.0,35,0,4,0.05
10840,4.0,32,0,4,0.05
10841,4.0,32,0,4,0.05
10842,3.0,33,1,3,0.05
10843,4.0,30,0,4,0.05
10844,3.0,26,1,3,0.05
10845,1.0,18,1,2,0.05
10846,1.0,17,1,2,0.05
10847,3.0,47,1,3,0.05
10848,4.0,72,0,4,0.05
10849,4.0,50,0,4,0.05
10850,3.0,40,1,3,0.05
10851,1.0,20,1,2,0.05
10852,0.0,6,1,0,0.05
10853,1.0,17,1,2,0.05
10854,4.0,50,0,4,0.05
10855,4.0,34,0,4,0.05
10856,4.0,30,0,4,0.05
10857,4.0,30,0,4,0.05
10858,4.0,33,0,4,0.05
10859,1.0,15,1,2,0.05
10860,4.0,30,0,4,0.05
10861,1.0,18,1,2,0.05
10862,4.0,36,0,4,0.05
10863,4.0,32,0,4,0.05
10864,4.0,30,0,4,0.05
10865,4.0,35,0,4,0.05
10866,4.0,35,0,4,0.05
10867,1.0,17,1,2,0.05
10868,3.0,33,1,3,0.05
10869,3.0,30,1,3,0.05
10870,1.0,17,1,2,0.05
10871,4.0,48,0,4,0.05
10872,4.0,33,0,4,0.05
10873,4.0,32,0,4,0.05
10874,4.0,30,0,4,0.05
10875,0.0,2,1,0,0.05
10876,1.0,59,1,2,0.05
10877,3.0,24,1,3,0.05
10878,1.0,18,1,2,0.05
10879,4.0,61,0,4,0.05
10880,3.0,30,1,3,0.05
10881,4.0,30,0,4,0.05
10882,1.0,23,1,2,0.05
10883,1.0,17,1,2,0.05
10884,4.0,32,0,4,0.05
10885,4.0,34,0,4,0.05
10886,1.0,17,1,2,0.05
10887,4.0,37,0,4,0.05
10888,3.0,28,1,3,0.05
10889,4.0,49,0,4,0.05
10890,4.0,45,0,4,0.05
10891,4.0,44,0,4,0.05
10892,3.0,29,1,3,0.05
10893,4.0,32,0,4,0.05
10894,4.0,30,0,4,0.05
10895,4.0,30,0,4,0.05
10896,4.0,32,0,4,0.05
10897,4.0,33,0,4,0.05
10898,1.0,17,1,2,0.05
10899,1.0,14,1,2,0.05
10900,4.0,30,0,4,0.05
10901,4.0,31,0,4,0.05
10902,1.0,16,1,2,0.05
10903,4.0,30,0,4,0.05
10904,4.0,30,0,4,0.05
10905,4.0,32,0,4,0.05
10906,4.0,31,0,4,0.05
10907,3.0,28,1,3,0.05
10908,4.0,32,0,4,0.05
10909,1.0,20,1,2,0.05
10910,4.0,30,0,4,0.05
10911,4.0,32,0,4,0.05
10912,1.0,17,1,2,0.05
10913,3.0,30,1,3,0.05
10914,3.0,25,1,3,0.05
10915,4.0,31,0,4,0.05
10916,4.0,30,0,4,0.05
10917,4.0,38,0,4,0.05
10918,3.0,32,1,3,0.05
10919,3.0,30,1,3,0.05
10920,4.0,30,0,4,0.05
10921,4.0,32,0,4,0.05
10922,3.0,29,1,3,0.05
10923,4.0,32,0,4,0.05
10924,3.0,32,1,3,0.05
10925,1.0,17,1,2,0.05
10926,4.0,31,0,4,0.05
10927,4.0,30,0,4,0.05
10928,4.0,31,0,4,0.05
10929,1.0,22,1,2,0.05
10930,4.0,30,0,4,0.05
10931,4.0,30,0,4,0.05
10932,3.0,28,1,3,0.05
10933,1.0,20,1,2,0.05
10934,4.0,30,0,4,0.05
10935,3.0,27,1,3,0.05
10936,1.0,19,1,2,0.05
10937,4.0,32,0,4,0.05
10938,1.0,17,1,2,0.05
10939,1.0,25,1,2,0.05
10940,1.0,16,1,2,0.05
10941,4.0,30,0,4,0.05
10942,4.0,33,0,4,0.05
10943,4.0,30,0,4,0.05
10944,4.0,30,0,4,0.05
10945,3.0,21,1,3,0.05
10946,4.0,37,0,4,0.05
10947,0.0,2,1,0,0.05
10948,3.0,25,1,3,0.05
10949,4.0,30,0,4,0.05
10950,4.0,32,0,4,0.05
10951,1.0,18,1,2,0.05
10952,1.0,14,1,2,0.05
10953,3.0,25,1,3,0.05
10954,3.0,25,1,3,0.05
10955,4.0,30,0,4,0.05
10956,3.0,25,1,3,0.05
10957,3.0,28,1,3,0.05
10958,4.0,51,0,4,0.05
10959,3.0,29,1,3,0.05
10960,4.0,32,0,4,0.05
10961,4.0,34,0,4,0.05
10962,4.0,32,0,4,0.05
10963,1.0,16,1,2,0.05
10964,4.0,32,0,4,0.05
10965,3.0,26,1,3,0.05
10966,4.0,34,0,4,0.05
10967,4.0,33,0,4,0.05
10968,4.0,34,0,4,0.05
10969,3.0,34,1,3,0.05
10970,3.0,26,1,3,0.05
10971,3.0,26,1,3,0.05
10972,4.0,30,0,4,0.05
10973,1.0,17,1,2,0.05
10974,4.0,32,0,4,0.05
10975,4.0,35,0,4,0.05
10976,4.0,34,0,4,0.05
10977,3.0,26,1,3,0.05
10978,3.0,25,1,3,0.05
10979,4.0,30,0,4,0.05
10980,4.0,36,0,4,0.05
10981,3.0,30,1,3,0.05
10982,4.0,30,0,4,0.05
10983,1.0,16,1,2,0.05
10984,3.0,27,1,3,0.05
10985,4.0,32,0,4,0.05
10986,4.0,32,0,4,0.05
10987,0.0,3,1,0,0.05
10988,3.0,29,1,3,0.05
10989,4.0,34,0,4,0.05
10990,4.0,30,0,4,0.05
10991,4.0,30,0,4,0.05
10992,3.0,28,1,3,0.05
10993,1.0,15,1,2,0.05
10994,0.0,5,1,0,0.05
10995,3.0,28,1,3,0.05
10996,1.0,14,1,2,0.05
10997,4.0,72,0,4,0.05
10998,3.0,27,1,3,0.05
10999,1.0,17,1,2,0.05
11000,3.0,29,1,3,0.05
11001,1.0,17,1,2,0.05
11002,4.0,31,0,4,0.05
11003,4.0,30,0,4,0.05
11004,3.0,23,1,3,0.05
11005,4.0,32,0,4,0.05
11006,4.0,50,0,4,0.05
11007,1.0,16,1,2,0.05
11008,1.0,20,1,2,0.05
11009,4.0,30,0,4,0.05
11010,4.0,34,0,4,0.05
11011,1.0,19,1,2,0.05
11012,3.0,25,1,3,0.05
11013,4.0,30,0,4,0.05
11014,4.0,35,0,4,0.05
11015,1.0,16,1,2,0.05
11016,3.0,28,1,3,0.05
11017,4.0,34,0,4,0.05
11018,3.0,25,1,3,0.05
11019,4.0,32,0,4,0.05
11020,1.0,20,1,2,0.05
11021,1.0,13,1,2,0.05
11022,4.0,36,0,4,0.05
11023,3.0,25,1,3,0.05
11024,4.0,30,0,4,0.05
11025,4.0,32,0,4,0.05
11026,1.0,19,1,2,0.05
11027,4.0,34,0,4,0.05
11028,4.0,30,0,4,0.05
11029,1.0,17,1,2,0.05
11030,1.0,16,1,2,0.05
11031,0.0,2,1,0,0.05
11032,3.0,23,1,3,0.05
11033,4.0,33,0,4,0.05
11034,4.0,32,0,4,0.05
11035,0.0,3,1,0,0.05
11036,4.0,32,0,4,0.05
11037,1.0,19,1,2,0.05
11038,3.0,34,1,3,0.05
11039,4.0,34,0,4,0.05
11040,4.0,34,0,4,0.05
11041,1.0,19,1,2,0.05
11042,4.0,31,0,4,0.05
11043,4.0,31,0,4,0.05
11044,4.0,32,0,4,0.05
11045,0.0,2,1,0,0.05
11046,4.0,31,0,4,0.05
11047,4.0,32,0,4,0.05
11048,4.0,32,0,4,0.05
11049,4.0,30,0,4,0.05
11050,3.0,25,1,3,0.05
11051,4.0,30,0,4,0.05
11052,1.0,16,1,2,0.05
11053,4.0,30,0,4,0.05
11054,4.0,32,0,4,0.05
11055,4.0,31,0,4,0.05
11056,1.0,17,1,2,0.05
11057,4.0,31,0,4,0.05
11058,4.0,33,0,4,0.05
11059,4.0,30,0,4,0.05
11060,4.0,30,0,4,0.05
11061,4.0,34,0,4,0.05
11062,4.0,30,0,4,0.05
11063,4.0,31,0,4,0.05
11064,4.0,34,0,4,0.05
11065,1.0,18,1,2,0.05
11066,4.0,31,0,4,0.05
11067,1.0,17,1,2,0.05
11068,4.0,30,0,4,0.05
11069,1.0,14,1,2,0.05
11070,4.0,36,0,4,0.05
11071,3.0,28,1,3,0.05
11072,1.0,17,1,2,0.05
11073,1.0,17,1,2,0.05
11074,3.0,27,1,3,0.05
11075,4.0,32,0,4,0.05
11076,3.0,29,1,3,0.05
11077,1.0,19,1,2,0.05
11078,4.0,34,0,4,0.05
11079,4.0,32,0,4,0.05
11080,4.0,32,0,4,0.05
11081,4.0,35,0,4,0.05
11082,4.0,30,0,4,0.05
11083,1.0,19,1,2,0.05
11084,4.0,32,0,4,0.05
11085,1.0,17,1,2,0.05
11086,4.0,32,0,4,0.05
11087,4.0,30,0,4,0.05
11088,1.0,17,1,2,0.05
11089,1.0,18,1,2,0.05
11090,1.0,22,1,2,0.05
11091,4.0,32,0,4,0.05
11092,3.0,28,1,3,0.05
11093,4.0,32,0,4,0.05
11094,1.0,17,1,2,0.05
11095,4.0,30,0,4,0.05
11096,4.0,35,0,4,0.05
11097,1.0,19,1,2,0.05
11098,0.0,2,1,0,0.05
11099,1.0,20,1,2,0.05
11100,1.0,63,1,2,0.05
11101,4.0,238,0,4,0.05
11102,4.0,36,0,4,0.05
11103,1.0,20,1,2,0.05
11104,3.0,315,1,3,0.05
11105,4.0,64,0,4,0.05
11106,4.0,35,0,4,0.05
11107,4.0,40,0,4,0.05
11108,4.0,32,0,4,0.05
11109,1.0,29,1,2,0.05
11110,0.0,3,1,0,0.05
11111,4.0,32,0,4,0.05
11112,1.0,97,1,2,0.05
11113,1.0,66,1,2,0.05
11114,4.0,79,0,4,0.05
11115,4.0,72,0,4,0.05
11116,4.0,46,0,4,0.05
11117,4.0,47,0,4,0.05
11118,3.0,33,1,3,0.05
11119,1.0,22,1,2,0.05
11120,1.0,23,1,2,0.05
11121,4.0,33,0,4,0.05
11122,1.0,20,1,2,0.05
11123,4.0,33,0,4,0.05
11124,4.0,48,0,4,0.05
11125,4.0,34,0,4,0.05
11126,4.0,69,0,4,0.05
11127,1.0,31,1,2,0.05
11128,4.0,45,0,4,0.05
11129,3.0,55,1,3,0.05
11130,4.0,32,0,4,0.05
11131,4.0,52,0,4,0.05
11132,1.0,36,1,2,0.05
11133,4.0,92,0,4,0.05
11134,0.0,2,1,0,0.05
11135,3.0,110,1,3,0.05
11136,4.0,32,0,4,0.05
11137,3.0,70,1,3,0.05
11138,4.0,46,0,4,0.05
11139,4.0,47,0,4,0.05
11140,3.0,39,1,3,0.05
11141,1.0,31,1,2,0.05
11142,4.0,45,0,4,0.05
11143,1.0,64,1,2,0.05
11144,4.0,39,0,4,0.05
11145,1.0,15,1,2,0.05
11146,4.0,42,0,4,0.05
11147,3.0,37,1,3,0.05
11148,4.0,30,0,4,0.05
11149,4.0,30,0,4,0.05
11150,4.0,45,0,4,0.05
11151,4.0,34,0,4,0.05
11152,4.0,41,0,4,0.05
11153,4.0,39,0,4,0.05
11154,4.0,30,0,4,0.05
11155,1.0,19,1,2,0.05
11156,4.0,30,0,4,0.05
11157,1.0,18,1,2,0.05
11158,3.0,30,1,3,0.05
11159,3.0,27,1,3,0.05
11160,3.0,26,1,3,0.05
11161,1.0,17,1,2,0.05
11162,3.0,22,1,3,0.05
11163,4.0,30,0,4,0.05
11164,4.0,30,0,4,0.05
11165,4.0,33,0,4,0.05
11166,4.0,33,0,4,0.05
11167,3.0,23,1,3,0.05
11168,1.0,17,1,2,0.05
11169,1.0,16,1,2,0.05
11170,4.0,34,0,4,0.05
11171,1.0,15,1,2,0.05
11172,4.0,32,0,4,0.05
11173,3.0,27,1,3,0.05
11174,4.0,32,0,4,0.05
11175,4.0,33,0,4,0.05
11176,4.0,32,0,4,0.05
11177,4.0,32,0,4,0.05
11178,4.0,34,0,4,0.05
11179,4.0,30,0,4,0.05
11180,1.0,19,1,2,0.05
11181,4.0,32,0,4,0.05
11182,4.0,32,0,4,0.05
11183,0.0,2,1,0,0.05
11184,3.0,35,1,3,0.05
11185,4.0,30,0,4,0.05
11186,3.0,25,1,3,0.05
11187,4.0,32,0,4,0.05
11188,4.0,34,0,4,0.05
11189,4.0,30,0,4,0.05
11190,4.0,30,0,4,0.05
11191,4.0,30,0,4,0.05
11192,4.0,32,0,4,0.05
11193,4.0,30,0,4,0.05
11194,4.0,30,0,4,0.05
11195,4.0,38,0,4,0.05
11196,1.0,22,1,2,0.05
11197,4.0,31,0,4,0.05
11198,1.0,16,1,2,0.05
11199,4.0,32,0,4,0.05
11200,4.0,33,0,4,0.05
11201,3.0,30,1,3,0.05
11202,4.0,34,0,4,0.05
11203,3.0,26,1,3,0.05
11204,1.0,14,1,2,0.05
11205,4.0,30,0,4,0.05
11206,4.0,30,0,4,0.05
11207,3.0,24,1,3,0.05
11208,0.0,2,1,0,0.05
11209,1.0,16,1,2,0.05
11210,4.0,32,0,4,0.05
11211,1.0,21,1,2,0.05
11212,4.0,36,0,4,0.05
11213,4.0,30,0,4,0.05
11214,4.0,34,0,4,0.05
11215,1.0,15,1,2,0.05
11216,4.0,30,0,4,0.05
11217,4.0,31,0,4,0.05
11218,4.0,31,0,4,0.05
11219,1.0,17,1,2,0.05
11220,4.0,31,0,4,0.05
11221,4.0,33,0,4,0.05
11222,4.0,34,0,4,0.05
11223,4.0,40,0,4,0.05
11224,3.0,28,1,3,0.05
11225,3.0,27,1,3,0.05
11226,1.0,20,1,2,0.05
11227,3.0,24,1,3,0.05
11228,4.0,30,0,4,0.05
11229,4.0,34,0,4,0.05
11230,1.0,13,1,2,0.05
11231,3.0,26,1,3,0.05
11232,4.0,30,0,4,0.05
11233,4.0,30,0,4,0.05
11234,4.0,34,0,4,0.05
11235,3.0,26,1,3,0.05
11236,3.0,27,1,3,0.05
11237,1.0,19,1,2,0.05
11238,4.0,32,0,4,0.05
11239,4.0,30,0,4,0.05
11240,0.0,5,1,0,0.05
11241,4.0,72,0,4,0.05
11242,1.0,20,1,2,0.05
11243,4.0,32,0,4,0.05
11244,4.0,31,0,4,0.05
11245,4.0,32,0,4,0.05
11246,4.0,33,0,4,0.05
11247,3.0,29,1,3,0.05
11248,0.0,4,1,0,0.05
11249,4.0,45,0,4,0.05
11250,3.0,36,1,3,0.05
11251,4.0,33,0,4,0.05
11252,3.0,31,1,3,0.05
11253,3.0,24,1,3,0.05
11254,1.0,22,1,2,0.05
11255,3.0,26,1,3,0.05
11256,4.0,30,0,4,0.05
11257,3.0,28,1,3,0.05
11258,4.0,30,0,4,0.05
11259,4.0,30,0,4,0.05
11260,4.0,30,0,4,0.05
11261,4.0,32,0,4,0.05
11262,1.0,17,1,2,0.05
11263,1.0,16,1,2,0.05
11264,4.0,39,0,4,0.05
11265,4.0,30,0,4,0.05
11266,3.0,26,1,3,0.05
11267,3.0,23,1,3,0.05
11268,4.0,34,0,4,0.05
11269,3.0,28,1,3,0.05
11270,3.0,31,1,3,0.05
11271,3.0,26,1,3,0.05
11272,4.0,38,0,4,0.05
11273,1.0,17,1,2,0.05
11274,4.0,34,0,4,0.05
11275,4.0,30,0,4,0.05
11276,1.0,14,1,2,0.05
11277,3.0,25,1,3,0.05
11278,1.0,20,1,2,0.05
11279,4.0,32,0,4,0.05
11280,4.0,32,0,4,0.05
11281,1.0,14,1,2,0.05
11282,4.0,38,0,4,0.05
11283,4.0,37,0,4,0.05
11284,4.0,32,0,4,0.05
11285,3.0,32,1,3,0.05
11286,3.0,29,1,3,0.05
11287,3.0,29,1,3,0.05
11288,4.0,37,0,4,0.05
11289,4.0,30,0,4,0.05
11290,3.0,24,1,3,0.05
11291,4.0,32,0,4,0.05
11292,4.0,30,0,4,0.05
11293,4.0,30,0,4,0.05
11294,4.0,30,0,4,0.05
11295,4.0,30,0,4,0.05
11296,4.0,30,0,4,0.05
11297,3.0,25,1,3,0.05
11298,4.0,30,0,4,0.05
11299,3.0,27,1,3,0.05
11300,1.0,20,1,2,0.05
11301,1.0,16,1,2,0.05
11302,4.0,34,0,4,0.05
11303,4.0,32,0,4,0.05
11304,1.0,14,1,2,0.05
11305,1.0,15,1,2,0.05
11306,3.0,27,1,3,0.05
11307,4.0,79,0,4,0.05
11308,1.0,19,1,2,0.05
11309,4.0,30,0,4,0.05
11310,4.0,30,0,4,0.05
11311,4.0,32,0,4,0.05
11312,4.0,30,0,4,0.05
11313,4.0,32,0,4,0.05
11314,3.0,29,1,3,0.05
11315,4.0,32,0,4,0.05
11316,4.0,36,0,4,0.05
11317,4.0,32,0,4,0.05
11318,1.0,18,1,2,0.05
11319,1.0,19,1,2,0.05
11320,1.0,17,1,2,0.05
11321,4.0,32,0,4,0.05
11322,4.0,32,0,4,0.05
11323,3.0,27,1,3,0.05
11324,4.0,32,0,4,0.05
11325,3.0,26,1,3,0.05
11326,4.0,30,0,4,0.05
11327,0.0,6,1,0,0.05
11328,3.0,27,1,3,0.05
11329,3.0,23,1,3,0.05
11330,3.0,29,1,3,0.05
11331,3.0,27,1,3,0.05
11332,4.0,32,0,4,0.05
11333,1.0,16,1,2,0.05
11334,3.0,29,1,3,0.05
11335,4.0,47,0,4,0.05
11336,3.0,25,1,3,0.05
11337,3.0,31,1,3,0.05
11338,3.0,22,1,3,0.05
11339,1.0,16,1,2,0.05
11340,1.0,15,1,2,0.05
11341,4.0,33,0,4,0.05
11342,4.0,30,0,4,0.05
11343,4.0,34,0,4,0.05
11344,3.0,35,1,3,0.05
11345,4.0,30,0,4,0.05
11346,3.0,29,1,3,0.05
11347,4.0,36,0,4,0.05
11348,4.0,34,0,4,0.05
11349,4.0,34,0,4,0.05
11350,1.0,15,1,2,0.05
11351,4.0,30,0,4,0.05
11352,3.0,20,1,3,0.05
11353,4.0,32,0,4,0.05
11354,4.0,34,0,4,0.05
11355,4.0,30,0,4,0.05
11356,3.0,25,1,3,0.05
11357,0.0,2,1,0,0.05
11358,1.0,17,1,2,0.05
11359,3.0,32,1,3,0.05
11360,3.0,36,1,3,0.05
11361,4.0,55,0,4,0.05
11362,4.0,49,0,4,0.05
11363,4.0,35,0,4,0.05
11364,4.0,30,0,4,0.05
11365,4.0,30,0,4,0.05
11366,4.0,34,0,4,0.05
11367,4.0,34,0,4,0.05
11368,4.0,31,0,4,0.05
11369,3.0,23,1,3,0.05
11370,3.0,28,1,3,0.05
11371,4.0,32,0,4,0.05
11372,4.0,32,0,4,0.05
11373,4.0,36,0,4,0.05
11374,3.0,27,1,3,0.05
11375,1.0,16,1,2,0.05
11376,1.0,17,1,2,0.05
11377,4.0,30,0,4,0.05
11378,3.0,23,1,3,0.05
11379,3.0,27,1,3,0.05
11380,3.0,26,1,3,0.05
11381,4.0,30,0,4,0.05
11382,4.0,30,0,4,0.05
11383,3.0,26,1,3,0.05
11384,4.0,34,0,4,0.05
11385,3.0,23,1,3,0.05
11386,4.0,30,0,4,0.05
11387,4.0,31,0,4,0.05
11388,4.0,35,0,4,0.05
11389,4.0,30,0,4,0.05
11390,1.0,18,1,2,0.05
11391,3.0,30,1,3,0.05
11392,4.0,30,0,4,0.05
11393,1.0,17,1,2,0.05
11394,4.0,32,0,4,0.05
11395,4.0,37,0,4,0.05
11396,4.0,32,0,4,0.05
11397,3.0,25,1,3,0.05
11398,3.0,27,1,3,0.05
11399,1.0,20,1,2,0.05
11400,4.0,30,0,4,0.05
11401,3.0,27,1,3,0.05
11402,1.0,17,1,2,0.05
11403,1.0,22,1,2,0.05
11404,3.0,28,1,3,0.05
11405,0.0,3,1,0,0.05
11406,3.0,26,1,3,0.05
11407,4.0,73,0,4,0.05
11408,4.0,30,0,4,0.05
11409,4.0,31,0,4,0.05
11410,3.0,33,1,3,0.05
11411,1.0,13,1,2,0.05
11412,0.0,2,1,0,0.05
11413,1.0,17,1,2,0.05
11414,3.0,26,1,3,0.05
11415,1.0,16,1,2,0.05
11416,3.0,24,1,3,0.05
11417,1.0,18,1,2,0.05
11418,4.0,31,0,4,0.05
11419,4.0,30,0,4,0.05
11420,0.0,2,1,0,0.05
11421,3.0,29,1,3,0.05
11422,3.0,27,1,3,0.05
11423,4.0,40,0,4,0.05
11424,3.0,30,1,3,0.05
11425,4.0,30,0,4,0.05
11426,4.0,30,0,4,0.05
11427,1.0,16,1,2,0.05
11428,1.0,20,1,2,0.05
11429,3.0,29,1,3,0.05
11430,4.0,38,0,4,0.05
11431,4.0,37,0,4,0.05
11432,3.0,29,1,3,0.05
11433,4.0,30,0,4,0.05
11434,4.0,32,0,4,0.05
11435,1.0,15,1,2,0.05
11436,4.0,30,0,4,0.05
11437,1.0,20,1,2,0.05
11438,4.0,30,0,4,0.05
11439,1.0,17,1,2,0.05
11440,4.0,30,0,4,0.05
11441,1.0,17,1,2,0.05
11442,4.0,32,0,4,0.05
11443,3.0,29,1,3,0.05
11444,3.0,34,1,3,0.05
11445,4.0,30,0,4,0.05
11446,3.0,24,1,3,0.05
11447,4.0,34,0,4,0.05
11448,1.0,15,1,2,0.05
11449,1.0,14,1,2,0.05
11450,4.0,30,0,4,0.05
11451,4.0,30,0,4,0.05
11452,4.0,30,0,4,0.05
11453,1.0,21,1,2,0.05
11454,3.0,30,1,3,0.05
11455,4.0,30,0,4,0.05
11456,4.0,30,0,4,0.05
11457,1.0,16,1,2,0.05
11458,1.0,19,1,2,0.05
11459,4.0,30,0,4,0.05
11460,4.0,34,0,4,0.05
11461,4.0,36,0,4,0.05
11462,1.0,16,1,2,0.05
11463,1.0,17,1,2,0.05
11464,4.0,34,0,4,0.05
11465,4.0,34,0,4,0.05
11466,3.0,31,1,3,0.05
11467,4.0,30,0,4,0.05
11468,4.0,31,0,4,0.05
11469,4.0,30,0,4,0.05
11470,1.0,20,1,2,0.05
11471,4.0,31,0,4,0.05
11472,3.0,29,1,3,0.05
11473,4.0,34,0,4,0.05
11474,4.0,32,0,4,0.05
11475,3.0,30,1,3,0.05
11476,4.0,30,0,4,0.05
11477,3.0,28,1,3,0.05
11478,1.0,16,1,2,0.05
11479,3.0,24,1,3,0.05
11480,1.0,19,1,2,0.05
11481,4.0,30,0,4,0.05
11482,4.0,30,0,4,0.05
11483,1.0,19,1,2,0.05
11484,4.0,30,0,4,0.05
11485,4.0,30,0,4,0.05
11486,1.0,16,1,2,0.05
11487,4.0,31,0,4,0.05
11488,4.0,30,0,4,0.05
11489,4.0,30,0,4,0.05
11490,4.0,34,0,4,0.05
11491,1.0,17,1,2,0.05
11492,4.0,32,0,4,0.05
11493,4.0,33,0,4,0.05
11494,4.0,34,0,4,0.05
11495,4.0,30,0,4,0.05
11496,3.0,27,1,3,0.05
11497,1.0,19,1,2,0.05
11498,4.0,34,0,4,0.05
11499,4.0,32,0,4,0.05
11500,4.0,31,0,4,0.05
11501,3.0,30,1,3,0.05
11502,4.0,30,0,4,0.05
11503,4.0,30,0,4,0.05
11504,1.0,18,1,2,0.05
11505,4.0,36,0,4,0.05
11506,1.0,18,1,2,0.05
11507,4.0,30,0,4,0.05
11508,4.0,30,0,4,0.05
11509,4.0,30,0,4,0.05
11510,4.0,30,0,4,0.05
11511,3.0,27,1,3,0.05
11512,3.0,33,1,3,0.05
11513,4.0,37,0,4,0.05
11514,1.0,17,1,2,0.05
11515,3.0,26,1,3,0.05
11516,4.0,32,0,4,0.05
11517,4.0,34,0,4,0.05
11518,1.0,15,1,2,0.05
11519,0.0,4,1,0,0.05
11520,1.0,14,1,2,0.05
11521,4.0,30,0,4,0.05
11522,4.0,30,0,4,0.05
11523,4.0,30,0,4,0.05
11524,4.0,34,0,4,0.05
11525,1.0,16,1,2,0.05
11526,1.0,19,1,2,0.05
11527,4.0,30,0,4,0.05
11528,3.0,34,1,3,0.05
11529,1.0,16,1,2,0.05
11530,4.0,30,0,4,0.05
11531,3.0,25,1,3,0.05
11532,4.0,30,0,4,0.05
11533,4.0,30,0,4,0.05
11534,4.0,34,0,4,0.05
11535,4.0,34,0,4,0.05
11536,1.0,18,1,2,0.05
11537,4.0,30,0,4,0.05
11538,1.0,15,1,2,0.05
11539,3.0,30,1,3,0.05
11540,3.0,26,1,3,0.05
11541,3.0,28,1,3,0.05
11542,4.0,59,0,4,0.05
11543,3.0,26,1,3,0.05
11544,1.0,19,1,2,0.05
11545,1.0,17,1,2,0.05
11546,4.0,31,0,4,0.05
11547,4.0,31,0,4,0.05
11548,1.0,21,1,2,0.05
11549,1.0,16,1,2,0.05
11550,1.0,17,1,2,0.05
11551,4.0,36,0,4,0.05
11552,3.0,29,1,3,0.05
11553,4.0,34,0,4,0.05
11554,4.0,30,0,4,0.05
11555,3.0,29,1,3,0.05
11556,1.0,17,1,2,0.05
11557,4.0,36,0,4,0.05
11558,4.0,30,0,4,0.05
11559,3.0,28,1,3,0.05
11560,4.0,79,0,4,0.05
11561,4.0,32,0,4,0.05
11562,4.0,32,0,4,0.05
11563,4.0,34,0,4,0.05
11564,1.0,17,1,2,0.05
11565,4.0,32,0,4,0.05
11566,4.0,32,0,4,0.05
11567,4.0,30,0,4,0.05
11568,4.0,34,0,4,0.05
11569,4.0,32,0,4,0.05
11570,3.0,30,1,3,0.05
11571,4.0,40,0,4,0.05
11572,4.0,30,0,4,0.05
11573,1.0,18,1,2,0.05
11574,4.0,30,0,4,0.05
11575,0.0,2,1,0,0.05
11576,3.0,31,1,3,0.05
11577,1.0,16,1,2,0.05
11578,4.0,34,0,4,0.05
11579,4.0,32,0,4,0.05
11580,4.0,32,0,4,0.05
11581,4.0,32,0,4,0.05
11582,4.0,30,0,4,0.05
11583,4.0,32,0,4,0.05
11584,4.0,36,0,4,0.05
11585,1.0,16,1,2,0.05
11586,4.0,30,0,4,0.05
11587,4.0,30,0,4,0.05
11588,3.0,25,1,3,0.05
11589,4.0,32,0,4,0.05
11590,4.0,36,0,4,0.05
11591,1.0,16,1,2,0.05
11592,4.0,34,0,4,0.05
11593,4.0,30,0,4,0.05
11594,4.0,30,0,4,0.05
11595,4.0,33,0,4,0.05
11596,4.0,30,0,4,0.05
11597,1.0,18,1,2,0.05
11598,4.0,35,0,4,0.05
11599,3.0,33,1,3,0.05
11600,1.0,16,1,2,0.05
11601,1.0,18,1,2,0.05
11602,3.0,29,1,3,0.05
11603,4.0,30,0,4,0.05
11604,0.0,5,1,0,0.05
11605,3.0,28,1,3,0.05
11606,4.0,30,0,4,0.05
11607,1.0,19,1,2,0.05
11608,4.0,30,0,4,0.05
11609,3.0,28,1,3,0.05
11610,4.0,30,0,4,0.05
11611,4.0,31,0,4,0.05
11612,4.0,36,0,4,0.05
11613,4.0,30,0,4,0.05
11614,4.0,30,0,4,0.05
11615,4.0,32,0,4,0.05
11616,1.0,15,1,2,0.05
11617,4.0,30,0,4,0.05
11618,1.0,14,1,2,0.05
11619,1.0,14,1,2,0.05
11620,3.0,23,1,3,0.05
11621,4.0,30,0,4,0.05
11622,4.0,32,0,4,0.05
11623,3.0,27,1,3,0.05
11624,4.0,30,0,4,0.05
11625,4.0,34,0,4,0.05
11626,3.0,23,1,3,0.05
11627,4.0,30,0,4,0.05
11628,3.0,30,1,3,0.05
11629,1.0,16,1,2,0.05
11630,4.0,32,0,4,0.05
11631,3.0,27,1,3,0.05
11632,1.0,19,1,2,0.05
11633,1.0,19,1,2,0.05
11634,3.0,30,1,3,0.05
11635,1.0,18,1,2,0.05
11636,4.0,37,0,4,0.05
11637,3.0,32,1,3,0.05
11638,4.0,30,0,4,0.05
11639,4.0,32,0,4,0.05
11640,4.0,32,0,4,0.05
11641,4.0,30,0,4,0.05
11642,4.0,36,0,4,0.05
11643,4.0,30,0,4,0.05
11644,3.0,30,1,3,0.05
11645,4.0,30,0,4,0.05
11646,4.0,30,0,4,0.05
11647,4.0,37,0,4,0.05
11648,4.0,32,0,4,0.05
11649,4.0,34,0,4,0.05
11650,4.0,30,0,4,0.05
11651,3.0,28,1,3,0.05
11652,4.0,32,0,4,0.05
11653,3.0,25,1,3,0.05
11654,4.0,32,0,4,0.05
11655,4.0,30,0,4,0.05
11656,4.0,30,0,4,0.05
11657,4.0,30,0,4,0.05
11658,4.0,34,0,4,0.05
11659,4.0,32,0,4,0.05
11660,3.0,30,1,3,0.05
11661,4.0,30,0,4,0.05
11662,4.0,30,0,4,0.05
11663,1.0,20,1,2,0.05
11664,4.0,31,0,4,0.05
11665,4.0,30,0,4,0.05
11666,4.0,32,0,4,0.05
11667,4.0,32,0,4,0.05
11668,3.0,28,1,3,0.05
11669,1.0,17,1,2,0.05
11670,4.0,36,0,4,0.05
11671,3.0,21,1,3,0.05
11672,1.0,18,1,2,0.05
11673,4.0,30,0,4,0.05
11674,4.0,35,0,4,0.05
11675,4.0,30,0,4,0.05
11676,4.0,30,0,4,0.05
11677,1.0,18,1,2,0.05
11678,1.0,18,1,2,0.05
11679,4.0,30,0,4,0.05
11680,4.0,30,0,4,0.05
11681,4.0,30,0,4,0.05
11682,1.0,23,1,2,0.05
11683,3.0,25,1,3,0.05
11684,4.0,34,0,4,0.05
11685,4.0,34,0,4,0.05
11686,1.0,17,1,2,0.05
11687,4.0,30,0,4,0.05
11688,4.0,31,0,4,0.05
11689,4.0,30,0,4,0.05
11690,4.0,30,0,4,0.05
11691,3.0,27,1,3,0.05
11692,4.0,30,0,4,0.05
11693,4.0,33,0,4,0.05
11694,4.0,30,0,4,0.05
11695,1.0,19,1,2,0.05
11696,4.0,30,0,4,0.05
11697,4.0,32,0,4,0.05
11698,4.0,30,0,4,0.05
11699,0.0,2,1,0,0.05
11700,1.0,19,1,2,0.05
11701,4.0,32,0,4,0.05
11702,3.0,24,1,3,0.05
11703,4.0,31,0,4,0.05
11704,4.0,30,0,4,0.05
11705,3.0,27,1,3,0.05
11706,3.0,28,1,3,0.05
11707,4.0,32,0,4,0.05
11708,4.0,30,0,4,0.05
11709,1.0,15,1,2,0.05
11710,3.0,27,1,3,0.05
11711,1.0,20,1,2,0.05
11712,4.0,30,0,4,0.05
11713,3.0,29,1,3,0.05
11714,3.0,33,1,3,0.05
11715,4.0,31,0,4,0.05
11716,3.0,28,1,3,0.05
11717,1.0,20,1,2,0.05
11718,4.0,30,0,4,0.05
11719,1.0,18,1,2,0.05
11720,4.0,32,0,4,0.05
11721,3.0,29,1,3,0.05
11722,4.0,35,0,4,0.05
11723,4.0,30,0,4,0.05
11724,4.0,34,0,4,0.05
11725,4.0,32,0,4,0.05
11726,3.0,28,1,3,0.05
11727,4.0,30,0,4,0.05
11728,4.0,34,0,4,0.05
11729,1.0,18,1,2,0.05
11730,4.0,30,0,4,0.05
11731,3.0,26,1,3,0.05
11732,3.0,31,1,3,0.05
11733,4.0,32,0,4,0.05
11734,1.0,17,1,2,0.05
11735,4.0,32,0,4,0.05
11736,4.0,33,0,4,0.05
11737,4.0,34,0,4,0.05
11738,4.0,34,0,4,0.05
11739,1.0,12,1,2,0.05
11740,4.0,34,0,4,0.05
11741,1.0,15,1,2,0.05
11742,1.0,18,1,2,0.05
11743,1.0,15,1,2,0.05
11744,4.0,30,0,4,0.05
11745,3.0,28,1,3,0.05
11746,3.0,31,1,3,0.05
11747,4.0,30,0,4,0.05
11748,1.0,16,1,2,0.05
11749,1.0,14,1,2,0.05
11750,1.0,17,1,2,0.05
11751,4.0,30,0,4,0.05
11752,4.0,34,0,4,0.05
11753,4.0,30,0,4,0.05
11754,4.0,38,0,4,0.05
11755,1.0,18,1,2,0.05
11756,4.0,36,0,4,0.05
11757,4.0,33,0,4,0.05
11758,1.0,17,1,2,0.05
11759,4.0,32,0,4,0.05
11760,4.0,30,0,4,0.05
11761,1.0,18,1,2,0.05
11762,4.0,31,0,4,0.05
11763,4.0,33,0,4,0.05
11764,4.0,30,0,4,0.05
11765,3.0,26,1,3,0.05
11766,4.0,33,0,4,0.05
11767,4.0,30,0,4,0.05
11768,1.0,19,1,2,0.05
11769,4.0,34,0,4,0.05
11770,4.0,32,0,4,0.05
11771,3.0,36,1,3,0.05
11772,4.0,34,0,4,0.05
11773,4.0,34,0,4,0.05
11774,4.0,30,0,4,0.05
11775,4.0,32,0,4,0.05
11776,3.0,28,1,3,0.05
11777,4.0,30,0,4,0.05
11778,3.0,30,1,3,0.05
11779,3.0,33,1,3,0.05
11780,1.0,19,1,2,0.05
11781,4.0,35,0,4,0.05
11782,4.0,32,0,4,0.05
11783,3.0,32,1,3,0.05
11784,4.0,30,0,4,0.05
11785,4.0,31,0,4,0.05
11786,4.0,31,0,4,0.05
11787,4.0,31,0,4,0.05
11788,3.0,24,1,3,0.05
11789,4.0,30,0,4,0.05
11790,1.0,20,1,2,0.05
11791,3.0,32,1,3,0.05
11792,4.0,32,0,4,0.05
11793,1.0,16,1,2,0.05
11794,1.0,21,1,2,0.05
11795,3.0,28,1,3,0.05
11796,4.0,33,0,4,0.05
11797,4.0,30,0,4,0.05
11798,4.0,32,0,4,0.05
11799,4.0,32,0,4,0.05
11800,4.0,34,0,4,0.05
11801,4.0,32,0,4,0.05
11802,4.0,36,0,4,0.05
11803,1.0,22,1,2,0.05
11804,4.0,32,0,4,0.05
11805,1.0,21,1,2,0.05
11806,4.0,31,0,4,0.05
11807,4.0,32,0,4,0.05
11808,4.0,36,0,4,0.05
11809,4.0,30,0,4,0.05
11810,3.0,31,1,3,0.05
11811,0.0,2,1,0,0.05
11812,3.0,26,1,3,0.05
11813,4.0,30,0,4,0.05
11814,4.0,30,0,4,0.05
11815,1.0,20,1,2,0.05
11816,1.0,22,1,2,0.05
11817,4.0,42,0,4,0.05
11818,3.0,32,1,3,0.05
11819,3.0,25,1,3,0.05
11820,4.0,32,0,4,0.05
11821,1.0,16,1,2,0.05
11822,3.0,25,1,3,0.05
11823,1.0,20,1,2,0.05
11824,1.0,21,1,2,0.05
11825,4.0,33,0,4,0.05
11826,4.0,32,0,4,0.05
11827,4.0,34,0,4,0.05
11828,4.0,32,0,4,0.05
11829,4.0,34,0,4,0.05
11830,3.0,33,1,3,0.05
11831,4.0,34,0,4,0.05
11832,1.0,17,1,2,0.05
11833,4.0,33,0,4,0.05
11834,1.0,22,1,2,0.05
11835,4.0,32,0,4,0.05
11836,1.0,17,1,2,0.05
11837,1.0,14,1,2,0.05
11838,0.0,3,1,0,0.05
11839,4.0,32,0,4,0.05
11840,4.0,34,0,4,0.05
11841,4.0,33,0,4,0.05
11842,4.0,35,0,4,0.05
11843,4.0,31,0,4,0.05
11844,4.0,34,0,4,0.05
11845,4.0,34,0,4,0.05
11846,3.0,29,1,3,0.05
11847,4.0,30,0,4,0.05
11848,4.0,33,0,4,0.05
11849,3.0,26,1,3,0.05
11850,3.0,30,1,3,0.05
11851,4.0,36,0,4,0.05
11852,1.0,15,1,2,0.05
11853,0.0,2,1,0,0.05
11854,4.0,32,0,4,0.05
11855,1.0,15,1,2,0.05
11856,1.0,16,1,2,0.05
11857,4.0,32,0,4,0.05
11858,1.0,20,1,2,0.05
11859,3.0,23,1,3,0.05
11860,4.0,30,0,4,0.05
11861,3.0,24,1,3,0.05
11862,3.0,26,1,3,0.05
11863,4.0,32,0,4,0.05
11864,4.0,30,0,4,0.05
11865,4.0,30,0,4,0.05
11866,4.0,32,0,4,0.05
11867,3.0,32,1,3,0.05
11868,1.0,23,1,2,0.05
11869,4.0,30,0,4,0.05
11870,1.0,14,1,2,0.05
11871,4.0,30,0,4,0.05
11872,4.0,32,0,4,0.05
11873,4.0,30,0,4,0.05
11874,4.0,30,0,4,0.05
11875,3.0,26,1,3,0.05
11876,4.0,34,0,4,0.05
11877,1.0,19,1,2,0.05
11878,4.0,32,0,4,0.05
11879,4.0,30,0,4,0.05
11880,4.0,32,0,4,0.05
11881,4.0,32,0,4,0.05
11882,4.0,30,0,4,0.05
11883,4.0,36,0,4,0.05
11884,1.0,15,1,2,0.05
11885,1.0,18,1,2,0.05
11886,4.0,32,0,4,0.05
11887,3.0,34,1,3,0.05
11888,4.0,32,0,4,0.05
11889,4.0,32,0,4,0.05
11890,4.0,34,0,4,0.05
11891,4.0,30,0,4,0.05
11892,3.0,27,1,3,0.05
11893,4.0,33,0,4,0.05
11894,3.0,34,1,3,0.05
11895,1.0,19,1,2,0.05
11896,1.0,16,1,2,0.05
11897,4.0,30,0,4,0.05
11898,1.0,17,1,2,0.05
11899,4.0,32,0,4,0.05
11900,4.0,37,0,4,0.05
11901,4.0,31,0,4,0.05
11902,4.0,31,0,4,0.05
11903,4.0,32,0,4,0.05
11904,4.0,30,0,4,0.05
11905,3.0,30,1,3,0.05
11906,4.0,34,0,4,0.05
11907,4.0,34,0,4,0.05
11908,4.0,30,0,4,0.05
11909,1.0,12,1,2,0.05
11910,4.0,30,0,4,0.05
11911,1.0,15,1,2,0.05
11912,4.0,32,0,4,0.05
11913,4.0,32,0,4,0.05
11914,1.0,22,1,2,0.05
11915,1.0,15,1,2,0.05
11916,4.0,46,0,4,0.05
11917,4.0,32,0,4,0.05
11918,4.0,32,0,4,0.05
11919,3.0,25,1,3,0.05
11920,4.0,31,0,4,0.05
11921,3.0,27,1,3,0.05
11922,3.0,26,1,3,0.05
11923,1.0,16,1,2,0.05
11924,1.0,18,1,2,0.05
11925,1.0,14,1,2,0.05
11926,3.0,31,1,3,0.05
11927,1.0,19,1,2,0.05
11928,0.0,5,1,0,0.05
11929,3.0,37,1,3,0.05
11930,1.0,17,1,2,0.05
11931,3.0,33,1,3,0.05
11932,4.0,32,0,4,0.05
11933,4.0,36,0,4,0.05
11934,4.0,34,0,4,0.05
11935,4.0,30,0,4,0.05
11936,4.0,30,0,4,0.05
11937,4.0,36,0,4,0.05
11938,4.0,33,0,4,0.05
11939,1.0,13,1,2,0.05
11940,4.0,46,0,4,0.05
11941,4.0,38,0,4,0.05
11942,1.0,18,1,2,0.05
11943,1.0,18,1,2,0.05
11944,4.0,34,0,4,0.05
11945,4.0,36,0,4,0.05
11946,4.0,30,0,4,0.05
11947,4.0,31,0,4,0.05
11948,1.0,20,1,2,0.05
11949,4.0,37,0,4,0.05
11950,4.0,33,0,4,0.05
11951,3.0,26,1,3,0.05
11952,4.0,32,0,4,0.05
11953,3.0,24,1,3,0.05
11954,1.0,15,1,2,0.05
11955,1.0,15,1,2,0.05
11956,4.0,41,0,4,0.05
11957,3.0,35,1,3,0.05
11958,3.0,26,1,3,0.05
11959,4.0,30,0,4,0.05
11960,4.0,32,0,4,0.05
11961,1.0,18,1,2,0.05
11962,0.0,2,1,0,0.05
11963,4.0,30,0,4,0.05
11964,3.0,32,1,3,0.05
11965,4.0,30,0,4,0.05
11966,1.0,17,1,2,0.05
11967,3.0,26,1,3,0.05
11968,3.0,32,1,3,0.05
11969,1.0,19,1,2,0.05
11970,4.0,33,0,4,0.05
11971,4.0,30,0,4,0.05
11972,1.0,22,1,2,0.05
11973,1.0,20,1,2,0.05
11974,3.0,25,1,3,0.05
11975,1.0,17,1,2,0.05
11976,4.0,34,0,4,0.05
11977,1.0,14,1,2,0.05
11978,4.0,30,0,4,0.05
11979,3.0,23,1,3,0.05
11980,1.0,15,1,2,0.05
11981,1.0,20,1,2,0.05
11982,4.0,36,0,4,0.05
11983,0.0,2,1,0,0.05
11984,4.0,31,0,4,0.05
11985,1.0,19,1,2,0.05
11986,4.0,32,0,4,0.05
11987,4.0,30,0,4,0.05
11988,4.0,30,0,4,0.05
11989,4.0,30,0,4,0.05
11990,1.0,17,1,2,0.05
11991,4.0,32,0,4,0.05
11992,3.0,34,1,3,0.05
11993,1.0,17,1,2,0.05
11994,1.0,17,1,2,0.05
11995,3.0,59,1,3,0.05
11996,4.0,38,0,4,0.05
11997,4.0,33,0,4,0.05
11998,4.0,32,0,4,0.05
11999,1.0,13,1,2,0.05
12000,3.0,30,1,3,0.05
12001,4.0,34,0,4,0.05
12002,4.0,32,0,4,0.05
12003,4.0,34,0,4,0.05
12004,3.0,29,1,3,0.05
12005,1.0,17,1,2,0.05
12006,3.0,31,1,3,0.05
12007,3.0,26,1,3,0.05
12008,4.0,30,0,4,0.05
12009,4.0,32,0,4,0.05
12010,3.0,30,1,3,0.05
12011,4.0,35,0,4,0.05
12012,3.0,27,1,3,0.05
12013,4.0,30,0,4,0.05
12014,1.0,21,1,2,0.05
12015,1.0,16,1,2,0.05
12016,4.0,31,0,4,0.05
12017,3.0,25,1,3,0.05
12018,4.0,38,0,4,0.05
12019,1.0,16,1,2,0.05
12020,3.0,30,1,3,0.05
12021,1.0,19,1,2,0.05
12022,1.0,19,1,2,0.05
12023,4.0,68,0,4,0.05
12024,1.0,18,1,2,0.05
12025,4.0,30,0,4,0.05
12026,3.0,34,1,3,0.05
12027,4.0,36,0,4,0.05
12028,4.0,30,0,4,0.05
12029,4.0,30,0,4,0.05
12030,1.0,23,1,2,0.05
12031,1.0,15,1,2,0.05
12032,4.0,32,0,4,0.05
12033,4.0,30,0,4,0.05
12034,4.0,36,0,4,0.05
12035,4.0,32,0,4,0.05
12036,1.0,16,1,2,0.05
12037,4.0,32,0,4,0.05
12038,4.0,33,0,4,0.05
12039,1.0,18,1,2,0.05
12040,4.0,31,0,4,0.05
12041,4.0,37,0,4,0.05
12042,1.0,14,1,2,0.05
12043,1.0,19,1,2,0.05
12044,4.0,32,0,4,0.05
12045,3.0,21,1,3,0.05
12046,4.0,30,0,4,0.05
12047,4.0,36,0,4,0.05
12048,4.0,30,0,4,0.05
12049,3.0,29,1,3,0.05
12050,4.0,31,0,4,0.05
12051,3.0,24,1,3,0.05
12052,4.0,30,0,4,0.05
12053,1.0,14,1,2,0.05
12054,1.0,16,1,2,0.05
12055,1.0,70,1,2,0.05
12056,4.0,184,0,4,0.05
12057,4.0,30,0,4,0.05
12058,4.0,32,0,4,0.05
12059,4.0,32,0,4,0.05
12060,4.0,30,0,4,0.05
12061,4.0,34,0,4,0.05
12062,3.0,25,1,3,0.05
12063,3.0,26,1,3,0.05
12064,1.0,17,1,2,0.05
12065,4.0,30,0,4,0.05
12066,4.0,34,0,4,0.05
12067,4.0,34,0,4,0.05
12068,4.0,30,0,4,0.05
12069,4.0,33,0,4,0.05
12070,4.0,32,0,4,0.05
12071,4.0,38,0,4,0.05
12072,3.0,30,1,3,0.05
12073,4.0,32,0,4,0.05
12074,4.0,31,0,4,0.05
12075,1.0,18,1,2,0.05
12076,3.0,30,1,3,0.05
12077,4.0,30,0,4,0.05
12078,4.0,32,0,4,0.05
12079,4.0,30,0,4,0.05
12080,1.0,17,1,2,0.05
12081,1.0,15,1,2,0.05
12082,4.0,30,0,4,0.05
12083,1.0,13,1,2,0.05
12084,4.0,32,0,4,0.05
12085,4.0,30,0,4,0.05
12086,4.0,32,0,4,0.05
12087,4.0,38,0,4,0.05
12088,4.0,35,0,4,0.05
12089,4.0,33,0,4,0.05
12090,1.0,16,1,2,0.05
12091,3.0,30,1,3,0.05
12092,3.0,30,1,3,0.05
12093,4.0,30,0,4,0.05
12094,4.0,30,0,4,0.05
12095,4.0,31,0,4,0.05
12096,4.0,30,0,4,0.05
12097,1.0,20,1,2,0.05
12098,4.0,31,0,4,0.05
12099,4.0,40,0,4,0.05
12100,4.0,34,0,4,0.05
12101,4.0,36,0,4,0.05
12102,4.0,32,0,4,0.05
12103,4.0,31,0,4,0.05
12104,4.0,30,0,4,0.05
12105,3.0,26,1,3,0.05
12106,0.0,3,1,0,0.05
12107,1.0,19,1,2,0.05
12108,4.0,31,0,4,0.05
12109,3.0,25,1,3,0.05
12110,1.0,26,1,2,0.05
12111,4.0,36,0,4,0.05
12112,0.0,5,1,0,0.05
12113,1.0,17,1,2,0.05
12114,3.0,24,1,3,0.05
12115,4.0,30,0,4,0.05
12116,3.0,24,1,3,0.05
12117,3.0,25,1,3,0.05
12118,4.0,32,0,4,0.05
12119,4.0,30,0,4,0.05
12120,4.0,33,0,4,0.05
12121,3.0,27,1,3,0.05
12122,1.0,18,1,2,0.05
12123,1.0,15,1,2,0.05
12124,4.0,34,0,4,0.05
12125,4.0,32,0,4,0.05
12126,3.0,20,1,3,0.05
12127,4.0,31,0,4,0.05
12128,3.0,31,1,3,0.05
12129,1.0,21,1,2,0.05
12130,3.0,27,1,3,0.05
12131,1.0,20,1,2,0.05
12132,3.0,30,1,3,0.05
12133,3.0,29,1,3,0.05
12134,4.0,34,0,4,0.05
12135,1.0,15,1,2,0.05
12136,4.0,30,0,4,0.05
12137,4.0,32,0,4,0.05
12138,4.0,36,0,4,0.05
12139,1.0,23,1,2,0.05
12140,1.0,19,1,2,0.05
12141,4.0,32,0,4,0.05
12142,4.0,32,0,4,0.05
12143,3.0,31,1,3,0.05
12144,4.0,34,0,4,0.05
12145,3.0,28,1,3,0.05
12146,3.0,27,1,3,0.05
12147,1.0,22,1,2,0.05
12148,4.0,35,0,4,0.05
12149,1.0,20,1,2,0.05
12150,0.0,4,1,0,0.05
12151,4.0,30,0,4,0.05
12152,1.0,21,1,2,0.05
12153,1.0,13,1,2,0.05
12154,4.0,32,0,4,0.05
12155,3.0,33,1,3,0.05
12156,1.0,17,1,2,0.05
12157,4.0,30,0,4,0.05
12158,0.0,3,1,0,0.05
12159,3.0,63,1,3,0.05
12160,1.0,17,1,2,0.05
12161,1.0,17,1,2,0.05
12162,3.0,27,1,3,0.05
12163,4.0,50,0,4,0.05
12164,3.0,28,1,3,0.05
12165,4.0,32,0,4,0.05
12166,4.0,31,0,4,0.05
12167,4.0,30,0,4,0.05
12168,3.0,24,1,3,0.05
12169,4.0,35,0,4,0.05
12170,3.0,24,1,3,0.05
12171,4.0,32,0,4,0.05
12172,4.0,30,0,4,0.05
12173,4.0,32,0,4,0.05
12174,3.0,26,1,3,0.05
12175,4.0,83,0,4,0.05
12176,1.0,21,1,2,0.05
12177,4.0,40,0,4,0.05
12178,4.0,30,0,4,0.05
12179,1.0,18,1,2,0.05
12180,4.0,32,0,4,0.05
12181,1.0,14,1,2,0.05
12182,3.0,23,1,3,0.05
12183,1.0,17,1,2,0.05
12184,3.0,27,1,3,0.05
12185,3.0,37,1,3,0.05
12186,4.0,32,0,4,0.05
12187,3.0,24,1,3,0.05
12188,3.0,30,1,3,0.05
12189,4.0,32,0,4,0.05
12190,4.0,30,0,4,0.05
12191,3.0,29,1,3,0.05
12192,3.0,37,1,3,0.05
12193,3.0,32,1,3,0.05
12194,3.0,43,1,3,0.05
12195,1.0,17,1,2,0.05
12196,3.0,23,1,3,0.05
12197,3.0,29,1,3,0.05
12198,4.0,38,0,4,0.05
12199,4.0,32,0,4,0.05
12200,4.0,31,0,4,0.05
12201,4.0,32,0,4,0.05
12202,1.0,19,1,2,0.05
12203,3.0,23,1,3,0.05
12204,1.0,18,1,2,0.05
12205,1.0,19,1,2,0.05
12206,4.0,30,0,4,0.05
12207,4.0,34,0,4,0.05
12208,4.0,30,0,4,0.05
12209,4.0,36,0,4,0.05
12210,4.0,30,0,4,0.05
12211,4.0,32,0,4,0.05
12212,4.0,30,0,4,0.05
12213,4.0,30,0,4,0.05
12214,3.0,29,1,3,0.05
12215,4.0,34,0,4,0.05
12216,3.0,30,1,3,0.05
12217,3.0,28,1,3,0.05
12218,4.0,34,0,4,0.05
12219,4.0,65,0,4,0.05
12220,4.0,33,0,4,0.05
12221,4.0,36,0,4,0.05
12222,4.0,32,0,4,0.05
12223,4.0,30,0,4,0.05
12224,1.0,18,1,2,0.05
12225,4.0,32,0,4,0.05
12226,1.0,12,1,2,0.05
12227,4.0,32,0,4,0.05
12228,4.0,30,0,4,0.05
12229,4.0,34,0,4,0.05
12230,3.0,31,1,3,0.05
12231,1.0,15,1,2,0.05
12232,3.0,25,1,3,0.05
12233,4.0,33,0,4,0.05
12234,3.0,27,1,3,0.05
12235,1.0,18,1,2,0.05
12236,3.0,29,1,3,0.05
12237,4.0,57,0,4,0.05
12238,1.0,17,1,2,0.05
12239,3.0,26,1,3,0.05
12240,1.0,18,1,2,0.05
12241,1.0,17,1,2,0.05
12242,3.0,26,1,3,0.05
12243,4.0,36,0,4,0.05
12244,1.0,17,1,2,0.05
12245,1.0,22,1,2,0.05
12246,1.0,16,1,2,0.05
12247,3.0,98,1,3,0.05
12248,4.0,43,0,4,0.05
12249,3.0,24,1,3,0.05
12250,4.0,30,0,4,0.05
12251,3.0,36,1,3,0.05
12252,3.0,23,1,3,0.05
12253,1.0,16,1,2,0.05
12254,4.0,102,0,4,0.05
12255,4.0,33,0,4,0.05
12256,3.0,31,1,3,0.05
12257,0.0,5,1,0,0.05
12258,4.0,32,0,4,0.05
12259,0.0,3,1,0,0.05
12260,3.0,54,1,3,0.05
12261,0.0,4,1,0,0.05
12262,0.0,157,1,0,0.05
12263,0.0,69,1,0,0.05
12264,3.0,30,1,3,0.05
12265,3.0,45,1,3,0.05
12266,0.0,3,1,0,0.05
12267,0.0,49,1,0,0.05
12268,3.0,43,1,3,0.05
12269,0.0,6,1,0,0.05
12270,3.0,30,1,3,0.05
12271,0.0,13,1,0,0.05
12272,0.0,13,1,0,0.05
12273,4.0,89,0,4,0.05
12274,4.0,37,0,4,0.05
12275,1.0,20,1,2,0.05
12276,3.0,30,1,3,0.05
12277,3.0,28,1,3,0.05
12278,4.0,33,0,4,0.05
12279,4.0,38,0,4,0.05
12280,4.0,32,0,4,0.05
12281,1.0,18,1,2,0.05
12282,1.0,22,1,2,0.05
12283,3.0,35,1,3,0.05
12284,3.0,35,1,3,0.05
12285,1.0,20,1,2,0.05
12286,3.0,29,1,3,0.05
12287,4.0,33,0,4,0.05
12288,4.0,34,0,4,0.05
12289,3.0,36,1,3,0.05
12290,3.0,25,1,3,0.05
12291,4.0,42,0,4,0.05
12292,0.0,7,1,0,0.05
12293,4.0,32,0,4,0.05
12294,0.0,3,1,0,0.05
12295,0.0,3,1,0,0.05
12296,4.0,32,0,4,0.05
12297,4.0,32,0,4,0.05
12298,3.0,27,1,3,0.05
12299,4.0,75,0,4,0.05
12300,4.0,46,0,4,0.05
12301,4.0,45,0,4,0.05
12302,1.0,19,1,2,0.05
12303,4.0,44,0,4,0.05
12304,4.0,34,0,4,0.05
12305,0.0,3,1,0,0.05
12306,1.0,19,1,2,0.05
12307,3.0,35,1,3,0.05
12308,0.0,2,1,0,0.05
12309,4.0,38,0,4,0.05
12310,0.0,34,1,0,0.05
12311,4.0,34,0,4,0.05
12312,0.0,3,1,0,0.05
12313,1.0,28,1,2,0.05
12314,3.0,28,1,3,0.05
12315,4.0,52,0,4,0.05
12316,4.0,36,0,4,0.05
12317,1.0,17,1,2,0.05
12318,4.0,36,0,4,0.05
12319,3.0,24,1,3,0.05
12320,1.0,18,1,2,0.05
12321,4.0,45,0,4,0.05
12322,3.0,31,1,3,0.05
12323,3.0,24,1,3,0.05
12324,0.0,2,1,0,0.05
12325,4.0,44,0,4,0.05
12326,4.0,32,0,4,0.05
12327,1.0,19,1,2,0.05
12328,1.0,17,1,2,0.05
12329,3.0,27,1,3,0.05
12330,4.0,56,0,4,0.05
12331,4.0,36,0,4,0.05
12332,3.0,32,1,3,0.05
12333,3.0,37,1,3,0.05
12334,4.0,33,0,4,0.05
12335,1.0,18,1,2,0.05
12336,4.0,30,0,4,0.05
12337,4.0,34,0,4,0.05
12338,3.0,27,1,3,0.05
12339,4.0,36,0,4,0.05
12340,4.0,34,0,4,0.05
12341,3.0,27,1,3,0.05
12342,4.0,46,0,4,0.05
12343,1.0,27,1,2,0.05
12344,4.0,30,0,4,0.05
12345,0.0,2,1,0,0.05
12346,4.0,30,0,4,0.05
12347,4.0,30,0,4,0.05
12348,4.0,33,0,4,0.05
12349,4.0,32,0,4,0.05
12350,4.0,36,0,4,0.05
12351,4.0,31,0,4,0.05
12352,3.0,28,1,3,0.05
12353,4.0,32,0,4,0.05
12354,4.0,33,0,4,0.05
12355,3.0,29,1,3,0.05
12356,4.0,32,0,4,0.05
12357,4.0,30,0,4,0.05
12358,4.0,35,0,4,0.05
12359,3.0,27,1,3,0.05
12360,4.0,32,0,4,0.05
12361,1.0,17,1,2,0.05
12362,3.0,27,1,3,0.05
12363,4.0,30,0,4,0.05
12364,3.0,22,1,3,0.05
12365,4.0,41,0,4,0.05
12366,1.0,17,1,2,0.05
12367,4.0,44,0,4,0.05
12368,4.0,32,0,4,0.05
12369,3.0,22,1,3,0.05
12370,1.0,19,1,2,0.05
12371,4.0,30,0,4,0.05
12372,3.0,31,1,3,0.05
12373,1.0,15,1,2,0.05
12374,4.0,34,0,4,0.05
12375,4.0,34,0,4,0.05
12376,1.0,20,1,2,0.05
12377,1.0,21,1,2,0.05
12378,4.0,40,0,4,0.05
12379,3.0,24,1,3,0.05
12380,4.0,43,0,4,0.05
12381,1.0,19,1,2,0.05
12382,4.0,38,0,4,0.05
12383,1.0,25,1,2,0.05
12384,1.0,17,1,2,0.05
12385,4.0,36,0,4,0.05
12386,1.0,16,1,2,0.05
12387,4.0,39,0,4,0.05
12388,1.0,15,1,2,0.05
12389,3.0,32,1,3,0.05
12390,3.0,43,1,3,0.05
12391,3.0,46,1,3,0.05
12392,1.0,17,1,2,0.05
12393,3.0,31,1,3,0.05
12394,4.0,35,0,4,0.05
12395,3.0,33,1,3,0.05
12396,1.0,14,1,2,0.05
12397,4.0,32,0,4,0.05
12398,3.0,28,1,3,0.05
12399,4.0,30,0,4,0.05
12400,1.0,15,1,2,0.05
12401,4.0,38,0,4,0.05
12402,4.0,30,0,4,0.05
12403,4.0,31,0,4,0.05
12404,4.0,33,0,4,0.05
12405,3.0,28,1,3,0.05
12406,4.0,30,0,4,0.05
12407,3.0,32,1,3,0.05
12408,1.0,19,1,2,0.05
12409,4.0,32,0,4,0.05
12410,1.0,15,1,2,0.05
12411,1.0,25,1,2,0.05
12412,4.0,36,0,4,0.05
12413,4.0,36,0,4,0.05
12414,1.0,16,1,2,0.05
12415,1.0,19,1,2,0.05
12416,4.0,55,0,4,0.05
12417,3.0,29,1,3,0.05
12418,4.0,30,0,4,0.05
12419,3.0,24,1,3,0.05
12420,3.0,29,1,3,0.05
12421,0.0,6,1,0,0.05
12422,3.0,28,1,3,0.05
12423,3.0,28,1,3,0.05
12424,4.0,32,0,4,0.05
12425,1.0,17,1,2,0.05
12426,4.0,68,0,4,0.05
12427,1.0,17,1,2,0.05
12428,4.0,30,0,4,0.05
12429,4.0,36,0,4,0.05
12430,4.0,30,0,4,0.05
12431,1.0,16,1,2,0.05
12432,4.0,40,0,4,0.05
12433,1.0,18,1,2,0.05
12434,3.0,33,1,3,0.05
12435,1.0,23,1,2,0.05
12436,1.0,26,1,2,0.05
12437,1.0,21,1,2,0.05
12438,4.0,42,0,4,0.05
12439,4.0,67,0,4,0.05
12440,4.0,30,0,4,0.05
12441,1.0,21,1,2,0.05
12442,4.0,40,0,4,0.05
12443,4.0,36,0,4,0.05
12444,4.0,33,0,4,0.05
12445,4.0,33,0,4,0.05
12446,3.0,30,1,3,0.05
12447,4.0,34,0,4,0.05
12448,4.0,30,0,4,0.05
12449,1.0,17,1,2,0.05
12450,1.0,16,1,2,0.05
12451,4.0,34,0,4,0.05
12452,3.0,28,1,3,0.05
12453,1.0,27,1,2,0.05
12454,1.0,26,1,2,0.05
12455,1.0,14,1,2,0.05
12456,1.0,81,1,2,0.05
12457,1.0,58,1,2,0.05
12458,3.0,233,1,3,0.05
12459,4.0,68,0,4,0.05
12460,4.0,45,0,4,0.05
12461,3.0,36,1,3,0.05
12462,1.0,24,1,2,0.05
12463,1.0,41,1,2,0.05
12464,1.0,30,1,2,0.05
12465,4.0,90,0,4,0.05
12466,4.0,28,0,4,0.05
12467,4.0,39,0,4,0.05
12468,1.0,25,1,2,0.05
12469,3.0,28,1,3,0.05
12470,0.0,3,1,0,0.05
12471,3.0,26,1,3,0.05
12472,1.0,14,1,2,0.05
12473,1.0,19,1,2,0.05
12474,4.0,36,0,4,0.05
12475,3.0,32,1,3,0.05
12476,1.0,13,1,2,0.05
12477,4.0,80,0,4,0.05
12478,1.0,32,1,2,0.05
12479,4.0,65,0,4,0.05
12480,4.0,50,0,4,0.05
12481,1.0,13,1,2,0.05
12482,4.0,60,0,4,0.05
12483,3.0,48,1,3,0.05
12484,1.0,29,1,2,0.05
12485,1.0,61,1,2,0.05
12486,4.0,35,0,4,0.05
12487,4.0,33,0,4,0.05
12488,4.0,38,0,4,0.05
12489,4.0,32,0,4,0.05
12490,4.0,30,0,4,0.05
12491,4.0,30,0,4,0.05
12492,4.0,39,0,4,0.05
12493,4.0,32,0,4,0.05
12494,4.0,30,0,4,0.05
12495,4.0,39,0,4,0.05
12496,3.0,31,1,3,0.05
12497,4.0,34,0,4,0.05
12498,4.0,32,0,4,0.05
12499,1.0,19,1,2,0.05
12500,1.0,22,1,2,0.05
12501,1.0,26,1,2,0.05
12502,4.0,34,0,4,0.05
12503,4.0,41,0,4,0.05
12504,4.0,34,0,4,0.05
12505,1.0,20,1,2,0.05
12506,3.0,30,1,3,0.05
12507,4.0,39,0,4,0.05
12508,4.0,32,0,4,0.05
12509,4.0,32,0,4,0.05
12510,0.0,3,1,0,0.05
12511,3.0,33,1,3,0.05
12512,4.0,30,0,4,0.05
12513,1.0,17,1,2,0.05
12514,4.0,34,0,4,0.05
12515,4.0,32,0,4,0.05
12516,1.0,20,1,2,0.05
12517,3.0,29,1,3,0.05
12518,3.0,31,1,3,0.05
12519,4.0,34,0,4,0.05
12520,4.0,36,0,4,0.05
12521,1.0,17,1,2,0.05
12522,4.0,31,0,4,0.05
12523,1.0,15,1,2,0.05
12524,4.0,30,0,4,0.05
12525,4.0,32,0,4,0.05
12526,4.0,32,0,4,0.05
12527,1.0,16,1,2,0.05
12528,4.0,31,0,4,0.05
12529,4.0,35,0,4,0.05
12530,4.0,34,0,4,0.05
12531,4.0,31,0,4,0.05
12532,4.0,33,0,4,0.05
12533,1.0,28,1,2,0.05
12534,4.0,32,0,4,0.05
12535,4.0,30,0,4,0.05
12536,3.0,28,1,3,0.05
12537,3.0,27,1,3,0.05
12538,4.0,33,0,4,0.05
12539,1.0,22,1,2,0.05
12540,1.0,17,1,2,0.05
12541,4.0,34,0,4,0.05
12542,3.0,28,1,3,0.05
12543,3.0,26,1,3,0.05
12544,4.0,34,0,4,0.05
12545,3.0,27,1,3,0.05
12546,1.0,19,1,2,0.05
12547,4.0,31,0,4,0.05
12548,4.0,36,0,4,0.05
12549,0.0,2,1,0,0.05
12550,4.0,30,0,4,0.05
12551,4.0,32,0,4,0.05
12552,4.0,30,0,4,0.05
12553,4.0,32,0,4,0.05
12554,1.0,20,1,2,0.05
12555,4.0,30,0,4,0.05
12556,1.0,15,1,2,0.05
12557,3.0,25,1,3,0.05
12558,1.0,19,1,2,0.05
12559,1.0,18,1,2,0.05
12560,4.0,32,0,4,0.05
12561,4.0,32,0,4,0.05
12562,4.0,32,0,4,0.05
12563,4.0,32,0,4,0.05
12564,3.0,31,1,3,0.05
12565,1.0,18,1,2,0.05
12566,0.0,4,1,0,0.05
12567,4.0,70,0,4,0.05
12568,4.0,32,0,4,0.05
12569,4.0,30,0,4,0.05
12570,4.0,36,0,4,0.05
12571,4.0,32,0,4,0.05
12572,1.0,15,1,2,0.05
12573,4.0,33,0,4,0.05
12574,1.0,18,1,2,0.05
12575,1.0,16,1,2,0.05
12576,3.0,31,1,3,0.05
12577,4.0,32,0,4,0.05
12578,4.0,38,0,4,0.05
12579,4.0,30,0,4,0.05
12580,4.0,30,0,4,0.05
12581,4.0,32,0,4,0.05
12582,1.0,20,1,2,0.05
12583,1.0,19,1,2,0.05
12584,4.0,30,0,4,0.05
12585,3.0,24,1,3,0.05
12586,4.0,31,0,4,0.05
12587,1.0,18,1,2,0.05
12588,3.0,30,1,3,0.05
12589,4.0,32,0,4,0.05
12590,4.0,31,0,4,0.05
12591,4.0,32,0,4,0.05
12592,4.0,34,0,4,0.05
12593,0.0,4,1,0,0.05
12594,4.0,35,0,4,0.05
12595,3.0,28,1,3,0.05
12596,4.0,33,0,4,0.05
12597,4.0,35,0,4,0.05
12598,3.0,35,1,3,0.05
12599,1.0,20,1,2,0.05
12600,3.0,31,1,3,0.05
12601,4.0,34,0,4,0.05
12602,4.0,30,0,4,0.05
12603,1.0,20,1,2,0.05
12604,4.0,36,0,4,0.05
12605,4.0,32,0,4,0.05
12606,1.0,15,1,2,0.05
12607,3.0,45,1,3,0.05
12608,1.0,19,1,2,0.05
12609,1.0,15,1,2,0.05
12610,1.0,43,1,2,0.05
12611,1.0,35,1,2,0.05
12612,3.0,73,1,3,0.05
12613,1.0,17,1,2,0.05
12614,4.0,90,0,4,0.05
12615,4.0,32,0,4,0.05
12616,4.0,32,0,4,0.05
12617,1.0,20,1,2,0.05
12618,4.0,32,0,4,0.05
12619,3.0,33,1,3,0.05
12620,4.0,30,0,4,0.05
12621,4.0,34,0,4,0.05
12622,4.0,30,0,4,0.05
12623,4.0,32,0,4,0.05
12624,4.0,32,0,4,0.05
12625,4.0,32,0,4,0.05
12626,1.0,18,1,2,0.05
12627,3.0,31,1,3,0.05
12628,0.0,3,1,0,0.05
12629,4.0,30,0,4,0.05
12630,4.0,30,0,4,0.05
12631,4.0,32,0,4,0.05
12632,1.0,18,1,2,0.05
12633,4.0,30,0,4,0.05
12634,1.0,17,1,2,0.05
12635,1.0,18,1,2,0.05
12636,4.0,32,0,4,0.05
12637,4.0,32,0,4,0.05
12638,4.0,32,0,4,0.05
12639,1.0,19,1,2,0.05
12640,3.0,33,1,3,0.05
12641,4.0,32,0,4,0.05
12642,3.0,32,1,3,0.05
12643,4.0,48,0,4,0.05
12644,1.0,22,1,2,0.05
12645,4.0,32,0,4,0.05
12646,1.0,17,1,2,0.05
12647,3.0,30,1,3,0.05
12648,1.0,19,1,2,0.05
12649,1.0,19,1,2,0.05
12650,3.0,41,1,3,0.05
12651,4.0,33,0,4,0.05
12652,1.0,16,1,2,0.05
12653,4.0,31,0,4,0.05
12654,4.0,32,0,4,0.05
12655,1.0,14,1,2,0.05
12656,4.0,30,0,4,0.05
12657,1.0,17,1,2,0.05
12658,1.0,18,1,2,0.05
12659,4.0,34,0,4,0.05
12660,1.0,19,1,2,0.05
12661,1.0,75,1,2,0.05
12662,4.0,30,0,4,0.05
12663,4.0,32,0,4,0.05
12664,1.0,20,1,2,0.05
12665,1.0,16,1,2,0.05
12666,1.0,26,1,2,0.05
12667,4.0,30,0,4,0.05
12668,1.0,16,1,2,0.05
12669,3.0,57,1,3,0.05
12670,0.0,3,1,0,0.05
12671,0.0,4,1,0,0.05
12672,4.0,36,0,4,0.05
12673,1.0,17,1,2,0.05
12674,4.0,34,0,4,0.05
12675,4.0,32,0,4,0.05
12676,4.0,33,0,4,0.05
12677,3.0,41,1,3,0.05
12678,1.0,25,1,2,0.05
12679,1.0,24,1,2,0.05
12680,1.0,19,1,2,0.05
12681,1.0,14,1,2,0.05
12682,1.0,23,1,2,0.05
12683,1.0,54,1,2,0.05
12684,4.0,86,0,4,0.05
12685,1.0,20,1,2,0.05
12686,4.0,35,0,4,0.05
12687,1.0,22,1,2,0.05
12688,3.0,34,1,3,0.05
12689,1.0,22,1,2,0.05
12690,1.0,15,1,2,0.05
12691,3.0,106,1,3,0.05
12692,4.0,32,0,4,0.05
12693,4.0,32,0,4,0.05
12694,3.0,27,1,3,0.05
12695,4.0,31,0,4,0.05
12696,3.0,28,1,3,0.05
12697,1.0,15,1,2,0.05
12698,3.0,38,1,3,0.05
12699,4.0,28,0,4,0.05
12700,1.0,15,1,2,0.05
12701,1.0,49,1,2,0.05
12702,1.0,20,1,2,0.05
12703,3.0,54,1,3,0.05
12704,3.0,52,1,3,0.05
12705,1.0,43,1,2,0.05
12706,4.0,32,0,4,0.05
12707,3.0,59,1,3,0.05
12708,4.0,62,0,4,0.05
12709,4.0,57,0,4,0.05
12710,1.0,46,1,2,0.05
12711,4.0,55,0,4,0.05
12712,3.0,33,1,3,0.05
12713,4.0,50,0,4,0.05
12714,3.0,21,1,3,0.05
12715,1.0,17,1,2,0.05
12716,4.0,40,0,4,0.05
12717,4.0,29,0,4,0.05
12718,4.0,33,0,4,0.05
12719,1.0,21,1,2,0.05
12720,1.0,15,1,2,0.05
12721,4.0,65,0,4,0.05
12722,1.0,22,1,2,0.05
12723,1.0,57,1,2,0.05
12724,1.0,30,1,2,0.05
12725,4.0,32,0,4,0.05
12726,1.0,22,1,2,0.05
12727,1.0,29,1,2,0.05
12728,4.0,42,0,4,0.05
12729,1.0,21,1,2,0.05
12730,4.0,48,0,4,0.05
12731,4.0,49,0,4,0.05
12732,4.0,63,0,4,0.05
12733,4.0,171,0,4,0.05
12734,4.0,34,0,4,0.05
12735,4.0,32,0,4,0.05
12736,4.0,43,0,4,0.05
12737,0.0,4,1,0,0.05
12738,4.0,46,0,4,0.05
12739,4.0,37,0,4,0.05
12740,1.0,31,1,2,0.05
12741,1.0,19,1,2,0.05
12742,1.0,97,1,2,0.05
12743,4.0,59,0,4,0.05
12744,4.0,47,0,4,0.05
12745,1.0,45,1,2,0.05
12746,4.0,30,0,4,0.05
12747,3.0,25,1,3,0.05
12748,1.0,38,1,2,0.05
12749,4.0,33,0,4,0.05
12750,3.0,67,1,3,0.05
12751,4.0,34,0,4,0.05
12752,4.0,34,0,4,0.05
12753,0.0,3,1,0,0.05
12754,4.0,30,0,4,0.05
12755,4.0,43,0,4,0.05
12756,1.0,21,1,2,0.05
12757,4.0,45,0,4,0.05
12758,3.0,31,1,3,0.05
12759,4.0,40,0,4,0.05
12760,4.0,47,0,4,0.05
12761,1.0,39,1,2,0.05
12762,3.0,25,1,3,0.05
12763,4.0,34,0,4,0.05
12764,3.0,29,1,3,0.05
12765,3.0,34,1,3,0.05
12766,1.0,26,1,2,0.05
12767,0.0,4,1,0,0.05
12768,3.0,57,1,3,0.05
12769,1.0,19,1,2,0.05
12770,4.0,33,0,4,0.05
12771,0.0,3,1,0,0.05
12772,4.0,53,0,4,0.05
12773,4.0,37,0,4,0.05
12774,4.0,33,0,4,0.05
12775,3.0,33,1,3,0.05
12776,1.0,27,1,2,0.05
12777,3.0,37,1,3,0.05
12778,4.0,45,0,4,0.05
12779,3.0,28,1,3,0.05
12780,4.0,33,0,4,0.05
12781,3.0,25,1,3,0.05
12782,3.0,32,1,3,0.05
12783,3.0,24,1,3,0.05
12784,4.0,30,0,4,0.05
12785,1.0,18,1,2,0.05
12786,3.0,26,1,3,0.05
12787,4.0,30,0,4,0.05
12788,3.0,30,1,3,0.05
12789,1.0,22,1,2,0.05
12790,4.0,34,0,4,0.05
12791,3.0,28,1,3,0.05
12792,4.0,32,0,4,0.05
12793,4.0,36,0,4,0.05
12794,4.0,34,0,4,0.05
12795,3.0,34,1,3,0.05
12796,3.0,27,1,3,0.05
12797,3.0,30,1,3,0.05
12798,1.0,17,1,2,0.05
12799,4.0,31,0,4,0.05
12800,4.0,30,0,4,0.05
12801,3.0,27,1,3,0.05
12802,1.0,28,1,2,0.05
12803,4.0,30,0,4,0.05
12804,0.0,4,1,0,0.05
12805,3.0,23,1,3,0.05
12806,3.0,27,1,3,0.05
12807,3.0,30,1,3,0.05
12808,4.0,32,0,4,0.05
12809,4.0,36,0,4,0.05
12810,3.0,26,1,3,0.05
12811,4.0,32,0,4,0.05
12812,4.0,32,0,4,0.05
12813,4.0,30,0,4,0.05
12814,3.0,32,1,3,0.05
12815,4.0,30,0,4,0.05
12816,3.0,34,1,3,0.05
12817,1.0,21,1,2,0.05
12818,3.0,29,1,3,0.05
12819,1.0,20,1,2,0.05
12820,1.0,17,1,2,0.05
12821,1.0,19,1,2,0.05
12822,4.0,32,0,4,0.05
12823,3.0,29,1,3,0.05
12824,4.0,31,0,4,0.05
12825,4.0,30,0,4,0.05
12826,3.0,38,1,3,0.05
12827,4.0,30,0,4,0.05
12828,4.0,34,0,4,0.05
12829,4.0,30,0,4,0.05
12830,1.0,31,1,2,0.05
12831,3.0,26,1,3,0.05
12832,4.0,32,0,4,0.05
12833,1.0,19,1,2,0.05
12834,4.0,34,0,4,0.05
12835,1.0,17,1,2,0.05
12836,3.0,31,1,3,0.05
12837,3.0,28,1,3,0.05
12838,4.0,46,0,4,0.05
12839,4.0,32,0,4,0.05
12840,4.0,32,0,4,0.05
12841,4.0,34,0,4,0.05
12842,4.0,35,0,4,0.05
12843,1.0,17,1,2,0.05
12844,4.0,34,0,4,0.05
12845,4.0,33,0,4,0.05
12846,1.0,21,1,2,0.05
12847,1.0,19,1,2,0.05
12848,4.0,39,0,4,0.05
12849,4.0,34,0,4,0.05
12850,4.0,32,0,4,0.05
12851,3.0,28,1,3,0.05
12852,1.0,34,1,2,0.05
12853,4.0,32,0,4,0.05
12854,1.0,20,1,2,0.05
12855,0.0,14,1,1,0.05
12856,3.0,31,1,3,0.05
12857,1.0,24,1,2,0.05
12858,3.0,35,1,3,0.05
12859,4.0,30,0,4,0.05
12860,4.0,31,0,4,0.05
12861,3.0,26,1,3,0.05
12862,1.0,19,1,2,0.05
12863,1.0,19,1,2,0.05
12864,4.0,32,0,4,0.05
12865,4.0,35,0,4,0.05
12866,0.0,2,1,0,0.05
12867,4.0,30,0,4,0.05
12868,4.0,32,0,4,0.05
12869,4.0,34,0,4,0.05
12870,4.0,31,0,4,0.05
12871,3.0,30,1,3,0.05
12872,3.0,28,1,3,0.05
12873,1.0,24,1,2,0.05
12874,1.0,15,1,1,0.05
12875,4.0,35,0,4,0.05
12876,0.0,2,1,0,0.05
12877,0.0,18,1,0,0.05
12878,4.0,37,0,4,0.05
12879,1.0,17,1,2,0.05
12880,4.0,32,0,4,0.05
12881,0.0,3,1,0,0.05
12882,1.0,26,1,2,0.05
12883,4.0,31,0,4,0.05
12884,3.0,31,1,3,0.05
12885,1.0,20,1,2,0.05
12886,4.0,30,0,4,0.05
12887,4.0,34,0,4,0.05
12888,3.0,26,1,3,0.05
12889,3.0,33,1,3,0.05
12890,1.0,25,1,2,0.05
12891,1.0,21,1,2,0.05
12892,1.0,20,1,2,0.05
12893,3.0,24,1,3,0.05
12894,4.0,32,0,4,0.05
12895,4.0,32,0,4,0.05
12896,0.0,5,1,0,0.05
12897,4.0,40,0,4,0.05
12898,4.0,28,0,4,0.05
12899,1.0,16,1,2,0.05
12900,1.0,20,1,2,0.05
12901,4.0,30,0,4,0.05
12902,1.0,20,1,2,0.05
12903,3.0,25,1,3,0.05
12904,4.0,30,0,4,0.05
12905,1.0,17,1,2,0.05
12906,1.0,17,1,2,0.05
12907,4.0,32,0,4,0.05
12908,3.0,24,1,3,0.05
12909,3.0,27,1,3,0.05
12910,3.0,29,1,3,0.05
12911,1.0,15,1,2,0.05
12912,4.0,32,0,4,0.05
12913,3.0,27,1,3,0.05
12914,1.0,19,1,2,0.05
12915,4.0,32,0,4,0.05
12916,4.0,30,0,4,0.05
12917,4.0,30,0,4,0.05
12918,4.0,34,0,4,0.05
12919,4.0,32,0,4,0.05
12920,0.0,2,1,0,0.05
12921,3.0,26,1,3,0.05
12922,4.0,32,0,4,0.05
12923,3.0,28,1,3,0.05
12924,4.0,33,0,4,0.05
12925,1.0,22,1,2,0.05
12926,4.0,31,0,4,0.05
12927,4.0,34,0,4,0.05
12928,4.0,35,0,4,0.05
12929,4.0,32,0,4,0.05
12930,4.0,30,0,4,0.05
12931,4.0,32,0,4,0.05
12932,1.0,19,1,2,0.05
12933,4.0,32,0,4,0.05
12934,3.0,29,1,3,0.05
12935,1.0,20,1,2,0.05
12936,4.0,32,0,4,0.05
12937,4.0,36,0,4,0.05
12938,3.0,25,1,3,0.05
12939,1.0,22,1,2,0.05
12940,4.0,30,0,4,0.05
12941,3.0,31,1,3,0.05
12942,3.0,28,1,3,0.05
12943,0.0,6,1,0,0.05
12944,4.0,30,0,4,0.05
12945,4.0,32,0,4,0.05
12946,3.0,28,1,3,0.05
12947,1.0,20,1,2,0.05
12948,3.0,28,1,3,0.05
12949,4.0,31,0,4,0.05
12950,3.0,27,1,3,0.05
12951,4.0,30,0,4,0.05
12952,4.0,30,0,4,0.05
12953,4.0,30,0,4,0.05
12954,4.0,34,0,4,0.05
12955,4.0,30,0,4,0.05
12956,1.0,18,1,2,0.05
12957,3.0,28,1,3,0.05
12958,1.0,21,1,2,0.05
12959,3.0,27,1,3,0.05
12960,4.0,32,0,4,0.05
12961,3.0,33,1,3,0.05
12962,4.0,30,0,4,0.05
12963,4.0,30,0,4,0.05
12964,4.0,32,0,4,0.05
12965,3.0,30,1,3,0.05
12966,3.0,32,1,3,0.05
12967,1.0,20,1,2,0.05
12968,4.0,30,0,4,0.05
12969,4.0,34,0,4,0.05
12970,4.0,30,0,4,0.05
12971,4.0,32,0,4,0.05
12972,3.0,26,1,3,0.05
12973,4.0,32,0,4,0.05
12974,4.0,30,0,4,0.05
12975,4.0,30,0,4,0.05
12976,1.0,21,1,2,0.05
12977,0.0,5,1,0,0.05
12978,4.0,40,0,4,0.05
12979,4.0,30,0,4,0.05
12980,4.0,35,0,4,0.05
12981,4.0,30,0,4,0.05
12982,4.0,30,0,4,0.05
12983,4.0,32,0,4,0.05
12984,4.0,30,0,4,0.05
12985,4.0,34,0,4,0.05
12986,0.0,5,1,0,0.05
12987,4.0,32,0,4,0.05
12988,4.0,30,0,4,0.05
12989,4.0,35,0,4,0.05
12990,1.0,18,1,2,0.05
12991,4.0,32,0,4,0.05
12992,4.0,32,0,4,0.05
12993,1.0,14,1,2,0.05
12994,4.0,34,0,4,0.05
12995,3.0,31,1,3,0.05
12996,1.0,19,1,2,0.05
12997,4.0,30,0,4,0.05
12998,1.0,18,1,2,0.05
12999,1.0,16,1,2,0.05
13000,3.0,31,1,3,0.05
13001,4.0,30,0,4,0.05
13002,3.0,32,1,3,0.05
13003,4.0,32,0,4,0.05
13004,3.0,31,1,3,0.05
13005,1.0,20,1,2,0.05
13006,3.0,31,1,3,0.05
13007,4.0,42,0,4,0.05
13008,3.0,26,1,3,0.05
13009,4.0,68,0,4,0.05
13010,4.0,30,0,4,0.05
13011,1.0,20,1,2,0.05
13012,3.0,29,1,3,0.05
13013,4.0,38,0,4,0.05
13014,1.0,22,1,2,0.05
13015,3.0,35,1,3,0.05
13016,3.0,33,1,3,0.05
13017,1.0,25,1,2,0.05
13018,4.0,30,0,4,0.05
13019,4.0,32,0,4,0.05
13020,1.0,20,1,2,0.05
13021,1.0,18,1,2,0.05
13022,1.0,15,1,2,0.05
13023,3.0,28,1,3,0.05
13024,4.0,36,0,4,0.05
13025,1.0,23,1,2,0.05
13026,3.0,28,1,3,0.05
13027,1.0,18,1,2,0.05
13028,1.0,19,1,2,0.05
13029,4.0,32,0,4,0.05
13030,3.0,29,1,3,0.05
13031,4.0,30,0,4,0.05
13032,1.0,17,1,2,0.05
13033,4.0,30,0,4,0.05
13034,1.0,18,1,2,0.05
13035,4.0,33,0,4,0.05
13036,3.0,26,1,3,0.05
13037,1.0,19,1,2,0.05
13038,4.0,31,0,4,0.05
13039,4.0,30,0,4,0.05
13040,4.0,30,0,4,0.05
13041,4.0,32,0,4,0.05
13042,4.0,30,0,4,0.05
13043,3.0,27,1,3,0.05
13044,4.0,30,0,4,0.05
13045,4.0,36,0,4,0.05
13046,1.0,22,1,2,0.05
13047,4.0,31,0,4,0.05
13048,4.0,32,0,4,0.05
13049,3.0,29,1,3,0.05
13050,4.0,33,0,4,0.05
13051,4.0,32,0,4,0.05
13052,4.0,39,0,4,0.05
13053,4.0,34,0,4,0.05
13054,4.0,32,0,4,0.05
13055,1.0,23,1,2,0.05
13056,3.0,26,1,3,0.05
13057,3.0,27,1,3,0.05
13058,4.0,32,0,4,0.05
13059,3.0,28,1,3,0.05
13060,0.0,2,1,0,0.05
13061,3.0,26,1,3,0.05
13062,3.0,24,1,3,0.05
13063,0.0,4,1,0,0.05
13064,1.0,19,1,2,0.05
13065,3.0,33,1,3,0.05
13066,4.0,29,0,4,0.05
13067,4.0,32,0,4,0.05
13068,1.0,15,1,2,0.05
13069,3.0,26,1,3,0.05
13070,1.0,18,1,2,0.05
13071,4.0,67,0,4,0.05
13072,4.0,55,0,4,0.05
13073,1.0,22,1,2,0.05
13074,1.0,19,1,2,0.05
13075,4.0,38,0,4,0.05
13076,3.0,35,1,3,0.05
13077,1.0,23,1,2,0.05
13078,3.0,33,1,3,0.05
13079,3.0,30,1,3,0.05
13080,4.0,32,0,4,0.05
13081,1.0,19,1,2,0.05
13082,3.0,29,1,3,0.05
13083,4.0,30,0,4,0.05
13084,3.0,28,1,3,0.05
13085,1.0,25,1,2,0.05
13086,4.0,34,0,4,0.05
13087,4.0,40,0,4,0.05
13088,1.0,18,1,2,0.05
13089,1.0,24,1,2,0.05
13090,4.0,33,0,4,0.05
13091,4.0,34,0,4,0.05
13092,4.0,32,0,4,0.05
13093,1.0,20,1,2,0.05
13094,1.0,17,1,2,0.05
13095,1.0,18,1,2,0.05
13096,4.0,32,0,4,0.05
13097,4.0,37,0,4,0.05
13098,4.0,32,0,4,0.05
13099,4.0,34,0,4,0.05
13100,1.0,24,1,2,0.05
13101,4.0,36,0,4,0.05
13102,1.0,21,1,2,0.05
13103,0.0,2,1,0,0.05
13104,1.0,19,1,2,0.05
13105,4.0,32,0,4,0.05
13106,4.0,34,0,4,0.05
13107,3.0,33,1,3,0.05
13108,3.0,34,1,3,0.05
13109,4.0,32,0,4,0.05
13110,3.0,33,1,3,0.05
13111,3.0,36,1,3,0.05
13112,4.0,32,0,4,0.05
13113,3.0,31,1,3,0.05
13114,4.0,53,0,4,0.05
13115,4.0,46,0,4,0.05
13116,4.0,32,0,4,0.05
13117,4.0,33,0,4,0.05
13118,4.0,32,0,4,0.05
13119,4.0,32,0,4,0.05
13120,1.0,18,1,2,0.05
13121,3.0,34,1,3,0.05
13122,4.0,32,0,4,0.05
13123,4.0,33,0,4,0.05
13124,1.0,23,1,2,0.05
13125,3.0,31,1,3,0.05
13126,3.0,33,1,3,0.05
13127,4.0,34,0,4,0.05
13128,4.0,38,0,4,0.05
13129,1.0,20,1,2,0.05
13130,0.0,2,1,0,0.05
13131,1.0,15,1,2,0.05
13132,4.0,38,0,4,0.05
13133,4.0,39,0,4,0.05
13134,4.0,34,0,4,0.05
13135,3.0,30,1,3,0.05
13136,1.0,26,1,2,0.05
13137,3.0,29,1,3,0.05
13138,4.0,33,0,4,0.05
13139,3.0,27,1,3,0.05
13140,4.0,35,0,4,0.05
13141,3.0,25,1,3,0.05
13142,1.0,21,1,2,0.05
13143,3.0,26,1,3,0.05
13144,1.0,24,1,2,0.05
13145,1.0,16,1,2,0.05
13146,4.0,32,0,4,0.05
13147,4.0,34,0,4,0.05
13148,4.0,37,0,4,0.05
13149,4.0,33,0,4,0.05
13150,1.0,18,1,2,0.05
13151,3.0,31,1,3,0.05
13152,4.0,35,0,4,0.05
13153,4.0,34,0,4,0.05
13154,1.0,15,1,2,0.05
13155,4.0,36,0,4,0.05
13156,4.0,36,0,4,0.05
13157,4.0,34,0,4,0.05
13158,4.0,36,0,4,0.05
13159,3.0,30,1,3,0.05
13160,4.0,34,0,4,0.05
13161,4.0,32,0,4,0.05
13162,1.0,22,1,2,0.05
13163,4.0,32,0,4,0.05
13164,4.0,38,0,4,0.05
13165,4.0,33,0,4,0.05
13166,4.0,30,0,4,0.05
13167,4.0,32,0,4,0.05
13168,4.0,30,0,4,0.05
13169,4.0,32,0,4,0.05
13170,4.0,31,0,4,0.05
13171,3.0,31,1,3,0.05
13172,1.0,17,1,2,0.05
13173,1.0,20,1,2,0.05
13174,0.0,3,1,0,0.05
13175,3.0,29,1,3,0.05
13176,4.0,34,0,4,0.05
13177,4.0,30,0,4,0.05
13178,4.0,32,0,4,0.05
13179,3.0,24,1,3,0.05
13180,4.0,34,0,4,0.05
13181,4.0,30,0,4,0.05
13182,3.0,32,1,3,0.05
13183,4.0,30,0,4,0.05
13184,3.0,25,1,3,0.05
13185,4.0,34,0,4,0.05
13186,1.0,22,1,2,0.05
13187,0.0,2,1,0,0.05
13188,3.0,28,1,3,0.05
13189,4.0,32,0,4,0.05
13190,3.0,27,1,3,0.05
13191,4.0,30,0,4,0.05
13192,0.0,2,1,0,0.05
13193,1.0,30,1,2,0.05
13194,1.0,17,1,2,0.05
13195,4.0,34,0,4,0.05
13196,4.0,30,0,4,0.05
13197,4.0,32,0,4,0.05
13198,1.0,23,1,2,0.05
13199,3.0,27,1,3,0.05
13200,3.0,27,1,3,0.05
13201,4.0,30,0,4,0.05
13202,4.0,32,0,4,0.05
13203,1.0,16,1,2,0.05
13204,4.0,30,0,4,0.05
13205,1.0,19,1,2,0.05
13206,4.0,32,0,4,0.05
13207,4.0,31,0,4,0.05
13208,1.0,18,1,2,0.05
13209,4.0,38,0,4,0.05
13210,4.0,30,0,4,0.05
13211,1.0,18,1,2,0.05
13212,4.0,32,0,4,0.05
13213,4.0,28,0,4,0.05
13214,1.0,19,1,2,0.05
13215,4.0,33,0,4,0.05
13216,4.0,32,0,4,0.05
13217,3.0,27,1,3,0.05
13218,4.0,30,0,4,0.05
13219,3.0,28,1,3,0.05
13220,3.0,27,1,3,0.05
13221,4.0,32,0,4,0.05
13222,3.0,31,1,3,0.05
13223,4.0,30,0,4,0.05
13224,1.0,22,1,2,0.05
13225,1.0,19,1,2,0.05
13226,0.0,3,1,0,0.05
13227,4.0,30,0,4,0.05
13228,4.0,31,0,4,0.05
13229,3.0,32,1,3,0.05
13230,3.0,28,1,3,0.05
13231,4.0,84,0,4,0.05
13232,3.0,29,1,3,0.05
13233,4.0,30,0,4,0.05
13234,1.0,21,1,2,0.05
13235,4.0,32,0,4,0.05
13236,1.0,19,1,2,0.05
13237,3.0,32,1,3,0.05
13238,3.0,28,1,3,0.05
13239,3.0,29,1,3,0.05
13240,4.0,30,0,4,0.05
13241,4.0,30,0,4,0.05
13242,4.0,34,0,4,0.05
13243,1.0,19,1,2,0.05
13244,4.0,28,0,4,0.05
13245,3.0,25,1,3,0.05
13246,4.0,34,0,4,0.05
13247,4.0,30,0,4,0.05
13248,4.0,30,0,4,0.05
13249,4.0,36,0,4,0.05
13250,4.0,30,0,4,0.05
13251,4.0,32,0,4,0.05
13252,0.0,3,1,0,0.05
13253,3.0,29,1,3,0.05
13254,4.0,32,0,4,0.05
13255,4.0,30,0,4,0.05
13256,3.0,27,1,3,0.05
13257,4.0,34,0,4,0.05
13258,1.0,19,1,2,0.05
13259,4.0,32,0,4,0.05
13260,1.0,20,1,2,0.05
13261,4.0,30,0,4,0.05
13262,4.0,30,0,4,0.05
13263,4.0,30,0,4,0.05
13264,4.0,30,0,4,0.05
13265,4.0,32,0,4,0.05
13266,1.0,16,1,2,0.05
13267,1.0,19,1,2,0.05
13268,4.0,32,0,4,0.05
13269,4.0,30,0,4,0.05
13270,3.0,37,1,3,0.05
13271,1.0,16,1,2,0.05
13272,1.0,24,1,2,0.05
13273,4.0,30,0,4,0.05
13274,4.0,30,0,4,0.05
13275,3.0,32,1,3,0.05
13276,4.0,34,0,4,0.05
13277,3.0,28,1,3,0.05
13278,4.0,30,0,4,0.05
13279,3.0,29,1,3,0.05
13280,1.0,22,1,2,0.05
13281,3.0,25,1,3,0.05
13282,3.0,30,1,3,0.05
13283,4.0,32,0,4,0.05
13284,4.0,30,0,4,0.05
13285,4.0,30,0,4,0.05
13286,3.0,28,1,3,0.05
13287,4.0,38,0,4,0.05
13288,1.0,19,1,2,0.05
13289,4.0,30,0,4,0.05
13290,4.0,32,0,4,0.05
13291,4.0,32,0,4,0.05
13292,4.0,30,0,4,0.05
13293,4.0,32,0,4,0.05
13294,3.0,25,1,3,0.05
13295,4.0,30,0,4,0.05
13296,3.0,28,1,3,0.05
13297,3.0,33,1,3,0.05
13298,3.0,31,1,3,0.05
13299,1.0,17,1,2,0.05
13300,4.0,31,0,4,0.05
13301,4.0,32,0,4,0.05
13302,4.0,36,0,4,0.05
13303,4.0,32,0,4,0.05
13304,1.0,23,1,2,0.05
13305,4.0,32,0,4,0.05
13306,3.0,30,1,3,0.05
13307,3.0,30,1,3,0.05
13308,4.0,31,0,4,0.05
13309,4.0,33,0,4,0.05
13310,4.0,30,0,4,0.05
13311,1.0,21,1,2,0.05
13312,1.0,18,1,2,0.05
13313,4.0,30,0,4,0.05
13314,4.0,30,0,4,0.05
13315,4.0,32,0,4,0.05
13316,1.0,18,1,2,0.05
13317,3.0,32,1,3,0.05
13318,1.0,18,1,2,0.05
13319,1.0,23,1,2,0.05
13320,4.0,38,0,4,0.05
13321,4.0,30,0,4,0.05
13322,3.0,29,1,3,0.05
13323,1.0,17,1,2,0.05
13324,3.0,23,1,3,0.05
13325,4.0,30,0,4,0.05
13326,4.0,32,0,4,0.05
13327,3.0,30,1,3,0.05
13328,4.0,30,0,4,0.05
13329,4.0,32,0,4,0.05
13330,4.0,30,0,4,0.05
13331,4.0,32,0,4,0.05
13332,3.0,30,1,3,0.05
13333,1.0,19,1,2,0.05
13334,4.0,32,0,4,0.05
13335,4.0,31,0,4,0.05
13336,3.0,25,1,3,0.05
13337,1.0,23,1,2,0.05
13338,1.0,22,1,2,0.05
13339,1.0,21,1,2,0.05
13340,4.0,30,0,4,0.05
13341,3.0,27,1,3,0.05
13342,4.0,30,0,4,0.05
13343,4.0,32,0,4,0.05
13344,4.0,34,0,4,0.05
13345,1.0,19,1,2,0.05
13346,4.0,36,0,4,0.05
13347,4.0,32,0,4,0.05
13348,4.0,40,0,4,0.05
13349,4.0,30,0,4,0.05
13350,3.0,25,1,3,0.05
13351,0.0,2,1,0,0.05
13352,1.0,18,1,2,0.05
13353,4.0,33,0,4,0.05
13354,1.0,16,1,2,0.05
13355,3.0,31,1,3,0.05
13356,1.0,19,1,2,0.05
13357,4.0,34,0,4,0.05
13358,1.0,24,1,2,0.05
13359,1.0,17,1,2,0.05
13360,1.0,31,1,2,0.05
13361,1.0,134,1,2,0.05
13362,3.0,31,1,3,0.05
13363,4.0,32,0,4,0.05
13364,4.0,35,0,4,0.05
13365,4.0,32,0,4,0.05
13366,4.0,34,0,4,0.05
13367,4.0,30,0,4,0.05
13368,1.0,23,1,2,0.05
13369,3.0,27,1,3,0.05
13370,4.0,32,0,4,0.05
13371,0.0,3,1,0,0.05
13372,0.0,2,1,0,0.05
13373,1.0,19,1,2,0.05
13374,4.0,32,0,4,0.05
13375,4.0,30,0,4,0.05
13376,4.0,34,0,4,0.05
13377,3.0,33,1,3,0.05
13378,4.0,30,0,4,0.05
13379,4.0,36,0,4,0.05
13380,3.0,28,1,3,0.05
13381,4.0,30,0,4,0.05
13382,0.0,6,1,0,0.05
13383,4.0,35,0,4,0.05
13384,4.0,30,0,4,0.05
13385,3.0,31,1,3,0.05
13386,3.0,25,1,3,0.05
13387,1.0,19,1,2,0.05
13388,1.0,16,1,2,0.05
13389,4.0,30,0,4,0.05
13390,3.0,30,1,3,0.05
13391,3.0,27,1,3,0.05
13392,0.0,4,1,0,0.05
13393,4.0,32,0,4,0.05
13394,3.0,22,1,3,0.05
13395,4.0,32,0,4,0.05
13396,1.0,16,1,2,0.05
13397,4.0,34,0,4,0.05
13398,1.0,19,1,2,0.05
13399,1.0,17,1,2,0.05
13400,4.0,31,0,4,0.05
13401,4.0,33,0,4,0.05
13402,1.0,14,1,2,0.05
13403,4.0,30,0,4,0.05
13404,1.0,19,1,2,0.05
13405,4.0,34,0,4,0.05
13406,4.0,32,0,4,0.05
13407,1.0,19,1,2,0.05
13408,1.0,18,1,2,0.05
13409,1.0,19,1,2,0.05
13410,4.0,34,0,4,0.05
13411,4.0,30,0,4,0.05
13412,4.0,30,0,4,0.05
13413,4.0,32,0,4,0.05
13414,1.0,20,1,2,0.05
13415,3.0,30,1,3,0.05
13416,4.0,30,0,4,0.05
13417,4.0,32,0,4,0.05
13418,4.0,31,0,4,0.05
13419,3.0,29,1,3,0.05
13420,3.0,28,1,3,0.05
13421,4.0,30,0,4,0.05
13422,4.0,30,0,4,0.05
13423,4.0,33,0,4,0.05
13424,3.0,29,1,3,0.05
13425,4.0,30,0,4,0.05
13426,4.0,30,0,4,0.05
13427,3.0,27,1,3,0.05
13428,4.0,32,0,4,0.05
13429,4.0,30,0,4,0.05
13430,4.0,34,0,4,0.05
13431,4.0,32,0,4,0.05
13432,4.0,30,0,4,0.05
13433,4.0,34,0,4,0.05
13434,4.0,32,0,4,0.05
13435,4.0,35,0,4,0.05
13436,1.0,22,1,2,0.05
13437,0.0,5,1,0,0.05
13438,4.0,29,0,4,0.05
13439,3.0,27,1,3,0.05
13440,1.0,20,1,2,0.05
13441,1.0,18,1,2,0.05
13442,1.0,19,1,2,0.05
13443,4.0,28,0,4,0.05
13444,4.0,28,0,4,0.05
13445,1.0,18,1,2,0.05
13446,4.0,28,0,4,0.05
13447,4.0,30,0,4,0.05
13448,1.0,18,1,2,0.05
13449,3.0,30,1,3,0.05
13450,4.0,29,0,4,0.05
13451,4.0,35,0,4,0.05
13452,4.0,28,0,4,0.05
13453,1.0,15,1,2,0.05
13454,4.0,28,0,4,0.05
13455,4.0,30,0,4,0.05
13456,4.0,30,0,4,0.05
13457,1.0,17,1,2,0.05
13458,1.0,21,1,2,0.05
13459,1.0,14,1,2,0.05
13460,4.0,29,0,4,0.05
13461,1.0,23,1,2,0.05
13462,1.0,16,1,2,0.05
13463,4.0,28,0,4,0.05
13464,1.0,21,1,2,0.05
13465,3.0,31,1,3,0.05
13466,4.0,28,0,4,0.05
13467,4.0,35,0,4,0.05
13468,3.0,29,1,3,0.05
13469,3.0,31,1,3,0.05
13470,4.0,28,0,4,0.05
13471,3.0,26,1,3,0.05
13472,1.0,14,1,2,0.05
13473,4.0,28,0,4,0.05
13474,4.0,30,0,4,0.05
13475,4.0,33,0,4,0.05
13476,1.0,16,1,2,0.05
13477,3.0,27,1,3,0.05
13478,4.0,30,0,4,0.05
13479,1.0,15,1,2,0.05
13480,4.0,32,0,4,0.05
13481,4.0,30,0,4,0.05
13482,4.0,30,0,4,0.05
13483,3.0,27,1,3,0.05
13484,1.0,14,1,2,0.05
13485,3.0,27,1,3,0.05
13486,3.0,28,1,3,0.05
13487,4.0,30,0,4,0.05
13488,4.0,28,0,4,0.05
13489,4.0,28,0,4,0.05
13490,4.0,32,0,4,0.05
13491,4.0,34,0,4,0.05
13492,4.0,28,0,4,0.05
13493,4.0,28,0,4,0.05
13494,4.0,28,0,4,0.05
13495,3.0,21,1,3,0.05
13496,4.0,32,0,4,0.05
13497,3.0,31,1,3,0.05
13498,4.0,30,0,4,0.05
13499,4.0,31,0,4,0.05
13500,4.0,34,0,4,0.05
13501,3.0,27,1,3,0.05
13502,4.0,28,0,4,0.05
13503,4.0,28,0,4,0.05
13504,4.0,30,0,4,0.05
13505,3.0,26,1,3,0.05
13506,4.0,38,0,4,0.05
13507,1.0,17,1,2,0.05
13508,1.0,17,1,2,0.05
13509,4.0,28,0,4,0.05
13510,3.0,23,1,3,0.05
13511,4.0,28,0,4,0.05
13512,4.0,28,0,4,0.05
13513,1.0,21,1,2,0.05
13514,1.0,20,1,2,0.05
13515,3.0,27,1,3,0.05
13516,4.0,34,0,4,0.05
13517,4.0,33,0,4,0.05
13518,4.0,31,0,4,0.05
13519,4.0,31,0,4,0.05
13520,1.0,15,1,2,0.05
13521,4.0,28,0,4,0.05
13522,3.0,34,1,3,0.05
13523,1.0,19,1,2,0.05
13524,1.0,18,1,2,0.05
13525,1.0,15,1,2,0.05
13526,1.0,17,1,2,0.05
13527,1.0,14,1,2,0.05
13528,3.0,24,1,3,0.05
13529,4.0,28,0,4,0.05
13530,1.0,19,1,2,0.05
13531,4.0,30,0,4,0.05
13532,3.0,28,1,3,0.05
13533,3.0,27,1,3,0.05
13534,4.0,29,0,4,0.05
13535,1.0,15,1,2,0.05
13536,4.0,28,0,4,0.05
13537,1.0,17,1,2,0.05
13538,3.0,29,1,3,0.05
13539,4.0,34,0,4,0.05
13540,4.0,28,0,4,0.05
13541,4.0,30,0,4,0.05
13542,3.0,23,1,3,0.05
13543,3.0,24,1,3,0.05
13544,3.0,23,1,3,0.05
13545,4.0,72,0,4,0.05
13546,3.0,23,1,3,0.05
13547,4.0,29,0,4,0.05
13548,4.0,31,0,4,0.05
13549,4.0,32,0,4,0.05
13550,4.0,34,0,4,0.05
13551,4.0,34,0,4,0.05
13552,4.0,28,0,4,0.05
13553,4.0,29,0,4,0.05
13554,1.0,19,1,2,0.05
13555,3.0,32,1,3,0.05
13556,4.0,30,0,4,0.05
13557,4.0,28,0,4,0.05
13558,4.0,30,0,4,0.05
13559,4.0,28,0,4,0.05
13560,3.0,25,1,3,0.05
13561,1.0,16,1,2,0.05
13562,4.0,30,0,4,0.05
13563,1.0,19,1,2,0.05
13564,3.0,32,1,3,0.05
13565,4.0,32,0,4,0.05
13566,1.0,20,1,2,0.05
13567,1.0,17,1,2,0.05
13568,0.0,4,1,0,0.05
13569,0.0,2,1,0,0.05
13570,1.0,17,1,2,0.05
13571,4.0,29,0,4,0.05
13572,4.0,28,0,4,0.05
13573,1.0,15,1,2,0.05
13574,1.0,15,1,2,0.05
13575,4.0,30,0,4,0.05
13576,3.0,27,1,3,0.05
13577,4.0,28,0,4,0.05
13578,4.0,30,0,4,0.05
13579,1.0,22,1,2,0.05
13580,3.0,22,1,3,0.05
13581,4.0,28,0,4,0.05
13582,3.0,27,1,3,0.05
13583,1.0,16,1,2,0.05
13584,4.0,34,0,4,0.05
13585,4.0,28,0,4,0.05
13586,1.0,17,1,2,0.05
13587,3.0,26,1,3,0.05
13588,4.0,31,0,4,0.05
13589,4.0,32,0,4,0.05
13590,4.0,28,0,4,0.05
13591,4.0,30,0,4,0.05
13592,1.0,17,1,2,0.05
13593,4.0,28,0,4,0.05
13594,1.0,22,1,2,0.05
13595,4.0,28,0,4,0.05
13596,0.0,7,1,0,0.05
13597,4.0,30,0,4,0.05
13598,1.0,18,1,2,0.05
13599,0.0,2,1,0,0.05
13600,4.0,28,0,4,0.05
13601,4.0,31,0,4,0.05
13602,1.0,17,1,2,0.05
13603,1.0,17,1,2,0.05
13604,1.0,13,1,2,0.05
13605,4.0,32,0,4,0.05
13606,4.0,28,0,4,0.05
13607,4.0,28,0,4,0.05
13608,1.0,14,1,2,0.05
13609,3.0,29,1,3,0.05
13610,3.0,25,1,3,0.05
13611,1.0,17,1,2,0.05
13612,4.0,37,0,4,0.05
13613,3.0,23,1,3,0.05
13614,4.0,28,0,4,0.05
13615,4.0,30,0,4,0.05
13616,4.0,34,0,4,0.05
13617,4.0,28,0,4,0.05
13618,1.0,15,1,2,0.05
13619,4.0,30,0,4,0.05
13620,1.0,20,1,2,0.05
13621,3.0,30,1,3,0.05
13622,1.0,17,1,2,0.05
13623,4.0,37,0,4,0.05
13624,1.0,15,1,2,0.05
13625,1.0,39,1,2,0.05
13626,4.0,28,0,4,0.05
13627,0.0,2,1,0,0.05
13628,1.0,17,1,2,0.05
13629,4.0,36,0,4,0.05
13630,4.0,28,0,4,0.05
13631,1.0,16,1,2,0.05
13632,1.0,15,1,2,0.05
13633,4.0,49,0,4,0.05
13634,4.0,30,0,4,0.05
13635,4.0,30,0,4,0.05
13636,3.0,28,1,3,0.05
13637,3.0,31,1,3,0.05
13638,4.0,30,0,4,0.05
13639,4.0,32,0,4,0.05
13640,1.0,21,1,2,0.05
13641,4.0,32,0,4,0.05
13642,4.0,32,0,4,0.05
13643,3.0,28,1,3,0.05
13644,4.0,30,0,4,0.05
13645,4.0,34,0,4,0.05
13646,1.0,18,1,2,0.05
13647,3.0,27,1,3,0.05
13648,4.0,28,0,4,0.05
13649,1.0,14,1,2,0.05
13650,1.0,15,1,2,0.05
13651,4.0,32,0,4,0.05
13652,4.0,28,0,4,0.05
13653,1.0,17,1,2,0.05
13654,4.0,31,0,4,0.05
13655,1.0,16,1,2,0.05
13656,4.0,28,0,4,0.05
13657,1.0,18,1,2,0.05
13658,4.0,28,0,4,0.05
13659,4.0,28,0,4,0.05
13660,1.0,18,1,2,0.05
13661,4.0,30,0,4,0.05
13662,4.0,28,0,4,0.05
13663,1.0,19,1,2,0.05
13664,4.0,30,0,4,0.05
13665,4.0,28,0,4,0.05
13666,0.0,4,1,0,0.05
13667,1.0,15,1,2,0.05
13668,1.0,18,1,2,0.05
13669,3.0,25,1,3,0.05
13670,1.0,21,1,2,0.05
13671,4.0,32,0,4,0.05
13672,1.0,19,1,2,0.05
13673,4.0,28,0,4,0.05
13674,1.0,20,1,2,0.05
13675,4.0,28,0,4,0.05
13676,3.0,29,1,3,0.05
13677,4.0,34,0,4,0.05
13678,1.0,14,1,2,0.05
13679,3.0,26,1,3,0.05
13680,4.0,28,0,4,0.05
13681,4.0,34,0,4,0.05
13682,4.0,31,0,4,0.05
13683,3.0,22,1,3,0.05
13684,4.0,28,0,4,0.05
13685,3.0,29,1,3,0.05
13686,4.0,28,0,4,0.05
13687,3.0,26,1,3,0.05
13688,4.0,28,0,4,0.05
13689,3.0,26,1,3,0.05
13690,4.0,29,0,4,0.05
13691,4.0,31,0,4,0.05
13692,1.0,14,1,2,0.05
13693,1.0,16,1,2,0.05
13694,4.0,30,0,4,0.05
13695,1.0,17,1,2,0.05
13696,1.0,17,1,2,0.05
13697,4.0,30,0,4,0.05
13698,3.0,24,1,3,0.05
13699,3.0,24,1,3,0.05
13700,4.0,30,0,4,0.05
13701,3.0,29,1,3,0.05
13702,1.0,16,1,2,0.05
13703,3.0,30,1,3,0.05
13704,1.0,17,1,2,0.05
13705,4.0,32,0,4,0.05
13706,4.0,28,0,4,0.05
13707,1.0,14,1,2,0.05
13708,3.0,28,1,3,0.05
13709,3.0,27,1,3,0.05
13710,4.0,30,0,4,0.05
13711,4.0,28,0,4,0.05
13712,3.0,26,1,3,0.05
13713,4.0,28,0,4,0.05
13714,4.0,33,0,4,0.05
13715,3.0,25,1,3,0.05
13716,3.0,25,1,3,0.05
13717,3.0,61,1,3,0.05
13718,4.0,28,0,4,0.05
13719,4.0,30,0,4,0.05
13720,4.0,30,0,4,0.05
13721,4.0,30,0,4,0.05
13722,4.0,28,0,4,0.05
13723,4.0,29,0,4,0.05
13724,4.0,29,0,4,0.05
13725,4.0,28,0,4,0.05
13726,1.0,17,1,2,0.05
13727,4.0,32,0,4,0.05
13728,4.0,29,0,4,0.05
13729,4.0,32,0,4,0.05
13730,3.0,28,1,3,0.05
13731,4.0,28,0,4,0.05
13732,4.0,31,0,4,0.05
13733,4.0,28,0,4,0.05
13734,4.0,30,0,4,0.05
13735,1.0,18,1,2,0.05
13736,1.0,14,1,2,0.05
13737,4.0,28,0,4,0.05
13738,4.0,29,0,4,0.05
13739,1.0,16,1,2,0.05
13740,4.0,28,0,4,0.05
13741,3.0,28,1,3,0.05
13742,4.0,28,0,4,0.05
13743,3.0,26,1,3,0.05
13744,4.0,28,0,4,0.05
13745,4.0,28,0,4,0.05
13746,4.0,29,0,4,0.05
13747,4.0,28,0,4,0.05
13748,3.0,29,1,3,0.05
13749,3.0,25,1,3,0.05
13750,4.0,32,0,4,0.05
13751,4.0,28,0,4,0.05
13752,4.0,32,0,4,0.05
13753,1.0,20,1,2,0.05
13754,4.0,34,0,4,0.05
13755,4.0,57,0,4,0.05
13756,4.0,32,0,4,0.05
13757,3.0,29,1,3,0.05
13758,4.0,32,0,4,0.05
13759,1.0,19,1,2,0.05
13760,3.0,27,1,3,0.05
13761,4.0,28,0,4,0.05
13762,4.0,28,0,4,0.05
13763,1.0,19,1,2,0.05
13764,4.0,31,0,4,0.05
13765,4.0,34,0,4,0.05
13766,1.0,22,1,2,0.05
13767,1.0,51,1,2,0.05
13768,3.0,35,1,3,0.05
13769,3.0,27,1,3,0.05
13770,4.0,29,0,4,0.05
13771,3.0,28,1,3,0.05
13772,4.0,28,0,4,0.05
13773,1.0,15,1,2,0.05
13774,4.0,28,0,4,0.05
13775,4.0,32,0,4,0.05
13776,3.0,28,1,3,0.05
13777,3.0,26,1,3,0.05
13778,4.0,28,0,4,0.05
13779,4.0,32,0,4,0.05
13780,3.0,28,1,3,0.05
13781,4.0,28,0,4,0.05
13782,3.0,25,1,3,0.05
13783,3.0,26,1,3,0.05
13784,1.0,16,1,2,0.05
13785,1.0,16,1,2,0.05
13786,3.0,24,1,3,0.05
13787,4.0,28,0,4,0.05
13788,1.0,14,1,2,0.05
13789,4.0,28,0,4,0.05
13790,4.0,33,0,4,0.05
13791,0.0,4,1,0,0.05
13792,3.0,25,1,3,0.05
13793,3.0,26,1,3,0.05
13794,1.0,18,1,2,0.05
13795,4.0,35,0,4,0.05
13796,3.0,29,1,3,0.05
13797,4.0,28,0,4,0.05
13798,4.0,30,0,4,0.05
13799,4.0,35,0,4,0.05
13800,3.0,31,1,3,0.05
13801,4.0,32,0,4,0.05
13802,3.0,36,1,3,0.05
13803,3.0,28,1,3,0.05
13804,4.0,30,0,4,0.05
13805,4.0,30,0,4,0.05
13806,4.0,28,0,4,0.05
13807,4.0,32,0,4,0.05
13808,4.0,28,0,4,0.05
13809,4.0,28,0,4,0.05
13810,4.0,28,0,4,0.05
13811,4.0,29,0,4,0.05
13812,1.0,18,1,2,0.05
13813,4.0,30,0,4,0.05
13814,1.0,15,1,2,0.05
13815,4.0,28,0,4,0.05
13816,4.0,30,0,4,0.05
13817,4.0,28,0,4,0.05
13818,4.0,30,0,4,0.05
13819,3.0,26,1,3,0.05
13820,1.0,16,1,2,0.05
13821,1.0,17,1,2,0.05
13822,4.0,28,0,4,0.05
13823,1.0,18,1,2,0.05
13824,1.0,18,1,2,0.05
13825,4.0,39,0,4,0.05
13826,4.0,28,0,4,0.05
13827,4.0,28,0,4,0.05
13828,1.0,15,1,2,0.05
13829,1.0,17,1,2,0.05
13830,4.0,32,0,4,0.05
13831,3.0,28,1,3,0.05
13832,4.0,28,0,4,0.05
13833,3.0,29,1,3,0.05
13834,1.0,15,1,2,0.05
13835,3.0,31,1,3,0.05
13836,4.0,29,0,4,0.05
13837,4.0,29,0,4,0.05
13838,4.0,30,0,4,0.05
13839,4.0,30,0,4,0.05
13840,4.0,30,0,4,0.05
13841,3.0,34,1,3,0.05
13842,4.0,29,0,4,0.05
13843,4.0,30,0,4,0.05
13844,4.0,28,0,4,0.05
13845,0.0,4,1,0,0.05
13846,4.0,28,0,4,0.05
13847,4.0,28,0,4,0.05
13848,4.0,28,0,4,0.05
13849,1.0,15,1,2,0.05
13850,4.0,35,0,4,0.05
13851,4.0,30,0,4,0.05
13852,4.0,28,0,4,0.05
13853,1.0,25,1,2,0.05
13854,1.0,18,1,2,0.05
13855,4.0,30,0,4,0.05
13856,3.0,30,1,3,0.05
13857,4.0,28,0,4,0.05
13858,4.0,30,0,4,0.05
13859,4.0,28,0,4,0.05
13860,1.0,15,1,2,0.05
13861,4.0,29,0,4,0.05
13862,1.0,18,1,2,0.05
13863,0.0,6,1,0,0.05
13864,3.0,22,1,3,0.05
13865,4.0,32,0,4,0.05
13866,3.0,26,1,3,0.05
13867,4.0,30,0,4,0.05
13868,4.0,33,0,4,0.05
13869,0.0,2,1,0,0.05
13870,4.0,34,0,4,0.05
13871,3.0,33,1,3,0.05
13872,4.0,30,0,4,0.05
13873,4.0,31,0,4,0.05
13874,4.0,30,0,4,0.05
13875,4.0,34,0,4,0.05
13876,4.0,30,0,4,0.05
13877,4.0,33,0,4,0.05
13878,3.0,28,1,3,0.05
13879,4.0,28,0,4,0.05
13880,0.0,3,1,0,0.05
13881,4.0,32,0,4,0.05
13882,4.0,32,0,4,0.05
13883,4.0,37,0,4,0.05
13884,1.0,20,1,2,0.05
13885,1.0,17,1,2,0.05
13886,4.0,34,0,4,0.05
13887,1.0,19,1,2,0.05
13888,0.0,6,1,0,0.05
13889,3.0,30,1,3,0.05
13890,3.0,27,1,3,0.05
13891,3.0,22,1,3,0.05
13892,1.0,15,1,2,0.05
13893,3.0,21,1,3,0.05
13894,4.0,28,0,4,0.05
13895,4.0,29,0,4,0.05
13896,4.0,30,0,4,0.05
13897,4.0,28,0,4,0.05
13898,3.0,30,1,3,0.05
13899,4.0,31,0,4,0.05
13900,4.0,32,0,4,0.05
13901,4.0,28,0,4,0.05
13902,4.0,28,0,4,0.05
13903,4.0,28,0,4,0.05
13904,4.0,30,0,4,0.05
13905,3.0,30,1,3,0.05
13906,3.0,23,1,3,0.05
13907,4.0,28,0,4,0.05
13908,1.0,17,1,2,0.05
13909,4.0,30,0,4,0.05
13910,4.0,29,0,4,0.05
13911,1.0,17,1,2,0.05
13912,4.0,29,0,4,0.05
13913,4.0,30,0,4,0.05
13914,3.0,27,1,3,0.05
13915,3.0,27,1,3,0.05
13916,4.0,28,0,4,0.05
13917,3.0,24,1,3,0.05
13918,3.0,26,1,3,0.05
13919,1.0,19,1,2,0.05
13920,3.0,23,1,3,0.05
13921,3.0,25,1,3,0.05
13922,3.0,44,1,3,0.05
13923,3.0,22,1,3,0.05
13924,4.0,34,0,4,0.05
13925,4.0,32,0,4,0.05
13926,1.0,19,1,2,0.05
13927,4.0,96,0,4,0.05
13928,4.0,32,0,4,0.05
13929,3.0,28,1,3,0.05
13930,3.0,72,1,3,0.05
13931,3.0,66,1,3,0.05
13932,1.0,17,1,2,0.05
13933,3.0,26,1,3,0.05
13934,4.0,56,0,4,0.05
13935,3.0,25,1,3,0.05
13936,3.0,128,1,3,0.05
13937,4.0,46,0,4,0.05
13938,1.0,25,1,2,0.05
13939,4.0,31,0,4,0.05
13940,4.0,30,0,4,0.05
13941,4.0,35,0,4,0.05
13942,1.0,18,1,2,0.05
13943,3.0,31,1,3,0.05
13944,0.0,3,1,0,0.05
13945,3.0,58,1,3,0.05
13946,4.0,53,0,4,0.05
13947,4.0,39,0,4,0.05
13948,3.0,32,1,3,0.05
13949,4.0,33,0,4,0.05
13950,4.0,34,0,4,0.05
13951,0.0,2,1,0,0.05
13952,3.0,26,1,3,0.05
13953,4.0,71,0,4,0.05
13954,3.0,35,1,3,0.05
13955,1.0,19,1,2,0.05
13956,3.0,49,1,3,0.05
13957,3.0,26,1,3,0.05
13958,1.0,16,1,2,0.05
13959,3.0,30,1,3,0.05
13960,4.0,39,0,4,0.05
13961,4.0,38,0,4,0.05
13962,1.0,15,1,2,0.05
13963,4.0,40,0,4,0.05
13964,3.0,23,1,3,0.05
13965,1.0,16,1,2,0.05
13966,3.0,103,1,3,0.05
13967,4.0,223,0,4,0.05
13968,4.0,38,0,4,0.05
13969,3.0,33,1,3,0.05
13970,4.0,41,0,4,0.05
13971,4.0,36,0,4,0.05
13972,1.0,15,1,2,0.05
13973,4.0,32,0,4,0.05
13974,4.0,32,0,4,0.05
13975,4.0,36,0,4,0.05
13976,3.0,29,1,3,0.05
13977,4.0,31,0,4,0.05
13978,4.0,30,0,4,0.05
13979,4.0,32,0,4,0.05
13980,3.0,29,1,3,0.05
13981,4.0,30,0,4,0.05
13982,4.0,32,0,4,0.05
13983,1.0,13,1,1,0.05
13984,4.0,31,0,4,0.05
13985,4.0,34,0,4,0.05
13986,4.0,35,0,4,0.05
13987,1.0,17,1,2,0.05
13988,4.0,35,0,4,0.05
13989,4.0,32,0,4,0.05
13990,4.0,30,0,4,0.05
13991,3.0,28,1,3,0.05
13992,1.0,22,1,2,0.05
13993,3.0,25,1,3,0.05
13994,3.0,23,1,3,0.05
13995,1.0,16,1,2,0.05
13996,4.0,41,0,4,0.05
13997,3.0,25,1,3,0.05
13998,4.0,109,0,4,0.05
13999,1.0,20,1,2,0.05
14000,4.0,41,0,4,0.05
14001,4.0,30,0,4,0.05
14002,4.0,37,0,4,0.05
14003,4.0,35,0,4,0.05
14004,1.0,19,1,2,0.05
14005,3.0,29,1,3,0.05
14006,4.0,41,0,4,0.05
14007,3.0,29,1,3,0.05
14008,4.0,41,0,4,0.05
14009,4.0,54,0,4,0.05
14010,4.0,34,0,4,0.05
14011,4.0,44,0,4,0.05
14012,4.0,30,0,4,0.05
14013,4.0,31,0,4,0.05
14014,3.0,37,1,3,0.05
14015,4.0,30,0,4,0.05
14016,4.0,43,0,4,0.05
14017,1.0,17,1,2,0.05
14018,4.0,34,0,4,0.05
14019,4.0,30,0,4,0.05
14020,4.0,34,0,4,0.05
14021,3.0,25,1,3,0.05
14022,4.0,30,0,4,0.05
14023,1.0,16,1,2,0.05
14024,4.0,36,0,4,0.05
14025,0.0,2,1,0,0.05
14026,4.0,36,0,4,0.05
14027,3.0,30,1,3,0.05
14028,4.0,30,0,4,0.05
14029,4.0,30,0,4,0.05
14030,3.0,28,1,3,0.05
14031,1.0,20,1,2,0.05
14032,4.0,30,0,4,0.05
14033,3.0,25,1,3,0.05
14034,4.0,34,0,4,0.05
14035,4.0,30,0,4,0.05
14036,3.0,28,1,3,0.05
14037,1.0,16,1,2,0.05
14038,4.0,34,0,4,0.05
14039,4.0,30,0,4,0.05
14040,1.0,17,1,2,0.05
14041,4.0,34,0,4,0.05
14042,4.0,30,0,4,0.05
14043,1.0,19,1,2,0.05
14044,1.0,14,1,2,0.05
14045,4.0,30,0,4,0.05
14046,4.0,35,0,4,0.05
14047,1.0,13,1,2,0.05
14048,3.0,30,1,3,0.05
14049,3.0,30,1,3,0.05
14050,4.0,31,0,4,0.05
14051,3.0,28,1,3,0.05
14052,4.0,51,0,4,0.05
14053,1.0,18,1,2,0.05
14054,3.0,24,1,3,0.05
14055,4.0,31,0,4,0.05
14056,4.0,35,0,4,0.05
14057,4.0,34,0,4,0.05
14058,4.0,30,0,4,0.05
14059,4.0,30,0,4,0.05
14060,4.0,30,0,4,0.05
14061,4.0,32,0,4,0.05
14062,1.0,18,1,2,0.05
14063,4.0,34,0,4,0.05
14064,4.0,30,0,4,0.05
14065,3.0,29,1,3,0.05
14066,1.0,17,1,2,0.05
14067,1.0,15,1,2,0.05
14068,3.0,31,1,3,0.05
14069,4.0,36,0,4,0.05
14070,4.0,34,0,4,0.05
14071,4.0,34,0,4,0.05
14072,3.0,28,1,3,0.05
14073,1.0,19,1,2,0.05
14074,3.0,35,1,3,0.05
14075,0.0,6,1,0,0.05
14076,1.0,17,1,2,0.05
14077,4.0,87,0,4,0.05
14078,3.0,31,1,3,0.05
14079,4.0,36,0,4,0.05
14080,1.0,19,1,2,0.05
14081,4.0,37,0,4,0.05
14082,1.0,19,1,2,0.05
14083,3.0,76,1,3,0.05
14084,4.0,33,0,4,0.05
14085,4.0,30,0,4,0.05
14086,4.0,31,0,4,0.05
14087,4.0,31,0,4,0.05
14088,1.0,16,1,2,0.05
14089,1.0,18,1,2,0.05
14090,1.0,155,1,2,0.05
14091,4.0,36,0,4,0.05
14092,1.0,16,1,2,0.05
14093,1.0,42,1,2,0.05
14094,4.0,136,0,4,0.05
14095,4.0,37,0,4,0.05
14096,1.0,22,1,2,0.05
14097,1.0,21,1,2,0.05
14098,4.0,65,0,4,0.05
14099,4.0,40,0,4,0.05
14100,4.0,35,0,4,0.05
14101,4.0,75,0,4,0.05
14102,1.0,33,1,2,0.05
14103,3.0,73,1,3,0.05
14104,4.0,47,0,4,0.05
14105,3.0,31,1,3,0.05
14106,4.0,35,0,4,0.05
14107,4.0,32,0,4,0.05
14108,4.0,33,0,4,0.05
14109,4.0,31,0,4,0.05
14110,0.0,3,1,0,0.05
14111,3.0,28,1,3,0.05
14112,4.0,36,0,4,0.05
14113,1.0,19,1,2,0.05
14114,1.0,19,1,2,0.05
14115,1.0,17,1,2,0.05
14116,4.0,32,0,4,0.05
14117,4.0,40,0,4,0.05
14118,4.0,32,0,4,0.05
14119,1.0,17,1,2,0.05
14120,1.0,19,1,2,0.05
14121,4.0,62,0,4,0.05
14122,4.0,33,0,4,0.05
14123,4.0,30,0,4,0.05
14124,3.0,21,1,3,0.05
14125,4.0,32,0,4,0.05
14126,3.0,30,1,3,0.05
14127,4.0,31,0,4,0.05
14128,3.0,29,1,3,0.05
14129,4.0,30,0,4,0.05
14130,3.0,25,1,3,0.05
14131,3.0,25,1,3,0.05
14132,1.0,17,1,2,0.05
14133,4.0,32,0,4,0.05
14134,4.0,33,0,4,0.05
14135,4.0,32,0,4,0.05
14136,4.0,30,0,4,0.05
14137,1.0,17,1,2,0.05
14138,3.0,28,1,3,0.05
14139,3.0,26,1,3,0.05
14140,4.0,76,0,4,0.05
14141,4.0,30,0,4,0.05
14142,1.0,16,1,2,0.05
14143,3.0,25,1,3,0.05
14144,4.0,32,0,4,0.05
14145,4.0,30,0,4,0.05
14146,1.0,17,1,2,0.05
14147,4.0,34,0,4,0.05
14148,3.0,33,1,3,0.05
14149,4.0,36,0,4,0.05
14150,3.0,31,1,3,0.05
14151,4.0,30,0,4,0.05
14152,4.0,32,0,4,0.05
14153,1.0,16,1,2,0.05
14154,4.0,32,0,4,0.05
14155,3.0,27,1,3,0.05
14156,3.0,28,1,3,0.05
14157,1.0,17,1,2,0.05
14158,1.0,14,1,2,0.05
14159,4.0,34,0,4,0.05
14160,1.0,15,1,2,0.05
14161,4.0,30,0,4,0.05
14162,4.0,32,0,4,0.05
14163,3.0,32,1,3,0.05
14164,1.0,21,1,2,0.05
14165,3.0,28,1,3,0.05
14166,4.0,30,0,4,0.05
14167,1.0,14,1,2,0.05
14168,1.0,18,1,2,0.05
14169,4.0,30,0,4,0.05
14170,4.0,32,0,4,0.05
14171,4.0,34,0,4,0.05
14172,1.0,18,1,2,0.05
14173,1.0,16,1,2,0.05
14174,4.0,32,0,4,0.05
14175,4.0,32,0,4,0.05
14176,4.0,30,0,4,0.05
14177,3.0,27,1,3,0.05
14178,3.0,22,1,3,0.05
14179,4.0,32,0,4,0.05
14180,1.0,16,1,2,0.05
14181,4.0,30,0,4,0.05
14182,1.0,19,1,2,0.05
14183,4.0,33,0,4,0.05
14184,1.0,15,1,2,0.05
14185,1.0,20,1,2,0.05
14186,4.0,35,0,4,0.05
14187,1.0,24,1,2,0.05
14188,3.0,25,1,3,0.05
14189,4.0,34,0,4,0.05
14190,4.0,34,0,4,0.05
14191,4.0,36,0,4,0.05
14192,4.0,32,0,4,0.05
14193,4.0,30,0,4,0.05
14194,3.0,26,1,3,0.05
14195,3.0,25,1,3,0.05
14196,4.0,37,0,4,0.05
14197,3.0,27,1,3,0.05
14198,4.0,34,0,4,0.05
14199,1.0,15,1,2,0.05
14200,3.0,27,1,3,0.05
14201,3.0,78,1,3,0.05
14202,4.0,30,0,4,0.05
14203,1.0,19,1,2,0.05
14204,3.0,31,1,3,0.05
14205,1.0,17,1,2,0.05
14206,4.0,36,0,4,0.05
14207,3.0,25,1,3,0.05
14208,4.0,35,0,4,0.05
14209,3.0,26,1,3,0.05
14210,4.0,33,0,4,0.05
14211,1.0,19,1,2,0.05
14212,1.0,18,1,2,0.05
14213,1.0,16,1,2,0.05
14214,3.0,35,1,3,0.05
14215,4.0,32,0,4,0.05
14216,4.0,30,0,4,0.05
14217,4.0,31,0,4,0.05
14218,1.0,17,1,2,0.05
14219,3.0,30,1,3,0.05
14220,4.0,32,0,4,0.05
14221,3.0,31,1,3,0.05
14222,4.0,32,0,4,0.05
14223,4.0,30,0,4,0.05
14224,3.0,26,1,3,0.05
14225,0.0,6,1,0,0.05
14226,3.0,31,1,3,0.05
14227,1.0,23,1,2,0.05
14228,4.0,33,0,4,0.05
14229,4.0,30,0,4,0.05
14230,3.0,27,1,3,0.05
14231,1.0,18,1,2,0.05
14232,3.0,26,1,3,0.05
14233,3.0,29,1,3,0.05
14234,3.0,31,1,3,0.05
14235,4.0,48,0,4,0.05
14236,4.0,36,0,4,0.05
14237,4.0,35,0,4,0.05
14238,4.0,36,0,4,0.05
14239,4.0,34,0,4,0.05
14240,4.0,30,0,4,0.05
14241,3.0,22,1,3,0.05
14242,4.0,41,0,4,0.05
14243,3.0,32,1,3,0.05
14244,3.0,28,1,3,0.05
14245,3.0,29,1,3,0.05
14246,3.0,31,1,3,0.05
14247,1.0,18,1,2,0.05
14248,4.0,74,0,4,0.05
14249,3.0,36,1,3,0.05
14250,3.0,28,1,3,0.05
14251,3.0,29,1,3,0.05
14252,4.0,51,0,4,0.05
14253,3.0,27,1,3,0.05
14254,4.0,39,0,4,0.05
14255,4.0,30,0,4,0.05
14256,3.0,26,1,3,0.05
14257,4.0,30,0,4,0.05
14258,4.0,32,0,4,0.05
14259,3.0,31,1,3,0.05
14260,1.0,20,1,2,0.05
14261,4.0,38,0,4,0.05
14262,4.0,46,0,4,0.05
14263,4.0,35,0,4,0.05
14264,1.0,19,1,2,0.05
14265,4.0,31,0,4,0.05
14266,3.0,30,1,3,0.05
14267,3.0,26,1,3,0.05
14268,3.0,28,1,3,0.05
14269,3.0,25,1,3,0.05
14270,3.0,27,1,3,0.05
14271,4.0,30,0,4,0.05
14272,3.0,24,1,3,0.05
14273,1.0,17,1,2,0.05
14274,3.0,32,1,3,0.05
14275,4.0,32,0,4,0.05
14276,3.0,34,1,3,0.05
14277,3.0,24,1,3,0.05
14278,4.0,30,0,4,0.05
14279,3.0,26,1,3,0.05
14280,4.0,52,0,4,0.05
14281,4.0,30,0,4,0.05
14282,1.0,13,1,2,0.05
14283,3.0,30,1,3,0.05
14284,1.0,16,1,2,0.05
14285,1.0,18,1,2,0.05
14286,3.0,28,1,3,0.05
14287,1.0,15,1,2,0.05
14288,0.0,3,1,0,0.05
14289,4.0,50,0,4,0.05
14290,4.0,32,0,4,0.05
14291,3.0,29,1,3,0.05
14292,1.0,23,1,2,0.05
14293,3.0,26,1,3,0.05
14294,4.0,44,0,4,0.05
14295,1.0,23,1,2,0.05
14296,1.0,16,1,2,0.05
14297,1.0,16,1,2,0.05
14298,3.0,24,1,3,0.05
14299,4.0,74,0,4,0.05
14300,4.0,33,0,4,0.05
14301,1.0,17,1,2,0.05
14302,3.0,29,1,3,0.05
14303,1.0,20,1,2,0.05
14304,4.0,40,0,4,0.05
14305,4.0,35,0,4,0.05
14306,1.0,17,1,2,0.05
14307,4.0,32,0,4,0.05
14308,1.0,15,1,2,0.05
14309,4.0,34,0,4,0.05
14310,3.0,26,1,3,0.05
14311,1.0,18,1,2,0.05
14312,4.0,31,0,4,0.05
14313,0.0,4,1,0,0.05
14314,4.0,48,0,4,0.05
14315,1.0,14,1,2,0.05
14316,1.0,26,1,2,0.05
14317,4.0,35,0,4,0.05
14318,3.0,32,1,3,0.05
14319,1.0,15,1,2,0.05
14320,4.0,87,0,4,0.05
14321,1.0,17,1,2,0.05
14322,4.0,39,0,4,0.05
14323,3.0,27,1,3,0.05
14324,3.0,24,1,3,0.05
14325,1.0,19,1,2,0.05
14326,4.0,37,0,4,0.05
14327,3.0,36,1,3,0.05
14328,3.0,40,1,3,0.05
14329,3.0,42,1,3,0.05
14330,3.0,41,1,3,0.05
14331,4.0,35,0,4,0.05
14332,3.0,38,1,3,0.05
14333,1.0,14,1,2,0.05
14334,1.0,20,1,2,0.05
14335,1.0,17,1,2,0.05
14336,4.0,36,0,4,0.05
14337,3.0,25,1,3,0.05
14338,1.0,18,1,2,0.05
14339,4.0,38,0,4,0.05
14340,4.0,35,0,4,0.05
14341,1.0,17,1,2,0.05
14342,1.0,16,1,2,0.05
14343,4.0,35,0,4,0.05
14344,3.0,27,1,3,0.05
14345,3.0,24,1,3,0.05
14346,1.0,21,1,2,0.05
14347,1.0,24,1,2,0.05
14348,1.0,15,1,2,0.05
14349,1.0,18,1,2,0.05
14350,4.0,72,0,4,0.05
14351,4.0,31,0,4,0.05
14352,1.0,18,1,2,0.05
14353,1.0,35,1,2,0.05
14354,4.0,68,0,4,0.05
14355,4.0,30,0,4,0.05
14356,4.0,30,0,4,0.05
14357,4.0,32,0,4,0.05
14358,4.0,32,0,4,0.05
14359,3.0,30,1,3,0.05
14360,4.0,33,0,4,0.05
14361,4.0,38,0,4,0.05
14362,1.0,24,1,2,0.05
14363,1.0,17,1,2,0.05
14364,4.0,104,0,4,0.05
14365,1.0,66,1,2,0.05
14366,3.0,34,1,3,0.05
14367,4.0,34,0,4,0.05
14368,4.0,35,0,4,0.05
14369,4.0,41,0,4,0.05
14370,3.0,28,1,3,0.05
14371,3.0,28,1,3,0.05
14372,1.0,20,1,2,0.05
14373,4.0,31,0,4,0.05
14374,4.0,30,0,4,0.05
14375,4.0,36,0,4,0.05
14376,1.0,20,1,2,0.05
14377,3.0,32,1,3,0.05
14378,4.0,38,0,4,0.05
14379,4.0,36,0,4,0.05
14380,1.0,17,1,2,0.05
14381,1.0,17,1,2,0.05
14382,1.0,23,1,2,0.05
14383,1.0,60,1,2,0.05
14384,1.0,17,1,2,0.05
14385,1.0,38,1,2,0.05
14386,4.0,49,0,4,0.05
14387,4.0,45,0,4,0.05
14388,4.0,32,0,4,0.05
14389,4.0,32,0,4,0.05
14390,3.0,26,1,3,0.05
14391,1.0,21,1,2,0.05
14392,4.0,34,0,4,0.05
14393,0.0,3,1,0,0.05
14394,3.0,31,1,3,0.05
14395,1.0,24,1,2,0.05
14396,0.0,2,1,0,0.05
14397,3.0,31,1,3,0.05
14398,4.0,32,0,4,0.05
14399,4.0,33,0,4,0.05
14400,4.0,36,0,4,0.05
14401,4.0,36,0,4,0.05
14402,4.0,32,0,4,0.05
14403,3.0,29,1,3,0.05
14404,4.0,36,0,4,0.05
14405,1.0,26,1,2,0.05
14406,1.0,18,1,2,0.05
14407,1.0,23,1,2,0.05
14408,4.0,34,0,4,0.05
14409,3.0,35,1,3,0.05
14410,4.0,32,0,4,0.05
14411,1.0,19,1,2,0.05
14412,1.0,26,1,2,0.05
14413,1.0,15,1,2,0.05
14414,4.0,41,0,4,0.05
14415,1.0,17,1,2,0.05
14416,1.0,21,1,2,0.05
14417,1.0,19,1,2,0.05
14418,4.0,42,0,4,0.05
14419,3.0,26,1,3,0.05
14420,4.0,31,0,4,0.05
14421,4.0,32,0,4,0.05
14422,4.0,30,0,4,0.05
14423,1.0,20,1,2,0.05
14424,4.0,41,0,4,0.05
14425,3.0,35,1,3,0.05
14426,1.0,20,1,2,0.05
14427,1.0,39,1,2,0.05
14428,1.0,52,1,2,0.05
14429,1.0,29,1,2,0.05
14430,1.0,31,1,2,0.05
14431,1.0,19,1,2,0.05
14432,3.0,104,1,3,0.05
14433,1.0,27,1,2,0.05
14434,1.0,28,1,2,0.05
14435,1.0,22,1,2,0.05
14436,1.0,34,1,2,0.05
14437,4.0,58,0,4,0.05
14438,1.0,20,1,2,0.05
14439,1.0,22,1,2,0.05
14440,1.0,103,1,2,0.05
14441,1.0,136,1,2,0.05
14442,1.0,33,1,2,0.05
14443,1.0,61,1,2,0.05
14444,1.0,34,1,2,0.05
14445,1.0,115,1,2,0.05
14446,1.0,118,1,2,0.05
14447,1.0,25,1,2,0.05
14448,1.0,44,1,2,0.05
14449,4.0,52,0,4,0.05
14450,1.0,19,1,2,0.05
14451,4.0,111,0,4,0.05
14452,4.0,68,0,4,0.05
14453,1.0,68,1,2,0.05
14454,1.0,197,1,2,0.05
14455,1.0,176,1,2,0.05
14456,3.0,56,1,3,0.05
14457,4.0,76,0,4,0.05
14458,3.0,74,1,3,0.05
14459,4.0,47,0,4,0.05
14460,4.0,63,0,4,0.05
14461,4.0,36,0,4,0.05
14462,1.0,34,1,2,0.05
14463,1.0,26,1,2,0.05
14464,1.0,71,1,2,0.05
14465,3.0,51,1,3,0.05
14466,1.0,25,1,2,0.05
14467,1.0,51,1,2,0.05
14468,4.0,58,0,4,0.05
14469,4.0,50,0,4,0.05
14470,1.0,23,1,2,0.05
14471,4.0,36,0,4,0.05
14472,1.0,15,1,2,0.05
14473,4.0,107,0,4,0.05
14474,4.0,38,0,4,0.05
14475,1.0,15,1,2,0.05
14476,1.0,44,1,2,0.05
14477,1.0,27,1,2,0.05
14478,1.0,19,1,2,0.05
14479,3.0,29,1,3,0.05
14480,4.0,35,0,4,0.05
14481,3.0,46,1,3,0.05
14482,1.0,31,1,2,0.05
14483,4.0,35,0,4,0.05
14484,4.0,47,0,4,0.05
14485,1.0,33,1,2,0.05
14486,4.0,39,0,4,0.05
14487,1.0,55,1,2,0.05
14488,1.0,17,1,2,0.05
14489,1.0,58,1,2,0.05
14490,3.0,49,1,3,0.05
14491,4.0,41,0,4,0.05
14492,3.0,27,1,3,0.05
14493,3.0,26,1,3,0.05
14494,4.0,34,0,4,0.05
14495,3.0,23,1,3,0.05
14496,1.0,16,1,2,0.05
14497,4.0,37,0,4,0.05
14498,4.0,37,0,4,0.05
14499,4.0,29,0,4,0.05
14500,1.0,19,1,2,0.05
14501,3.0,25,1,3,0.05
14502,4.0,31,0,4,0.05
14503,4.0,29,0,4,0.05
14504,1.0,17,1,2,0.05
14505,4.0,32,0,4,0.05
14506,1.0,23,1,2,0.05
14507,3.0,31,1,3,0.05
14508,1.0,17,1,2,0.05
14509,3.0,124,1,3,0.05
14510,0.0,5,1,0,0.05
14511,4.0,29,0,4,0.05
14512,1.0,33,1,2,0.05
14513,3.0,34,1,3,0.05
14514,4.0,62,0,4,0.05
14515,4.0,34,0,4,0.05
14516,3.0,39,1,3,0.05
14517,1.0,16,1,2,0.05
14518,1.0,21,1,2,0.05
14519,4.0,31,0,4,0.05
14520,1.0,24,1,2,0.05
14521,1.0,25,1,2,0.05
14522,1.0,27,1,2,0.05
14523,4.0,38,0,4,0.05
14524,1.0,23,1,2,0.05
14525,1.0,29,1,2,0.05
14526,1.0,24,1,2,0.05
14527,1.0,80,1,2,0.05
14528,4.0,58,0,4,0.05
14529,1.0,14,1,2,0.05
14530,3.0,31,1,3,0.05
14531,1.0,82,1,2,0.05
14532,4.0,93,0,4,0.05
14533,3.0,45,1,3,0.05
14534,4.0,84,0,4,0.05
14535,1.0,29,1,2,0.05
14536,4.0,56,0,4,0.05
14537,4.0,44,0,4,0.05
14538,1.0,96,1,2,0.05
14539,3.0,61,1,3,0.05
14540,1.0,54,1,2,0.05
14541,4.0,46,0,4,0.05
14542,0.0,2,1,0,0.05
14543,3.0,70,1,3,0.05
14544,4.0,84,0,4,0.05
14545,3.0,53,1,3,0.05
14546,4.0,46,0,4,0.05
14547,4.0,50,0,4,0.05
14548,4.0,42,0,4,0.05
14549,3.0,57,1,3,0.05
14550,1.0,30,1,2,0.05
14551,4.0,44,0,4,0.05
14552,3.0,41,1,3,0.05
14553,4.0,42,0,4,0.05
14554,3.0,29,1,3,0.05
14555,4.0,40,0,4,0.05
14556,4.0,38,0,4,0.05
14557,4.0,41,0,4,0.05
14558,0.0,2,1,0,0.05
14559,1.0,30,1,2,0.05
14560,1.0,40,1,2,0.05
14561,4.0,40,0,4,0.05
14562,3.0,37,1,3,0.05
14563,1.0,28,1,2,0.05
14564,3.0,28,1,3,0.05
14565,3.0,33,1,3,0.05
14566,1.0,24,1,2,0.05
14567,4.0,42,0,4,0.05
14568,1.0,19,1,2,0.05
14569,1.0,24,1,2,0.05
14570,1.0,24,1,2,0.05
14571,4.0,44,0,4,0.05
14572,3.0,35,1,3,0.05
14573,3.0,39,1,3,0.05
14574,1.0,19,1,2,0.05
14575,4.0,62,0,4,0.05
14576,1.0,23,1,2,0.05
14577,4.0,46,0,4,0.05
14578,4.0,35,0,4,0.05
14579,3.0,33,1,3,0.05
14580,3.0,37,1,3,0.05
14581,3.0,24,1,3,0.05
14582,1.0,19,1,2,0.05
14583,1.0,30,1,2,0.05
14584,4.0,37,0,4,0.05
14585,0.0,5,1,0,0.05
14586,1.0,29,1,2,0.05
14587,4.0,31,0,4,0.05
14588,4.0,32,0,4,0.05
14589,4.0,34,0,4,0.05
14590,4.0,32,0,4,0.05
14591,4.0,35,0,4,0.05
14592,3.0,26,1,3,0.05
14593,4.0,28,0,4,0.05
14594,3.0,28,1,3,0.05
14595,4.0,33,0,4,0.05
14596,3.0,33,1,3,0.05
14597,1.0,35,1,2,0.05
14598,1.0,20,1,2,0.05
14599,3.0,37,1,3,0.05
14600,4.0,85,0,4,0.05
14601,1.0,14,1,2,0.05
14602,1.0,20,1,2,0.05
14603,1.0,14,1,2,0.05
14604,4.0,31,0,4,0.05
14605,4.0,35,0,4,0.05
14606,3.0,26,1,3,0.05
14607,1.0,17,1,2,0.05
14608,4.0,30,0,4,0.05
14609,3.0,28,1,3,0.05
14610,0.0,6,1,0,0.05
14611,4.0,33,0,4,0.05
14612,1.0,14,1,2,0.05
14613,4.0,30,0,4,0.05
14614,4.0,31,0,4,0.05
14615,4.0,33,0,4,0.05
14616,3.0,33,1,3,0.05
14617,1.0,14,1,2,0.05
14618,3.0,26,1,3,0.05
14619,3.0,24,1,3,0.05
14620,4.0,29,0,4,0.05
14621,4.0,28,0,4,0.05
14622,4.0,28,0,4,0.05
14623,1.0,16,1,2,0.05
14624,1.0,14,1,2,0.05
14625,4.0,32,0,4,0.05
14626,1.0,11,1,2,0.05
14627,4.0,28,0,4,0.05
14628,4.0,29,0,4,0.05
14629,1.0,27,1,2,0.05
14630,3.0,26,1,3,0.05
14631,4.0,28,0,4,0.05
14632,0.0,9,1,0,0.05
14633,4.0,30,0,4,0.05
14634,4.0,37,0,4,0.05
14635,4.0,36,0,4,0.05
14636,3.0,29,1,3,0.05
14637,0.0,4,1,0,0.05
14638,1.0,17,1,2,0.05
14639,1.0,28,1,2,0.05
14640,1.0,20,1,2,0.05
14641,4.0,40,0,4,0.05
14642,3.0,32,1,3,0.05
14643,4.0,37,0,4,0.05
14644,4.0,40,0,4,0.05
14645,4.0,41,0,4,0.05
14646,4.0,41,0,4,0.05
14647,1.0,19,1,2,0.05
14648,4.0,32,0,4,0.05
14649,1.0,20,1,2,0.05
14650,4.0,28,0,4,0.05
14651,3.0,23,1,3,0.05
14652,3.0,26,1,3,0.05
14653,4.0,28,0,4,0.05
14654,1.0,17,1,2,0.05
14655,4.0,30,0,4,0.05
14656,3.0,21,1,3,0.05
14657,3.0,23,1,3,0.05
14658,4.0,36,0,4,0.05
14659,1.0,22,1,2,0.05
14660,1.0,18,1,2,0.05
14661,3.0,23,1,3,0.05
14662,3.0,36,1,3,0.05
14663,3.0,34,1,3,0.05
14664,1.0,19,1,2,0.05
14665,1.0,19,1,2,0.05
14666,3.0,26,1,3,0.05
14667,4.0,30,0,4,0.05
14668,4.0,30,0,4,0.05
14669,4.0,30,0,4,0.05
14670,1.0,16,1,2,0.05
14671,4.0,34,0,4,0.05
14672,4.0,28,0,4,0.05
14673,4.0,32,0,4,0.05
14674,4.0,28,0,4,0.05
14675,4.0,34,0,4,0.05
14676,1.0,21,1,2,0.05
14677,4.0,32,0,4,0.05
14678,1.0,16,1,2,0.05
14679,4.0,33,0,4,0.05
14680,4.0,30,0,4,0.05
14681,4.0,32,0,4,0.05
14682,4.0,28,0,4,0.05
14683,0.0,2,1,0,0.05
14684,0.0,37,1,0,0.05
14685,0.0,80,1,0,0.05
14686,3.0,40,1,3,0.05
14687,4.0,28,0,4,0.05
14688,3.0,26,1,3,0.05
14689,0.0,3,1,0,0.05
14690,3.0,26,1,3,0.05
14691,4.0,29,0,4,0.05
14692,1.0,13,1,2,0.05
14693,4.0,28,0,4,0.05
14694,4.0,28,0,4,0.05
14695,1.0,15,1,2,0.05
14696,4.0,28,0,4,0.05
14697,3.0,28,1,3,0.05
14698,0.0,6,1,0,0.05
14699,3.0,38,1,3,0.05
14700,3.0,28,1,3,0.05
14701,3.0,34,1,3,0.05
14702,4.0,48,0,4,0.05
14703,4.0,34,0,4,0.05
14704,3.0,35,1,3,0.05
14705,3.0,32,1,3,0.05
14706,1.0,24,1,2,0.05
14707,4.0,40,0,4,0.05
14708,4.0,34,0,4,0.05
14709,4.0,36,0,4,0.05
14710,3.0,34,1,3,0.05
14711,3.0,39,1,3,0.05
14712,4.0,34,0,4,0.05
14713,1.0,26,1,2,0.05
14714,4.0,54,0,4,0.05
14715,1.0,19,1,2,0.05
14716,3.0,32,1,3,0.05
14717,1.0,25,1,2,0.05
14718,4.0,34,0,4,0.05
14719,4.0,36,0,4,0.05
14720,1.0,37,1,2,0.05
14721,4.0,36,0,4,0.05
14722,3.0,24,1,3,0.05
14723,4.0,34,0,4,0.05
14724,1.0,21,1,2,0.05
14725,3.0,30,1,3,0.05
14726,3.0,34,1,3,0.05
14727,0.0,2,1,0,0.05
14728,1.0,24,1,2,0.05
14729,1.0,24,1,2,0.05
14730,1.0,19,1,2,0.05
14731,3.0,22,1,3,0.05
14732,4.0,33,0,4,0.05
14733,1.0,19,1,2,0.05
14734,3.0,23,1,3,0.05
14735,3.0,32,1,3,0.05
14736,3.0,30,1,3,0.05
14737,4.0,38,0,4,0.05
14738,1.0,24,1,2,0.05
14739,3.0,32,1,3,0.05
14740,3.0,24,1,3,0.05
14741,4.0,32,0,4,0.05
14742,4.0,29,0,4,0.05
14743,4.0,32,0,4,0.05
14744,1.0,17,1,2,0.05
14745,1.0,17,1,2,0.05
14746,4.0,36,0,4,0.05
14747,4.0,28,0,4,0.05
14748,1.0,20,1,2,0.05
14749,4.0,31,0,4,0.05
14750,1.0,14,1,2,0.05
14751,3.0,22,1,3,0.05
14752,4.0,30,0,4,0.05
14753,1.0,15,1,2,0.05
14754,4.0,30,0,4,0.05
14755,4.0,32,0,4,0.05
14756,4.0,30,0,4,0.05
14757,4.0,28,0,4,0.05
14758,1.0,16,1,2,0.05
14759,1.0,17,1,2,0.05
14760,3.0,23,1,3,0.05
14761,1.0,16,1,2,0.05
14762,3.0,25,1,3,0.05
14763,3.0,28,1,3,0.05
14764,4.0,28,0,4,0.05
14765,4.0,33,0,4,0.05
14766,4.0,30,0,4,0.05
14767,3.0,30,1,3,0.05
14768,4.0,29,0,4,0.05
14769,4.0,28,0,4,0.05
14770,1.0,13,1,2,0.05
14771,3.0,26,1,3,0.05
14772,4.0,28,0,4,0.05
14773,3.0,23,1,3,0.05
14774,4.0,32,0,4,0.05
14775,1.0,17,1,2,0.05
14776,4.0,28,0,4,0.05
14777,3.0,30,1,3,0.05
14778,1.0,17,1,2,0.05
14779,3.0,25,1,3,0.05
14780,1.0,22,1,2,0.05
14781,4.0,28,0,4,0.05
14782,4.0,32,0,4,0.05
14783,4.0,31,0,4,0.05
14784,4.0,28,0,4,0.05
14785,4.0,28,0,4,0.05
14786,4.0,28,0,4,0.05
14787,4.0,28,0,4,0.05
14788,4.0,34,0,4,0.05
14789,4.0,32,0,4,0.05
14790,4.0,28,0,4,0.05
14791,4.0,31,0,4,0.05
14792,3.0,23,1,3,0.05
14793,4.0,32,0,4,0.05
14794,0.0,2,1,0,0.05
14795,4.0,31,0,4,0.05
14796,4.0,31,0,4,0.05
14797,3.0,28,1,3,0.05
14798,3.0,27,1,3,0.05
14799,3.0,28,1,3,0.05
14800,1.0,16,1,2,0.05
14801,4.0,32,0,4,0.05
14802,4.0,28,0,4,0.05
14803,4.0,31,0,4,0.05
14804,4.0,28,0,4,0.05
14805,1.0,19,1,2,0.05
14806,4.0,29,0,4,0.05
14807,1.0,14,1,2,0.05
14808,1.0,18,1,2,0.05
14809,1.0,18,1,2,0.05
14810,0.0,7,1,0,0.05
14811,1.0,15,1,2,0.05
14812,3.0,23,1,3,0.05
14813,4.0,28,0,4,0.05
14814,4.0,33,0,4,0.05
14815,4.0,28,0,4,0.05
14816,4.0,34,0,4,0.05
14817,4.0,30,0,4,0.05
14818,4.0,28,0,4,0.05
14819,3.0,26,1,3,0.05
14820,4.0,28,0,4,0.05
14821,4.0,29,0,4,0.05
14822,4.0,28,0,4,0.05
14823,4.0,34,0,4,0.05
14824,1.0,18,1,2,0.05
14825,3.0,26,1,3,0.05
14826,3.0,28,1,3,0.05
14827,4.0,30,0,4,0.05
14828,1.0,17,1,2,0.05
14829,4.0,33,0,4,0.05
14830,3.0,28,1,3,0.05
14831,3.0,25,1,3,0.05
14832,4.0,28,0,4,0.05
14833,3.0,33,1,3,0.05
14834,1.0,13,1,2,0.05
14835,4.0,28,0,4,0.05
14836,4.0,28,0,4,0.05
14837,4.0,30,0,4,0.05
14838,1.0,21,1,2,0.05
14839,3.0,27,1,3,0.05
14840,4.0,33,0,4,0.05
14841,4.0,32,0,4,0.05
14842,4.0,30,0,4,0.05
14843,1.0,19,1,2,0.05
14844,4.0,30,0,4,0.05
14845,3.0,28,1,3,0.05
14846,1.0,16,1,2,0.05
14847,4.0,37,0,4,0.05
14848,1.0,15,1,2,0.05
14849,0.0,4,1,0,0.05
14850,3.0,28,1,3,0.05
14851,4.0,30,0,4,0.05
14852,4.0,28,0,4,0.05
14853,3.0,22,1,3,0.05
14854,1.0,14,1,2,0.05
14855,4.0,32,0,4,0.05
14856,4.0,28,0,4,0.05
14857,4.0,28,0,4,0.05
14858,4.0,28,0,4,0.05
14859,4.0,35,0,4,0.05
14860,1.0,17,1,2,0.05
14861,4.0,38,0,4,0.05
14862,4.0,31,0,4,0.05
14863,4.0,28,0,4,0.05
14864,3.0,25,1,3,0.05
14865,4.0,31,0,4,0.05
14866,1.0,16,1,2,0.05
14867,1.0,18,1,2,0.05
14868,1.0,17,1,2,0.05
14869,3.0,27,1,3,0.05
14870,1.0,16,1,2,0.05
14871,3.0,23,1,3,0.05
14872,1.0,19,1,2,0.05
14873,3.0,24,1,3,0.05
14874,3.0,24,1,3,0.05
14875,1.0,16,1,2,0.05
14876,1.0,17,1,2,0.05
14877,4.0,34,0,4,0.05
14878,4.0,28,0,4,0.05
14879,1.0,19,1,2,0.05
14880,1.0,19,1,2,0.05
14881,4.0,30,0,4,0.05
14882,1.0,18,1,2,0.05
14883,4.0,28,0,4,0.05
14884,4.0,32,0,4,0.05
14885,4.0,28,0,4,0.05
14886,4.0,29,0,4,0.05
14887,4.0,30,0,4,0.05
14888,3.0,26,1,3,0.05
14889,4.0,28,0,4,0.05
14890,4.0,32,0,4,0.05
14891,1.0,17,1,2,0.05
14892,1.0,18,1,2,0.05
14893,4.0,28,0,4,0.05
14894,4.0,28,0,4,0.05
14895,4.0,30,0,4,0.05
14896,3.0,26,1,3,0.05
14897,4.0,30,0,4,0.05
14898,3.0,27,1,3,0.05
14899,4.0,30,0,4,0.05
14900,3.0,27,1,3,0.05
14901,3.0,24,1,3,0.05
14902,4.0,30,0,4,0.05
14903,4.0,32,0,4,0.05
14904,4.0,32,0,4,0.05
14905,4.0,28,0,4,0.05
14906,1.0,17,1,2,0.05
14907,3.0,27,1,3,0.05
14908,1.0,17,1,2,0.05
14909,3.0,33,1,3,0.05
14910,1.0,16,1,2,0.05
14911,3.0,26,1,3,0.05
14912,4.0,44,0,4,0.05
14913,3.0,30,1,3,0.05
14914,3.0,25,1,3,0.05
14915,4.0,30,0,4,0.05
14916,4.0,28,0,4,0.05
14917,3.0,26,1,3,0.05
14918,4.0,30,0,4,0.05
14919,3.0,31,1,3,0.05
14920,4.0,30,0,4,0.05
14921,3.0,28,1,3,0.05
14922,4.0,28,0,4,0.05
14923,1.0,15,1,2,0.05
14924,4.0,28,0,4,0.05
14925,1.0,22,1,2,0.05
14926,4.0,29,0,4,0.05
14927,4.0,28,0,4,0.05
14928,4.0,28,0,4,0.05
14929,4.0,32,0,4,0.05
14930,1.0,18,1,2,0.05
14931,3.0,25,1,3,0.05
14932,4.0,28,0,4,0.05
14933,1.0,17,1,2,0.05
14934,3.0,25,1,3,0.05
14935,3.0,28,1,3,0.05
14936,4.0,28,0,4,0.05
14937,1.0,15,1,2,0.05
14938,1.0,17,1,2,0.05
14939,1.0,17,1,2,0.05
14940,4.0,30,0,4,0.05
14941,3.0,23,1,3,0.05
14942,4.0,28,0,4,0.05
14943,3.0,26,1,3,0.05
14944,4.0,31,0,4,0.05
14945,1.0,18,1,2,0.05
14946,1.0,21,1,2,0.05
14947,4.0,28,0,4,0.05
14948,3.0,28,1,3,0.05
14949,4.0,63,0,4,0.05
14950,1.0,17,1,2,0.05
14951,4.0,32,0,4,0.05
14952,1.0,21,1,2,0.05
14953,4.0,30,0,4,0.05
14954,3.0,28,1,3,0.05
14955,4.0,32,0,4,0.05
14956,4.0,32,0,4,0.05
14957,1.0,16,1,2,0.05
14958,1.0,16,1,2,0.05
14959,3.0,32,1,3,0.05
14960,4.0,30,0,4,0.05
14961,4.0,33,0,4,0.05
14962,3.0,29,1,3,0.05
14963,4.0,30,0,4,0.05
14964,4.0,34,0,4,0.05
14965,4.0,34,0,4,0.05
14966,3.0,33,1,3,0.05
14967,4.0,36,0,4,0.05
14968,1.0,19,1,2,0.05
14969,4.0,30,0,4,0.05
14970,4.0,30,0,4,0.05
14971,3.0,29,1,3,0.05
14972,1.0,20,1,2,0.05
14973,4.0,30,0,4,0.05
14974,1.0,18,1,2,0.05
14975,4.0,28,0,4,0.05
14976,1.0,16,1,2,0.05
14977,3.0,28,1,3,0.05
14978,3.0,28,1,3,0.05
14979,3.0,23,1,3,0.05
14980,1.0,19,1,2,0.05
14981,4.0,33,0,4,0.05
14982,3.0,27,1,3,0.05
14983,4.0,28,0,4,0.05
14984,1.0,18,1,2,0.05
14985,1.0,19,1,2,0.05
14986,4.0,32,0,4,0.05
14987,1.0,16,1,2,0.05
14988,4.0,32,0,4,0.05
14989,4.0,31,0,4,0.05
14990,1.0,14,1,2,0.05
14991,0.0,2,1,0,0.05
14992,4.0,32,0,4,0.05
14993,1.0,14,1,2,0.05
14994,4.0,30,0,4,0.05
14995,4.0,28,0,4,0.05
14996,3.0,24,1,3,0.05
14997,4.0,34,0,4,0.05
14998,4.0,28,0,4,0.05
14999,3.0,26,1,3,0.05
15000,4.0,31,0,4,0.05
15001,4.0,28,0,4,0.05
15002,4.0,28,0,4,0.05
15003,4.0,33,0,4,0.05
15004,3.0,23,1,3,0.05
15005,4.0,30,0,4,0.05
15006,3.0,27,1,3,0.05
15007,4.0,31,0,4,0.05
15008,3.0,28,1,3,0.05
15009,0.0,7,1,0,0.05
15010,4.0,36,0,4,0.05
15011,4.0,30,0,4,0.05
15012,1.0,15,1,2,0.05
15013,3.0,29,1,3,0.05
15014,1.0,14,1,2,0.05
15015,4.0,29,0,4,0.05
15016,1.0,14,1,2,0.05
15017,3.0,30,1,3,0.05
15018,4.0,28,0,4,0.05
15019,3.0,25,1,3,0.05
15020,4.0,29,0,4,0.05
15021,4.0,36,0,4,0.05
15022,3.0,31,1,3,0.05
15023,4.0,28,0,4,0.05
15024,4.0,34,0,4,0.05
15025,4.0,30,0,4,0.05
15026,4.0,30,0,4,0.05
15027,4.0,28,0,4,0.05
15028,1.0,16,1,2,0.05
15029,3.0,23,1,3,0.05
15030,4.0,29,0,4,0.05
15031,4.0,28,0,4,0.05
15032,4.0,28,0,4,0.05
15033,1.0,14,1,2,0.05
15034,4.0,34,0,4,0.05
15035,4.0,30,0,4,0.05
15036,4.0,28,0,4,0.05
15037,1.0,16,1,2,0.05
15038,4.0,29,0,4,0.05
15039,1.0,15,1,2,0.05
15040,4.0,30,0,4,0.05
15041,3.0,26,1,3,0.05
15042,4.0,28,0,4,0.05
15043,4.0,30,0,4,0.05
15044,3.0,28,1,3,0.05
15045,4.0,28,0,4,0.05
15046,1.0,16,1,2,0.05
15047,4.0,28,0,4,0.05
15048,4.0,28,0,4,0.05
15049,3.0,27,1,3,0.05
15050,4.0,30,0,4,0.05
15051,3.0,33,1,3,0.05
15052,4.0,28,0,4,0.05
15053,4.0,29,0,4,0.05
15054,4.0,28,0,4,0.05
15055,1.0,15,1,2,0.05
15056,4.0,29,0,4,0.05
15057,1.0,16,1,2,0.05
15058,4.0,28,0,4,0.05
15059,3.0,24,1,3,0.05
15060,4.0,28,0,4,0.05
15061,1.0,15,1,2,0.05
15062,4.0,28,0,4,0.05
15063,3.0,27,1,3,0.05
15064,4.0,28,0,4,0.05
15065,4.0,28,0,4,0.05
15066,4.0,28,0,4,0.05
15067,4.0,28,0,4,0.05
15068,4.0,34,0,4,0.05
15069,4.0,30,0,4,0.05
15070,1.0,15,1,2,0.05
15071,4.0,28,0,4,0.05
15072,3.0,30,1,3,0.05
15073,3.0,28,1,3,0.05
15074,1.0,14,1,2,0.05
15075,4.0,28,0,4,0.05
15076,1.0,20,1,2,0.05
15077,3.0,26,1,3,0.05
15078,1.0,14,1,2,0.05
15079,1.0,18,1,2,0.05
15080,4.0,29,0,4,0.05
15081,1.0,18,1,2,0.05
15082,4.0,30,0,4,0.05
15083,3.0,25,1,3,0.05
15084,3.0,25,1,3,0.05
15085,3.0,27,1,3,0.05
15086,4.0,32,0,4,0.05
15087,4.0,30,0,4,0.05
15088,4.0,32,0,4,0.05
15089,4.0,31,0,4,0.05
15090,4.0,28,0,4,0.05
15091,1.0,16,1,2,0.05
15092,4.0,30,0,4,0.05
15093,3.0,28,1,3,0.05
15094,3.0,32,1,3,0.05
15095,4.0,30,0,4,0.05
15096,1.0,18,1,2,0.05
15097,1.0,16,1,2,0.05
15098,4.0,28,0,4,0.05
15099,4.0,28,0,4,0.05
15100,3.0,27,1,3,0.05
15101,4.0,28,0,4,0.05
15102,4.0,31,0,4,0.05
15103,3.0,26,1,3,0.05
15104,1.0,20,1,2,0.05
15105,1.0,20,1,2,0.05
15106,4.0,28,0,4,0.05
15107,0.0,3,1,0,0.05
15108,4.0,33,0,4,0.05
15109,4.0,33,0,4,0.05
15110,4.0,30,0,4,0.05
15111,3.0,27,1,3,0.05
15112,1.0,17,1,2,0.05
15113,1.0,16,1,2,0.05
15114,1.0,15,1,2,0.05
15115,4.0,28,0,4,0.05
15116,4.0,34,0,4,0.05
15117,4.0,31,0,4,0.05
15118,3.0,25,1,3,0.05
15119,4.0,30,0,4,0.05
15120,4.0,33,0,4,0.05
15121,3.0,29,1,3,0.05
15122,3.0,27,1,3,0.05
15123,3.0,31,1,3,0.05
15124,3.0,64,1,3,0.05
15125,1.0,13,1,2,0.05
15126,4.0,32,0,4,0.05
15127,4.0,31,0,4,0.05
15128,3.0,27,1,3,0.05
15129,4.0,30,0,4,0.05
15130,1.0,16,1,2,0.05
15131,1.0,17,1,2,0.05
15132,3.0,28,1,3,0.05
15133,4.0,32,0,4,0.05
15134,1.0,17,1,2,0.05
15135,3.0,30,1,3,0.05
15136,4.0,30,0,4,0.05
15137,4.0,32,0,4,0.05
15138,4.0,32,0,4,0.05
15139,1.0,16,1,2,0.05
15140,1.0,19,1,2,0.05
15141,4.0,34,0,4,0.05
15142,4.0,31,0,4,0.05
15143,4.0,32,0,4,0.05
15144,3.0,25,1,3,0.05
15145,4.0,32,0,4,0.05
15146,4.0,32,0,4,0.05
15147,4.0,34,0,4,0.05
15148,4.0,33,0,4,0.05
15149,4.0,30,0,4,0.05
15150,4.0,30,0,4,0.05
15151,3.0,32,1,3,0.05
15152,3.0,26,1,3,0.05
15153,3.0,33,1,3,0.05
15154,1.0,16,1,2,0.05
15155,4.0,31,0,4,0.05
15156,1.0,16,1,2,0.05
15157,1.0,18,1,2,0.05
15158,4.0,34,0,4,0.05
15159,4.0,30,0,4,0.05
15160,1.0,15,1,2,0.05
15161,4.0,32,0,4,0.05
15162,4.0,36,0,4,0.05
15163,4.0,32,0,4,0.05
15164,1.0,16,1,2,0.05
15165,1.0,17,1,2,0.05
15166,3.0,23,1,3,0.05
15167,3.0,28,1,3,0.05
15168,1.0,19,1,2,0.05
15169,4.0,30,0,4,0.05
15170,3.0,24,1,3,0.05
15171,4.0,30,0,4,0.05
15172,4.0,34,0,4,0.05
15173,3.0,23,1,3,0.05
15174,1.0,16,1,2,0.05
15175,1.0,17,1,2,0.05
15176,4.0,30,0,4,0.05
15177,4.0,30,0,4,0.05
15178,1.0,17,1,2,0.05
15179,1.0,21,1,2,0.05
15180,1.0,16,1,2,0.05
15181,4.0,32,0,4,0.05
15182,4.0,32,0,4,0.05
15183,3.0,27,1,3,0.05
15184,3.0,30,1,3,0.05
15185,4.0,34,0,4,0.05
15186,4.0,30,0,4,0.05
15187,4.0,30,0,4,0.05
15188,4.0,32,0,4,0.05
15189,3.0,25,1,3,0.05
15190,4.0,32,0,4,0.05
15191,4.0,30,0,4,0.05
15192,4.0,30,0,4,0.05
15193,4.0,32,0,4,0.05
15194,4.0,33,0,4,0.05
15195,3.0,24,1,3,0.05
15196,4.0,36,0,4,0.05
15197,4.0,30,0,4,0.05
15198,1.0,20,1,2,0.05
15199,3.0,25,1,3,0.05
15200,4.0,30,0,4,0.05
15201,1.0,16,1,2,0.05
15202,3.0,27,1,3,0.05
15203,4.0,30,0,4,0.05
15204,3.0,23,1,3,0.05
15205,4.0,32,0,4,0.05
15206,1.0,18,1,2,0.05
15207,4.0,38,0,4,0.05
15208,3.0,30,1,3,0.05
15209,4.0,30,0,4,0.05
15210,4.0,36,0,4,0.05
15211,3.0,27,1,3,0.05
15212,4.0,30,0,4,0.05
15213,0.0,6,1,0,0.05
15214,3.0,28,1,3,0.05
15215,4.0,33,0,4,0.05
15216,0.0,2,1,0,0.05
15217,4.0,32,0,4,0.05
15218,1.0,20,1,2,0.05
15219,3.0,35,1,3,0.05
15220,3.0,27,1,3,0.05
15221,3.0,26,1,3,0.05
15222,3.0,33,1,3,0.05
15223,4.0,30,0,4,0.05
15224,4.0,32,0,4,0.05
15225,4.0,34,0,4,0.05
15226,4.0,31,0,4,0.05
15227,3.0,27,1,3,0.05
15228,1.0,21,1,2,0.05
15229,4.0,34,0,4,0.05
15230,1.0,17,1,2,0.05
15231,1.0,20,1,2,0.05
15232,4.0,34,0,4,0.05
15233,4.0,30,0,4,0.05
15234,3.0,26,1,3,0.05
15235,1.0,15,1,2,0.05
15236,4.0,34,0,4,0.05
15237,1.0,18,1,2,0.05
15238,1.0,15,1,2,0.05
15239,3.0,33,1,3,0.05
15240,4.0,32,0,4,0.05
15241,3.0,29,1,3,0.05
15242,1.0,22,1,2,0.05
15243,1.0,28,1,2,0.05
15244,1.0,17,1,2,0.05
15245,3.0,32,1,3,0.05
15246,4.0,30,0,4,0.05
15247,3.0,30,1,3,0.05
15248,1.0,14,1,2,0.05
15249,3.0,26,1,3,0.05
15250,1.0,21,1,2,0.05
15251,1.0,18,1,2,0.05
15252,1.0,18,1,2,0.05
15253,3.0,41,1,3,0.05
15254,3.0,28,1,3,0.05
15255,4.0,36,0,4,0.05
15256,4.0,34,0,4,0.05
15257,3.0,32,1,3,0.05
15258,1.0,21,1,2,0.05
15259,3.0,34,1,3,0.05
15260,4.0,32,0,4,0.05
15261,4.0,36,0,4,0.05
15262,1.0,22,1,2,0.05
15263,3.0,27,1,3,0.05
15264,1.0,15,1,2,0.05
15265,4.0,32,0,4,0.05
15266,4.0,41,0,4,0.05
15267,4.0,34,0,4,0.05
15268,4.0,34,0,4,0.05
15269,4.0,34,0,4,0.05
15270,4.0,33,0,4,0.05
15271,4.0,34,0,4,0.05
15272,3.0,29,1,3,0.05
15273,0.0,3,1,0,0.05
15274,3.0,27,1,3,0.05
15275,3.0,41,1,3,0.05
15276,1.0,19,1,2,0.05
15277,3.0,41,1,3,0.05
15278,3.0,32,1,3,0.05
15279,4.0,48,0,4,0.05
15280,3.0,33,1,3,0.05
15281,4.0,35,0,4,0.05
15282,3.0,28,1,3,0.05
15283,3.0,21,1,3,0.05
15284,1.0,19,1,2,0.05
15285,3.0,23,1,3,0.05
15286,3.0,87,1,3,0.05
15287,3.0,32,1,3,0.05
15288,4.0,40,0,4,0.05
15289,4.0,55,0,4,0.05
15290,3.0,26,1,3,0.05
15291,3.0,37,1,3,0.05
15292,1.0,20,1,2,0.05
15293,3.0,25,1,3,0.05
15294,1.0,19,1,2,0.05
15295,3.0,25,1,3,0.05
15296,3.0,40,1,3,0.05
15297,1.0,17,1,2,0.05
15298,3.0,30,1,3,0.05
15299,1.0,15,1,2,0.05
15300,1.0,16,1,2,0.05
15301,1.0,19,1,2,0.05
15302,1.0,32,1,2,0.05
15303,1.0,16,1,2,0.05
15304,3.0,75,1,3,0.05
15305,3.0,29,1,3,0.05
15306,4.0,34,0,4,0.05
15307,1.0,17,1,2,0.05
15308,4.0,35,0,4,0.05
15309,4.0,32,0,4,0.05
15310,4.0,32,0,4,0.05
15311,4.0,30,0,4,0.05
15312,3.0,29,1,3,0.05
15313,1.0,18,1,2,0.05
15314,4.0,70,0,4,0.05
15315,4.0,31,0,4,0.05
15316,4.0,35,0,4,0.05
15317,4.0,36,0,4,0.05
15318,4.0,30,0,4,0.05
15319,1.0,15,1,2,0.05
15320,1.0,26,1,2,0.05
15321,1.0,92,1,2,0.05
15322,4.0,53,0,4,0.05
15323,3.0,76,1,3,0.05
15324,4.0,35,0,4,0.05
15325,3.0,37,1,3,0.05
15326,3.0,31,1,3,0.05
15327,3.0,33,1,3,0.05
15328,4.0,30,0,4,0.05
15329,4.0,36,0,4,0.05
15330,4.0,31,0,4,0.05
15331,4.0,39,0,4,0.05
15332,1.0,14,1,2,0.05
15333,3.0,87,1,3,0.05
15334,4.0,33,0,4,0.05
15335,4.0,32,0,4,0.05
15336,4.0,37,0,4,0.05
15337,4.0,32,0,4,0.05
15338,4.0,30,0,4,0.05
15339,4.0,34,0,4,0.05
15340,4.0,34,0,4,0.05
15341,3.0,26,1,3,0.05
15342,4.0,32,0,4,0.05
15343,4.0,32,0,4,0.05
15344,4.0,36,0,4,0.05
15345,3.0,30,1,3,0.05
15346,1.0,17,1,2,0.05
15347,4.0,30,0,4,0.05
15348,4.0,30,0,4,0.05
15349,1.0,16,1,2,0.05
15350,4.0,30,0,4,0.05
15351,4.0,30,0,4,0.05
15352,4.0,32,0,4,0.05
15353,4.0,32,0,4,0.05
15354,1.0,14,1,2,0.05
15355,1.0,17,1,2,0.05
15356,3.0,35,1,3,0.05
15357,3.0,25,1,3,0.05
15358,3.0,27,1,3,0.05
15359,4.0,47,0,4,0.05
15360,1.0,13,1,2,0.05
15361,4.0,36,0,4,0.05
15362,1.0,12,1,2,0.05
15363,3.0,32,1,3,0.05
15364,4.0,32,0,4,0.05
15365,3.0,26,1,3,0.05
15366,3.0,31,1,3,0.05
15367,3.0,29,1,3,0.05
15368,3.0,46,1,3,0.05
15369,1.0,18,1,2,0.05
15370,4.0,44,0,4,0.05
15371,3.0,25,1,3,0.05
15372,0.0,2,1,0,0.05
15373,3.0,30,1,3,0.05
15374,4.0,32,0,4,0.05
15375,1.0,17,1,2,0.05
15376,0.0,2,1,0,0.05
15377,4.0,53,0,4,0.05
15378,4.0,30,0,4,0.05
15379,3.0,24,1,3,0.05
15380,3.0,27,1,3,0.05
15381,3.0,30,1,3,0.05
15382,4.0,34,0,4,0.05
15383,4.0,33,0,4,0.05
15384,4.0,30,0,4,0.05
15385,1.0,19,1,2,0.05
15386,4.0,30,0,4,0.05
15387,4.0,32,0,4,0.05
15388,1.0,17,1,2,0.05
15389,3.0,22,1,3,0.05
15390,3.0,53,1,3,0.05
15391,1.0,14,1,2,0.05
15392,4.0,40,0,4,0.05
15393,4.0,60,0,4,0.05
15394,1.0,14,1,2,0.05
15395,4.0,32,0,4,0.05
15396,1.0,20,1,2,0.05
15397,3.0,27,1,3,0.05
15398,3.0,23,1,3,0.05
15399,3.0,55,1,3,0.05
15400,1.0,19,1,2,0.05
15401,1.0,16,1,2,0.05
15402,1.0,17,1,2,0.05
15403,3.0,37,1,3,0.05
15404,1.0,15,1,2,0.05
15405,3.0,72,1,3,0.05
15406,1.0,16,1,2,0.05
15407,4.0,44,0,4,0.05
15408,3.0,30,1,3,0.05
15409,1.0,20,1,2,0.05
15410,1.0,16,1,2,0.05
15411,4.0,36,0,4,0.05
15412,4.0,39,0,4,0.05
15413,4.0,38,0,4,0.05
15414,4.0,32,0,4,0.05
15415,4.0,34,0,4,0.05
15416,4.0,35,0,4,0.05
15417,1.0,16,1,2,0.05
15418,1.0,17,1,2,0.05
15419,1.0,17,1,2,0.05
15420,4.0,34,0,4,0.05
15421,3.0,28,1,3,0.05
15422,3.0,30,1,3,0.05
15423,4.0,37,0,4,0.05
15424,3.0,29,1,3,0.05
15425,4.0,32,0,4,0.05
15426,4.0,32,0,4,0.05
15427,4.0,46,0,4,0.05
15428,4.0,40,0,4,0.05
15429,1.0,20,1,2,0.05
15430,4.0,38,0,4,0.05
15431,3.0,25,1,3,0.05
15432,1.0,17,1,2,0.05
15433,1.0,15,1,2,0.05
15434,1.0,21,1,2,0.05
15435,3.0,38,1,3,0.05
15436,4.0,36,0,4,0.05
15437,4.0,36,0,4,0.05
15438,4.0,35,0,4,0.05
15439,4.0,36,0,4,0.05
15440,4.0,32,0,4,0.05
15441,1.0,19,1,2,0.05
15442,4.0,32,0,4,0.05
15443,3.0,33,1,3,0.05
15444,4.0,32,0,4,0.05
15445,4.0,32,0,4,0.05
15446,1.0,22,1,2,0.05
15447,4.0,34,0,4,0.05
15448,4.0,39,0,4,0.05
15449,3.0,33,1,3,0.05
15450,1.0,20,1,2,0.05
15451,4.0,41,0,4,0.05
15452,1.0,23,1,2,0.05
15453,4.0,33,0,4,0.05
15454,3.0,33,1,3,0.05
15455,3.0,28,1,3,0.05
15456,1.0,18,1,2,0.05
15457,1.0,20,1,2,0.05
15458,4.0,100,0,4,0.05
15459,4.0,36,0,4,0.05
15460,4.0,36,0,4,0.05
15461,3.0,36,1,3,0.05
15462,4.0,36,0,4,0.05
15463,3.0,30,1,3,0.05
15464,4.0,35,0,4,0.05
15465,1.0,16,1,2,0.05
15466,1.0,14,1,2,0.05
15467,4.0,36,0,4,0.05
15468,4.0,34,0,4,0.05
15469,4.0,39,0,4,0.05
15470,3.0,31,1,3,0.05
15471,3.0,29,1,3,0.05
15472,1.0,18,1,2,0.05
15473,3.0,41,1,3,0.05
15474,1.0,15,1,2,0.05
15475,1.0,21,1,2,0.05
15476,4.0,36,0,4,0.05
15477,3.0,30,1,3,0.05
15478,4.0,32,0,4,0.05
15479,1.0,15,1,2,0.05
15480,3.0,34,1,3,0.05
15481,1.0,17,1,2,0.05
15482,1.0,15,1,2,0.05
15483,4.0,105,0,4,0.05
15484,4.0,36,0,4,0.05
15485,4.0,34,0,4,0.05
15486,4.0,32,0,4,0.05
15487,1.0,20,1,2,0.05
15488,4.0,33,0,4,0.05
15489,3.0,28,1,3,0.05
15490,4.0,38,0,4,0.05
15491,4.0,32,0,4,0.05
15492,0.0,3,1,0,0.05
15493,3.0,31,1,3,0.05
15494,3.0,30,1,3,0.05
15495,4.0,33,0,4,0.05
15496,3.0,23,1,3,0.05
15497,4.0,33,0,4,0.05
15498,3.0,27,1,3,0.05
15499,3.0,28,1,3,0.05
15500,4.0,36,0,4,0.05
15501,4.0,32,0,4,0.05
15502,4.0,34,0,4,0.05
15503,3.0,27,1,3,0.05
15504,3.0,34,1,3,0.05
15505,4.0,33,0,4,0.05
15506,3.0,36,1,3,0.05
15507,4.0,32,0,4,0.05
15508,4.0,34,0,4,0.05
15509,0.0,2,1,0,0.05
15510,4.0,32,0,4,0.05
15511,3.0,25,1,3,0.05
15512,3.0,28,1,3,0.05
15513,4.0,32,0,4,0.05
15514,1.0,20,1,2,0.05
15515,4.0,34,0,4,0.05
15516,3.0,30,1,3,0.05
15517,4.0,34,0,4,0.05
15518,1.0,18,1,2,0.05
15519,4.0,32,0,4,0.05
15520,4.0,34,0,4,0.05
15521,4.0,33,0,4,0.05
15522,4.0,38,0,4,0.05
15523,1.0,20,1,2,0.05
15524,3.0,34,1,3,0.05
15525,1.0,18,1,2,0.05
15526,1.0,15,1,2,0.05
15527,3.0,29,1,3,0.05
15528,4.0,40,0,4,0.05
15529,3.0,30,1,3,0.05
15530,4.0,36,0,4,0.05
15531,3.0,27,1,3,0.05
15532,4.0,34,0,4,0.05
15533,4.0,36,0,4,0.05
15534,3.0,33,1,3,0.05
15535,4.0,34,0,4,0.05
15536,1.0,16,1,2,0.05
15537,4.0,32,0,4,0.05
15538,1.0,17,1,2,0.05
15539,4.0,34,0,4,0.05
15540,4.0,36,0,4,0.05
15541,1.0,16,1,2,0.05
15542,3.0,28,1,3,0.05
15543,1.0,15,1,2,0.05
15544,4.0,34,0,4,0.05
15545,3.0,31,1,3,0.05
15546,4.0,32,0,4,0.05
15547,1.0,16,1,2,0.05
15548,3.0,26,1,3,0.05
15549,3.0,27,1,3,0.05
15550,4.0,34,0,4,0.05
15551,4.0,34,0,4,0.05
15552,4.0,32,0,4,0.05
15553,4.0,36,0,4,0.05
15554,4.0,32,0,4,0.05
15555,4.0,32,0,4,0.05
15556,4.0,36,0,4,0.05
15557,4.0,32,0,4,0.05
15558,4.0,34,0,4,0.05
15559,4.0,36,0,4,0.05
15560,3.0,30,1,3,0.05
15561,3.0,24,1,3,0.05
15562,3.0,28,1,3,0.05
15563,4.0,34,0,4,0.05
15564,3.0,26,1,3,0.05
15565,4.0,42,0,4,0.05
15566,3.0,30,1,3,0.05
15567,4.0,32,0,4,0.05
15568,1.0,16,1,2,0.05
15569,3.0,26,1,3,0.05
15570,1.0,17,1,2,0.05
15571,3.0,37,1,3,0.05
15572,1.0,19,1,2,0.05
15573,3.0,28,1,3,0.05
15574,4.0,33,0,4,0.05
15575,3.0,31,1,3,0.05
15576,4.0,32,0,4,0.05
15577,1.0,14,1,2,0.05
15578,3.0,24,1,3,0.05
15579,4.0,67,0,4,0.05
15580,3.0,29,1,3,0.05
15581,4.0,48,0,4,0.05
15582,1.0,15,1,2,0.05
15583,1.0,14,1,2,0.05
15584,4.0,39,0,4,0.05
15585,3.0,39,1,3,0.05
15586,0.0,3,1,0,0.05
15587,4.0,33,0,4,0.05
15588,1.0,16,1,2,0.05
15589,3.0,33,1,3,0.05
15590,4.0,34,0,4,0.05
15591,4.0,34,0,4,0.05
15592,3.0,32,1,3,0.05
15593,4.0,36,0,4,0.05
15594,4.0,33,0,4,0.05
15595,1.0,18,1,2,0.05
15596,4.0,35,0,4,0.05
15597,1.0,16,1,2,0.05
15598,4.0,40,0,4,0.05
15599,4.0,33,0,4,0.05
15600,4.0,34,0,4,0.05
15601,4.0,33,0,4,0.05
15602,3.0,39,1,3,0.05
15603,1.0,22,1,2,0.05
15604,4.0,35,0,4,0.05
15605,4.0,33,0,4,0.05
15606,4.0,30,0,4,0.05
15607,4.0,30,0,4,0.05
15608,4.0,30,0,4,0.05
15609,4.0,32,0,4,0.05
15610,0.0,3,1,0,0.05
15611,4.0,40,0,4,0.05
15612,3.0,28,1,3,0.05
15613,4.0,30,0,4,0.05
15614,4.0,34,0,4,0.05
15615,4.0,30,0,4,0.05
15616,3.0,25,1,3,0.05
15617,4.0,32,0,4,0.05
15618,4.0,31,0,4,0.05
15619,1.0,16,1,2,0.05
15620,1.0,17,1,2,0.05
15621,3.0,28,1,3,0.05
15622,4.0,31,0,4,0.05
15623,4.0,30,0,4,0.05
15624,3.0,26,1,3,0.05
15625,4.0,32,0,4,0.05
15626,4.0,32,0,4,0.05
15627,3.0,26,1,3,0.05
15628,3.0,27,1,3,0.05
15629,4.0,30,0,4,0.05
15630,0.0,2,1,0,0.05
15631,1.0,20,1,2,0.05
15632,1.0,17,1,2,0.05
15633,3.0,24,1,3,0.05
15634,4.0,33,0,4,0.05
15635,4.0,32,0,4,0.05
15636,4.0,30,0,4,0.05
15637,4.0,34,0,4,0.05
15638,3.0,29,1,3,0.05
15639,4.0,31,0,4,0.05
15640,3.0,27,1,3,0.05
15641,3.0,36,1,3,0.05
15642,3.0,24,1,3,0.05
15643,1.0,18,1,2,0.05
15644,4.0,46,0,4,0.05
15645,3.0,55,1,3,0.05
15646,4.0,34,0,4,0.05
15647,3.0,42,1,3,0.05
15648,3.0,31,1,3,0.05
15649,4.0,30,0,4,0.05
15650,3.0,25,1,3,0.05
15651,1.0,15,1,2,0.05
15652,3.0,30,1,3,0.05
15653,1.0,17,1,2,0.05
15654,4.0,34,0,4,0.05
15655,4.0,32,0,4,0.05
15656,1.0,16,1,2,0.05
15657,4.0,31,0,4,0.05
15658,1.0,17,1,2,0.05
15659,3.0,29,1,3,0.05
15660,4.0,34,0,4,0.05
15661,4.0,40,0,4,0.05
15662,3.0,25,1,3,0.05
15663,4.0,35,0,4,0.05
15664,4.0,30,0,4,0.05
15665,3.0,24,1,3,0.05
15666,4.0,32,0,4,0.05
15667,3.0,24,1,3,0.05
15668,4.0,36,0,4,0.05
15669,4.0,32,0,4,0.05
15670,1.0,17,1,2,0.05
15671,1.0,17,1,2,0.05
15672,4.0,36,0,4,0.05
15673,4.0,34,0,4,0.05
15674,1.0,18,1,2,0.05
15675,4.0,32,0,4,0.05
15676,4.0,36,0,4,0.05
15677,3.0,31,1,3,0.05
15678,4.0,32,0,4,0.05
15679,4.0,32,0,4,0.05
15680,1.0,14,1,2,0.05
15681,1.0,20,1,2,0.05
15682,4.0,34,0,4,0.05
15683,4.0,32,0,4,0.05
15684,4.0,32,0,4,0.05
15685,1.0,17,1,2,0.05
15686,4.0,32,0,4,0.05
15687,0.0,3,1,0,0.05
15688,4.0,34,0,4,0.05
15689,3.0,28,1,3,0.05
15690,3.0,38,1,3,0.05
15691,4.0,34,0,4,0.05
15692,4.0,32,0,4,0.05
15693,1.0,17,1,2,0.05
15694,3.0,22,1,3,0.05
15695,4.0,34,0,4,0.05
15696,3.0,23,1,3,0.05
15697,4.0,43,0,4,0.05
15698,4.0,30,0,4,0.05
15699,1.0,18,1,2,0.05
15700,3.0,31,1,3,0.05
15701,4.0,32,0,4,0.05
15702,1.0,14,1,2,0.05
15703,4.0,30,0,4,0.05
15704,3.0,25,1,3,0.05
15705,1.0,17,1,2,0.05
15706,1.0,17,1,2,0.05
15707,4.0,45,0,4,0.05
15708,4.0,36,0,4,0.05
15709,1.0,17,1,2,0.05
15710,4.0,38,0,4,0.05
15711,4.0,38,0,4,0.05
15712,4.0,37,0,4,0.05
15713,3.0,31,1,3,0.05
15714,4.0,32,0,4,0.05
15715,4.0,37,0,4,0.05
15716,4.0,32,0,4,0.05
15717,3.0,27,1,3,0.05
15718,1.0,19,1,2,0.05
15719,1.0,13,1,2,0.05
15720,4.0,34,0,4,0.05
15721,4.0,32,0,4,0.05
15722,4.0,34,0,4,0.05
15723,4.0,35,0,4,0.05
15724,1.0,19,1,2,0.05
15725,4.0,34,0,4,0.05
15726,1.0,19,1,2,0.05
15727,4.0,34,0,4,0.05
15728,3.0,34,1,3,0.05
15729,4.0,36,0,4,0.05
15730,4.0,32,0,4,0.05
15731,4.0,35,0,4,0.05
15732,3.0,27,1,3,0.05
15733,1.0,19,1,2,0.05
15734,4.0,32,0,4,0.05
15735,1.0,21,1,2,0.05
15736,1.0,15,1,2,0.05
15737,3.0,23,1,3,0.05
15738,3.0,25,1,3,0.05
15739,1.0,16,1,2,0.05
15740,3.0,53,1,3,0.05
15741,1.0,14,1,2,0.05
15742,4.0,34,0,4,0.05
15743,4.0,32,0,4,0.05
15744,3.0,28,1,3,0.05
15745,4.0,32,0,4,0.05
15746,4.0,30,0,4,0.05
15747,3.0,29,1,3,0.05
15748,1.0,15,1,2,0.05
15749,4.0,37,0,4,0.05
15750,3.0,24,1,3,0.05
15751,4.0,36,0,4,0.05
15752,4.0,30,0,4,0.05
15753,4.0,35,0,4,0.05
15754,0.0,2,1,0,0.05
15755,3.0,27,1,3,0.05
15756,4.0,30,0,4,0.05
15757,3.0,28,1,3,0.05
15758,4.0,34,0,4,0.05
15759,3.0,24,1,3,0.05
15760,4.0,35,0,4,0.05
15761,1.0,19,1,2,0.05
15762,1.0,19,1,2,0.05
15763,3.0,27,1,3,0.05
15764,4.0,31,0,4,0.05
15765,4.0,36,0,4,0.05
15766,0.0,6,1,0,0.05
15767,4.0,36,0,4,0.05
15768,4.0,31,0,4,0.05
15769,4.0,31,0,4,0.05
15770,3.0,24,1,3,0.05
15771,4.0,30,0,4,0.05
15772,3.0,24,1,3,0.05
15773,3.0,28,1,3,0.05
15774,4.0,38,0,4,0.05
15775,1.0,14,1,2,0.05
15776,4.0,30,0,4,0.05
15777,3.0,23,1,3,0.05
15778,4.0,30,0,4,0.05
15779,4.0,30,0,4,0.05
15780,4.0,32,0,4,0.05
15781,4.0,31,0,4,0.05
15782,4.0,36,0,4,0.05
15783,4.0,30,0,4,0.05
15784,4.0,32,0,4,0.05
15785,3.0,27,1,3,0.05
15786,3.0,28,1,3,0.05
15787,4.0,30,0,4,0.05
15788,4.0,30,0,4,0.05
15789,3.0,29,1,3,0.05
15790,4.0,68,0,4,0.05
15791,1.0,15,1,2,0.05
15792,4.0,30,0,4,0.05
15793,1.0,17,1,2,0.05
15794,4.0,33,0,4,0.05
15795,4.0,37,0,4,0.05
15796,3.0,26,1,3,0.05
15797,1.0,19,1,2,0.05
15798,3.0,41,1,3,0.05
15799,3.0,26,1,3,0.05
15800,4.0,32,0,4,0.05
15801,1.0,19,1,2,0.05
15802,4.0,40,0,4,0.05
15803,1.0,19,1,2,0.05
15804,4.0,30,0,4,0.05
15805,4.0,30,0,4,0.05
15806,3.0,24,1,3,0.05
15807,4.0,32,0,4,0.05
15808,1.0,19,1,2,0.05
15809,4.0,34,0,4,0.05
15810,1.0,17,1,2,0.05
15811,4.0,32,0,4,0.05
15812,4.0,30,0,4,0.05
15813,4.0,30,0,4,0.05
15814,3.0,25,1,3,0.05
15815,3.0,26,1,3,0.05
15816,4.0,30,0,4,0.05
15817,1.0,23,1,2,0.05
15818,4.0,30,0,4,0.05
15819,1.0,17,1,2,0.05
15820,4.0,30,0,4,0.05
15821,4.0,31,0,4,0.05
15822,4.0,32,0,4,0.05
15823,1.0,18,1,2,0.05
15824,1.0,24,1,2,0.05
15825,1.0,19,1,2,0.05
15826,4.0,37,0,4,0.05
15827,4.0,30,0,4,0.05
15828,0.0,4,1,0,0.05
15829,1.0,20,1,2,0.05
15830,4.0,30,0,4,0.05
15831,3.0,26,1,3,0.05
15832,1.0,13,1,2,0.05
15833,1.0,18,1,2,0.05
15834,4.0,30,0,4,0.05
15835,4.0,32,0,4,0.05
15836,4.0,30,0,4,0.05
15837,4.0,32,0,4,0.05
15838,3.0,21,1,3,0.05
15839,4.0,34,0,4,0.05
15840,4.0,32,0,4,0.05
15841,1.0,19,1,2,0.05
15842,4.0,30,0,4,0.05
15843,4.0,32,0,4,0.05
15844,1.0,17,1,2,0.05
15845,4.0,34,0,4,0.05
15846,3.0,28,1,3,0.05
15847,1.0,17,1,2,0.05
15848,4.0,61,0,4,0.05
15849,1.0,18,1,2,0.05
15850,4.0,30,0,4,0.05
15851,4.0,52,0,4,0.05
15852,3.0,30,1,3,0.05
15853,4.0,30,0,4,0.05
15854,4.0,40,0,4,0.05
15855,3.0,24,1,3,0.05
15856,4.0,30,0,4,0.05
15857,4.0,30,0,4,0.05
15858,4.0,32,0,4,0.05
15859,4.0,30,0,4,0.05
15860,1.0,19,1,2,0.05
15861,4.0,35,0,4,0.05
15862,4.0,30,0,4,0.05
15863,4.0,34,0,4,0.05
15864,1.0,17,1,2,0.05
15865,4.0,36,0,4,0.05
15866,4.0,43,0,4,0.05
15867,4.0,35,0,4,0.05
15868,3.0,28,1,3,0.05
15869,4.0,35,0,4,0.05
15870,4.0,32,0,4,0.05
15871,3.0,27,1,3,0.05
15872,3.0,22,1,3,0.05
15873,3.0,30,1,3,0.05
15874,4.0,40,0,4,0.05
15875,4.0,31,0,4,0.05
15876,1.0,20,1,2,0.05
15877,1.0,15,1,2,0.05
15878,3.0,34,1,3,0.05
15879,1.0,20,1,2,0.05
15880,1.0,17,1,2,0.05
15881,4.0,33,0,4,0.05
15882,3.0,25,1,3,0.05
15883,3.0,23,1,3,0.05
15884,4.0,32,0,4,0.05
15885,4.0,30,0,4,0.05
15886,3.0,29,1,3,0.05
15887,4.0,31,0,4,0.05
15888,4.0,34,0,4,0.05
15889,1.0,15,1,2,0.05
15890,4.0,30,0,4,0.05
15891,1.0,17,1,2,0.05
15892,4.0,32,0,4,0.05
15893,4.0,32,0,4,0.05
15894,1.0,15,1,2,0.05
15895,4.0,32,0,4,0.05
15896,4.0,30,0,4,0.05
15897,1.0,15,1,2,0.05
15898,1.0,14,1,2,0.05
15899,1.0,23,1,2,0.05
15900,1.0,53,1,2,0.05
15901,1.0,122,1,2,0.05
15902,4.0,116,0,4,0.05
15903,4.0,33,0,4,0.05
15904,4.0,35,0,4,0.05
15905,3.0,29,1,3,0.05
15906,1.0,18,1,2,0.05
15907,4.0,38,0,4,0.05
15908,4.0,35,0,4,0.05
15909,1.0,47,1,2,0.05
15910,4.0,40,0,4,0.05
15911,4.0,37,0,4,0.05
15912,4.0,34,0,4,0.05
15913,4.0,60,0,4,0.05
15914,4.0,84,0,4,0.05
15915,1.0,21,1,2,0.05
15916,4.0,42,0,4,0.05
15917,4.0,38,0,4,0.05
15918,4.0,40,0,4,0.05
15919,4.0,30,0,4,0.05
15920,4.0,38,0,4,0.05
15921,4.0,30,0,4,0.05
15922,4.0,30,0,4,0.05
15923,4.0,35,0,4,0.05
15924,1.0,15,1,2,0.05
15925,1.0,15,1,2,0.05
15926,4.0,30,0,4,0.05
15927,4.0,30,0,4,0.05
15928,1.0,15,1,2,0.05
15929,4.0,33,0,4,0.05
15930,1.0,16,1,2,0.05
15931,4.0,31,0,4,0.05
15932,4.0,33,0,4,0.05
15933,4.0,30,0,4,0.05
15934,3.0,30,1,3,0.05
15935,4.0,31,0,4,0.05
15936,3.0,30,1,3,0.05
15937,1.0,16,1,2,0.05
15938,4.0,32,0,4,0.05
15939,1.0,16,1,2,0.05
15940,4.0,38,0,4,0.05
15941,3.0,28,1,3,0.05
15942,4.0,30,0,4,0.05
15943,4.0,32,0,4,0.05
15944,1.0,18,1,2,0.05
15945,3.0,22,1,3,0.05
15946,1.0,17,1,2,0.05
15947,4.0,30,0,4,0.05
15948,4.0,32,0,4,0.05
15949,1.0,17,1,2,0.05
15950,4.0,30,0,4,0.05
15951,3.0,32,1,3,0.05
15952,1.0,12,1,2,0.05
15953,4.0,31,0,4,0.05
15954,4.0,32,0,4,0.05
15955,4.0,32,0,4,0.05
15956,4.0,31,0,4,0.05
15957,4.0,30,0,4,0.05
15958,3.0,28,1,3,0.05
15959,1.0,34,1,2,0.05
15960,3.0,30,1,3,0.05
15961,0.0,3,1,0,0.05
15962,3.0,29,1,3,0.05
15963,4.0,35,0,4,0.05
15964,4.0,30,0,4,0.05
15965,3.0,29,1,3,0.05
15966,3.0,26,1,3,0.05
15967,3.0,21,1,3,0.05
15968,4.0,30,0,4,0.05
15969,1.0,19,1,2,0.05
15970,0.0,7,1,0,0.05
15971,4.0,30,0,4,0.05
15972,4.0,32,0,4,0.05
15973,4.0,35,0,4,0.05
15974,4.0,33,0,4,0.05
15975,1.0,18,1,2,0.05
15976,1.0,16,1,2,0.05
15977,1.0,15,1,2,0.05
15978,0.0,6,1,0,0.05
15979,4.0,30,0,4,0.05
15980,3.0,26,1,3,0.05
15981,4.0,39,0,4,0.05
15982,4.0,33,0,4,0.05
15983,4.0,32,0,4,0.05
15984,3.0,30,1,3,0.05
15985,4.0,30,0,4,0.05
15986,4.0,30,0,4,0.05
15987,4.0,32,0,4,0.05
15988,4.0,33,0,4,0.05
15989,1.0,17,1,2,0.05
15990,1.0,17,1,2,0.05
15991,3.0,25,1,3,0.05
15992,4.0,30,0,4,0.05
15993,4.0,30,0,4,0.05
15994,3.0,25,1,3,0.05
15995,4.0,32,0,4,0.05
15996,4.0,32,0,4,0.05
15997,1.0,16,1,2,0.05
15998,4.0,32,0,4,0.05
15999,1.0,17,1,2,0.05
